Transaction_ID,Customer_ID,Transaction_Date,Transaction_Amount,Location,Device_Type,Fraud_Probability,Anomaly_Flag,Risk_Score,Risk_Level,Alert_Severity,Alert_Status,Alert_ID
T100019,CUST2634,2023-12-06 15:34:00,27.54,Hyderabad,POS,0.6334917050932953,0,50.67933640746363,High,HIGH,PENDING_REVIEW,ALERT_0001
T100032,CUST3979,2023-10-11 01:37:00,5.38,Mumbai,Mobile,0.7018538149065384,0,56.148305192523075,High,HIGH,PENDING_REVIEW,ALERT_0002
T100053,CUST2691,2023-11-13 01:08:00,180.17,Pune,Desktop,0.6450781701706343,0,51.60625361365075,High,HIGH,PENDING_REVIEW,ALERT_0003
T100061,CUST2426,2023-01-24 00:12:00,25.32,Mumbai,Desktop,0.626354137939302,0,50.10833103514416,High,HIGH,PENDING_REVIEW,ALERT_0004
T100088,CUST1518,2024-01-24 00:05:00,174.58,Hyderabad,POS,0.6945907364985066,0,55.56725891988052,High,HIGH,PENDING_REVIEW,ALERT_0005
T100093,CUST8530,2023-04-24 01:43:00,65.91,Mumbai,Mobile,0.6273737360524506,0,50.189898884196054,High,HIGH,PENDING_REVIEW,ALERT_0006
T100094,CUST6489,2023-09-28 06:34:00,117.91,Bengaluru,Mobile,0.7565179915664539,1,80.52143932531632,Critical,CRITICAL,PENDING_REVIEW,ALERT_0007
T100095,CUST6062,2023-06-09 08:48:00,54.47,Kolkata,Mobile,0.7291700115833095,0,58.33360092666476,High,HIGH,PENDING_REVIEW,ALERT_0008
T100098,CUST5854,2024-01-21 05:46:00,2.06,Mumbai,Mobile,0.5591036010301834,1,64.72828808241468,High,HIGH,PENDING_REVIEW,ALERT_0009
T100108,CUST9026,2023-11-26 02:23:00,20.78,Kolkata,Mobile,0.6642195563456127,0,53.13756450764902,High,HIGH,PENDING_REVIEW,ALERT_0010
T100113,CUST2479,2023-08-31 02:43:00,132.07,Delhi,Desktop,0.6595214676406244,0,52.76171741124995,High,HIGH,PENDING_REVIEW,ALERT_0011
T100115,CUST5219,2023-09-24 00:09:00,164.12,Kolkata,Mobile,0.6201507816275964,1,69.61206253020771,High,HIGH,PENDING_REVIEW,ALERT_0012
T100117,CUST7539,2024-01-28 04:56:00,16.52,Chennai,Mobile,0.6190398623561876,1,69.52318898849501,High,HIGH,PENDING_REVIEW,ALERT_0013
T100123,CUST2592,2023-10-13 04:56:00,9.33,Hyderabad,Desktop,0.7181214902206255,0,57.44971921765005,High,HIGH,PENDING_REVIEW,ALERT_0014
T100126,CUST1719,2023-05-05 02:58:00,136.31,Chennai,Desktop,0.6017426601702656,1,68.13941281362125,High,HIGH,PENDING_REVIEW,ALERT_0015
T100138,CUST2117,2023-01-11 18:28:00,36.16,Hyderabad,POS,0.6607944474886106,0,52.86355579908886,High,HIGH,PENDING_REVIEW,ALERT_0016
T100141,CUST8610,2023-06-08 05:21:00,23.2,Chennai,POS,0.6871818083638908,0,54.97454466911127,High,HIGH,PENDING_REVIEW,ALERT_0017
T100145,CUST7560,2024-01-29 10:47:00,3.01,Pune,POS,0.5350713398695399,1,62.80570718956319,High,HIGH,PENDING_REVIEW,ALERT_0018
T100149,CUST6382,2023-01-15 11:37:00,26.13,Bengaluru,POS,0.7256011635984412,1,78.04809308787529,Critical,CRITICAL,PENDING_REVIEW,ALERT_0019
T100154,CUST8670,2023-06-11 13:25:00,339.52,Chennai,POS,0.5756029745556842,1,66.04823796445474,High,HIGH,PENDING_REVIEW,ALERT_0020
T100168,CUST5969,2023-10-04 03:02:00,3.33,Chennai,POS,0.6980438279414178,0,55.843506235313434,High,HIGH,PENDING_REVIEW,ALERT_0021
T100173,CUST8045,2023-04-30 00:35:00,20.55,Chennai,POS,0.6855716655197783,0,54.845733241582266,High,HIGH,PENDING_REVIEW,ALERT_0022
T100180,CUST6557,2023-09-01 03:57:00,33.37,Chennai,Desktop,0.633684999667428,0,50.69479997339424,High,HIGH,PENDING_REVIEW,ALERT_0023
T100186,CUST4345,2023-11-28 01:11:00,135.96,Kolkata,Mobile,0.8445681553034265,0,67.56545242427413,High,HIGH,PENDING_REVIEW,ALERT_0024
T100189,CUST5718,2023-06-14 01:44:00,22.15,Pune,Mobile,0.6367593499272154,0,50.94074799417723,High,HIGH,PENDING_REVIEW,ALERT_0025
T100198,CUST8746,2023-02-12 02:33:00,174.49,Mumbai,Mobile,0.6967777648730739,0,55.74222118984591,High,HIGH,PENDING_REVIEW,ALERT_0026
T100199,CUST7751,2023-01-13 18:21:00,121.08,Chennai,POS,0.7141613807497934,1,77.13291045998348,Critical,CRITICAL,PENDING_REVIEW,ALERT_0027
T100200,CUST3184,2023-08-10 02:10:00,82.18,Chennai,Desktop,0.6610829130751658,0,52.886633046013266,High,HIGH,PENDING_REVIEW,ALERT_0028
T100207,CUST8197,2023-12-03 13:56:00,87.13,Delhi,Mobile,0.6411804621311203,1,71.29443697048964,High,HIGH,PENDING_REVIEW,ALERT_0029
T100213,CUST2864,2023-09-02 01:03:00,20.32,Mumbai,Mobile,0.6813450968265025,0,54.5076077461202,High,HIGH,PENDING_REVIEW,ALERT_0030
T100215,CUST7358,2023-09-16 19:44:00,21.67,Pune,POS,0.7718092928298578,0,61.744743426388624,High,HIGH,PENDING_REVIEW,ALERT_0031
T100232,CUST8641,2023-06-20 00:47:00,68.81,Kolkata,Desktop,0.8741094809505422,1,89.92875847604338,Critical,CRITICAL,PENDING_REVIEW,ALERT_0032
T100242,CUST8521,2023-10-17 00:47:00,197.08,Kolkata,Mobile,0.679640985741862,0,54.37127885934897,High,HIGH,PENDING_REVIEW,ALERT_0033
T100251,CUST9258,2023-10-16 13:21:00,38.9,Mumbai,Mobile,0.6517191798864882,0,52.13753439091906,High,HIGH,PENDING_REVIEW,ALERT_0034
T100253,CUST1016,2023-02-17 17:07:00,30.49,Chennai,POS,0.6593100085080417,0,52.74480068064334,High,HIGH,PENDING_REVIEW,ALERT_0035
T100255,CUST1983,2023-12-13 04:09:00,65.1,Pune,POS,0.6442967503423539,0,51.54374002738831,High,HIGH,PENDING_REVIEW,ALERT_0036
T100259,CUST8697,2023-07-09 00:38:00,8.18,Delhi,POS,0.6572505654546772,0,52.58004523637418,High,HIGH,PENDING_REVIEW,ALERT_0037
T100261,CUST6250,2023-05-15 04:10:00,368.85,Delhi,Mobile,0.7522066801044524,1,80.17653440835619,Critical,CRITICAL,PENDING_REVIEW,ALERT_0038
T100264,CUST3094,2023-08-01 05:29:00,167.89,Pune,POS,0.6801286295117669,0,54.41029036094135,High,HIGH,PENDING_REVIEW,ALERT_0039
T100268,CUST8944,2023-02-23 05:41:00,35.64,Hyderabad,POS,0.6355364272614729,0,50.84291418091783,High,HIGH,PENDING_REVIEW,ALERT_0040
T100276,CUST6214,2023-04-27 01:11:00,128.08,Pune,Desktop,0.7148891039532275,0,57.1911283162582,High,HIGH,PENDING_REVIEW,ALERT_0041
T100283,CUST7825,2023-01-07 05:07:00,7.9,Bengaluru,Mobile,0.7211923778686176,0,57.69539022948941,High,HIGH,PENDING_REVIEW,ALERT_0042
T100289,CUST9513,2023-10-04 04:13:00,71.49,Hyderabad,Desktop,0.6367923671931743,0,50.94338937545395,High,HIGH,PENDING_REVIEW,ALERT_0043
T100301,CUST6977,2024-02-18 18:20:00,60.63,Kolkata,Mobile,0.5539879597012063,1,64.31903677609651,High,HIGH,PENDING_REVIEW,ALERT_0044
T100305,CUST8185,2024-01-15 04:57:00,297.88,Delhi,POS,0.7805891866885495,1,82.44713493508397,Critical,CRITICAL,PENDING_REVIEW,ALERT_0045
T100308,CUST7850,2023-05-10 05:14:00,126.85,Mumbai,Desktop,0.6291466869160355,0,50.33173495328284,High,HIGH,PENDING_REVIEW,ALERT_0046
T100329,CUST6429,2024-01-17 13:52:00,22.77,Kolkata,Mobile,0.7032122667682392,1,76.25698134145915,Critical,CRITICAL,PENDING_REVIEW,ALERT_0047
T100339,CUST2853,2023-01-04 01:15:00,8.24,Delhi,POS,0.6431883112870587,0,51.45506490296469,High,HIGH,PENDING_REVIEW,ALERT_0048
T100343,CUST1553,2023-06-22 15:44:00,45.51,Bengaluru,Mobile,0.7305704989396083,0,58.44563991516867,High,HIGH,PENDING_REVIEW,ALERT_0049
T100347,CUST4277,2023-10-05 01:38:00,3.71,Delhi,Mobile,0.7131634326085099,0,57.05307460868079,High,HIGH,PENDING_REVIEW,ALERT_0050
T100348,CUST7077,2023-03-28 05:12:00,37.55,Mumbai,Desktop,0.6635861350610113,0,53.0868908048809,High,HIGH,PENDING_REVIEW,ALERT_0051
T100361,CUST1100,2023-05-03 00:39:00,82.47,Bengaluru,POS,0.6514848933511783,0,52.118791468094265,High,HIGH,PENDING_REVIEW,ALERT_0052
T100367,CUST4639,2023-07-26 04:50:00,188.61,Kolkata,POS,0.6323402902779423,0,50.58722322223538,High,HIGH,PENDING_REVIEW,ALERT_0053
T100370,CUST6576,2024-01-14 05:30:00,8.5,Delhi,POS,0.5717659025037023,1,65.74127220029618,High,HIGH,PENDING_REVIEW,ALERT_0054
T100391,CUST4572,2023-10-10 09:32:00,42.57,Chennai,Mobile,0.7702989509325606,0,61.62391607460485,High,HIGH,PENDING_REVIEW,ALERT_0055
T100393,CUST9235,2023-10-29 01:01:00,119.84,Pune,Mobile,0.5920685332107465,1,67.36548265685971,High,HIGH,PENDING_REVIEW,ALERT_0056
T100401,CUST6461,2023-05-25 13:20:00,186.28,Mumbai,POS,0.42206420687380564,1,53.765136549904454,High,HIGH,PENDING_REVIEW,ALERT_0057
T100404,CUST6881,2023-09-10 02:02:00,30.86,Kolkata,POS,0.683614439144208,0,54.689155131536644,High,HIGH,PENDING_REVIEW,ALERT_0058
T100413,CUST8121,2023-08-30 01:21:00,68.16,Hyderabad,Desktop,0.6660655091546522,0,53.28524073237218,High,HIGH,PENDING_REVIEW,ALERT_0059
T100415,CUST6952,2023-05-06 03:55:00,47.6,Bengaluru,Desktop,0.8361935257322333,0,66.89548205857866,High,HIGH,PENDING_REVIEW,ALERT_0060
T100418,CUST1582,2023-09-06 02:15:00,89.31,Delhi,POS,0.697059103318591,0,55.764728265487285,High,HIGH,PENDING_REVIEW,ALERT_0061
T100419,CUST7379,2023-10-11 00:38:00,111.67,Kolkata,POS,0.6618856145684286,0,52.950849165474295,High,HIGH,PENDING_REVIEW,ALERT_0062
T100420,CUST6109,2023-07-06 01:22:00,125.46,Bengaluru,Mobile,0.6597782592182889,0,52.78226073746312,High,HIGH,PENDING_REVIEW,ALERT_0063
T100421,CUST6903,2024-01-18 06:09:00,124.71,Pune,POS,0.5744873311833931,1,65.95898649467145,High,HIGH,PENDING_REVIEW,ALERT_0064
T100454,CUST5400,2024-02-11 05:39:00,9.43,Delhi,Desktop,0.6044758947073453,1,68.35807157658763,High,HIGH,PENDING_REVIEW,ALERT_0065
T100460,CUST5920,2023-12-01 12:39:00,10.0,Pune,Desktop,0.7630840239766363,1,81.04672191813091,Critical,CRITICAL,PENDING_REVIEW,ALERT_0066
T100463,CUST8243,2024-02-10 04:51:00,70.04,Pune,Mobile,0.6568765625365519,0,52.550125002924155,High,HIGH,PENDING_REVIEW,ALERT_0067
T100465,CUST3697,2023-10-16 13:14:00,37.58,Chennai,Desktop,0.6073474997916096,1,68.58779998332878,High,HIGH,PENDING_REVIEW,ALERT_0068
T100476,CUST2313,2023-12-30 01:09:00,6.13,Hyderabad,POS,0.5793862502359995,1,66.35090001887997,High,HIGH,PENDING_REVIEW,ALERT_0069
T100482,CUST6719,2024-01-09 04:40:00,48.49,Hyderabad,POS,0.6644525530380392,0,53.156204243043135,High,HIGH,PENDING_REVIEW,ALERT_0070
T100496,CUST9010,2023-02-17 11:43:00,70.1,Kolkata,Mobile,0.5916244652850936,1,67.3299572228075,High,HIGH,PENDING_REVIEW,ALERT_0071
T100502,CUST8188,2023-08-31 01:35:00,29.63,Delhi,POS,0.6929126105288604,0,55.43300884230884,High,HIGH,PENDING_REVIEW,ALERT_0072
T100531,CUST9184,2023-07-25 00:29:00,653.8,Hyderabad,Mobile,0.7622836049947275,1,80.9826883995782,Critical,CRITICAL,PENDING_REVIEW,ALERT_0073
T100549,CUST2281,2023-06-11 03:44:00,118.38,Delhi,Desktop,0.4691735254639301,1,57.53388203711441,High,HIGH,PENDING_REVIEW,ALERT_0074
T100550,CUST4709,2023-08-18 05:27:00,58.74,Bengaluru,POS,0.6313414943870939,0,50.50731955096751,High,HIGH,PENDING_REVIEW,ALERT_0075
T100553,CUST9065,2023-01-09 05:53:00,65.85,Chennai,Mobile,0.8029331156546894,0,64.23464925237515,High,HIGH,PENDING_REVIEW,ALERT_0076
T100557,CUST4943,2023-02-10 15:03:00,2.34,Delhi,POS,0.7092446446949254,0,56.73957157559404,High,HIGH,PENDING_REVIEW,ALERT_0077
T100571,CUST8529,2024-02-14 03:47:00,122.47,Bengaluru,Desktop,0.6324608393513415,0,50.59686714810732,High,HIGH,PENDING_REVIEW,ALERT_0078
T100581,CUST2511,2023-01-26 07:16:00,313.09,Hyderabad,Desktop,0.5051927770791863,1,60.415422166334906,High,HIGH,PENDING_REVIEW,ALERT_0079
T100592,CUST9267,2023-08-07 05:14:00,16.06,Kolkata,Desktop,0.6761758830573895,0,54.09407064459116,High,HIGH,PENDING_REVIEW,ALERT_0080
T100594,CUST4054,2024-01-01 14:01:00,181.68,Kolkata,POS,0.39657894092237306,1,51.72631527378985,High,HIGH,PENDING_REVIEW,ALERT_0081
T100621,CUST1005,2023-04-02 05:06:00,18.79,Mumbai,Desktop,0.6279675628329076,0,50.23740502663261,High,HIGH,PENDING_REVIEW,ALERT_0082
T100623,CUST7699,2023-06-12 01:16:00,53.01,Kolkata,Desktop,0.7350660579626106,0,58.805284637008846,High,HIGH,PENDING_REVIEW,ALERT_0083
T100629,CUST3381,2023-07-09 07:57:00,23.27,Hyderabad,Mobile,0.7504545819617837,0,60.0363665569427,High,HIGH,PENDING_REVIEW,ALERT_0084
T100632,CUST4252,2023-09-30 04:38:00,57.34,Hyderabad,Desktop,0.6357849688911127,0,50.86279751128902,High,HIGH,PENDING_REVIEW,ALERT_0085
T100634,CUST1833,2023-09-18 04:48:00,9.07,Mumbai,Desktop,0.7519463832855446,0,60.155710662843575,High,HIGH,PENDING_REVIEW,ALERT_0086
T100642,CUST8724,2023-06-14 02:18:00,19.0,Hyderabad,POS,0.7941611694679367,0,63.53289355743493,High,HIGH,PENDING_REVIEW,ALERT_0087
T100647,CUST8437,2023-09-26 12:44:00,90.93,Hyderabad,Mobile,0.6632814601484058,0,53.06251681187247,High,HIGH,PENDING_REVIEW,ALERT_0088
T100649,CUST1872,2023-03-23 01:15:00,55.2,Mumbai,Desktop,0.7466362035374189,0,59.73089628299351,High,HIGH,PENDING_REVIEW,ALERT_0089
T100651,CUST7629,2023-02-04 01:05:00,61.62,Mumbai,Mobile,0.6799401701528929,0,54.39521361223143,High,HIGH,PENDING_REVIEW,ALERT_0090
T100654,CUST7977,2023-07-02 01:32:00,45.2,Hyderabad,POS,0.5597615045591687,1,64.7809203647335,High,HIGH,PENDING_REVIEW,ALERT_0091
T100660,CUST9000,2023-12-06 18:49:00,35.22,Bengaluru,Desktop,0.746737344327014,1,79.73898754616113,Critical,CRITICAL,PENDING_REVIEW,ALERT_0092
T100667,CUST5765,2023-02-13 20:07:00,14.01,Bengaluru,Mobile,0.6383146646423521,0,51.06517317138817,High,HIGH,PENDING_REVIEW,ALERT_0093
T100669,CUST1974,2023-11-10 19:03:00,26.85,Delhi,POS,0.6754903945793573,0,54.03923156634859,High,HIGH,PENDING_REVIEW,ALERT_0094
T100676,CUST7045,2023-06-13 09:20:00,9.51,Chennai,POS,0.5364285022255885,1,62.91428017804708,High,HIGH,PENDING_REVIEW,ALERT_0095
T100682,CUST1882,2023-07-06 02:33:00,14.99,Bengaluru,POS,0.633465515382303,0,50.677241230584244,High,HIGH,PENDING_REVIEW,ALERT_0096
T100684,CUST7192,2023-08-12 03:01:00,212.03,Kolkata,POS,0.491401579599225,1,59.312126367938,High,HIGH,PENDING_REVIEW,ALERT_0097
T100685,CUST6396,2024-02-11 17:36:00,65.09,Kolkata,Desktop,0.7374753561100456,1,78.99802848880364,Critical,CRITICAL,PENDING_REVIEW,ALERT_0098
T100688,CUST7847,2023-08-30 05:06:00,117.4,Kolkata,POS,0.6294963103590522,0,50.359704828724176,High,HIGH,PENDING_REVIEW,ALERT_0099
T100695,CUST3585,2023-09-13 02:48:00,75.46,Kolkata,Desktop,0.6368584047480795,0,50.948672379846364,High,HIGH,PENDING_REVIEW,ALERT_0100
T100696,CUST6281,2023-09-27 10:52:00,27.25,Hyderabad,POS,0.7589673125838107,0,60.71738500670486,High,HIGH,PENDING_REVIEW,ALERT_0101
T100699,CUST8384,2023-09-14 03:43:00,52.49,Chennai,Mobile,0.6269450599183297,0,50.15560479346638,High,HIGH,PENDING_REVIEW,ALERT_0102
T100705,CUST7605,2023-05-26 15:10:00,368.1,Pune,POS,0.4988618727339468,1,59.90894981871574,High,HIGH,PENDING_REVIEW,ALERT_0103
T100706,CUST3698,2023-12-10 02:27:00,31.13,Delhi,Desktop,0.6859072353567229,1,74.87257882853784,High,HIGH,PENDING_REVIEW,ALERT_0104
T100707,CUST4954,2023-02-25 09:49:00,132.81,Delhi,Desktop,0.578838565107333,1,66.30708520858664,High,HIGH,PENDING_REVIEW,ALERT_0105
T100713,CUST8206,2023-08-12 16:49:00,42.46,Delhi,Mobile,0.619874852865632,1,69.58998822925057,High,HIGH,PENDING_REVIEW,ALERT_0106
T100715,CUST7696,2023-12-15 01:13:00,212.2,Hyderabad,Desktop,0.494153188177823,1,59.53225505422584,High,HIGH,PENDING_REVIEW,ALERT_0107
T100723,CUST7063,2023-06-29 00:12:00,108.11,Kolkata,POS,0.6788181724841642,0,54.30545379873314,High,HIGH,PENDING_REVIEW,ALERT_0108
T100736,CUST7545,2023-03-31 03:10:00,39.87,Hyderabad,Desktop,0.8143720281313055,1,85.14976225050445,Critical,CRITICAL,PENDING_REVIEW,ALERT_0109
T100763,CUST8531,2023-02-03 03:27:00,108.99,Pune,POS,0.7456154261067944,1,79.64923408854355,Critical,CRITICAL,PENDING_REVIEW,ALERT_0110
T100772,CUST3458,2023-05-19 00:05:00,10.91,Mumbai,Mobile,0.6296059133601851,0,50.36847306881481,High,HIGH,PENDING_REVIEW,ALERT_0111
T100775,CUST5958,2023-10-10 18:12:00,12.99,Pune,Desktop,0.6545352345361635,1,72.36281876289308,High,HIGH,PENDING_REVIEW,ALERT_0112
T100782,CUST1467,2023-07-12 00:53:00,23.21,Hyderabad,POS,0.6633789138942511,0,53.07031311154009,High,HIGH,PENDING_REVIEW,ALERT_0113
T100786,CUST5476,2024-01-09 05:33:00,70.05,Pune,Desktop,0.7670749920039062,0,61.36599936031249,High,HIGH,PENDING_REVIEW,ALERT_0114
T100790,CUST1644,2023-09-29 19:49:00,13.32,Kolkata,Desktop,0.7520075829844524,0,60.16060663875619,High,HIGH,PENDING_REVIEW,ALERT_0115
T100795,CUST4355,2023-12-13 01:18:00,164.54,Mumbai,POS,0.7468473985694893,1,79.74779188555915,Critical,CRITICAL,PENDING_REVIEW,ALERT_0116
T100796,CUST6478,2023-11-23 00:20:00,215.2,Mumbai,Mobile,0.5788963933982656,1,66.31171147186126,High,HIGH,PENDING_REVIEW,ALERT_0117
T100802,CUST7006,2023-11-04 03:59:00,68.7,Chennai,POS,0.6581424367010574,0,52.65139493608459,High,HIGH,PENDING_REVIEW,ALERT_0118
T100805,CUST3904,2024-02-20 03:25:00,106.68,Delhi,POS,0.661063409537769,0,52.88507276302152,High,HIGH,PENDING_REVIEW,ALERT_0119
T100806,CUST9071,2023-04-29 00:58:00,217.89,Delhi,Mobile,0.7498785216818078,1,79.99028173454462,Critical,CRITICAL,PENDING_REVIEW,ALERT_0120
T100810,CUST7026,2023-10-20 02:16:00,335.13,Kolkata,POS,0.6859073457493546,1,74.87258765994838,High,HIGH,PENDING_REVIEW,ALERT_0121
T100811,CUST5041,2023-05-25 00:38:00,146.06,Pune,Desktop,0.6894850703387495,0,55.15880562709996,High,HIGH,PENDING_REVIEW,ALERT_0122
T100820,CUST7200,2023-08-03 00:08:00,129.9,Mumbai,Mobile,0.6294484681558383,0,50.35587745246707,High,HIGH,PENDING_REVIEW,ALERT_0123
T100829,CUST8035,2023-06-30 00:56:00,48.15,Mumbai,Desktop,0.6612282979475721,0,52.89826383580577,High,HIGH,PENDING_REVIEW,ALERT_0124
T100830,CUST2234,2023-07-07 00:25:00,20.35,Hyderabad,Desktop,0.7280327241704575,0,58.2426179336366,High,HIGH,PENDING_REVIEW,ALERT_0125
T100835,CUST3861,2023-10-16 21:21:00,43.43,Pune,Mobile,0.7126055993569429,1,77.00844794855544,Critical,CRITICAL,PENDING_REVIEW,ALERT_0126
T100838,CUST2117,2023-12-24 04:47:00,69.51,Pune,Mobile,0.568748863097868,1,65.49990904782945,High,HIGH,PENDING_REVIEW,ALERT_0127
T100842,CUST3269,2023-11-18 02:37:00,15.68,Delhi,Desktop,0.6878257501297597,1,75.02606001038077,Critical,CRITICAL,PENDING_REVIEW,ALERT_0128
T100845,CUST2889,2023-12-01 04:12:00,42.84,Delhi,Mobile,0.6454959713664116,0,51.63967770931293,High,HIGH,PENDING_REVIEW,ALERT_0129
T100849,CUST3692,2023-09-17 06:25:00,72.39,Mumbai,Desktop,0.7830354177312505,0,62.64283341850004,High,HIGH,PENDING_REVIEW,ALERT_0130
T100853,CUST4869,2023-02-10 06:05:00,182.67,Pune,Mobile,0.5882364079958282,1,67.05891263966626,High,HIGH,PENDING_REVIEW,ALERT_0131
T100854,CUST9384,2023-10-03 02:15:00,18.37,Delhi,POS,0.745873397358992,0,59.66987178871937,High,HIGH,PENDING_REVIEW,ALERT_0132
T100858,CUST9644,2023-04-21 04:40:00,66.56,Mumbai,POS,0.6304896990136049,0,50.43917592108839,High,HIGH,PENDING_REVIEW,ALERT_0133
T100865,CUST8097,2023-04-29 04:10:00,65.61,Bengaluru,POS,0.6285448340490608,0,50.28358672392487,High,HIGH,PENDING_REVIEW,ALERT_0134
T100889,CUST4499,2023-01-26 04:43:00,22.29,Pune,Desktop,0.7488463216276356,1,79.90770573021086,Critical,CRITICAL,PENDING_REVIEW,ALERT_0135
T100890,CUST6671,2023-03-22 05:31:00,102.49,Mumbai,POS,0.8192063648680429,0,65.53650918944344,High,HIGH,PENDING_REVIEW,ALERT_0136
T100902,CUST5900,2024-02-10 08:29:00,16.02,Kolkata,POS,0.6298182232037441,0,50.38545785629953,High,HIGH,PENDING_REVIEW,ALERT_0137
T100904,CUST7827,2024-01-10 02:46:00,43.77,Mumbai,Desktop,0.7137465299908817,0,57.09972239927054,High,HIGH,PENDING_REVIEW,ALERT_0138
T100922,CUST1781,2023-02-01 22:35:00,179.96,Mumbai,Mobile,0.5205361727123204,1,61.642893816985634,High,HIGH,PENDING_REVIEW,ALERT_0139
T100928,CUST8589,2023-02-06 03:18:00,80.3,Bengaluru,Mobile,0.7816528412579093,0,62.53222730063275,High,HIGH,PENDING_REVIEW,ALERT_0140
T100946,CUST6911,2023-12-10 21:48:00,11.78,Chennai,Mobile,0.7109389332789549,1,76.87511466231639,Critical,CRITICAL,PENDING_REVIEW,ALERT_0141
T100951,CUST4913,2023-05-23 04:55:00,87.5,Chennai,Desktop,0.6904458688564723,0,55.23566950851779,High,HIGH,PENDING_REVIEW,ALERT_0142
T100953,CUST5190,2023-04-20 21:09:00,196.66,Delhi,Desktop,0.5408167467123718,1,63.265339736989745,High,HIGH,PENDING_REVIEW,ALERT_0143
T100955,CUST7058,2024-01-22 05:24:00,38.65,Hyderabad,Desktop,0.8496566248790025,0,67.9725299903202,High,HIGH,PENDING_REVIEW,ALERT_0144
T100956,CUST1392,2023-04-02 03:21:00,58.54,Chennai,Desktop,0.6251564332028723,0,50.01251465622978,High,HIGH,PENDING_REVIEW,ALERT_0145
T100960,CUST4887,2023-03-26 03:59:00,6.91,Mumbai,Desktop,0.6874072873066543,0,54.992582984532355,High,HIGH,PENDING_REVIEW,ALERT_0146
T100961,CUST7979,2023-08-26 04:03:00,73.94,Chennai,Desktop,0.7216558005512915,1,77.73246404410332,Critical,CRITICAL,PENDING_REVIEW,ALERT_0147
T100962,CUST5368,2023-05-05 02:24:00,22.52,Bengaluru,Mobile,0.8298682259393947,0,66.38945807515158,High,HIGH,PENDING_REVIEW,ALERT_0148
T100965,CUST7357,2023-04-30 11:15:00,35.16,Kolkata,Mobile,0.5434347272877953,1,63.47477818302363,High,HIGH,PENDING_REVIEW,ALERT_0149
T100969,CUST6893,2023-10-17 05:35:00,51.71,Bengaluru,Desktop,0.644344287716489,0,51.54754301731912,High,HIGH,PENDING_REVIEW,ALERT_0150
T100970,CUST7474,2023-10-16 05:24:00,87.17,Pune,Desktop,0.7834334551552186,0,62.67467641241749,High,HIGH,PENDING_REVIEW,ALERT_0151
T100971,CUST4339,2023-05-10 18:50:00,220.95,Delhi,POS,0.5081971788843473,1,60.655774310747795,High,HIGH,PENDING_REVIEW,ALERT_0152
T100975,CUST3014,2023-08-01 01:02:00,24.33,Mumbai,Desktop,0.6278530170226752,0,50.228241361814014,High,HIGH,PENDING_REVIEW,ALERT_0153
T100981,CUST5331,2023-02-27 01:06:00,117.89,Pune,POS,0.6469556987829064,0,51.75645590263252,High,HIGH,PENDING_REVIEW,ALERT_0154
T100985,CUST5591,2023-03-04 01:20:00,54.73,Kolkata,Mobile,0.7610933846518988,0,60.88747077215191,High,HIGH,PENDING_REVIEW,ALERT_0155
T100998,CUST8283,2023-10-10 00:54:00,240.04,Mumbai,Mobile,0.533220233896378,1,62.65761871171024,High,HIGH,PENDING_REVIEW,ALERT_0156
T101002,CUST8960,2023-01-07 01:43:00,165.05,Pune,Mobile,0.7331196289732604,0,58.649570317860835,High,HIGH,PENDING_REVIEW,ALERT_0157
T101005,CUST8600,2023-07-19 05:20:00,86.02,Delhi,Desktop,0.6274741830264668,0,50.19793464211735,High,HIGH,PENDING_REVIEW,ALERT_0158
T101006,CUST7000,2023-08-27 01:18:00,94.28,Pune,Desktop,0.5602182713621153,1,64.81746170896923,High,HIGH,PENDING_REVIEW,ALERT_0159
T101007,CUST1336,2023-09-17 02:01:00,151.34,Chennai,Mobile,0.7342158753696562,0,58.7372700295725,High,HIGH,PENDING_REVIEW,ALERT_0160
T101011,CUST1540,2023-02-24 01:33:00,351.64,Delhi,Desktop,0.48413125961736214,1,58.730500769388975,High,HIGH,PENDING_REVIEW,ALERT_0161
T101013,CUST3269,2023-02-25 16:01:00,3.22,Hyderabad,POS,0.46253667885845395,1,57.002934308676316,High,HIGH,PENDING_REVIEW,ALERT_0162
T101014,CUST6114,2023-12-08 22:14:00,97.82,Hyderabad,Mobile,0.5950476948129456,1,67.60381558503565,High,HIGH,PENDING_REVIEW,ALERT_0163
T101015,CUST4408,2023-08-03 03:36:00,207.49,Hyderabad,Mobile,0.6774161724698051,0,54.19329379758441,High,HIGH,PENDING_REVIEW,ALERT_0164
T101016,CUST8022,2023-01-28 05:19:00,15.93,Hyderabad,Desktop,0.7952995660921388,0,63.62396528737111,High,HIGH,PENDING_REVIEW,ALERT_0165
T101027,CUST2448,2023-10-11 13:55:00,148.91,Mumbai,Mobile,0.5585350657741782,1,64.68280526193426,High,HIGH,PENDING_REVIEW,ALERT_0166
T101037,CUST6791,2023-11-21 21:29:00,103.21,Pune,POS,0.647104630558532,0,51.76837044468256,High,HIGH,PENDING_REVIEW,ALERT_0167
T101038,CUST5526,2023-07-10 00:47:00,5.41,Hyderabad,POS,0.6952171183236341,0,55.61736946589073,High,HIGH,PENDING_REVIEW,ALERT_0168
T101053,CUST2143,2023-03-13 02:47:00,128.27,Delhi,Mobile,0.6556990455666429,0,52.45592364533144,High,HIGH,PENDING_REVIEW,ALERT_0169
T101060,CUST3905,2023-12-12 01:30:00,165.51,Kolkata,POS,0.6901080871051454,0,55.208646968411635,High,HIGH,PENDING_REVIEW,ALERT_0170
T101067,CUST4178,2023-05-24 00:10:00,9.37,Hyderabad,Mobile,0.6422546281087728,0,51.38037024870182,High,HIGH,PENDING_REVIEW,ALERT_0171
T101068,CUST5155,2023-11-26 00:20:00,35.03,Hyderabad,POS,0.6775890589755211,1,74.20712471804168,High,HIGH,PENDING_REVIEW,ALERT_0172
T101084,CUST9762,2023-05-16 03:52:00,231.64,Chennai,Mobile,0.6758528442518476,0,54.0682275401478,High,HIGH,PENDING_REVIEW,ALERT_0173
T101085,CUST8689,2023-04-11 05:22:00,50.4,Hyderabad,Mobile,0.7715210788256195,0,61.72168630604956,High,HIGH,PENDING_REVIEW,ALERT_0174
T101087,CUST7950,2023-03-22 02:55:00,14.62,Delhi,Desktop,0.8078715272106982,1,84.62972217685585,Critical,CRITICAL,PENDING_REVIEW,ALERT_0175
T101093,CUST2579,2023-08-15 20:48:00,57.51,Pune,POS,0.7017762695012302,0,56.14210156009841,High,HIGH,PENDING_REVIEW,ALERT_0176
T101097,CUST2341,2023-03-01 04:27:00,16.51,Hyderabad,Mobile,0.62500352128745,0,50.000281702996,High,HIGH,PENDING_REVIEW,ALERT_0177
T101100,CUST8885,2023-10-17 04:11:00,4.77,Hyderabad,Mobile,0.7754455830319106,0,62.03564664255285,High,HIGH,PENDING_REVIEW,ALERT_0178
T101105,CUST1931,2024-01-14 02:42:00,15.28,Delhi,Desktop,0.7439090555198484,1,79.51272444158788,Critical,CRITICAL,PENDING_REVIEW,ALERT_0179
T101114,CUST7572,2023-04-12 12:44:00,71.9,Kolkata,POS,0.5597554478775002,1,64.78043583020002,High,HIGH,PENDING_REVIEW,ALERT_0180
T101124,CUST8053,2023-11-21 02:08:00,85.19,Kolkata,Desktop,0.6671500845903054,0,53.372006767224434,High,HIGH,PENDING_REVIEW,ALERT_0181
T101132,CUST3380,2023-01-14 07:23:00,6.76,Kolkata,POS,0.5756837915731672,1,66.05470332585338,High,HIGH,PENDING_REVIEW,ALERT_0182
T101134,CUST7445,2024-02-15 05:13:00,91.97,Kolkata,Desktop,0.8654896203283561,0,69.23916962626849,High,HIGH,PENDING_REVIEW,ALERT_0183
T101139,CUST9479,2023-05-27 01:31:00,71.8,Kolkata,POS,0.5813230375151808,1,66.50584300121446,High,HIGH,PENDING_REVIEW,ALERT_0184
T101140,CUST5539,2023-02-05 02:29:00,139.29,Mumbai,POS,0.7057115451041491,0,56.456923608331934,High,HIGH,PENDING_REVIEW,ALERT_0185
T101142,CUST3247,2023-12-21 00:33:00,90.66,Mumbai,POS,0.7320703234642234,0,58.565625877137876,High,HIGH,PENDING_REVIEW,ALERT_0186
T101144,CUST8426,2024-02-17 19:34:00,24.85,Bengaluru,Desktop,0.7418372038767509,0,59.34697631014008,High,HIGH,PENDING_REVIEW,ALERT_0187
T101151,CUST6286,2023-06-21 05:40:00,145.13,Delhi,Desktop,0.7351453156789103,0,58.81162525431282,High,HIGH,PENDING_REVIEW,ALERT_0188
T101165,CUST5488,2023-06-12 04:26:00,136.29,Bengaluru,POS,0.6986612750835388,0,55.89290200668311,High,HIGH,PENDING_REVIEW,ALERT_0189
T101171,CUST9712,2023-02-06 03:11:00,317.85,Kolkata,Desktop,0.8588276995299104,1,88.70621596239283,Critical,CRITICAL,PENDING_REVIEW,ALERT_0190
T101182,CUST1004,2023-09-25 01:37:00,80.11,Pune,Desktop,0.8694472895498406,0,69.55578316398724,High,HIGH,PENDING_REVIEW,ALERT_0191
T101193,CUST6080,2023-06-30 00:55:00,77.6,Pune,POS,0.662192669467685,0,52.975413557414804,High,HIGH,PENDING_REVIEW,ALERT_0192
T101196,CUST2513,2023-10-19 20:26:00,290.42,Kolkata,Desktop,0.4944172911979735,1,59.55338329583788,High,HIGH,PENDING_REVIEW,ALERT_0193
T101205,CUST8379,2023-03-21 05:09:00,117.72,Chennai,Desktop,0.6712912710041706,0,53.70330168033365,High,HIGH,PENDING_REVIEW,ALERT_0194
T101206,CUST1599,2023-01-15 16:09:00,91.98,Kolkata,POS,0.5809830327904706,1,66.47864262323765,High,HIGH,PENDING_REVIEW,ALERT_0195
T101207,CUST8883,2023-01-25 00:22:00,47.23,Pune,Desktop,0.675315931968983,0,54.02527455751864,High,HIGH,PENDING_REVIEW,ALERT_0196
T101209,CUST4186,2023-11-26 03:22:00,468.12,Delhi,POS,0.555197944080688,1,64.41583552645506,High,HIGH,PENDING_REVIEW,ALERT_0197
T101213,CUST6861,2023-08-10 14:48:00,126.71,Pune,Mobile,0.6255003501859214,1,70.04002801487371,High,HIGH,PENDING_REVIEW,ALERT_0198
T101225,CUST5810,2023-09-19 16:57:00,81.41,Delhi,Desktop,0.7346196891951822,1,78.76957513561457,Critical,CRITICAL,PENDING_REVIEW,ALERT_0199
T101227,CUST8715,2023-10-16 00:42:00,25.64,Kolkata,POS,0.6464119080976406,0,51.71295264781125,High,HIGH,PENDING_REVIEW,ALERT_0200
T101231,CUST2456,2024-01-01 05:45:00,20.9,Kolkata,Mobile,0.6664712924297065,0,53.31770339437652,High,HIGH,PENDING_REVIEW,ALERT_0201
T101239,CUST6111,2023-12-08 05:19:00,16.42,Mumbai,Mobile,0.7004538107928658,1,76.03630486342928,Critical,CRITICAL,PENDING_REVIEW,ALERT_0202
T101242,CUST8944,2024-01-12 06:47:00,117.9,Kolkata,Mobile,0.40160136755054937,1,52.12810940404395,High,HIGH,PENDING_REVIEW,ALERT_0203
T101244,CUST8867,2023-10-16 13:47:00,114.51,Hyderabad,Desktop,0.7517679355391081,0,60.14143484312865,High,HIGH,PENDING_REVIEW,ALERT_0204
T101253,CUST8028,2023-02-21 03:59:00,10.7,Mumbai,POS,0.642234806384887,0,51.37878451079096,High,HIGH,PENDING_REVIEW,ALERT_0205
T101276,CUST2209,2023-03-09 05:52:00,22.17,Mumbai,Mobile,0.6984185579045282,0,55.87348463236226,High,HIGH,PENDING_REVIEW,ALERT_0206
T101279,CUST5078,2023-07-17 03:36:00,55.27,Hyderabad,Mobile,0.6650219738906603,0,53.20175791125283,High,HIGH,PENDING_REVIEW,ALERT_0207
T101291,CUST6010,2023-11-21 01:57:00,11.39,Kolkata,Desktop,0.6999117029408458,0,55.99293623526767,High,HIGH,PENDING_REVIEW,ALERT_0208
T101297,CUST8383,2023-02-13 02:16:00,8.84,Mumbai,Mobile,0.7027029353139684,0,56.21623482511748,High,HIGH,PENDING_REVIEW,ALERT_0209
T101317,CUST7226,2023-05-12 03:28:00,105.22,Delhi,POS,0.718786263362606,0,57.50290106900848,High,HIGH,PENDING_REVIEW,ALERT_0210
T101324,CUST8589,2023-03-13 05:08:00,297.93,Chennai,POS,0.6315804560571288,1,70.5264364845703,High,HIGH,PENDING_REVIEW,ALERT_0211
T101326,CUST7246,2023-08-13 20:10:00,16.08,Delhi,Desktop,0.6651116810487739,1,73.20893448390191,High,HIGH,PENDING_REVIEW,ALERT_0212
T101332,CUST2996,2023-10-28 06:26:00,20.75,Hyderabad,POS,0.6513734890633933,0,52.109879125071465,High,HIGH,PENDING_REVIEW,ALERT_0213
T101334,CUST7711,2023-02-08 05:10:00,294.45,Kolkata,Desktop,0.7106012884312899,0,56.8481030745032,High,HIGH,PENDING_REVIEW,ALERT_0214
T101338,CUST5702,2023-09-19 04:56:00,5.99,Mumbai,POS,0.6329636201196418,0,50.63708960957135,High,HIGH,PENDING_REVIEW,ALERT_0215
T101342,CUST4791,2023-02-09 03:56:00,162.16,Mumbai,Mobile,0.6257449172463556,0,50.05959337970845,High,HIGH,PENDING_REVIEW,ALERT_0216
T101346,CUST7480,2023-06-09 01:03:00,33.96,Chennai,Mobile,0.7252012232738743,0,58.01609786190994,High,HIGH,PENDING_REVIEW,ALERT_0217
T101347,CUST2147,2023-07-20 19:12:00,37.09,Kolkata,Mobile,0.5674889263562857,1,65.39911410850286,High,HIGH,PENDING_REVIEW,ALERT_0218
T101348,CUST1953,2023-05-03 02:12:00,351.53,Delhi,Mobile,0.4585017464916104,1,56.680139719328835,High,HIGH,PENDING_REVIEW,ALERT_0219
T101349,CUST5164,2023-08-05 00:58:00,3.27,Delhi,Mobile,0.6750613987438616,1,74.00491189950893,High,HIGH,PENDING_REVIEW,ALERT_0220
T101351,CUST9473,2023-11-29 01:11:00,69.15,Mumbai,Mobile,0.6928859278729262,0,55.4308742298341,High,HIGH,PENDING_REVIEW,ALERT_0221
T101356,CUST5588,2023-07-14 03:09:00,184.77,Delhi,Mobile,0.5391436583185774,1,63.13149266548619,High,HIGH,PENDING_REVIEW,ALERT_0222
T101359,CUST3348,2023-11-03 00:46:00,71.79,Bengaluru,Desktop,0.6755957914069545,0,54.04766331255636,High,HIGH,PENDING_REVIEW,ALERT_0223
T101360,CUST6341,2023-06-27 05:27:00,194.76,Chennai,Desktop,0.7101371133793282,0,56.81096907034626,High,HIGH,PENDING_REVIEW,ALERT_0224
T101370,CUST4775,2024-01-02 22:05:00,284.33,Hyderabad,POS,0.5259382585541984,1,62.075060684335874,High,HIGH,PENDING_REVIEW,ALERT_0225
T101374,CUST4538,2023-09-26 02:23:00,22.72,Chennai,Mobile,0.6309276291201263,0,50.47421032961011,High,HIGH,PENDING_REVIEW,ALERT_0226
T101378,CUST3034,2023-07-30 22:07:00,35.61,Pune,Mobile,0.5203004912396602,1,61.624039299172814,High,HIGH,PENDING_REVIEW,ALERT_0227
T101389,CUST9321,2024-01-06 03:47:00,48.38,Kolkata,POS,0.5912186689940487,1,67.2974935195239,High,HIGH,PENDING_REVIEW,ALERT_0228
T101393,CUST8265,2023-09-28 04:46:00,58.68,Hyderabad,Desktop,0.7178490655477217,0,57.42792524381773,High,HIGH,PENDING_REVIEW,ALERT_0229
T101409,CUST5166,2023-08-23 04:02:00,162.16,Mumbai,POS,0.7056679732214599,0,56.45343785771679,High,HIGH,PENDING_REVIEW,ALERT_0230
T101417,CUST3146,2023-11-13 07:38:00,10.42,Bengaluru,POS,0.7738896313034033,0,61.91117050427226,High,HIGH,PENDING_REVIEW,ALERT_0231
T101420,CUST8690,2023-12-01 09:34:00,30.4,Kolkata,Desktop,0.7807572576288291,0,62.46058061030633,High,HIGH,PENDING_REVIEW,ALERT_0232
T101462,CUST4541,2023-12-22 03:47:00,9.02,Bengaluru,POS,0.6710595654050909,0,53.68476523240728,High,HIGH,PENDING_REVIEW,ALERT_0233
T101470,CUST3482,2023-08-26 05:35:00,66.96,Bengaluru,Desktop,0.6922092086935523,0,55.37673669548418,High,HIGH,PENDING_REVIEW,ALERT_0234
T101472,CUST1450,2023-01-29 04:40:00,168.64,Mumbai,Desktop,0.6402908525591525,1,71.2232682047322,High,HIGH,PENDING_REVIEW,ALERT_0235
T101477,CUST7201,2023-10-05 11:44:00,114.93,Pune,Mobile,0.6343406182080813,0,50.74724945664651,High,HIGH,PENDING_REVIEW,ALERT_0236
T101480,CUST9537,2023-04-10 02:10:00,136.23,Bengaluru,Desktop,0.7632925627508916,0,61.063405020071336,High,HIGH,PENDING_REVIEW,ALERT_0237
T101486,CUST8736,2023-01-03 05:22:00,40.36,Chennai,Mobile,0.6418885655015903,0,51.351085240127226,High,HIGH,PENDING_REVIEW,ALERT_0238
T101489,CUST7972,2023-11-07 13:03:00,47.64,Delhi,POS,0.7275287404573473,0,58.202299236587784,High,HIGH,PENDING_REVIEW,ALERT_0239
T101492,CUST5204,2024-02-17 05:09:00,20.63,Kolkata,Mobile,0.6872945470182205,0,54.983563761457646,High,HIGH,PENDING_REVIEW,ALERT_0240
T101495,CUST9221,2023-01-04 01:17:00,88.26,Bengaluru,POS,0.6256946754130693,0,50.05557403304555,High,HIGH,PENDING_REVIEW,ALERT_0241
T101496,CUST2804,2023-06-05 02:29:00,77.3,Mumbai,POS,0.6613465195075672,0,52.90772156060538,High,HIGH,PENDING_REVIEW,ALERT_0242
T101498,CUST8743,2023-11-17 04:51:00,38.22,Bengaluru,Desktop,0.6950878031504831,0,55.607024252038656,High,HIGH,PENDING_REVIEW,ALERT_0243
T101500,CUST7122,2023-11-13 08:59:00,58.56,Bengaluru,POS,0.6927526516174344,1,75.42021212939474,Critical,CRITICAL,PENDING_REVIEW,ALERT_0244
T101501,CUST7613,2023-02-06 03:10:00,52.19,Bengaluru,Desktop,0.8709534665594183,0,69.67627732475346,High,HIGH,PENDING_REVIEW,ALERT_0245
T101503,CUST1002,2023-09-16 13:11:00,33.39,Chennai,POS,0.6416531342564733,1,71.33225074051786,High,HIGH,PENDING_REVIEW,ALERT_0246
T101506,CUST9221,2023-05-06 00:10:00,69.43,Kolkata,Mobile,0.6605671261116836,0,52.845370088934686,High,HIGH,PENDING_REVIEW,ALERT_0247
T101510,CUST9369,2023-09-05 01:04:00,134.13,Hyderabad,Desktop,0.658346360220023,0,52.66770881760184,High,HIGH,PENDING_REVIEW,ALERT_0248
T101516,CUST7500,2023-07-29 00:23:00,83.41,Delhi,Mobile,0.5399549602811216,1,63.19639682248973,High,HIGH,PENDING_REVIEW,ALERT_0249
T101517,CUST8294,2024-02-11 20:32:00,182.65,Delhi,Mobile,0.7330613053289754,1,78.64490442631804,Critical,CRITICAL,PENDING_REVIEW,ALERT_0250
T101529,CUST1413,2023-07-06 01:52:00,61.98,Mumbai,Mobile,0.6741119815309423,0,53.92895852247539,High,HIGH,PENDING_REVIEW,ALERT_0251
T101531,CUST7046,2023-02-26 03:49:00,75.4,Kolkata,POS,0.7101645040578823,1,76.81316032463059,Critical,CRITICAL,PENDING_REVIEW,ALERT_0252
T101533,CUST5200,2023-08-26 06:18:00,25.46,Mumbai,Desktop,0.7662519901069083,0,61.30015920855266,High,HIGH,PENDING_REVIEW,ALERT_0253
T101534,CUST1806,2023-10-02 03:58:00,42.69,Bengaluru,Desktop,0.7066044096033695,0,56.528352768269556,High,HIGH,PENDING_REVIEW,ALERT_0254
T101538,CUST9027,2023-09-09 13:04:00,16.02,Delhi,Mobile,0.7310308231687098,0,58.48246585349679,High,HIGH,PENDING_REVIEW,ALERT_0255
T101539,CUST4728,2023-04-23 16:11:00,59.58,Delhi,Mobile,0.5003310761019478,1,60.02648608815583,High,HIGH,PENDING_REVIEW,ALERT_0256
T101542,CUST3327,2023-04-25 18:01:00,67.02,Kolkata,Mobile,0.5554157058610948,1,64.43325646888758,High,HIGH,PENDING_REVIEW,ALERT_0257
T101555,CUST2743,2024-01-06 00:32:00,19.07,Kolkata,POS,0.7248576042220563,0,57.988608337764504,High,HIGH,PENDING_REVIEW,ALERT_0258
T101564,CUST9655,2023-07-24 01:59:00,138.35,Kolkata,Desktop,0.5881423587693839,1,67.0513887015507,High,HIGH,PENDING_REVIEW,ALERT_0259
T101565,CUST6016,2023-06-18 08:58:00,44.1,Chennai,Mobile,0.7503110021980326,1,80.02488017584261,Critical,CRITICAL,PENDING_REVIEW,ALERT_0260
T101570,CUST7242,2023-01-19 03:54:00,70.67,Bengaluru,POS,0.8427923381109121,0,67.42338704887298,High,HIGH,PENDING_REVIEW,ALERT_0261
T101578,CUST6948,2023-04-16 03:35:00,74.73,Bengaluru,Desktop,0.6652426303880684,0,53.219410431045475,High,HIGH,PENDING_REVIEW,ALERT_0262
T101585,CUST6272,2023-08-21 12:08:00,11.74,Hyderabad,POS,0.7198915304272839,0,57.591322434182715,High,HIGH,PENDING_REVIEW,ALERT_0263
T101588,CUST6290,2023-01-21 01:05:00,44.72,Bengaluru,POS,0.6912767019915244,1,75.30213615932195,Critical,CRITICAL,PENDING_REVIEW,ALERT_0264
T101596,CUST1179,2023-07-12 23:43:00,25.63,Hyderabad,Mobile,0.7160758169602872,0,57.286065356822974,High,HIGH,PENDING_REVIEW,ALERT_0265
T101609,CUST8417,2023-11-26 16:01:00,62.12,Delhi,Desktop,0.7597668584586676,0,60.78134867669342,High,HIGH,PENDING_REVIEW,ALERT_0266
T101611,CUST4807,2023-12-03 16:45:00,84.19,Delhi,Mobile,0.5868129582693234,1,66.94503666154588,High,HIGH,PENDING_REVIEW,ALERT_0267
T101612,CUST4019,2024-01-18 21:50:00,60.91,Mumbai,POS,0.5344487557705343,1,62.755900461642746,High,HIGH,PENDING_REVIEW,ALERT_0268
T101615,CUST5723,2023-12-11 10:30:00,88.57,Pune,Desktop,0.764630950426099,1,81.17047603408793,Critical,CRITICAL,PENDING_REVIEW,ALERT_0269
T101616,CUST7119,2023-12-11 04:39:00,411.16,Kolkata,Desktop,0.4904121993052856,1,59.232975944422854,High,HIGH,PENDING_REVIEW,ALERT_0270
T101632,CUST3388,2023-07-25 05:48:00,87.47,Hyderabad,Desktop,0.7735949491671893,0,61.887595933375145,High,HIGH,PENDING_REVIEW,ALERT_0271
T101637,CUST5039,2023-01-08 02:29:00,13.23,Bengaluru,Desktop,0.626735296636937,0,50.138823730954954,High,HIGH,PENDING_REVIEW,ALERT_0272
T101643,CUST5143,2023-08-11 01:34:00,78.17,Hyderabad,Mobile,0.7295168250813897,1,78.36134600651118,Critical,CRITICAL,PENDING_REVIEW,ALERT_0273
T101662,CUST3959,2023-05-06 01:55:00,201.45,Pune,Desktop,0.6452249977468845,1,71.61799981975076,High,HIGH,PENDING_REVIEW,ALERT_0274
T101664,CUST6953,2023-08-13 02:14:00,387.86,Bengaluru,Mobile,0.5953620066506713,1,67.6289605320537,High,HIGH,PENDING_REVIEW,ALERT_0275
T101667,CUST1422,2024-02-12 05:36:00,213.42,Pune,Desktop,0.6529891169627113,0,52.23912935701691,High,HIGH,PENDING_REVIEW,ALERT_0276
T101668,CUST6745,2023-05-09 03:26:00,9.9,Kolkata,Desktop,0.7165819290243985,0,57.32655432195188,High,HIGH,PENDING_REVIEW,ALERT_0277
T101670,CUST1283,2023-10-10 01:36:00,38.32,Hyderabad,Mobile,0.6427880001847788,0,51.42304001478231,High,HIGH,PENDING_REVIEW,ALERT_0278
T101692,CUST5706,2023-11-06 01:08:00,40.69,Pune,Mobile,0.6251318975408908,0,50.01055180327127,High,HIGH,PENDING_REVIEW,ALERT_0279
T101701,CUST6486,2023-02-04 05:23:00,45.32,Bengaluru,POS,0.6573931984666551,0,52.59145587733241,High,HIGH,PENDING_REVIEW,ALERT_0280
T101714,CUST8525,2023-12-09 06:52:00,4.79,Mumbai,Mobile,0.7910741132634398,0,63.28592906107519,High,HIGH,PENDING_REVIEW,ALERT_0281
T101715,CUST7322,2023-10-15 09:16:00,421.75,Chennai,Mobile,0.49729457460924875,1,59.78356596873991,High,HIGH,PENDING_REVIEW,ALERT_0282
T101721,CUST1463,2023-02-25 00:26:00,10.35,Bengaluru,POS,0.5333931798591729,1,62.671454388733835,High,HIGH,PENDING_REVIEW,ALERT_0283
T101722,CUST6290,2023-06-07 02:31:00,28.91,Mumbai,Desktop,0.6393604501402492,0,51.14883601121994,High,HIGH,PENDING_REVIEW,ALERT_0284
T101726,CUST3040,2023-08-03 02:08:00,56.97,Kolkata,Desktop,0.6278359698618985,0,50.22687758895188,High,HIGH,PENDING_REVIEW,ALERT_0285
T101729,CUST2802,2023-12-16 03:43:00,76.41,Hyderabad,Desktop,0.4315394851458682,1,54.52315881166946,High,HIGH,PENDING_REVIEW,ALERT_0286
T101732,CUST6277,2023-07-21 03:12:00,59.9,Chennai,Desktop,0.6252219909922164,0,50.017759279377316,High,HIGH,PENDING_REVIEW,ALERT_0287
T101736,CUST2222,2023-07-01 01:31:00,47.8,Kolkata,POS,0.6327218036709678,0,50.61774429367742,High,HIGH,PENDING_REVIEW,ALERT_0288
T101738,CUST8012,2023-01-02 01:07:00,36.68,Bengaluru,POS,0.6356741642075845,0,50.85393313660676,High,HIGH,PENDING_REVIEW,ALERT_0289
T101739,CUST7765,2023-04-30 05:37:00,42.77,Bengaluru,Mobile,0.7297870917850995,0,58.38296734280796,High,HIGH,PENDING_REVIEW,ALERT_0290
T101740,CUST3432,2023-09-02 00:09:00,140.61,Pune,Desktop,0.8123673619828332,1,84.98938895862666,Critical,CRITICAL,PENDING_REVIEW,ALERT_0291
T101741,CUST8267,2023-03-09 01:43:00,105.82,Bengaluru,POS,0.6272872402974968,0,50.18297922379975,High,HIGH,PENDING_REVIEW,ALERT_0292
T101751,CUST2311,2024-02-04 06:16:00,19.39,Delhi,Desktop,0.5956466196594109,1,67.65172957275288,High,HIGH,PENDING_REVIEW,ALERT_0293
T101765,CUST6251,2023-01-05 06:59:00,31.41,Mumbai,Desktop,0.6091323997648835,1,68.73059198119068,High,HIGH,PENDING_REVIEW,ALERT_0294
T101770,CUST4449,2023-02-21 00:30:00,49.21,Pune,POS,0.7207700161664703,0,57.661601293317624,High,HIGH,PENDING_REVIEW,ALERT_0295
T101777,CUST2721,2024-01-02 10:16:00,46.04,Delhi,Desktop,0.6420251487977285,1,71.36201190381828,High,HIGH,PENDING_REVIEW,ALERT_0296
T101778,CUST8637,2024-02-09 03:25:00,23.51,Kolkata,Desktop,0.6742475248929697,0,53.93980199143758,High,HIGH,PENDING_REVIEW,ALERT_0297
T101779,CUST9686,2023-11-25 22:22:00,147.04,Chennai,POS,0.42057411164114783,1,53.64592893129183,High,HIGH,PENDING_REVIEW,ALERT_0298
T101780,CUST1569,2023-09-21 06:32:00,3.13,Delhi,Desktop,0.7614587279709534,0,60.91669823767627,High,HIGH,PENDING_REVIEW,ALERT_0299
T101784,CUST1651,2023-11-19 05:50:00,86.15,Pune,POS,0.802614149359583,0,64.20913194876664,High,HIGH,PENDING_REVIEW,ALERT_0300
T101785,CUST9241,2023-05-24 04:52:00,180.39,Pune,Mobile,0.8220824838980526,1,85.76659871184421,Critical,CRITICAL,PENDING_REVIEW,ALERT_0301
T101786,CUST6377,2023-10-25 00:21:00,81.0,Pune,Desktop,0.7162069821910139,0,57.29655857528111,High,HIGH,PENDING_REVIEW,ALERT_0302
T101803,CUST9546,2024-02-04 04:44:00,28.14,Kolkata,Mobile,0.5874913526136623,1,66.99930820909299,High,HIGH,PENDING_REVIEW,ALERT_0303
T101806,CUST2077,2023-05-08 05:31:00,86.63,Bengaluru,Desktop,0.7609718487108924,0,60.8777478968714,High,HIGH,PENDING_REVIEW,ALERT_0304
T101822,CUST9813,2023-08-12 01:08:00,76.36,Pune,POS,0.7799609437888813,0,62.39687550311051,High,HIGH,PENDING_REVIEW,ALERT_0305
T101825,CUST8657,2023-03-06 05:15:00,60.45,Chennai,POS,0.7921032992825567,0,63.36826394260454,High,HIGH,PENDING_REVIEW,ALERT_0306
T101834,CUST2474,2023-04-28 04:02:00,133.61,Mumbai,Desktop,0.6454387232526666,0,51.635097860213335,High,HIGH,PENDING_REVIEW,ALERT_0307
T101838,CUST1636,2024-01-13 09:42:00,210.58,Delhi,POS,0.7416761404961663,0,59.33409123969331,High,HIGH,PENDING_REVIEW,ALERT_0308
T101846,CUST4483,2023-04-28 01:15:00,10.36,Mumbai,POS,0.6737553924967261,0,53.900431399738096,High,HIGH,PENDING_REVIEW,ALERT_0309
T101847,CUST2328,2023-07-22 00:43:00,17.6,Delhi,POS,0.6535387603811347,0,52.28310083049078,High,HIGH,PENDING_REVIEW,ALERT_0310
T101851,CUST2852,2023-11-15 05:09:00,135.4,Mumbai,Mobile,0.6271516932394297,0,50.172135459154376,High,HIGH,PENDING_REVIEW,ALERT_0311
T101854,CUST7080,2023-04-20 04:53:00,200.99,Kolkata,Mobile,0.5409944675920909,1,63.27955740736728,High,HIGH,PENDING_REVIEW,ALERT_0312
T101856,CUST3181,2024-02-05 02:43:00,112.53,Chennai,Mobile,0.8357206147123201,1,86.8576491769856,Critical,CRITICAL,PENDING_REVIEW,ALERT_0313
T101861,CUST2071,2023-03-07 01:23:00,85.41,Pune,Mobile,0.6385236416850704,0,51.08189133480563,High,HIGH,PENDING_REVIEW,ALERT_0314
T101864,CUST8930,2023-08-05 03:30:00,334.23,Pune,Mobile,0.688998285069865,1,75.11986280558921,Critical,CRITICAL,PENDING_REVIEW,ALERT_0315
T101865,CUST6839,2023-09-09 09:01:00,221.66,Chennai,POS,0.8077606388442014,1,84.62085110753611,Critical,CRITICAL,PENDING_REVIEW,ALERT_0316
T101868,CUST6553,2023-07-02 03:02:00,11.3,Chennai,Desktop,0.6824481831703926,0,54.59585465363141,High,HIGH,PENDING_REVIEW,ALERT_0317
T101873,CUST1073,2023-11-25 04:33:00,146.96,Chennai,POS,0.6837816966437107,0,54.70253573149686,High,HIGH,PENDING_REVIEW,ALERT_0318
T101885,CUST6195,2023-08-10 02:45:00,49.53,Kolkata,Desktop,0.6419789168582141,0,51.35831334865713,High,HIGH,PENDING_REVIEW,ALERT_0319
T101894,CUST1318,2023-11-06 03:52:00,64.79,Bengaluru,Mobile,0.6420016535942085,0,51.360132287536686,High,HIGH,PENDING_REVIEW,ALERT_0320
T101904,CUST3782,2024-02-04 05:15:00,109.55,Mumbai,Desktop,0.7024507375696812,0,56.196059005574504,High,HIGH,PENDING_REVIEW,ALERT_0321
T101913,CUST4090,2023-08-03 05:49:00,36.75,Pune,POS,0.6408951956099905,0,51.27161564879924,High,HIGH,PENDING_REVIEW,ALERT_0322
T101952,CUST9258,2023-04-13 02:23:00,72.95,Chennai,Desktop,0.7457903377686983,0,59.66322702149587,High,HIGH,PENDING_REVIEW,ALERT_0323
T101954,CUST9095,2023-12-18 03:30:00,512.44,Chennai,Mobile,0.8283361668950251,1,86.26689335160201,Critical,CRITICAL,PENDING_REVIEW,ALERT_0324
T101959,CUST5111,2023-11-10 02:14:00,123.21,Delhi,POS,0.6359736645481406,0,50.877893163851255,High,HIGH,PENDING_REVIEW,ALERT_0325
T101965,CUST7203,2023-06-07 04:29:00,70.89,Delhi,Desktop,0.6784898703375244,0,54.279189627001955,High,HIGH,PENDING_REVIEW,ALERT_0326
T101969,CUST2958,2024-01-09 02:46:00,2.12,Kolkata,POS,0.6973285047771608,0,55.78628038217287,High,HIGH,PENDING_REVIEW,ALERT_0327
T101971,CUST8137,2023-09-03 12:26:00,142.56,Chennai,POS,0.5439627838163507,1,63.51702270530805,High,HIGH,PENDING_REVIEW,ALERT_0328
T101973,CUST5397,2023-03-10 00:01:00,58.4,Chennai,POS,0.7384995970356678,1,79.07996776285343,Critical,CRITICAL,PENDING_REVIEW,ALERT_0329
T101977,CUST7535,2023-09-20 13:00:00,44.92,Pune,POS,0.7388697310334982,0,59.10957848267986,High,HIGH,PENDING_REVIEW,ALERT_0330
T101979,CUST2770,2023-10-25 05:04:00,147.58,Pune,Desktop,0.6734295177682736,0,53.87436142146189,High,HIGH,PENDING_REVIEW,ALERT_0331
T101981,CUST6879,2024-01-05 07:50:00,129.82,Chennai,POS,0.4018118835160054,1,52.144950681280434,High,HIGH,PENDING_REVIEW,ALERT_0332
T101990,CUST5998,2023-06-28 00:07:00,116.03,Kolkata,POS,0.6261727479482648,0,50.09381983586119,High,HIGH,PENDING_REVIEW,ALERT_0333
T101998,CUST3172,2023-08-11 19:16:00,4.7,Mumbai,Desktop,0.5631035250804787,1,65.0482820064383,High,HIGH,PENDING_REVIEW,ALERT_0334
T102005,CUST2618,2024-02-10 00:01:00,113.97,Delhi,POS,0.5638612034175111,1,65.10889627340089,High,HIGH,PENDING_REVIEW,ALERT_0335
T102009,CUST2897,2023-04-15 02:06:00,53.49,Mumbai,POS,0.6889848288737808,0,55.11878630990247,High,HIGH,PENDING_REVIEW,ALERT_0336
T102018,CUST1292,2023-10-13 02:01:00,1.77,Kolkata,Desktop,0.6808371775070353,0,54.466974200562824,High,HIGH,PENDING_REVIEW,ALERT_0337
T102019,CUST1495,2023-05-25 00:10:00,87.2,Hyderabad,Desktop,0.6767906681312483,0,54.14325345049987,High,HIGH,PENDING_REVIEW,ALERT_0338
T102044,CUST5712,2023-05-17 08:09:00,157.37,Mumbai,Mobile,0.560082336674734,1,64.80658693397872,High,HIGH,PENDING_REVIEW,ALERT_0339
T102053,CUST2060,2023-11-23 05:36:00,233.06,Pune,Mobile,0.6392582850134633,0,51.14066280107706,High,HIGH,PENDING_REVIEW,ALERT_0340
T102055,CUST4578,2023-04-08 10:16:00,88.46,Delhi,Mobile,0.7419879318617604,0,59.359034548940826,High,HIGH,PENDING_REVIEW,ALERT_0341
T102063,CUST2384,2023-10-24 00:18:00,49.18,Kolkata,POS,0.6436101189151823,0,51.48880951321459,High,HIGH,PENDING_REVIEW,ALERT_0342
T102065,CUST6347,2024-02-01 00:27:00,123.45,Bengaluru,POS,0.7432920243010502,1,79.46336194408403,Critical,CRITICAL,PENDING_REVIEW,ALERT_0343
T102067,CUST9854,2023-07-22 12:18:00,23.94,Chennai,Desktop,0.626113473505859,0,50.08907788046872,High,HIGH,PENDING_REVIEW,ALERT_0344
T102073,CUST6471,2023-10-29 03:36:00,168.19,Hyderabad,Desktop,0.6294739488394514,0,50.35791590715611,High,HIGH,PENDING_REVIEW,ALERT_0345
T102075,CUST2182,2023-01-19 00:10:00,163.57,Delhi,POS,0.6321535604392686,0,50.57228483514149,High,HIGH,PENDING_REVIEW,ALERT_0346
T102091,CUST6285,2023-04-20 04:43:00,267.01,Mumbai,Desktop,0.6857772862745085,0,54.862182901960686,High,HIGH,PENDING_REVIEW,ALERT_0347
T102098,CUST1034,2024-02-09 04:09:00,127.93,Hyderabad,Desktop,0.6712507430771162,0,53.70005944616929,High,HIGH,PENDING_REVIEW,ALERT_0348
T102111,CUST3362,2023-05-22 11:58:00,18.05,Chennai,Desktop,0.7604359293935679,0,60.83487435148543,High,HIGH,PENDING_REVIEW,ALERT_0349
T102113,CUST6424,2023-10-24 02:06:00,179.54,Hyderabad,Desktop,0.6318182148131475,0,50.5454571850518,High,HIGH,PENDING_REVIEW,ALERT_0350
T102116,CUST2080,2023-07-13 06:32:00,46.43,Delhi,Desktop,0.7637359791915701,1,81.09887833532561,Critical,CRITICAL,PENDING_REVIEW,ALERT_0351
T102122,CUST8594,2023-04-29 02:42:00,273.21,Delhi,Mobile,0.636500914794382,1,70.92007318355056,High,HIGH,PENDING_REVIEW,ALERT_0352
T102127,CUST4715,2023-04-25 09:36:00,14.52,Mumbai,Desktop,0.5767761120450592,1,66.14208896360475,High,HIGH,PENDING_REVIEW,ALERT_0353
T102133,CUST3915,2023-10-29 00:58:00,59.96,Kolkata,Desktop,0.7192793558946187,0,57.5423484715695,High,HIGH,PENDING_REVIEW,ALERT_0354
T102134,CUST8614,2023-03-02 12:31:00,101.65,Kolkata,Mobile,0.6894726769962455,0,55.15781415969964,High,HIGH,PENDING_REVIEW,ALERT_0355
T102142,CUST5891,2023-08-08 00:52:00,99.1,Delhi,Mobile,0.648389955832858,0,51.87119646662864,High,HIGH,PENDING_REVIEW,ALERT_0356
T102148,CUST7587,2023-10-23 03:27:00,54.53,Bengaluru,POS,0.6901225663767372,0,55.209805310138975,High,HIGH,PENDING_REVIEW,ALERT_0357
T102154,CUST9668,2023-07-18 04:27:00,8.49,Hyderabad,POS,0.6772234576602655,0,54.177876612821244,High,HIGH,PENDING_REVIEW,ALERT_0358
T102155,CUST2892,2023-07-20 06:53:00,21.94,Mumbai,POS,0.6622967479092908,0,52.98373983274327,High,HIGH,PENDING_REVIEW,ALERT_0359
T102156,CUST9089,2023-06-14 03:20:00,12.25,Hyderabad,Desktop,0.6584184138730577,0,52.673473109844615,High,HIGH,PENDING_REVIEW,ALERT_0360
T102157,CUST7962,2024-01-14 03:50:00,34.21,Delhi,POS,0.723627059419386,1,77.89016475355089,Critical,CRITICAL,PENDING_REVIEW,ALERT_0361
T102174,CUST3916,2023-04-06 20:10:00,20.62,Kolkata,Desktop,0.6826265026127412,1,74.6101202090193,High,HIGH,PENDING_REVIEW,ALERT_0362
T102183,CUST5112,2023-09-18 02:20:00,28.99,Mumbai,Desktop,0.6410180520931225,0,51.2814441674498,High,HIGH,PENDING_REVIEW,ALERT_0363
T102186,CUST2719,2023-02-25 02:04:00,163.96,Bengaluru,Desktop,0.5956803853571908,1,67.65443082857527,High,HIGH,PENDING_REVIEW,ALERT_0364
T102187,CUST1029,2023-11-16 04:29:00,116.22,Pune,Desktop,0.7347612579604149,0,58.780900636833195,High,HIGH,PENDING_REVIEW,ALERT_0365
T102191,CUST4601,2023-11-10 01:33:00,190.18,Hyderabad,POS,0.6285324899610634,0,50.28259919688507,High,HIGH,PENDING_REVIEW,ALERT_0366
T102193,CUST3938,2023-09-21 05:59:00,65.76,Kolkata,Desktop,0.6272082821128305,0,50.17666256902645,High,HIGH,PENDING_REVIEW,ALERT_0367
T102198,CUST5593,2023-11-09 02:50:00,63.29,Chennai,Desktop,0.6411060564182174,0,51.28848451345739,High,HIGH,PENDING_REVIEW,ALERT_0368
T102223,CUST8689,2023-08-05 19:53:00,22.15,Hyderabad,Desktop,0.7205631086948565,0,57.64504869558853,High,HIGH,PENDING_REVIEW,ALERT_0369
T102232,CUST8371,2023-10-15 04:30:00,186.56,Hyderabad,Desktop,0.4839951720009097,1,58.719613760072775,High,HIGH,PENDING_REVIEW,ALERT_0370
T102233,CUST1609,2023-06-14 02:16:00,152.99,Mumbai,POS,0.8122280677746586,1,84.97824542197269,Critical,CRITICAL,PENDING_REVIEW,ALERT_0371
T102236,CUST3459,2023-04-10 20:07:00,178.27,Chennai,Desktop,0.7531224949323995,0,60.24979959459196,High,HIGH,PENDING_REVIEW,ALERT_0372
T102245,CUST1814,2023-09-11 05:17:00,58.96,Chennai,Mobile,0.867390371823911,1,89.39122974591288,Critical,CRITICAL,PENDING_REVIEW,ALERT_0373
T102253,CUST6643,2023-03-08 02:40:00,141.42,Kolkata,POS,0.6550230117219423,0,52.401840937755395,High,HIGH,PENDING_REVIEW,ALERT_0374
T102262,CUST4363,2023-08-15 00:37:00,178.44,Bengaluru,POS,0.6333119471010088,0,50.66495576808071,High,HIGH,PENDING_REVIEW,ALERT_0375
T102263,CUST1022,2023-09-07 00:43:00,46.87,Delhi,Desktop,0.6850472936369676,0,54.80378349095741,High,HIGH,PENDING_REVIEW,ALERT_0376
T102283,CUST3336,2023-05-30 02:59:00,3.74,Bengaluru,Mobile,0.674946754328014,1,73.99574034624112,High,HIGH,PENDING_REVIEW,ALERT_0377
T102288,CUST1574,2023-05-17 03:47:00,52.63,Chennai,Mobile,0.5665216793541357,1,65.32173434833086,High,HIGH,PENDING_REVIEW,ALERT_0378
T102298,CUST3994,2023-09-19 04:47:00,9.15,Delhi,Desktop,0.6288965882671478,0,50.311727061371826,High,HIGH,PENDING_REVIEW,ALERT_0379
T102300,CUST3501,2023-04-07 16:25:00,129.8,Bengaluru,POS,0.6473612372454728,0,51.78889897963783,High,HIGH,PENDING_REVIEW,ALERT_0380
T102304,CUST9055,2023-03-28 05:10:00,214.77,Chennai,Desktop,0.7759778372550546,1,82.07822698040437,Critical,CRITICAL,PENDING_REVIEW,ALERT_0381
T102311,CUST9454,2023-04-22 13:55:00,165.86,Chennai,Mobile,0.5561861398860435,1,64.4948911908835,High,HIGH,PENDING_REVIEW,ALERT_0382
T102349,CUST3243,2023-12-31 00:54:00,0.81,Chennai,Desktop,0.8282027319065974,0,66.2562185525278,High,HIGH,PENDING_REVIEW,ALERT_0383
T102350,CUST8758,2023-11-02 05:34:00,80.87,Bengaluru,POS,0.6725179285509734,0,53.80143428407787,High,HIGH,PENDING_REVIEW,ALERT_0384
T102367,CUST5995,2023-06-12 01:57:00,65.43,Kolkata,Mobile,0.6785207407621295,0,54.28165926097037,High,HIGH,PENDING_REVIEW,ALERT_0385
T102370,CUST5522,2023-05-11 04:44:00,84.51,Mumbai,Desktop,0.7449810278269066,0,59.59848222615253,High,HIGH,PENDING_REVIEW,ALERT_0386
T102384,CUST6370,2023-01-04 02:26:00,30.72,Pune,Mobile,0.7534444051315482,0,60.27555241052386,High,HIGH,PENDING_REVIEW,ALERT_0387
T102392,CUST1551,2023-03-26 15:50:00,45.04,Pune,Desktop,0.7339424105440951,0,58.71539284352762,High,HIGH,PENDING_REVIEW,ALERT_0388
T102396,CUST1560,2023-09-21 00:13:00,13.42,Chennai,Mobile,0.6622243047002364,0,52.97794437601891,High,HIGH,PENDING_REVIEW,ALERT_0389
T102402,CUST5712,2023-08-08 01:24:00,42.16,Pune,POS,0.6517125655626258,0,52.137005245010066,High,HIGH,PENDING_REVIEW,ALERT_0390
T102404,CUST6846,2023-06-29 00:25:00,90.44,Mumbai,Desktop,0.7710375706667447,0,61.683005653339585,High,HIGH,PENDING_REVIEW,ALERT_0391
T102410,CUST3536,2024-01-10 02:05:00,93.25,Hyderabad,Mobile,0.636706124345001,0,50.93648994760008,High,HIGH,PENDING_REVIEW,ALERT_0392
T102415,CUST5637,2023-01-03 16:34:00,265.98,Pune,Desktop,0.7147454495907926,0,57.17963596726341,High,HIGH,PENDING_REVIEW,ALERT_0393
T102416,CUST4545,2023-05-18 20:27:00,38.79,Kolkata,POS,0.7369263017293284,0,58.954104138346274,High,HIGH,PENDING_REVIEW,ALERT_0394
T102425,CUST8816,2023-09-30 00:18:00,184.27,Hyderabad,POS,0.6271232976663197,0,50.169863813305575,High,HIGH,PENDING_REVIEW,ALERT_0395
T102432,CUST5480,2023-11-19 03:06:00,330.88,Chennai,POS,0.5278013805430284,1,62.22411044344227,High,HIGH,PENDING_REVIEW,ALERT_0396
T102440,CUST4213,2024-02-17 03:24:00,64.54,Chennai,POS,0.8210762956892321,1,85.68610365513858,Critical,CRITICAL,PENDING_REVIEW,ALERT_0397
T102451,CUST8407,2023-01-08 02:59:00,271.5,Kolkata,Mobile,0.5886354818190934,1,67.09083854552748,High,HIGH,PENDING_REVIEW,ALERT_0398
T102455,CUST9354,2023-10-29 03:49:00,11.99,Pune,Desktop,0.8658935828820786,0,69.27148663056629,High,HIGH,PENDING_REVIEW,ALERT_0399
T102464,CUST5304,2023-01-06 23:09:00,77.55,Kolkata,POS,0.7781564819339576,1,82.2525185547166,Critical,CRITICAL,PENDING_REVIEW,ALERT_0400
T102474,CUST5831,2023-01-15 05:40:00,60.98,Hyderabad,Desktop,0.8090831713145028,1,84.72665370516022,Critical,CRITICAL,PENDING_REVIEW,ALERT_0401
T102477,CUST5985,2023-09-21 15:31:00,125.05,Kolkata,Desktop,0.7233127235728104,0,57.865017885824834,High,HIGH,PENDING_REVIEW,ALERT_0402
T102493,CUST5329,2023-03-01 06:37:00,39.09,Pune,Mobile,0.728310331663494,0,58.26482653307952,High,HIGH,PENDING_REVIEW,ALERT_0403
T102513,CUST9371,2023-10-12 15:28:00,57.14,Mumbai,POS,0.7263543822177931,0,58.10835057742345,High,HIGH,PENDING_REVIEW,ALERT_0404
T102515,CUST5795,2023-04-13 05:43:00,208.71,Delhi,Mobile,0.6476891705476758,0,51.81513364381407,High,HIGH,PENDING_REVIEW,ALERT_0405
T102519,CUST1125,2023-07-29 03:54:00,102.61,Mumbai,Desktop,0.679224319966752,0,54.337945597340166,High,HIGH,PENDING_REVIEW,ALERT_0406
T102522,CUST1541,2023-04-22 00:51:00,28.46,Delhi,POS,0.6526056626398633,0,52.20845301118907,High,HIGH,PENDING_REVIEW,ALERT_0407
T102523,CUST4822,2023-10-09 08:44:00,35.54,Kolkata,Desktop,0.7526780213797274,1,80.21424171037819,Critical,CRITICAL,PENDING_REVIEW,ALERT_0408
T102531,CUST4491,2023-11-07 00:06:00,141.04,Mumbai,Mobile,0.6859214432040502,0,54.87371545632402,High,HIGH,PENDING_REVIEW,ALERT_0409
T102543,CUST8780,2023-08-18 02:02:00,76.07,Kolkata,POS,0.6258469711206183,0,50.06775768964946,High,HIGH,PENDING_REVIEW,ALERT_0410
T102551,CUST4163,2023-07-13 12:32:00,9.41,Kolkata,Desktop,0.7067220388463673,0,56.53776310770939,High,HIGH,PENDING_REVIEW,ALERT_0411
T102554,CUST7806,2023-06-27 00:58:00,6.01,Chennai,Desktop,0.6304985068334584,0,50.439880546676676,High,HIGH,PENDING_REVIEW,ALERT_0412
T102555,CUST9681,2023-08-24 11:59:00,248.29,Mumbai,POS,0.5644292326288024,1,65.1543386103042,High,HIGH,PENDING_REVIEW,ALERT_0413
T102557,CUST7060,2023-02-23 23:58:00,28.48,Kolkata,POS,0.7175816560516891,1,77.40653248413514,Critical,CRITICAL,PENDING_REVIEW,ALERT_0414
T102559,CUST3647,2024-01-23 05:32:00,55.55,Pune,Desktop,0.632224243463,0,50.577939477040005,High,HIGH,PENDING_REVIEW,ALERT_0415
T102567,CUST5759,2023-03-17 14:00:00,26.39,Bengaluru,Mobile,0.7221768133489637,1,77.77414506791709,Critical,CRITICAL,PENDING_REVIEW,ALERT_0416
T102581,CUST8645,2023-01-21 02:43:00,175.61,Chennai,POS,0.549804584480786,1,63.984366758462876,High,HIGH,PENDING_REVIEW,ALERT_0417
T102607,CUST8401,2024-01-22 02:05:00,25.86,Bengaluru,POS,0.8436736993509366,1,87.49389594807494,Critical,CRITICAL,PENDING_REVIEW,ALERT_0418
T102612,CUST7792,2023-03-30 05:50:00,22.68,Pune,Desktop,0.6275056837079755,0,50.20045469663805,High,HIGH,PENDING_REVIEW,ALERT_0419
T102613,CUST1028,2023-11-13 17:41:00,108.04,Delhi,POS,0.625423196930872,1,70.03385575446976,High,HIGH,PENDING_REVIEW,ALERT_0420
T102633,CUST1686,2023-06-16 09:08:00,14.61,Pune,Desktop,0.6611488628155086,0,52.891909025240686,High,HIGH,PENDING_REVIEW,ALERT_0421
T102638,CUST2300,2023-11-06 02:33:00,240.9,Delhi,POS,0.7287667477866353,0,58.30133982293083,High,HIGH,PENDING_REVIEW,ALERT_0422
T102642,CUST6986,2023-11-19 14:51:00,121.8,Kolkata,POS,0.5080479107265756,1,60.64383285812605,High,HIGH,PENDING_REVIEW,ALERT_0423
T102644,CUST5315,2023-07-03 00:39:00,3.95,Mumbai,Desktop,0.7118443888257873,0,56.94755110606299,High,HIGH,PENDING_REVIEW,ALERT_0424
T102647,CUST5635,2023-08-01 00:34:00,55.52,Mumbai,Mobile,0.6415558921897789,0,51.32447137518232,High,HIGH,PENDING_REVIEW,ALERT_0425
T102648,CUST6069,2023-03-06 07:20:00,45.35,Kolkata,Desktop,0.5833608290205641,1,66.66886632164513,High,HIGH,PENDING_REVIEW,ALERT_0426
T102654,CUST2985,2023-05-25 03:26:00,116.73,Mumbai,Mobile,0.8139226423071699,0,65.1138113845736,High,HIGH,PENDING_REVIEW,ALERT_0427
T102657,CUST8745,2023-06-15 03:10:00,151.96,Pune,Desktop,0.7079002956166345,0,56.63202364933076,High,HIGH,PENDING_REVIEW,ALERT_0428
T102673,CUST3207,2023-07-29 05:27:00,17.77,Bengaluru,Mobile,0.6661887758058634,0,53.29510206446908,High,HIGH,PENDING_REVIEW,ALERT_0429
T102680,CUST3042,2023-02-10 21:41:00,24.91,Delhi,Mobile,0.7279295843716472,0,58.234366749731784,High,HIGH,PENDING_REVIEW,ALERT_0430
T102682,CUST5535,2023-01-02 22:53:00,1.18,Mumbai,Desktop,0.5102221135205267,1,60.81776908164214,High,HIGH,PENDING_REVIEW,ALERT_0431
T102696,CUST9835,2023-07-13 23:20:00,90.54,Delhi,Mobile,0.7253127812777171,0,58.025022502217375,High,HIGH,PENDING_REVIEW,ALERT_0432
T102711,CUST4750,2023-03-17 15:13:00,58.38,Pune,Mobile,0.6760931450413843,0,54.08745160331074,High,HIGH,PENDING_REVIEW,ALERT_0433
T102712,CUST4333,2023-01-03 01:03:00,34.23,Chennai,Desktop,0.6894476171908391,0,55.15580937526713,High,HIGH,PENDING_REVIEW,ALERT_0434
T102718,CUST2872,2023-10-01 08:59:00,150.22,Hyderabad,POS,0.7462963408494174,1,79.7037072679534,Critical,CRITICAL,PENDING_REVIEW,ALERT_0435
T102739,CUST2774,2023-04-11 01:29:00,6.29,Chennai,Mobile,0.6906220757143113,0,55.24976605714491,High,HIGH,PENDING_REVIEW,ALERT_0436
T102740,CUST7114,2023-03-12 02:00:00,36.42,Mumbai,Desktop,0.6424991122960328,0,51.39992898368263,High,HIGH,PENDING_REVIEW,ALERT_0437
T102741,CUST7491,2023-10-10 04:15:00,20.43,Delhi,POS,0.7421986400782274,0,59.3758912062582,High,HIGH,PENDING_REVIEW,ALERT_0438
T102743,CUST8323,2023-10-20 21:25:00,12.14,Pune,Desktop,0.7480577583867621,1,79.84462067094097,Critical,CRITICAL,PENDING_REVIEW,ALERT_0439
T102745,CUST2490,2023-04-19 04:13:00,121.61,Kolkata,Mobile,0.8440421222023446,0,67.52336977618758,High,HIGH,PENDING_REVIEW,ALERT_0440
T102766,CUST9517,2023-05-29 01:58:00,60.34,Bengaluru,POS,0.6413652330364202,0,51.30921864291362,High,HIGH,PENDING_REVIEW,ALERT_0441
T102767,CUST4575,2023-11-27 00:34:00,22.15,Mumbai,Desktop,0.7212078306159193,0,57.69662644927355,High,HIGH,PENDING_REVIEW,ALERT_0442
T102777,CUST3120,2023-10-02 03:36:00,14.5,Chennai,Mobile,0.7174396528711118,0,57.395172229688946,High,HIGH,PENDING_REVIEW,ALERT_0443
T102781,CUST4170,2023-10-25 04:08:00,148.45,Delhi,POS,0.6399997025117028,0,51.19997620093623,High,HIGH,PENDING_REVIEW,ALERT_0444
T102782,CUST1020,2023-09-11 02:42:00,317.88,Pune,Mobile,0.6277815766594775,0,50.222526132758205,High,HIGH,PENDING_REVIEW,ALERT_0445
T102783,CUST3519,2023-03-03 00:05:00,126.06,Kolkata,Desktop,0.8201465750102435,1,85.61172600081947,Critical,CRITICAL,PENDING_REVIEW,ALERT_0446
T102784,CUST9399,2023-11-14 16:41:00,153.81,Hyderabad,Desktop,0.5148940127330192,1,61.19152101864154,High,HIGH,PENDING_REVIEW,ALERT_0447
T102786,CUST5783,2023-12-29 04:21:00,258.77,Kolkata,Mobile,0.6968606692821895,0,55.74885354257516,High,HIGH,PENDING_REVIEW,ALERT_0448
T102789,CUST5669,2023-10-11 17:49:00,421.03,Hyderabad,Desktop,0.5643188879122332,1,65.14551103297865,High,HIGH,PENDING_REVIEW,ALERT_0449
T102790,CUST4041,2023-01-03 02:52:00,99.51,Kolkata,POS,0.6498708067059462,0,51.9896645364757,High,HIGH,PENDING_REVIEW,ALERT_0450
T102792,CUST3406,2023-09-30 03:57:00,67.43,Delhi,Mobile,0.5200466720019515,1,61.603733760156125,High,HIGH,PENDING_REVIEW,ALERT_0451
T102803,CUST6903,2023-03-18 00:05:00,257.78,Hyderabad,Desktop,0.6808817177187655,0,54.47053741750124,High,HIGH,PENDING_REVIEW,ALERT_0452
T102806,CUST8752,2023-05-28 06:36:00,113.28,Bengaluru,Mobile,0.5771536325688958,1,66.17229060551168,High,HIGH,PENDING_REVIEW,ALERT_0453
T102807,CUST4743,2023-06-27 00:23:00,14.11,Pune,POS,0.6682965881938694,0,53.46372705550955,High,HIGH,PENDING_REVIEW,ALERT_0454
T102812,CUST7222,2023-08-13 09:42:00,87.87,Hyderabad,Desktop,0.7401018864370608,0,59.20815091496486,High,HIGH,PENDING_REVIEW,ALERT_0455
T102813,CUST7677,2023-03-14 00:59:00,14.21,Chennai,Desktop,0.633418846325588,0,50.67350770604704,High,HIGH,PENDING_REVIEW,ALERT_0456
T102814,CUST2028,2023-01-19 03:56:00,66.61,Kolkata,POS,0.6267462749024808,0,50.13970199219847,High,HIGH,PENDING_REVIEW,ALERT_0457
T102819,CUST2128,2023-10-20 04:24:00,35.33,Hyderabad,Mobile,0.6296431480759188,0,50.37145184607351,High,HIGH,PENDING_REVIEW,ALERT_0458
T102820,CUST2613,2023-10-12 16:02:00,208.51,Delhi,POS,0.5879722989832606,1,67.03778391866086,High,HIGH,PENDING_REVIEW,ALERT_0459
T102821,CUST1785,2023-07-19 19:41:00,20.77,Hyderabad,Mobile,0.5307217777153217,1,62.457742217225736,High,HIGH,PENDING_REVIEW,ALERT_0460
T102822,CUST4255,2023-10-15 13:59:00,80.49,Pune,Desktop,0.7778283513897064,0,62.226268111176516,High,HIGH,PENDING_REVIEW,ALERT_0461
T102830,CUST7393,2023-04-05 04:06:00,52.45,Pune,POS,0.6795936880135527,0,54.36749504108422,High,HIGH,PENDING_REVIEW,ALERT_0462
T102835,CUST5185,2023-10-17 00:35:00,201.59,Chennai,Desktop,0.6580558750101497,0,52.64447000081198,High,HIGH,PENDING_REVIEW,ALERT_0463
T102836,CUST6917,2024-01-07 01:31:00,399.92,Hyderabad,POS,0.8394352820845998,1,87.15482256676799,Critical,CRITICAL,PENDING_REVIEW,ALERT_0464
T102838,CUST1045,2023-01-12 05:43:00,114.51,Bengaluru,POS,0.6466197075977546,0,51.72957660782037,High,HIGH,PENDING_REVIEW,ALERT_0465
T102840,CUST1928,2023-06-22 04:10:00,39.87,Pune,POS,0.6415457246319631,0,51.32365797055706,High,HIGH,PENDING_REVIEW,ALERT_0466
T102854,CUST5690,2023-11-13 03:14:00,8.59,Bengaluru,POS,0.6758066059741438,0,54.0645284779315,High,HIGH,PENDING_REVIEW,ALERT_0467
T102861,CUST4135,2023-11-10 00:32:00,26.56,Bengaluru,POS,0.6925810715394934,0,55.40648572315948,High,HIGH,PENDING_REVIEW,ALERT_0468
T102862,CUST8646,2023-03-26 01:05:00,240.4,Pune,Mobile,0.5900383378433464,1,67.20306702746771,High,HIGH,PENDING_REVIEW,ALERT_0469
T102868,CUST3642,2023-08-04 16:44:00,26.56,Delhi,Desktop,0.7447938354183247,0,59.583506833465975,High,HIGH,PENDING_REVIEW,ALERT_0470
T102870,CUST2017,2023-08-24 05:33:00,179.62,Delhi,Desktop,0.6881563023923813,0,55.05250419139051,High,HIGH,PENDING_REVIEW,ALERT_0471
T102873,CUST7832,2023-04-05 00:52:00,43.5,Bengaluru,Desktop,0.7014056402094404,0,56.11245121675523,High,HIGH,PENDING_REVIEW,ALERT_0472
T102883,CUST8283,2023-10-12 01:52:00,5.91,Mumbai,Mobile,0.6296105370644427,0,50.368842965155416,High,HIGH,PENDING_REVIEW,ALERT_0473
T102890,CUST4128,2024-02-12 03:55:00,32.3,Mumbai,Desktop,0.6315632634637126,0,50.52506107709701,High,HIGH,PENDING_REVIEW,ALERT_0474
T102893,CUST8585,2024-01-15 00:49:00,85.06,Kolkata,Mobile,0.8710216006760401,1,89.68172805408321,Critical,CRITICAL,PENDING_REVIEW,ALERT_0475
T102895,CUST2305,2023-03-11 00:33:00,166.92,Kolkata,POS,0.557671064569809,1,64.61368516558471,High,HIGH,PENDING_REVIEW,ALERT_0476
T102896,CUST6480,2023-08-26 05:56:00,61.96,Bengaluru,Desktop,0.8287208464895628,1,86.29766771916502,Critical,CRITICAL,PENDING_REVIEW,ALERT_0477
T102898,CUST7103,2024-02-10 04:53:00,44.3,Hyderabad,Mobile,0.6715723918137634,0,53.72579134510107,High,HIGH,PENDING_REVIEW,ALERT_0478
T102901,CUST6713,2024-02-04 01:27:00,116.04,Chennai,Desktop,0.700345583121463,0,56.02764664971704,High,HIGH,PENDING_REVIEW,ALERT_0479
T102902,CUST7140,2023-06-26 05:24:00,0.0,Chennai,Desktop,0.7044956952008419,0,56.35965561606735,High,HIGH,PENDING_REVIEW,ALERT_0480
T102905,CUST9240,2024-01-11 03:21:00,4.49,Kolkata,Desktop,0.6296357806583573,0,50.37086245266859,High,HIGH,PENDING_REVIEW,ALERT_0481
T102911,CUST3563,2023-07-28 09:05:00,0.12,Delhi,POS,0.45175347756886275,1,56.14027820550902,High,HIGH,PENDING_REVIEW,ALERT_0482
T102912,CUST3089,2024-01-17 00:33:00,104.55,Kolkata,POS,0.6355782496861724,0,50.8462599748938,High,HIGH,PENDING_REVIEW,ALERT_0483
T102916,CUST8751,2023-10-21 05:10:00,108.35,Hyderabad,Desktop,0.6664909446581534,0,53.31927557265227,High,HIGH,PENDING_REVIEW,ALERT_0484
T102920,CUST1411,2023-05-10 01:20:00,31.48,Bengaluru,POS,0.8679233941103601,1,89.43387152882882,Critical,CRITICAL,PENDING_REVIEW,ALERT_0485
T102921,CUST7798,2023-03-12 03:00:00,99.76,Kolkata,Mobile,0.8316403733130703,0,66.53122986504563,High,HIGH,PENDING_REVIEW,ALERT_0486
T102922,CUST6605,2023-10-15 17:08:00,135.77,Pune,POS,0.6175871243467744,1,69.40696994774196,High,HIGH,PENDING_REVIEW,ALERT_0487
T102923,CUST3840,2023-12-03 15:46:00,16.03,Kolkata,POS,0.7092726123546863,1,76.74180898837491,Critical,CRITICAL,PENDING_REVIEW,ALERT_0488
T102930,CUST3021,2023-08-16 12:29:00,71.45,Kolkata,POS,0.6845918099360739,0,54.767344794885915,High,HIGH,PENDING_REVIEW,ALERT_0489
T102931,CUST9237,2024-01-01 02:24:00,86.54,Chennai,Mobile,0.7179192758241166,0,57.43354206592933,High,HIGH,PENDING_REVIEW,ALERT_0490
T102937,CUST1343,2023-01-15 00:46:00,70.12,Hyderabad,POS,0.7404773958803991,1,79.23819167043192,Critical,CRITICAL,PENDING_REVIEW,ALERT_0491
T102958,CUST7519,2023-08-10 13:37:00,25.62,Hyderabad,Mobile,0.5581797500513408,1,64.65438000410727,High,HIGH,PENDING_REVIEW,ALERT_0492
T102979,CUST1935,2023-10-19 05:07:00,281.21,Kolkata,Desktop,0.5981231108471723,1,67.84984886777379,High,HIGH,PENDING_REVIEW,ALERT_0493
T102981,CUST6688,2024-01-02 05:33:00,21.43,Delhi,POS,0.6968671724230222,0,55.749373793841784,High,HIGH,PENDING_REVIEW,ALERT_0494
T102985,CUST2791,2023-10-14 21:08:00,272.99,Mumbai,Mobile,0.697453768698294,1,75.79630149586353,Critical,CRITICAL,PENDING_REVIEW,ALERT_0495
T102987,CUST9522,2024-02-10 10:03:00,56.22,Mumbai,Desktop,0.6466668574886012,0,51.733348599088096,High,HIGH,PENDING_REVIEW,ALERT_0496
T102992,CUST2905,2023-04-22 08:43:00,64.36,Kolkata,Desktop,0.6446241839568535,0,51.56993471654828,High,HIGH,PENDING_REVIEW,ALERT_0497
T102999,CUST1393,2024-01-27 06:17:00,164.09,Pune,POS,0.6309062778007131,1,70.47250222405705,High,HIGH,PENDING_REVIEW,ALERT_0498
T103012,CUST7050,2023-02-07 01:24:00,29.31,Bengaluru,POS,0.6649533416342185,0,53.19626733073748,High,HIGH,PENDING_REVIEW,ALERT_0499
T103016,CUST2532,2023-12-11 08:38:00,105.55,Delhi,Mobile,0.6629667465128618,1,73.03733972102896,High,HIGH,PENDING_REVIEW,ALERT_0500
T103022,CUST1943,2024-02-14 14:08:00,92.53,Pune,POS,0.7634059936458961,1,81.07247949167169,Critical,CRITICAL,PENDING_REVIEW,ALERT_0501
T103024,CUST7480,2023-12-17 06:14:00,4.66,Kolkata,Mobile,0.48938032253735536,1,59.15042580298843,High,HIGH,PENDING_REVIEW,ALERT_0502
T103026,CUST9485,2023-07-13 05:25:00,231.24,Delhi,Mobile,0.7747642626081068,0,61.98114100864855,High,HIGH,PENDING_REVIEW,ALERT_0503
T103037,CUST6024,2023-05-07 20:37:00,314.45,Kolkata,Mobile,0.5188168521020715,1,61.505348168165725,High,HIGH,PENDING_REVIEW,ALERT_0504
T103058,CUST3438,2023-03-02 05:37:00,6.29,Chennai,Desktop,0.7785476912908207,0,62.28381530326566,High,HIGH,PENDING_REVIEW,ALERT_0505
T103060,CUST9284,2023-09-20 02:14:00,28.22,Mumbai,Mobile,0.850026570117502,0,68.00212560940017,High,HIGH,PENDING_REVIEW,ALERT_0506
T103069,CUST7718,2023-10-12 05:12:00,90.17,Chennai,Mobile,0.8233506839448763,0,65.8680547155901,High,HIGH,PENDING_REVIEW,ALERT_0507
T103073,CUST1855,2023-05-20 19:08:00,25.3,Kolkata,Mobile,0.6413616396180796,0,51.30893116944637,High,HIGH,PENDING_REVIEW,ALERT_0508
T103084,CUST7042,2023-08-22 04:04:00,96.62,Chennai,Desktop,0.6522360022288436,0,52.17888017830749,High,HIGH,PENDING_REVIEW,ALERT_0509
T103090,CUST4342,2023-04-12 07:28:00,47.86,Mumbai,POS,0.6671249623216585,0,53.36999698573268,High,HIGH,PENDING_REVIEW,ALERT_0510
T103104,CUST8498,2023-10-26 04:08:00,23.95,Hyderabad,Desktop,0.6348777252913116,0,50.79021802330493,High,HIGH,PENDING_REVIEW,ALERT_0511
T103117,CUST7391,2023-08-20 04:01:00,1.11,Mumbai,POS,0.7243744793025313,0,57.94995834420251,High,HIGH,PENDING_REVIEW,ALERT_0512
T103132,CUST7870,2023-07-11 05:23:00,215.9,Kolkata,Mobile,0.6778900489152712,0,54.23120391322169,High,HIGH,PENDING_REVIEW,ALERT_0513
T103137,CUST1387,2023-07-09 13:08:00,107.13,Mumbai,Mobile,0.6431360190958437,0,51.450881527667505,High,HIGH,PENDING_REVIEW,ALERT_0514
T103138,CUST6965,2023-06-04 17:42:00,58.96,Delhi,POS,0.7219602405112144,0,57.75681924089716,High,HIGH,PENDING_REVIEW,ALERT_0515
T103142,CUST9910,2023-09-13 02:12:00,70.25,Kolkata,POS,0.7508633112179954,0,60.06906489743964,High,HIGH,PENDING_REVIEW,ALERT_0516
T103147,CUST5863,2024-01-30 23:53:00,87.84,Chennai,POS,0.6806956593764998,0,54.45565275011999,High,HIGH,PENDING_REVIEW,ALERT_0517
T103151,CUST3249,2024-02-01 00:13:00,22.84,Mumbai,Desktop,0.6343518413262261,0,50.74814730609809,High,HIGH,PENDING_REVIEW,ALERT_0518
T103157,CUST5527,2023-06-08 07:45:00,5.29,Hyderabad,Desktop,0.7427952121352962,0,59.4236169708237,High,HIGH,PENDING_REVIEW,ALERT_0519
T103164,CUST4087,2023-02-08 05:24:00,4.63,Kolkata,Desktop,0.6325324488689731,0,50.602595909517845,High,HIGH,PENDING_REVIEW,ALERT_0520
T103167,CUST2225,2023-06-22 00:26:00,8.91,Chennai,Desktop,0.67831600156476,0,54.2652801251808,High,HIGH,PENDING_REVIEW,ALERT_0521
T103170,CUST4130,2023-04-16 17:46:00,85.18,Kolkata,Desktop,0.5942641903798725,1,67.54113523038981,High,HIGH,PENDING_REVIEW,ALERT_0522
T103172,CUST7962,2024-01-11 03:02:00,13.9,Mumbai,POS,0.8548970134248008,0,68.39176107398407,High,HIGH,PENDING_REVIEW,ALERT_0523
T103180,CUST6311,2023-10-15 22:29:00,9.36,Bengaluru,POS,0.6637047778554289,0,53.096382228434315,High,HIGH,PENDING_REVIEW,ALERT_0524
T103185,CUST8574,2023-12-06 00:00:00,61.35,Pune,Mobile,0.6308454495478419,0,50.467635963827355,High,HIGH,PENDING_REVIEW,ALERT_0525
T103192,CUST9340,2024-01-08 01:27:00,244.29,Kolkata,Desktop,0.5493773329481936,1,63.95018663585549,High,HIGH,PENDING_REVIEW,ALERT_0526
T103201,CUST1618,2024-01-02 03:43:00,55.95,Kolkata,Mobile,0.684720926787244,0,54.77767414297953,High,HIGH,PENDING_REVIEW,ALERT_0527
T103202,CUST8147,2023-10-13 05:33:00,17.24,Hyderabad,Mobile,0.6272414692350021,0,50.17931753880018,High,HIGH,PENDING_REVIEW,ALERT_0528
T103205,CUST9184,2023-01-21 10:04:00,145.57,Pune,Desktop,0.49232299105574945,1,59.38583928445996,High,HIGH,PENDING_REVIEW,ALERT_0529
T103214,CUST4570,2024-01-22 01:10:00,20.87,Hyderabad,Desktop,0.7414188496908413,0,59.31350797526731,High,HIGH,PENDING_REVIEW,ALERT_0530
T103223,CUST9678,2023-07-11 05:01:00,1.55,Bengaluru,Mobile,0.6647330355426965,0,53.17864284341572,High,HIGH,PENDING_REVIEW,ALERT_0531
T103241,CUST1244,2023-06-10 05:07:00,44.82,Pune,POS,0.637687456219041,0,51.014996497523285,High,HIGH,PENDING_REVIEW,ALERT_0532
T103243,CUST2956,2023-08-24 03:50:00,95.37,Chennai,Desktop,0.651456648542216,0,52.11653188337728,High,HIGH,PENDING_REVIEW,ALERT_0533
T103244,CUST7857,2023-04-13 11:21:00,96.89,Pune,POS,0.6209702649588043,1,69.67762119670434,High,HIGH,PENDING_REVIEW,ALERT_0534
T103245,CUST7857,2023-12-15 04:21:00,15.07,Mumbai,Mobile,0.8277056226070889,0,66.2164498085671,High,HIGH,PENDING_REVIEW,ALERT_0535
T103246,CUST9156,2023-03-08 05:21:00,55.47,Hyderabad,Desktop,0.6401615976451545,0,51.21292781161236,High,HIGH,PENDING_REVIEW,ALERT_0536
T103249,CUST7079,2023-05-10 06:29:00,79.85,Bengaluru,Desktop,0.7712767507564752,0,61.70214006051802,High,HIGH,PENDING_REVIEW,ALERT_0537
T103256,CUST3376,2023-05-06 13:38:00,94.23,Pune,POS,0.6999034116591748,0,55.99227293273399,High,HIGH,PENDING_REVIEW,ALERT_0538
T103258,CUST6815,2023-07-01 20:03:00,39.79,Hyderabad,POS,0.6873481065240569,1,74.98784852192455,High,HIGH,PENDING_REVIEW,ALERT_0539
T103259,CUST9268,2023-02-05 03:52:00,180.82,Delhi,Mobile,0.7037138018570118,1,76.29710414856095,Critical,CRITICAL,PENDING_REVIEW,ALERT_0540
T103267,CUST4370,2023-10-17 02:23:00,65.8,Hyderabad,Desktop,0.7275540253754401,0,58.204322030035215,High,HIGH,PENDING_REVIEW,ALERT_0541
T103274,CUST1811,2023-01-16 07:03:00,144.69,Hyderabad,POS,0.5300957349422724,1,62.40765879538179,High,HIGH,PENDING_REVIEW,ALERT_0542
T103281,CUST9228,2023-07-14 04:08:00,16.21,Delhi,POS,0.657092738060234,0,52.56741904481873,High,HIGH,PENDING_REVIEW,ALERT_0543
T103292,CUST7305,2023-04-04 05:59:00,39.47,Pune,POS,0.758216165659157,0,60.65729325273256,High,HIGH,PENDING_REVIEW,ALERT_0544
T103293,CUST2536,2023-05-05 01:03:00,62.43,Mumbai,Desktop,0.7346170476578514,0,58.769363812628114,High,HIGH,PENDING_REVIEW,ALERT_0545
T103297,CUST4113,2024-01-12 04:02:00,6.16,Pune,Desktop,0.6445962025521906,0,51.567696204175256,High,HIGH,PENDING_REVIEW,ALERT_0546
T103298,CUST4301,2023-04-10 00:38:00,37.66,Mumbai,Mobile,0.649190372413106,0,51.93522979304848,High,HIGH,PENDING_REVIEW,ALERT_0547
T103299,CUST9797,2023-07-08 01:02:00,130.3,Hyderabad,Mobile,0.6511134106750103,1,72.08907285400082,High,HIGH,PENDING_REVIEW,ALERT_0548
T103300,CUST4765,2023-01-07 12:28:00,45.46,Hyderabad,Mobile,0.7194624745779528,0,57.556997966236224,High,HIGH,PENDING_REVIEW,ALERT_0549
T103301,CUST5200,2023-09-10 20:08:00,469.75,Chennai,POS,0.42055409038339364,1,53.64432723067149,High,HIGH,PENDING_REVIEW,ALERT_0550
T103307,CUST1466,2023-03-12 05:26:00,5.7,Kolkata,Desktop,0.6274482313995111,0,50.19585851196089,High,HIGH,PENDING_REVIEW,ALERT_0551
T103321,CUST4201,2023-10-11 03:03:00,5.5,Bengaluru,Mobile,0.6577414585876447,0,52.619316687011576,High,HIGH,PENDING_REVIEW,ALERT_0552
T103324,CUST2344,2023-12-24 11:26:00,121.85,Hyderabad,Desktop,0.38610956992638135,1,50.88876559411051,High,HIGH,PENDING_REVIEW,ALERT_0553
T103325,CUST4171,2023-06-13 03:49:00,111.46,Kolkata,POS,0.6286013682490127,0,50.28810945992102,High,HIGH,PENDING_REVIEW,ALERT_0554
T103328,CUST2472,2024-02-13 03:30:00,12.1,Mumbai,Mobile,0.6273467366890589,0,50.18773893512471,High,HIGH,PENDING_REVIEW,ALERT_0555
T103333,CUST8250,2023-03-03 04:26:00,17.35,Chennai,POS,0.6364343344466394,0,50.91474675573116,High,HIGH,PENDING_REVIEW,ALERT_0556
T103336,CUST6054,2023-11-13 14:41:00,191.08,Chennai,Desktop,0.7507085812607399,1,80.0566865008592,Critical,CRITICAL,PENDING_REVIEW,ALERT_0557
T103337,CUST5353,2023-06-22 04:49:00,113.74,Chennai,Desktop,0.718730136516399,0,57.49841092131193,High,HIGH,PENDING_REVIEW,ALERT_0558
T103342,CUST1166,2023-04-09 16:56:00,80.06,Bengaluru,POS,0.6850246655950177,1,74.80197324760141,High,HIGH,PENDING_REVIEW,ALERT_0559
T103344,CUST4379,2023-06-07 00:19:00,51.38,Delhi,Mobile,0.7036726937994218,0,56.29381550395374,High,HIGH,PENDING_REVIEW,ALERT_0560
T103349,CUST5869,2023-09-04 03:33:00,22.11,Chennai,Desktop,0.6469438772039983,0,51.755510176319866,High,HIGH,PENDING_REVIEW,ALERT_0561
T103350,CUST9083,2023-10-02 02:56:00,19.36,Delhi,Mobile,0.8563164973519374,1,88.50531978815499,Critical,CRITICAL,PENDING_REVIEW,ALERT_0562
T103355,CUST1581,2023-05-01 03:15:00,6.41,Kolkata,POS,0.7416580230287686,0,59.332641842301484,High,HIGH,PENDING_REVIEW,ALERT_0563
T103361,CUST3572,2024-01-08 05:34:00,25.39,Kolkata,POS,0.7679797861906447,0,61.43838289525158,High,HIGH,PENDING_REVIEW,ALERT_0564
T103366,CUST9796,2023-01-07 05:55:00,31.39,Delhi,Desktop,0.6471019011488933,0,51.76815209191147,High,HIGH,PENDING_REVIEW,ALERT_0565
T103374,CUST3886,2023-01-27 05:16:00,134.97,Hyderabad,Desktop,0.5067060296559432,1,60.53648237247546,High,HIGH,PENDING_REVIEW,ALERT_0566
T103377,CUST5108,2023-07-23 00:09:00,16.63,Mumbai,Desktop,0.8349114833980005,0,66.79291867184004,High,HIGH,PENDING_REVIEW,ALERT_0567
T103379,CUST6958,2024-01-08 02:29:00,96.04,Hyderabad,POS,0.7909644654200642,1,83.27715723360514,Critical,CRITICAL,PENDING_REVIEW,ALERT_0568
T103380,CUST7336,2023-05-13 06:56:00,36.75,Delhi,Mobile,0.684015350106291,1,74.72122800850329,High,HIGH,PENDING_REVIEW,ALERT_0569
T103403,CUST5638,2023-03-25 00:14:00,31.64,Kolkata,Desktop,0.6220869232233879,1,69.76695385787104,High,HIGH,PENDING_REVIEW,ALERT_0570
T103404,CUST1837,2023-11-15 02:48:00,110.32,Chennai,Desktop,0.7014515686258883,0,56.11612549007107,High,HIGH,PENDING_REVIEW,ALERT_0571
T103424,CUST2612,2024-01-13 05:41:00,145.18,Delhi,POS,0.808711183214676,1,84.69689465717408,Critical,CRITICAL,PENDING_REVIEW,ALERT_0572
T103425,CUST8528,2023-09-12 04:37:00,77.31,Mumbai,Mobile,0.7071306181777639,0,56.57044945422112,High,HIGH,PENDING_REVIEW,ALERT_0573
T103427,CUST2262,2023-03-09 01:40:00,78.38,Delhi,Desktop,0.6455960522188561,0,51.64768417750849,High,HIGH,PENDING_REVIEW,ALERT_0574
T103431,CUST2647,2023-12-03 04:24:00,374.04,Mumbai,Desktop,0.576458595369936,1,66.11668762959488,High,HIGH,PENDING_REVIEW,ALERT_0575
T103437,CUST8597,2023-02-15 04:46:00,72.68,Chennai,POS,0.6321273464631318,0,50.57018771705055,High,HIGH,PENDING_REVIEW,ALERT_0576
T103438,CUST3131,2023-01-01 02:16:00,210.69,Hyderabad,Desktop,0.550922574060254,1,64.07380592482033,High,HIGH,PENDING_REVIEW,ALERT_0577
T103442,CUST1230,2023-04-05 16:07:00,19.02,Bengaluru,Desktop,0.7520988809491921,0,60.16791047593537,High,HIGH,PENDING_REVIEW,ALERT_0578
T103445,CUST8849,2023-07-14 03:29:00,83.87,Bengaluru,POS,0.849987592912759,1,87.99900743302072,Critical,CRITICAL,PENDING_REVIEW,ALERT_0579
T103450,CUST7490,2024-01-10 01:24:00,48.52,Chennai,POS,0.7026477386328291,0,56.211819090626335,High,HIGH,PENDING_REVIEW,ALERT_0580
T103452,CUST2944,2023-08-09 15:26:00,90.54,Hyderabad,Mobile,0.6296193396411907,0,50.36954717129526,High,HIGH,PENDING_REVIEW,ALERT_0581
T103464,CUST6242,2023-12-12 22:54:00,15.81,Chennai,Mobile,0.6511891495115273,0,52.09513196092219,High,HIGH,PENDING_REVIEW,ALERT_0582
T103468,CUST5533,2023-12-19 22:51:00,145.3,Delhi,Desktop,0.5100669136621246,1,60.80535309296997,High,HIGH,PENDING_REVIEW,ALERT_0583
T103476,CUST1835,2024-02-01 05:12:00,259.37,Delhi,Mobile,0.6547189159124165,0,52.37751327299332,High,HIGH,PENDING_REVIEW,ALERT_0584
T103489,CUST4628,2023-07-12 00:00:00,44.04,Hyderabad,POS,0.6415966096904709,0,51.32772877523768,High,HIGH,PENDING_REVIEW,ALERT_0585
T103491,CUST1973,2023-12-14 05:29:00,74.68,Kolkata,Desktop,0.6566898561211356,0,52.53518848969085,High,HIGH,PENDING_REVIEW,ALERT_0586
T103495,CUST6680,2023-01-23 04:43:00,18.98,Bengaluru,Mobile,0.6473061824313457,0,51.78449459450766,High,HIGH,PENDING_REVIEW,ALERT_0587
T103501,CUST2246,2024-02-08 00:09:00,129.82,Hyderabad,POS,0.6824703182384133,1,74.59762545907307,High,HIGH,PENDING_REVIEW,ALERT_0588
T103511,CUST5100,2023-01-11 09:09:00,5.55,Mumbai,Mobile,0.7560832764992196,0,60.48666211993757,High,HIGH,PENDING_REVIEW,ALERT_0589
T103515,CUST3853,2023-05-10 05:49:00,222.4,Delhi,Desktop,0.6712165427189717,1,73.69732341751774,High,HIGH,PENDING_REVIEW,ALERT_0590
T103519,CUST4596,2023-07-11 05:35:00,18.94,Mumbai,Mobile,0.7561412593871673,0,60.49130075097338,High,HIGH,PENDING_REVIEW,ALERT_0591
T103526,CUST1717,2023-07-13 01:14:00,289.18,Bengaluru,Mobile,0.6262906888427815,0,50.10325510742252,High,HIGH,PENDING_REVIEW,ALERT_0592
T103529,CUST8031,2023-06-20 01:45:00,46.35,Pune,Desktop,0.6647262781176473,0,53.17810224941178,High,HIGH,PENDING_REVIEW,ALERT_0593
T103539,CUST1368,2023-07-24 11:58:00,5.17,Bengaluru,POS,0.7485623938087143,1,79.88499150469715,Critical,CRITICAL,PENDING_REVIEW,ALERT_0594
T103540,CUST8435,2023-01-04 08:53:00,18.91,Delhi,POS,0.6305768711159417,0,50.446149689275344,High,HIGH,PENDING_REVIEW,ALERT_0595
T103545,CUST1754,2024-01-28 05:30:00,13.47,Bengaluru,Desktop,0.7208572619316099,0,57.6685809545288,High,HIGH,PENDING_REVIEW,ALERT_0596
T103546,CUST5868,2023-08-11 01:31:00,6.91,Kolkata,POS,0.6387594971142598,0,51.10075976914079,High,HIGH,PENDING_REVIEW,ALERT_0597
T103547,CUST7906,2023-10-18 00:34:00,53.02,Kolkata,Desktop,0.6792957253655888,0,54.34365802924711,High,HIGH,PENDING_REVIEW,ALERT_0598
T103550,CUST4650,2023-11-09 03:58:00,130.29,Kolkata,Desktop,0.6439971879226815,0,51.51977503381452,High,HIGH,PENDING_REVIEW,ALERT_0599
T103553,CUST4622,2023-07-11 02:45:00,56.34,Delhi,Mobile,0.8596667004958803,0,68.77333603967043,High,HIGH,PENDING_REVIEW,ALERT_0600
T103556,CUST4287,2023-04-09 08:43:00,25.58,Hyderabad,Mobile,0.6542923964308094,1,72.34339171446476,High,HIGH,PENDING_REVIEW,ALERT_0601
T103562,CUST2028,2023-01-03 00:44:00,4.69,Kolkata,Desktop,0.8358250509728804,0,66.86600407783042,High,HIGH,PENDING_REVIEW,ALERT_0602
T103566,CUST4172,2023-12-09 02:59:00,68.32,Kolkata,POS,0.6754993362402055,0,54.039946899216446,High,HIGH,PENDING_REVIEW,ALERT_0603
T103579,CUST3587,2024-02-06 02:04:00,54.27,Delhi,Desktop,0.733705398969901,0,58.69643191759208,High,HIGH,PENDING_REVIEW,ALERT_0604
T103584,CUST5819,2023-06-13 20:12:00,41.78,Kolkata,POS,0.6625790959869226,0,53.0063276789538,High,HIGH,PENDING_REVIEW,ALERT_0605
T103592,CUST3045,2023-08-25 03:37:00,67.1,Bengaluru,POS,0.6485819218663722,0,51.88655374930978,High,HIGH,PENDING_REVIEW,ALERT_0606
T103595,CUST6100,2024-02-06 01:54:00,82.79,Mumbai,POS,0.6457467938934627,0,51.65974351147702,High,HIGH,PENDING_REVIEW,ALERT_0607
T103602,CUST6248,2023-06-16 10:22:00,16.39,Chennai,Desktop,0.6702165508566453,0,53.61732406853163,High,HIGH,PENDING_REVIEW,ALERT_0608
T103617,CUST2915,2024-01-31 09:15:00,149.21,Kolkata,POS,0.5969890597147516,1,67.75912477718012,High,HIGH,PENDING_REVIEW,ALERT_0609
T103618,CUST7200,2023-05-19 04:34:00,127.14,Chennai,Mobile,0.6468729913371446,0,51.74983930697157,High,HIGH,PENDING_REVIEW,ALERT_0610
T103632,CUST6267,2023-03-08 05:51:00,49.05,Bengaluru,POS,0.6448367663902563,0,51.58694131122051,High,HIGH,PENDING_REVIEW,ALERT_0611
T103641,CUST7604,2024-01-24 03:03:00,191.26,Bengaluru,POS,0.8453945163611796,0,67.63156130889438,High,HIGH,PENDING_REVIEW,ALERT_0612
T103642,CUST7797,2024-02-08 03:43:00,50.5,Delhi,Mobile,0.6968965411503752,0,55.75172329203002,High,HIGH,PENDING_REVIEW,ALERT_0613
T103644,CUST3984,2023-04-18 01:28:00,114.36,Bengaluru,Desktop,0.7024939821781204,0,56.19951857424964,High,HIGH,PENDING_REVIEW,ALERT_0614
T103646,CUST9150,2023-09-03 03:11:00,53.44,Bengaluru,Desktop,0.8502521452905605,1,88.02017162324483,Critical,CRITICAL,PENDING_REVIEW,ALERT_0615
T103649,CUST1529,2024-01-08 13:07:00,617.88,Bengaluru,POS,0.5054709654858386,1,60.43767723886709,High,HIGH,PENDING_REVIEW,ALERT_0616
T103661,CUST6636,2023-11-04 05:49:00,55.66,Bengaluru,Mobile,0.6876550685804722,0,55.01240548643778,High,HIGH,PENDING_REVIEW,ALERT_0617
T103666,CUST6655,2023-05-13 05:57:00,146.2,Chennai,Mobile,0.6411000799453774,0,51.28800639563019,High,HIGH,PENDING_REVIEW,ALERT_0618
T103667,CUST3610,2023-07-06 01:29:00,14.01,Kolkata,Mobile,0.6398301158282631,0,51.18640926626105,High,HIGH,PENDING_REVIEW,ALERT_0619
T103672,CUST7173,2023-04-12 01:05:00,103.16,Kolkata,Mobile,0.625649197759191,0,50.05193582073528,High,HIGH,PENDING_REVIEW,ALERT_0620
T103673,CUST4277,2023-04-27 01:07:00,9.47,Hyderabad,Mobile,0.8158371458075111,1,85.26697166460089,Critical,CRITICAL,PENDING_REVIEW,ALERT_0621
T103683,CUST1896,2023-05-23 05:34:00,21.63,Chennai,Desktop,0.6470278739766315,0,51.76222991813053,High,HIGH,PENDING_REVIEW,ALERT_0622
T103685,CUST8580,2023-07-26 05:48:00,66.74,Kolkata,POS,0.6329630849205238,0,50.6370467936419,High,HIGH,PENDING_REVIEW,ALERT_0623
T103686,CUST7547,2023-12-03 01:37:00,211.77,Delhi,Desktop,0.5943994530380309,1,67.55195624304247,High,HIGH,PENDING_REVIEW,ALERT_0624
T103699,CUST2590,2023-04-13 06:03:00,24.68,Pune,Desktop,0.7975798674884642,0,63.80638939907714,High,HIGH,PENDING_REVIEW,ALERT_0625
T103700,CUST7483,2023-11-01 00:16:00,75.63,Pune,POS,0.7106645893985071,0,56.85316715188057,High,HIGH,PENDING_REVIEW,ALERT_0626
T103702,CUST1700,2023-12-19 02:22:00,30.57,Bengaluru,Desktop,0.7339603540395082,0,58.716828323160655,High,HIGH,PENDING_REVIEW,ALERT_0627
T103703,CUST6069,2023-02-08 03:10:00,150.77,Chennai,POS,0.7960024468091629,0,63.680195744733034,High,HIGH,PENDING_REVIEW,ALERT_0628
T103711,CUST6502,2023-07-24 22:27:00,100.72,Delhi,POS,0.7447352913720171,1,79.57882330976136,Critical,CRITICAL,PENDING_REVIEW,ALERT_0629
T103714,CUST8238,2024-01-15 06:29:00,369.29,Hyderabad,Mobile,0.37982312390346323,1,50.38584991227706,High,HIGH,PENDING_REVIEW,ALERT_0630
T103718,CUST3610,2023-02-02 04:26:00,46.79,Hyderabad,Mobile,0.7069068245196624,0,56.552545961572996,High,HIGH,PENDING_REVIEW,ALERT_0631
T103722,CUST5253,2024-01-08 03:26:00,219.27,Chennai,Mobile,0.7282883092210544,0,58.26306473768435,High,HIGH,PENDING_REVIEW,ALERT_0632
T103724,CUST7904,2023-03-01 10:37:00,37.28,Pune,POS,0.7192238117800478,1,77.53790494240383,Critical,CRITICAL,PENDING_REVIEW,ALERT_0633
T103725,CUST3637,2024-02-18 02:46:00,211.19,Delhi,Mobile,0.5435645062031786,1,63.485160496254295,High,HIGH,PENDING_REVIEW,ALERT_0634
T103734,CUST6861,2023-09-04 01:14:00,22.66,Pune,POS,0.7083910945226293,0,56.671287561810345,High,HIGH,PENDING_REVIEW,ALERT_0635
T103739,CUST4487,2023-07-18 01:02:00,69.0,Hyderabad,Desktop,0.662896344128632,0,53.03170753029056,High,HIGH,PENDING_REVIEW,ALERT_0636
T103767,CUST3967,2023-10-23 11:59:00,45.51,Kolkata,Desktop,0.7469982637472793,0,59.75986109978235,High,HIGH,PENDING_REVIEW,ALERT_0637
T103770,CUST8255,2023-05-31 03:26:00,63.3,Kolkata,Mobile,0.6884887129589443,0,55.079097036715545,High,HIGH,PENDING_REVIEW,ALERT_0638
T103779,CUST7470,2023-01-04 00:49:00,182.93,Hyderabad,Desktop,0.725885101449475,1,78.07080811595802,Critical,CRITICAL,PENDING_REVIEW,ALERT_0639
T103790,CUST8364,2023-07-28 00:07:00,19.33,Mumbai,Desktop,0.7116447686683521,0,56.93158149346817,High,HIGH,PENDING_REVIEW,ALERT_0640
T103791,CUST2114,2023-12-21 12:17:00,5.57,Pune,Desktop,0.7620976342833606,0,60.96781074266885,High,HIGH,PENDING_REVIEW,ALERT_0641
T103808,CUST7880,2024-02-13 05:06:00,4.13,Pune,Desktop,0.6729546891527959,0,53.83637513222367,High,HIGH,PENDING_REVIEW,ALERT_0642
T103811,CUST9098,2023-05-25 02:45:00,48.99,Delhi,Desktop,0.6480387051969744,0,51.843096415757955,High,HIGH,PENDING_REVIEW,ALERT_0643
T103815,CUST5390,2023-05-01 21:15:00,68.95,Mumbai,Desktop,0.5162732872859854,1,61.30186298287884,High,HIGH,PENDING_REVIEW,ALERT_0644
T103818,CUST3091,2023-03-06 00:55:00,137.49,Chennai,Mobile,0.7242726805511404,0,57.941814444091236,High,HIGH,PENDING_REVIEW,ALERT_0645
T103824,CUST6832,2023-12-15 00:31:00,18.76,Delhi,Mobile,0.7318825096771369,0,58.55060077417095,High,HIGH,PENDING_REVIEW,ALERT_0646
T103825,CUST8058,2023-02-13 05:13:00,7.08,Kolkata,Mobile,0.6322243685683123,0,50.577949485464984,High,HIGH,PENDING_REVIEW,ALERT_0647
T103826,CUST8262,2023-07-05 05:05:00,50.29,Hyderabad,POS,0.7009864439413768,0,56.07891551531014,High,HIGH,PENDING_REVIEW,ALERT_0648
T103834,CUST3647,2024-01-03 00:03:00,49.17,Pune,Mobile,0.6489127513093336,0,51.913020104746685,High,HIGH,PENDING_REVIEW,ALERT_0649
T103839,CUST1168,2023-05-21 05:31:00,92.13,Bengaluru,Desktop,0.6758055597530743,1,74.06444478024595,High,HIGH,PENDING_REVIEW,ALERT_0650
T103859,CUST7942,2023-11-21 04:41:00,143.49,Hyderabad,POS,0.6407337693134739,0,51.25870154507792,High,HIGH,PENDING_REVIEW,ALERT_0651
T103868,CUST5340,2023-03-20 01:57:00,85.87,Delhi,Desktop,0.8575334828008738,1,88.60267862406991,Critical,CRITICAL,PENDING_REVIEW,ALERT_0652
T103871,CUST7298,2023-04-27 02:04:00,16.05,Chennai,Desktop,0.6515478763356234,0,52.12383010684987,High,HIGH,PENDING_REVIEW,ALERT_0653
T103872,CUST1321,2023-03-12 01:45:00,13.65,Mumbai,Mobile,0.6841036445508439,0,54.72829156406752,High,HIGH,PENDING_REVIEW,ALERT_0654
T103874,CUST8246,2023-10-20 05:09:00,3.43,Kolkata,Mobile,0.8110632137151434,1,84.88505709721147,Critical,CRITICAL,PENDING_REVIEW,ALERT_0655
T103891,CUST2550,2023-03-14 04:06:00,60.62,Pune,Desktop,0.846484745364254,0,67.71877962914031,High,HIGH,PENDING_REVIEW,ALERT_0656
T103894,CUST9628,2024-01-29 05:55:00,105.19,Delhi,Desktop,0.7660670657024587,1,81.28536525619671,Critical,CRITICAL,PENDING_REVIEW,ALERT_0657
T103898,CUST2282,2023-06-19 02:12:00,62.17,Mumbai,POS,0.6251134138660851,0,50.00907310928681,High,HIGH,PENDING_REVIEW,ALERT_0658
T103906,CUST4944,2023-12-13 02:09:00,57.74,Chennai,Desktop,0.7150684886463594,0,57.20547909170875,High,HIGH,PENDING_REVIEW,ALERT_0659
T103921,CUST9764,2023-06-13 01:14:00,40.89,Hyderabad,POS,0.6466449148145368,0,51.73159318516295,High,HIGH,PENDING_REVIEW,ALERT_0660
T103929,CUST9819,2023-01-29 00:18:00,10.26,Chennai,Mobile,0.6851967894124743,1,74.81574315299795,High,HIGH,PENDING_REVIEW,ALERT_0661
T103939,CUST9348,2023-02-17 21:55:00,43.32,Mumbai,Desktop,0.668686868866563,0,53.494949509325046,High,HIGH,PENDING_REVIEW,ALERT_0662
T103941,CUST4544,2023-12-24 03:05:00,182.59,Delhi,Desktop,0.6715345600980177,1,73.72276480784143,High,HIGH,PENDING_REVIEW,ALERT_0663
T103942,CUST6392,2023-10-10 23:26:00,7.03,Mumbai,Desktop,0.5008617632939875,1,60.068941063519,High,HIGH,PENDING_REVIEW,ALERT_0664
T103947,CUST7752,2023-03-29 00:11:00,73.79,Delhi,Desktop,0.6690980538933868,0,53.52784431147095,High,HIGH,PENDING_REVIEW,ALERT_0665
T103952,CUST2610,2023-11-10 08:20:00,294.13,Kolkata,Desktop,0.519079752349295,1,61.5263801879436,High,HIGH,PENDING_REVIEW,ALERT_0666
T103960,CUST7729,2023-11-10 13:57:00,68.26,Bengaluru,POS,0.5582810757490551,1,64.6624860599244,High,HIGH,PENDING_REVIEW,ALERT_0667
T103981,CUST2072,2023-06-16 21:43:00,131.05,Bengaluru,POS,0.7110678972677527,1,76.88543178142021,Critical,CRITICAL,PENDING_REVIEW,ALERT_0668
T103984,CUST4115,2023-09-24 17:54:00,136.0,Chennai,POS,0.5042678479705687,1,60.3414278376455,High,HIGH,PENDING_REVIEW,ALERT_0669
T103987,CUST2037,2024-01-20 00:45:00,47.84,Mumbai,POS,0.7217002901630609,0,57.736023213044874,High,HIGH,PENDING_REVIEW,ALERT_0670
T103993,CUST4020,2023-03-09 01:57:00,4.21,Kolkata,Mobile,0.759552495142865,0,60.764199611429206,High,HIGH,PENDING_REVIEW,ALERT_0671
T103995,CUST7204,2023-04-18 16:38:00,46.69,Bengaluru,Mobile,0.5859094921084603,1,66.87275936867684,High,HIGH,PENDING_REVIEW,ALERT_0672
T104005,CUST8907,2023-10-01 06:15:00,24.98,Kolkata,Desktop,0.604811467009556,1,68.38491736076449,High,HIGH,PENDING_REVIEW,ALERT_0673
T104013,CUST1598,2023-08-29 01:51:00,17.2,Chennai,POS,0.6722097129626029,0,53.77677703700823,High,HIGH,PENDING_REVIEW,ALERT_0674
T104015,CUST8330,2023-12-30 02:50:00,24.07,Chennai,Desktop,0.6716488848834891,0,53.73191079067913,High,HIGH,PENDING_REVIEW,ALERT_0675
T104027,CUST2253,2023-01-17 08:44:00,13.6,Mumbai,POS,0.7065631123501036,1,76.5250489880083,Critical,CRITICAL,PENDING_REVIEW,ALERT_0676
T104036,CUST2240,2023-07-22 03:17:00,302.76,Hyderabad,Mobile,0.6135418166795059,1,69.08334533436047,High,HIGH,PENDING_REVIEW,ALERT_0677
T104038,CUST6280,2023-11-06 02:05:00,86.17,Bengaluru,Mobile,0.7110001454147726,0,56.880011633181816,High,HIGH,PENDING_REVIEW,ALERT_0678
T104039,CUST5186,2023-01-13 07:56:00,68.98,Delhi,Desktop,0.7436608475575055,0,59.49286780460044,High,HIGH,PENDING_REVIEW,ALERT_0679
T104054,CUST6850,2023-10-25 01:55:00,120.95,Delhi,POS,0.8072397770116622,1,84.57918216093297,Critical,CRITICAL,PENDING_REVIEW,ALERT_0680
T104059,CUST3683,2023-06-23 01:18:00,385.89,Mumbai,POS,0.7917710706931622,0,63.34168565545298,High,HIGH,PENDING_REVIEW,ALERT_0681
T104060,CUST2893,2023-10-31 01:32:00,27.86,Delhi,Desktop,0.824087592192752,1,85.92700737542016,Critical,CRITICAL,PENDING_REVIEW,ALERT_0682
T104062,CUST6075,2023-09-04 01:45:00,115.98,Delhi,Desktop,0.62887736466963,0,50.3101891735704,High,HIGH,PENDING_REVIEW,ALERT_0683
T104063,CUST6434,2023-12-08 03:52:00,23.34,Pune,Mobile,0.729494937085732,0,58.359594966858566,High,HIGH,PENDING_REVIEW,ALERT_0684
T104065,CUST7221,2023-07-06 05:56:00,8.68,Bengaluru,Desktop,0.8562868419248915,0,68.50294735399132,High,HIGH,PENDING_REVIEW,ALERT_0685
T104069,CUST6299,2023-02-24 00:18:00,150.13,Bengaluru,Desktop,0.46119764855677414,1,56.895811884541935,High,HIGH,PENDING_REVIEW,ALERT_0686
T104070,CUST5504,2023-10-10 23:58:00,31.36,Delhi,POS,0.6597459456044512,1,72.7796756483561,High,HIGH,PENDING_REVIEW,ALERT_0687
T104073,CUST8398,2023-11-04 04:24:00,73.94,Kolkata,POS,0.6846657506571315,0,54.77326005257053,High,HIGH,PENDING_REVIEW,ALERT_0688
T104076,CUST7145,2023-03-04 14:23:00,44.84,Pune,Mobile,0.5984641244588008,1,67.87712995670407,High,HIGH,PENDING_REVIEW,ALERT_0689
T104077,CUST6712,2024-02-04 20:42:00,25.83,Chennai,POS,0.5796122014839828,1,66.36897611871862,High,HIGH,PENDING_REVIEW,ALERT_0690
T104078,CUST4469,2023-05-25 04:55:00,117.08,Chennai,Mobile,0.6479657798225827,0,51.83726238580662,High,HIGH,PENDING_REVIEW,ALERT_0691
T104086,CUST6441,2023-10-08 05:26:00,11.23,Pune,POS,0.6759440590160625,0,54.07552472128501,High,HIGH,PENDING_REVIEW,ALERT_0692
T104089,CUST8760,2023-06-15 03:00:00,3.68,Delhi,Mobile,0.6701205821358773,0,53.60964657087019,High,HIGH,PENDING_REVIEW,ALERT_0693
T104091,CUST6769,2023-07-19 11:21:00,33.4,Hyderabad,Desktop,0.6279338658564371,0,50.23470926851497,High,HIGH,PENDING_REVIEW,ALERT_0694
T104092,CUST2155,2023-09-10 03:58:00,52.09,Kolkata,Desktop,0.6273889948343345,0,50.191119586746765,High,HIGH,PENDING_REVIEW,ALERT_0695
T104101,CUST9413,2024-02-06 03:22:00,44.47,Delhi,POS,0.6425445740715899,0,51.4035659257272,High,HIGH,PENDING_REVIEW,ALERT_0696
T104103,CUST4492,2023-01-25 04:24:00,15.36,Bengaluru,POS,0.6716218227390752,0,53.729745819126016,High,HIGH,PENDING_REVIEW,ALERT_0697
T104108,CUST8718,2024-02-13 04:36:00,176.86,Hyderabad,Mobile,0.7109026700619107,0,56.87221360495286,High,HIGH,PENDING_REVIEW,ALERT_0698
T104110,CUST1205,2023-03-03 02:02:00,66.39,Chennai,POS,0.6410510718198141,0,51.28408574558513,High,HIGH,PENDING_REVIEW,ALERT_0699
T104112,CUST1165,2023-09-28 23:48:00,5.75,Kolkata,Desktop,0.7447504443139293,0,59.58003554511435,High,HIGH,PENDING_REVIEW,ALERT_0700
T104113,CUST1601,2023-01-26 05:57:00,7.53,Chennai,Mobile,0.8411800440071996,1,87.29440352057597,Critical,CRITICAL,PENDING_REVIEW,ALERT_0701
T104118,CUST2737,2023-06-09 00:24:00,12.37,Delhi,POS,0.6825772761475188,0,54.606182091801514,High,HIGH,PENDING_REVIEW,ALERT_0702
T104129,CUST6405,2023-04-30 19:37:00,0.09,Hyderabad,POS,0.4675865617280531,1,57.40692493824425,High,HIGH,PENDING_REVIEW,ALERT_0703
T104148,CUST7807,2023-09-23 00:21:00,104.43,Kolkata,POS,0.5575269336898753,1,64.60215469519002,High,HIGH,PENDING_REVIEW,ALERT_0704
T104157,CUST9893,2023-08-19 09:12:00,152.39,Delhi,Mobile,0.528968820908507,1,62.31750567268057,High,HIGH,PENDING_REVIEW,ALERT_0705
T104159,CUST6885,2023-01-01 05:46:00,66.73,Hyderabad,Desktop,0.6858444938269436,1,74.86755950615549,High,HIGH,PENDING_REVIEW,ALERT_0706
T104172,CUST9700,2023-01-17 05:26:00,46.97,Kolkata,Desktop,0.8578885095080376,0,68.63108076064302,High,HIGH,PENDING_REVIEW,ALERT_0707
T104176,CUST3689,2023-10-04 18:30:00,69.92,Kolkata,Mobile,0.7617878227561843,0,60.943025820494746,High,HIGH,PENDING_REVIEW,ALERT_0708
T104180,CUST4831,2023-03-24 00:12:00,41.23,Chennai,POS,0.6436575291337402,0,51.49260233069922,High,HIGH,PENDING_REVIEW,ALERT_0709
T104182,CUST5820,2023-08-16 01:30:00,91.7,Mumbai,POS,0.6807392829430613,0,54.459142635444906,High,HIGH,PENDING_REVIEW,ALERT_0710
T104184,CUST3528,2023-05-28 08:29:00,11.44,Mumbai,POS,0.5680308637375792,1,65.44246909900633,High,HIGH,PENDING_REVIEW,ALERT_0711
T104186,CUST3776,2024-01-30 10:53:00,10.99,Bengaluru,POS,0.6152503517082581,1,69.22002813666066,High,HIGH,PENDING_REVIEW,ALERT_0712
T104206,CUST8613,2023-03-11 02:44:00,70.47,Delhi,POS,0.5093418136223292,1,60.747345089786336,High,HIGH,PENDING_REVIEW,ALERT_0713
T104211,CUST6048,2023-12-11 12:11:00,70.47,Hyderabad,Desktop,0.778980404860479,0,62.318432388838325,High,HIGH,PENDING_REVIEW,ALERT_0714
T104225,CUST3581,2023-05-17 01:26:00,104.81,Chennai,Desktop,0.640474472965151,0,51.237957837212086,High,HIGH,PENDING_REVIEW,ALERT_0715
T104230,CUST9582,2023-10-29 04:57:00,96.78,Delhi,Desktop,0.6487551433048787,0,51.9004114643903,High,HIGH,PENDING_REVIEW,ALERT_0716
T104240,CUST7515,2023-10-20 14:58:00,90.08,Kolkata,POS,0.6743076251612482,0,53.94461001289986,High,HIGH,PENDING_REVIEW,ALERT_0717
T104243,CUST4686,2023-01-22 02:51:00,48.44,Bengaluru,Desktop,0.4504713258792952,1,56.037706070343624,High,HIGH,PENDING_REVIEW,ALERT_0718
T104253,CUST6704,2023-10-05 01:24:00,56.41,Mumbai,POS,0.7953230234170796,1,83.62584187336637,Critical,CRITICAL,PENDING_REVIEW,ALERT_0719
T104254,CUST1395,2023-07-04 00:55:00,14.13,Delhi,Desktop,0.625037385499817,0,50.002990839985365,High,HIGH,PENDING_REVIEW,ALERT_0720
T104256,CUST5301,2023-05-24 02:26:00,487.72,Kolkata,Desktop,0.7700879185657874,1,81.607033485263,Critical,CRITICAL,PENDING_REVIEW,ALERT_0721
T104257,CUST2243,2023-08-22 05:20:00,48.08,Kolkata,Desktop,0.7133518482988706,0,57.068147863909644,High,HIGH,PENDING_REVIEW,ALERT_0722
T104259,CUST4650,2023-09-16 00:07:00,40.96,Bengaluru,Desktop,0.6995264989732318,1,75.96211991785856,Critical,CRITICAL,PENDING_REVIEW,ALERT_0723
T104266,CUST8777,2023-01-19 08:02:00,83.58,Mumbai,Desktop,0.78238008221927,1,82.59040657754161,Critical,CRITICAL,PENDING_REVIEW,ALERT_0724
T104269,CUST3136,2023-01-30 01:19:00,225.75,Mumbai,POS,0.822504503270327,1,85.80036026162615,Critical,CRITICAL,PENDING_REVIEW,ALERT_0725
T104270,CUST3909,2023-11-28 03:05:00,83.7,Hyderabad,Desktop,0.6265207425733559,0,50.12165940586847,High,HIGH,PENDING_REVIEW,ALERT_0726
T104272,CUST2525,2023-10-26 10:06:00,13.14,Kolkata,POS,0.6359572323715402,1,70.87657858972322,High,HIGH,PENDING_REVIEW,ALERT_0727
T104276,CUST2107,2023-03-06 02:56:00,41.06,Pune,Mobile,0.6341413220711342,0,50.731305765690735,High,HIGH,PENDING_REVIEW,ALERT_0728
T104281,CUST6368,2023-04-04 03:08:00,106.05,Kolkata,POS,0.6530688334542917,0,52.24550667634334,High,HIGH,PENDING_REVIEW,ALERT_0729
T104283,CUST5421,2023-03-03 04:37:00,4.83,Delhi,POS,0.7675900595606078,0,61.40720476484862,High,HIGH,PENDING_REVIEW,ALERT_0730
T104286,CUST7059,2023-08-11 18:26:00,164.4,Delhi,POS,0.3938209528621702,1,51.50567622897362,High,HIGH,PENDING_REVIEW,ALERT_0731
T104301,CUST8240,2023-04-06 04:12:00,224.5,Delhi,Mobile,0.7060231320825645,0,56.48185056660516,High,HIGH,PENDING_REVIEW,ALERT_0732
T104302,CUST4954,2023-08-27 05:59:00,112.56,Chennai,POS,0.7317955715977215,1,78.54364572781772,Critical,CRITICAL,PENDING_REVIEW,ALERT_0733
T104304,CUST2864,2023-08-13 00:46:00,141.03,Hyderabad,Desktop,0.8342469352414823,0,66.73975481931858,High,HIGH,PENDING_REVIEW,ALERT_0734
T104308,CUST1148,2023-05-03 05:57:00,141.13,Hyderabad,POS,0.6350443863685326,0,50.80355090948261,High,HIGH,PENDING_REVIEW,ALERT_0735
T104320,CUST2428,2024-02-12 02:06:00,69.52,Chennai,Desktop,0.7495315233327973,1,79.96252186662379,Critical,CRITICAL,PENDING_REVIEW,ALERT_0736
T104323,CUST1452,2023-12-12 01:30:00,52.51,Hyderabad,POS,0.8368933635806005,0,66.95146908644804,High,HIGH,PENDING_REVIEW,ALERT_0737
T104327,CUST8365,2023-05-17 22:47:00,323.74,Hyderabad,Mobile,0.6666387294656907,0,53.33109835725526,High,HIGH,PENDING_REVIEW,ALERT_0738
T104329,CUST2781,2023-05-03 04:34:00,134.73,Pune,Desktop,0.6893777501416973,0,55.15022001133579,High,HIGH,PENDING_REVIEW,ALERT_0739
T104330,CUST8180,2023-09-08 04:03:00,26.32,Kolkata,POS,0.6701822337788812,0,53.614578702310496,High,HIGH,PENDING_REVIEW,ALERT_0740
T104362,CUST3541,2023-09-06 15:56:00,115.41,Pune,Mobile,0.673325121667484,0,53.86600973339873,High,HIGH,PENDING_REVIEW,ALERT_0741
T104368,CUST3862,2024-01-05 01:52:00,14.27,Mumbai,POS,0.743078608012185,0,59.4462886409748,High,HIGH,PENDING_REVIEW,ALERT_0742
T104377,CUST9887,2023-10-18 00:35:00,146.18,Mumbai,Mobile,0.6631732130268473,0,53.05385704214779,High,HIGH,PENDING_REVIEW,ALERT_0743
T104387,CUST6778,2023-12-03 02:28:00,3.99,Mumbai,POS,0.7113612302340804,0,56.90889841872643,High,HIGH,PENDING_REVIEW,ALERT_0744
T104388,CUST1280,2024-02-05 00:44:00,8.25,Pune,POS,0.6984481042310429,0,55.875848338483436,High,HIGH,PENDING_REVIEW,ALERT_0745
T104405,CUST8493,2023-02-28 11:21:00,92.24,Chennai,Desktop,0.7180837678226696,1,77.44670142581357,Critical,CRITICAL,PENDING_REVIEW,ALERT_0746
T104406,CUST3185,2023-03-02 05:26:00,238.04,Pune,Mobile,0.7473007734861167,1,79.78406187888933,Critical,CRITICAL,PENDING_REVIEW,ALERT_0747
T104408,CUST2893,2023-02-28 02:07:00,38.52,Chennai,Mobile,0.8184857959413698,0,65.47886367530958,High,HIGH,PENDING_REVIEW,ALERT_0748
T104409,CUST4905,2023-11-09 01:23:00,64.73,Mumbai,POS,0.7461295569639878,0,59.69036455711902,High,HIGH,PENDING_REVIEW,ALERT_0749
T104412,CUST1335,2023-01-17 05:47:00,88.8,Delhi,POS,0.8620192198802238,0,68.9615375904179,High,HIGH,PENDING_REVIEW,ALERT_0750
T104413,CUST2597,2023-03-05 00:48:00,82.14,Mumbai,Desktop,0.6905162863843156,0,55.241302910745254,High,HIGH,PENDING_REVIEW,ALERT_0751
T104416,CUST1665,2023-08-26 18:10:00,42.95,Hyderabad,Mobile,0.5476961896122234,1,63.815695168977875,High,HIGH,PENDING_REVIEW,ALERT_0752
T104417,CUST9449,2023-10-20 04:06:00,1.94,Chennai,Mobile,0.6319801947229056,0,50.55841557783245,High,HIGH,PENDING_REVIEW,ALERT_0753
T104419,CUST1701,2023-07-06 01:04:00,15.59,Chennai,POS,0.6565844006170256,0,52.52675204936205,High,HIGH,PENDING_REVIEW,ALERT_0754
T104421,CUST6916,2023-07-13 04:06:00,251.21,Hyderabad,POS,0.8265728937399716,1,86.12583149919773,Critical,CRITICAL,PENDING_REVIEW,ALERT_0755
T104423,CUST3692,2023-02-14 00:27:00,104.35,Chennai,Mobile,0.8108793794535744,1,84.87035035628595,Critical,CRITICAL,PENDING_REVIEW,ALERT_0756
T104437,CUST5300,2023-12-27 02:46:00,122.02,Mumbai,Desktop,0.6312133107547608,0,50.497064860380874,High,HIGH,PENDING_REVIEW,ALERT_0757
T104438,CUST9452,2023-08-20 02:15:00,391.58,Chennai,POS,0.6714546623756332,1,73.71637299005067,High,HIGH,PENDING_REVIEW,ALERT_0758
T104444,CUST9656,2023-09-21 04:52:00,42.17,Hyderabad,Mobile,0.6251270346643597,0,50.01016277314878,High,HIGH,PENDING_REVIEW,ALERT_0759
T104446,CUST6535,2023-06-18 01:14:00,15.96,Pune,Desktop,0.7278355859509205,1,78.22684687607364,Critical,CRITICAL,PENDING_REVIEW,ALERT_0760
T104448,CUST6763,2023-01-27 01:59:00,32.54,Mumbai,Desktop,0.7142827604015081,1,77.14262083212066,Critical,CRITICAL,PENDING_REVIEW,ALERT_0761
T104456,CUST3198,2023-11-03 04:19:00,94.23,Hyderabad,Desktop,0.6322614945887406,0,50.58091956709925,High,HIGH,PENDING_REVIEW,ALERT_0762
T104458,CUST6465,2023-03-02 05:22:00,43.0,Kolkata,Desktop,0.6532662816834828,0,52.26130253467863,High,HIGH,PENDING_REVIEW,ALERT_0763
T104459,CUST7764,2023-11-23 07:00:00,63.63,Mumbai,Desktop,0.600586836684268,1,68.04694693474144,High,HIGH,PENDING_REVIEW,ALERT_0764
T104474,CUST7098,2023-04-20 06:19:00,88.5,Mumbai,Mobile,0.7398982819655445,0,59.19186255724357,High,HIGH,PENDING_REVIEW,ALERT_0765
T104477,CUST2905,2023-10-05 05:21:00,35.43,Pune,Desktop,0.6921728590371924,0,55.3738287229754,High,HIGH,PENDING_REVIEW,ALERT_0766
T104479,CUST6579,2024-02-04 03:01:00,68.57,Mumbai,Mobile,0.6968816666751125,0,55.750533334009006,High,HIGH,PENDING_REVIEW,ALERT_0767
T104481,CUST7756,2023-11-06 05:43:00,51.05,Kolkata,Desktop,0.6395223314249655,0,51.16178651399724,High,HIGH,PENDING_REVIEW,ALERT_0768
T104482,CUST4259,2023-09-21 05:07:00,64.5,Delhi,Desktop,0.7734220112732132,0,61.873760901857054,High,HIGH,PENDING_REVIEW,ALERT_0769
T104496,CUST4198,2023-12-28 02:31:00,53.58,Hyderabad,Mobile,0.6315256280594154,0,50.52205024475323,High,HIGH,PENDING_REVIEW,ALERT_0770
T104508,CUST8090,2023-03-22 04:57:00,70.32,Kolkata,POS,0.6949294723164462,0,55.5943577853157,High,HIGH,PENDING_REVIEW,ALERT_0771
T104517,CUST8078,2023-02-19 16:37:00,181.51,Bengaluru,Desktop,0.5470279924087462,1,63.762239392699705,High,HIGH,PENDING_REVIEW,ALERT_0772
T104533,CUST1739,2023-07-08 03:26:00,29.27,Mumbai,POS,0.6279343657503351,0,50.23474926002681,High,HIGH,PENDING_REVIEW,ALERT_0773
T104536,CUST6185,2023-01-29 06:35:00,44.48,Pune,POS,0.5949017110973643,1,67.59213688778915,High,HIGH,PENDING_REVIEW,ALERT_0774
T104537,CUST8274,2023-11-11 00:32:00,76.45,Bengaluru,POS,0.6688907874649013,0,53.511262997192105,High,HIGH,PENDING_REVIEW,ALERT_0775
T104544,CUST7522,2024-02-19 02:04:00,40.91,Bengaluru,Mobile,0.7290942644914807,0,58.32754115931846,High,HIGH,PENDING_REVIEW,ALERT_0776
T104547,CUST1740,2023-09-21 04:24:00,83.84,Hyderabad,Mobile,0.6864417907245162,0,54.9153432579613,High,HIGH,PENDING_REVIEW,ALERT_0777
T104559,CUST2951,2023-07-23 03:23:00,463.39,Hyderabad,Desktop,0.7166544780874047,1,77.33235824699238,Critical,CRITICAL,PENDING_REVIEW,ALERT_0778
T104564,CUST4526,2023-11-22 05:55:00,21.02,Delhi,POS,0.7998194751054762,0,63.985558008438105,High,HIGH,PENDING_REVIEW,ALERT_0779
T104565,CUST3810,2024-02-19 05:32:00,182.14,Mumbai,Mobile,0.6752687392810995,0,54.02149914248796,High,HIGH,PENDING_REVIEW,ALERT_0780
T104567,CUST9598,2023-05-17 02:15:00,19.94,Mumbai,POS,0.7865935312752228,0,62.927482502017824,High,HIGH,PENDING_REVIEW,ALERT_0781
T104568,CUST1085,2023-01-29 09:17:00,11.89,Chennai,Desktop,0.5723848172453735,1,65.79078537962988,High,HIGH,PENDING_REVIEW,ALERT_0782
T104571,CUST2798,2023-04-20 03:06:00,89.89,Pune,Desktop,0.8509928271096469,0,68.07942616877175,High,HIGH,PENDING_REVIEW,ALERT_0783
T104577,CUST6635,2023-03-31 00:14:00,18.83,Mumbai,Desktop,0.7499953375380491,0,59.99962700304393,High,HIGH,PENDING_REVIEW,ALERT_0784
T104582,CUST9750,2023-02-01 03:30:00,121.82,Bengaluru,Mobile,0.6807749121184342,0,54.46199296947474,High,HIGH,PENDING_REVIEW,ALERT_0785
T104590,CUST8076,2024-02-07 01:46:00,68.46,Chennai,Desktop,0.6779572689701755,0,54.23658151761404,High,HIGH,PENDING_REVIEW,ALERT_0786
T104593,CUST6991,2023-02-26 02:00:00,29.94,Chennai,POS,0.6329084210937649,0,50.632673687501196,High,HIGH,PENDING_REVIEW,ALERT_0787
T104602,CUST2083,2023-06-17 19:13:00,191.97,Hyderabad,Desktop,0.5299379735199286,1,62.395037881594284,High,HIGH,PENDING_REVIEW,ALERT_0788
T104608,CUST2343,2023-11-19 12:48:00,250.42,Mumbai,Desktop,0.49444996048935314,1,59.55599683914826,High,HIGH,PENDING_REVIEW,ALERT_0789
T104615,CUST2922,2023-07-30 17:06:00,30.49,Mumbai,POS,0.7384162276947279,0,59.073298215578234,High,HIGH,PENDING_REVIEW,ALERT_0790
T104626,CUST8937,2023-09-21 03:30:00,32.23,Kolkata,Desktop,0.6379063390341847,0,51.03250712273478,High,HIGH,PENDING_REVIEW,ALERT_0791
T104628,CUST6303,2023-08-13 12:35:00,83.01,Pune,POS,0.6823306479525403,0,54.586451836203224,High,HIGH,PENDING_REVIEW,ALERT_0792
T104632,CUST5843,2023-03-02 03:54:00,129.72,Pune,POS,0.6884813345948949,1,75.07850676759159,Critical,CRITICAL,PENDING_REVIEW,ALERT_0793
T104637,CUST8026,2023-07-03 02:33:00,86.85,Kolkata,Mobile,0.6302249816222946,0,50.41799852978357,High,HIGH,PENDING_REVIEW,ALERT_0794
T104640,CUST4025,2023-03-25 10:18:00,233.13,Pune,Desktop,0.4535797020327584,1,56.28637616262068,High,HIGH,PENDING_REVIEW,ALERT_0795
T104646,CUST2523,2023-02-09 00:32:00,90.59,Pune,Mobile,0.6322286137399167,0,50.57828909919334,High,HIGH,PENDING_REVIEW,ALERT_0796
T104653,CUST1352,2023-10-09 02:31:00,151.29,Hyderabad,POS,0.7300130490742665,0,58.401043925941316,High,HIGH,PENDING_REVIEW,ALERT_0797
T104656,CUST6214,2023-02-04 14:41:00,144.85,Delhi,POS,0.6026308019489839,1,68.21046415591871,High,HIGH,PENDING_REVIEW,ALERT_0798
T104661,CUST1622,2024-01-23 02:25:00,74.17,Hyderabad,Desktop,0.6974636815558155,0,55.797094524465244,High,HIGH,PENDING_REVIEW,ALERT_0799
T104666,CUST8610,2023-09-20 02:53:00,8.91,Chennai,POS,0.6461104532935513,0,51.68883626348411,High,HIGH,PENDING_REVIEW,ALERT_0800
T104671,CUST4463,2023-12-25 01:10:00,169.14,Mumbai,Mobile,0.7353489995039295,0,58.82791996031437,High,HIGH,PENDING_REVIEW,ALERT_0801
T104676,CUST3462,2023-04-20 05:34:00,3.87,Delhi,Mobile,0.6389539690375033,0,51.11631752300027,High,HIGH,PENDING_REVIEW,ALERT_0802
T104677,CUST5436,2023-01-19 04:25:00,260.39,Delhi,POS,0.674698884102896,1,73.97591072823168,High,HIGH,PENDING_REVIEW,ALERT_0803
T104682,CUST4344,2023-10-24 13:22:00,227.87,Kolkata,POS,0.5499517687908729,1,63.99614150326984,High,HIGH,PENDING_REVIEW,ALERT_0804
T104684,CUST4108,2024-02-08 01:27:00,119.51,Delhi,Mobile,0.661940263570324,0,52.95522108562592,High,HIGH,PENDING_REVIEW,ALERT_0805
T104691,CUST7741,2023-11-26 03:52:00,35.35,Kolkata,Desktop,0.5987677154051287,1,67.9014172324103,High,HIGH,PENDING_REVIEW,ALERT_0806
T104692,CUST2246,2023-02-25 23:25:00,33.74,Delhi,POS,0.7106354951411958,1,76.85083961129567,Critical,CRITICAL,PENDING_REVIEW,ALERT_0807
T104694,CUST4957,2023-08-17 01:25:00,46.48,Hyderabad,Mobile,0.6656845992248523,0,53.25476793798819,High,HIGH,PENDING_REVIEW,ALERT_0808
T104698,CUST7879,2023-08-19 02:45:00,11.91,Mumbai,Desktop,0.6812574943276394,0,54.500599546211156,High,HIGH,PENDING_REVIEW,ALERT_0809
T104707,CUST5665,2023-04-02 02:32:00,17.42,Bengaluru,Mobile,0.6374670575031277,0,50.99736460025022,High,HIGH,PENDING_REVIEW,ALERT_0810
T104708,CUST6339,2023-01-22 23:32:00,137.3,Mumbai,Desktop,0.47473747541413525,1,57.97899803313082,High,HIGH,PENDING_REVIEW,ALERT_0811
T104712,CUST3463,2023-09-05 03:47:00,23.73,Hyderabad,Mobile,0.708985106213095,0,56.718808497047604,High,HIGH,PENDING_REVIEW,ALERT_0812
T104715,CUST5181,2023-05-07 19:33:00,30.95,Bengaluru,Mobile,0.6384106548304134,1,71.07285238643307,High,HIGH,PENDING_REVIEW,ALERT_0813
T104716,CUST2482,2023-04-06 03:22:00,72.52,Chennai,Mobile,0.7080404976688088,0,56.64323981350471,High,HIGH,PENDING_REVIEW,ALERT_0814
T104717,CUST6651,2023-09-07 01:16:00,436.57,Pune,Desktop,0.5934748962275004,1,67.47799169820004,High,HIGH,PENDING_REVIEW,ALERT_0815
T104723,CUST1836,2024-01-24 04:30:00,43.4,Mumbai,Mobile,0.6519693556497415,0,52.157548451979316,High,HIGH,PENDING_REVIEW,ALERT_0816
T104726,CUST3251,2023-07-26 00:25:00,197.21,Chennai,POS,0.6917712609924693,0,55.34170087939755,High,HIGH,PENDING_REVIEW,ALERT_0817
T104731,CUST1261,2023-05-22 13:27:00,5.6,Pune,Mobile,0.558675589841896,1,64.69404718735169,High,HIGH,PENDING_REVIEW,ALERT_0818
T104735,CUST5995,2023-05-03 00:19:00,10.15,Delhi,Desktop,0.6876692592707642,0,55.01354074166113,High,HIGH,PENDING_REVIEW,ALERT_0819
T104742,CUST7712,2023-09-04 08:35:00,2.9,Pune,Desktop,0.7976926165407616,1,83.81540932326092,Critical,CRITICAL,PENDING_REVIEW,ALERT_0820
T104753,CUST5365,2023-05-14 05:54:00,56.89,Kolkata,Desktop,0.7618968800396,1,80.951750403168,Critical,CRITICAL,PENDING_REVIEW,ALERT_0821
T104761,CUST3978,2023-08-19 03:46:00,346.79,Bengaluru,POS,0.6778883601674027,1,74.23106881339223,High,HIGH,PENDING_REVIEW,ALERT_0822
T104765,CUST1364,2023-04-25 04:15:00,387.63,Mumbai,POS,0.8390000527190743,1,87.12000421752595,Critical,CRITICAL,PENDING_REVIEW,ALERT_0823
T104780,CUST6834,2023-09-10 04:54:00,5.65,Bengaluru,Desktop,0.8066407072663938,0,64.53125658131151,High,HIGH,PENDING_REVIEW,ALERT_0824
T104787,CUST3889,2023-02-20 00:57:00,188.56,Chennai,Desktop,0.6616694245661009,0,52.93355396528807,High,HIGH,PENDING_REVIEW,ALERT_0825
T104789,CUST5739,2023-09-02 03:36:00,32.06,Hyderabad,Mobile,0.7576248952354006,0,60.60999161883205,High,HIGH,PENDING_REVIEW,ALERT_0826
T104791,CUST7565,2023-08-07 07:07:00,245.3,Kolkata,Mobile,0.7607668475338033,0,60.86134780270427,High,HIGH,PENDING_REVIEW,ALERT_0827
T104792,CUST1638,2023-06-13 16:30:00,4.97,Bengaluru,Desktop,0.7232517394853548,0,57.86013915882839,High,HIGH,PENDING_REVIEW,ALERT_0828
T104806,CUST5301,2023-05-02 06:27:00,6.48,Hyderabad,Desktop,0.6039706372754056,1,68.31765098203245,High,HIGH,PENDING_REVIEW,ALERT_0829
T104814,CUST3827,2023-01-16 00:46:00,117.38,Kolkata,Mobile,0.6535985047460718,0,52.28788037968575,High,HIGH,PENDING_REVIEW,ALERT_0830
T104826,CUST8248,2023-09-24 08:30:00,94.02,Mumbai,Desktop,0.47851562039178597,1,58.28124963134288,High,HIGH,PENDING_REVIEW,ALERT_0831
T104847,CUST5412,2024-02-05 04:52:00,12.18,Bengaluru,Mobile,0.7065503858052428,0,56.52403086441942,High,HIGH,PENDING_REVIEW,ALERT_0832
T104858,CUST4914,2023-01-29 03:12:00,199.74,Kolkata,POS,0.5210805332864,1,61.68644266291201,High,HIGH,PENDING_REVIEW,ALERT_0833
T104865,CUST8275,2024-02-13 14:26:00,80.77,Hyderabad,Desktop,0.6985217453064482,0,55.88173962451586,High,HIGH,PENDING_REVIEW,ALERT_0834
T104878,CUST3367,2023-08-17 02:06:00,36.02,Hyderabad,Desktop,0.6851058934071375,0,54.808471472571,High,HIGH,PENDING_REVIEW,ALERT_0835
T104883,CUST2319,2023-08-10 07:27:00,15.89,Pune,Mobile,0.6349353615893699,0,50.794828927149595,High,HIGH,PENDING_REVIEW,ALERT_0836
T104885,CUST5758,2023-05-31 07:43:00,172.12,Bengaluru,POS,0.6985144634582271,1,75.88115707665817,Critical,CRITICAL,PENDING_REVIEW,ALERT_0837
T104890,CUST2451,2023-03-06 00:42:00,30.4,Pune,Mobile,0.6794269888517007,0,54.35415910813606,High,HIGH,PENDING_REVIEW,ALERT_0838
T104892,CUST9705,2023-01-30 05:35:00,75.29,Chennai,Mobile,0.6819943690465098,0,54.55954952372079,High,HIGH,PENDING_REVIEW,ALERT_0839
T104895,CUST1804,2023-06-05 18:24:00,6.72,Hyderabad,POS,0.7507859623300152,0,60.06287698640122,High,HIGH,PENDING_REVIEW,ALERT_0840
T104897,CUST6587,2023-10-30 05:29:00,28.3,Bengaluru,Mobile,0.6855083797194491,0,54.84067037755594,High,HIGH,PENDING_REVIEW,ALERT_0841
T104899,CUST5744,2024-02-10 13:06:00,193.37,Hyderabad,Mobile,0.6061957077660008,1,68.49565662128006,High,HIGH,PENDING_REVIEW,ALERT_0842
T104901,CUST8699,2023-01-10 00:38:00,52.91,Pune,POS,0.8467077565112041,0,67.73662052089632,High,HIGH,PENDING_REVIEW,ALERT_0843
T104907,CUST7219,2023-05-01 02:51:00,18.43,Pune,POS,0.6317414780816687,0,50.5393182465335,High,HIGH,PENDING_REVIEW,ALERT_0844
T104915,CUST4249,2023-04-13 11:31:00,198.62,Pune,Mobile,0.6963587259207974,0,55.70869807366379,High,HIGH,PENDING_REVIEW,ALERT_0845
T104921,CUST2844,2024-02-20 01:37:00,107.13,Bengaluru,Mobile,0.5581105929456186,1,64.64884743564949,High,HIGH,PENDING_REVIEW,ALERT_0846
T104927,CUST6483,2023-04-02 06:00:00,20.6,Delhi,Desktop,0.7831001482630614,0,62.64801186104492,High,HIGH,PENDING_REVIEW,ALERT_0847
T104931,CUST2880,2023-05-27 01:01:00,33.5,Hyderabad,POS,0.5336123589464562,1,62.6889887157165,High,HIGH,PENDING_REVIEW,ALERT_0848
T104938,CUST4516,2023-05-30 19:05:00,114.9,Mumbai,Mobile,0.38687084858560034,1,50.94966788684803,High,HIGH,PENDING_REVIEW,ALERT_0849
T104940,CUST3653,2023-04-05 04:44:00,33.47,Chennai,Desktop,0.8002783724313695,0,64.02226979450955,High,HIGH,PENDING_REVIEW,ALERT_0850
T104943,CUST5862,2023-10-19 03:47:00,36.11,Chennai,POS,0.6730096840958482,0,53.84077472766785,High,HIGH,PENDING_REVIEW,ALERT_0851
T104945,CUST5112,2023-07-18 05:58:00,226.41,Hyderabad,Mobile,0.6903927201634085,0,55.23141761307268,High,HIGH,PENDING_REVIEW,ALERT_0852
T104962,CUST8663,2023-08-13 01:38:00,27.61,Kolkata,Mobile,0.6887483549805511,0,55.09986839844409,High,HIGH,PENDING_REVIEW,ALERT_0853
T104973,CUST8293,2023-05-29 01:16:00,98.28,Delhi,Mobile,0.6715896268429127,0,53.727170147433014,High,HIGH,PENDING_REVIEW,ALERT_0854
T104985,CUST1221,2023-01-02 14:09:00,13.3,Bengaluru,Desktop,0.5646424212814553,1,65.17139370251643,High,HIGH,PENDING_REVIEW,ALERT_0855
T104991,CUST7134,2023-09-18 21:49:00,68.18,Mumbai,Mobile,0.7280929562533331,1,78.24743650026666,Critical,CRITICAL,PENDING_REVIEW,ALERT_0856
T104993,CUST1077,2023-04-09 05:06:00,83.64,Delhi,Mobile,0.7249643104059694,0,57.99714483247756,High,HIGH,PENDING_REVIEW,ALERT_0857
T104997,CUST6812,2023-01-09 22:14:00,31.78,Kolkata,Mobile,0.7453576933454183,1,79.62861546763347,Critical,CRITICAL,PENDING_REVIEW,ALERT_0858
