Transaction_ID,Customer_ID,Transaction_Date,Transaction_Month_Year,Transaction_Amount,Fraudulent,Fraud_Status,Fraud_Amount,Merchant_Category,Payment_Method,Device_Type,Location,Is_International,Previous_Transactions,Average_Spend,Account_Age_Days,Transaction_Hour,Transaction_DayOfWeek,Transaction_Month,Transaction_Day,Is_Weekend,Fraud_Probability,Anomaly_Flag,Risk_Score,Risk_Level,High_Risk_Flag,Alert_Required,Alert_Severity
T100000,CUST3252,2023-10-04 07:45:00,2023-10-01,37.54,0,Legitimate,0.0,Travel,PayPal,POS,Bengaluru,0,94,417.4,1492,7,2,10,4,0,0.27401727696771194,0,21.921382157416957,Low,0,False,NO_ALERT
T100001,CUST1630,2023-09-26 08:29:00,2023-09-01,240.81,0,Legitimate,0.0,Utilities,PayPal,Mobile,Bengaluru,0,76,335.47,66,8,1,9,26,0,0.2559762973256455,0,20.47810378605164,Low,0,False,NO_ALERT
T100002,CUST7852,2023-07-18 15:54:00,2023-07-01,105.34,0,Legitimate,0.0,Entertainment,Debit Card,Mobile,Bengaluru,0,60,432.03,216,15,1,7,18,0,0.2921809080736702,0,23.37447264589362,Low,0,False,NO_ALERT
T100003,CUST4892,2023-10-16 17:10:00,2023-10-01,73.04,0,Legitimate,0.0,Utilities,NetBanking,Desktop,Kolkata,0,68,488.3,449,17,0,10,16,0,0.19960357657967048,0,15.96828612637364,Low,0,False,NO_ALERT
T100004,CUST8831,2023-09-09 00:46:00,2023-09-01,13.57,0,Legitimate,0.0,Utilities,Credit Card,Desktop,Bengaluru,0,57,437.03,754,0,5,9,9,1,0.6192239582310456,0,49.53791665848365,Medium,0,False,NO_ALERT
T100005,CUST2962,2024-01-14 03:15:00,2024-01-01,13.57,0,Legitimate,0.0,Travel,Credit Card,Mobile,Mumbai,0,64,207.8,1513,3,6,1,14,1,0.5976412731349904,0,47.81130185079923,Medium,0,False,NO_ALERT
T100006,CUST2118,2023-02-09 08:56:00,2023-02-01,4.79,0,Legitimate,0.0,Health,NetBanking,Desktop,Bengaluru,0,182,409.11,1163,8,3,2,9,0,0.2100530033254679,0,16.804240266037432,Low,0,False,NO_ALERT
T100007,CUST4852,2023-03-26 13:12:00,2023-03-01,160.9,0,Legitimate,0.0,Fashion,Debit Card,Mobile,Delhi,0,80,358.71,216,13,6,3,26,1,0.21885131512289274,0,17.50810520983142,Low,0,False,NO_ALERT
T100008,CUST7160,2023-03-06 20:09:00,2023-03-01,73.53,0,Legitimate,0.0,Travel,Debit Card,POS,Chennai,0,87,40.19,500,20,0,3,6,0,0.23340008286743108,0,18.672006629394485,Low,0,False,NO_ALERT
T100009,CUST2337,2023-06-27 12:06:00,2023-06-01,98.5,0,Legitimate,0.0,Grocery,Debit Card,Desktop,Mumbai,0,182,465.58,1131,12,1,6,27,0,0.24379982179484755,0,19.503985743587805,Low,0,False,NO_ALERT
T100010,CUST9322,2023-02-09 22:45:00,2023-02-01,1.66,0,Legitimate,0.0,Travel,Credit Card,Desktop,Pune,0,187,238.32,1992,22,3,2,9,0,0.18127216184859518,0,14.501772947887615,Low,0,False,NO_ALERT
T100011,CUST8675,2023-07-25 18:45:00,2023-07-01,280.28,0,Legitimate,0.0,Grocery,PayPal,Desktop,Bengaluru,0,167,75.88,1427,18,1,7,25,0,0.2844264987157391,1,42.75411989725913,Medium,0,False,NO_ALERT
T100012,CUST3603,2023-01-02 04:32:00,2023-01-01,142.91,0,Legitimate,0.0,Utilities,Debit Card,POS,Pune,0,120,218.44,839,4,0,1,2,0,0.6137612806141977,0,49.100902449135816,Medium,0,False,NO_ALERT
T100013,CUST4855,2023-04-20 21:27:00,2023-04-01,19.1,0,Legitimate,0.0,Entertainment,Credit Card,POS,Chennai,0,143,305.54,359,21,3,4,20,0,0.23925740317340266,0,19.140592253872214,Low,0,False,NO_ALERT
T100014,CUST1114,2023-07-24 10:27:00,2023-07-01,16.05,0,Legitimate,0.0,Travel,Credit Card,Desktop,Mumbai,0,79,290.74,1178,10,0,7,24,0,0.27874528005786414,0,22.299622404629133,Low,0,False,NO_ALERT
T100015,CUST5555,2023-08-14 12:04:00,2023-08-01,16.21,0,Legitimate,0.0,Grocery,PayPal,Mobile,Chennai,0,156,291.65,1369,12,0,8,14,0,0.24562357995877693,0,19.649886396702158,Low,0,False,NO_ALERT
T100016,CUST7395,2024-01-20 05:58:00,2024-01-01,29.02,0,Legitimate,0.0,Travel,NetBanking,POS,Pune,0,36,135.36,987,5,5,1,20,1,0.5367954148994692,0,42.943633191957545,Medium,0,False,NO_ALERT
T100017,CUST5632,2023-07-01 12:06:00,2023-07-01,59.51,0,Legitimate,0.0,Entertainment,NetBanking,Desktop,Kolkata,0,54,320.02,349,12,5,7,1,1,0.21779263926638023,0,17.42341114131042,Low,0,False,NO_ALERT
T100018,CUST7496,2023-07-30 09:36:00,2023-07-01,45.24,0,Legitimate,0.0,Utilities,Debit Card,Desktop,Mumbai,0,145,454.63,504,9,6,7,30,1,0.2590092315693599,0,20.720738525548793,Low,0,False,NO_ALERT
T100019,CUST2634,2023-12-06 15:34:00,2023-12-01,27.54,0,Legitimate,0.0,Travel,Debit Card,POS,Hyderabad,1,100,200.45,1542,15,2,12,6,0,0.6334917050932953,0,50.67933640746363,High,1,True,HIGH
T100020,CUST2854,2023-08-25 19:33:00,2023-08-01,75.71,0,Legitimate,0.0,Food,PayPal,Mobile,Kolkata,0,86,318.98,855,19,4,8,25,0,0.22099198041800047,0,17.67935843344004,Low,0,False,NO_ALERT
T100021,CUST6465,2023-01-03 07:09:00,2023-01-01,12.02,0,Legitimate,0.0,Grocery,Debit Card,Desktop,Mumbai,0,22,129.55,543,7,1,1,3,0,0.23120989886704937,0,18.49679190936395,Low,0,False,NO_ALERT
T100022,CUST4900,2023-02-05 11:58:00,2023-02-01,27.64,0,Legitimate,0.0,Entertainment,PayPal,Mobile,Bengaluru,0,75,33.66,363,11,6,2,5,1,0.28630275668748384,0,22.904220534998707,Low,0,False,NO_ALERT
T100023,CUST3087,2023-09-21 18:00:00,2023-09-01,36.5,0,Legitimate,0.0,Grocery,Credit Card,Mobile,Pune,0,36,297.01,1124,18,3,9,21,0,0.21443951809635423,0,17.155161447708338,Low,0,False,NO_ALERT
T100024,CUST7223,2023-08-12 04:50:00,2023-08-01,48.71,0,Legitimate,0.0,Grocery,Debit Card,POS,Chennai,0,29,33.3,494,4,5,8,12,1,0.5050901650325954,0,40.407213202607636,Medium,0,False,NO_ALERT
T100025,CUST3347,2023-11-08 02:26:00,2023-11-01,123.03,0,Legitimate,0.0,Electronics,Credit Card,Desktop,Chennai,0,183,364.56,1429,2,2,11,8,0,0.5381934892275688,0,43.055479138205506,Medium,0,False,NO_ALERT
T100026,CUST9119,2023-02-24 09:47:00,2023-02-01,17.82,0,Legitimate,0.0,Entertainment,UPI,Desktop,Chennai,0,170,338.47,753,9,4,2,24,0,0.20759430704072723,0,16.60754456325818,Low,0,False,NO_ALERT
T100027,CUST8120,2023-11-11 19:01:00,2023-11-01,57.76,0,Legitimate,0.0,Travel,PayPal,Mobile,Delhi,0,160,190.97,37,19,5,11,11,1,0.22448659408614108,0,17.958927526891287,Low,0,False,NO_ALERT
T100028,CUST4506,2023-07-23 02:04:00,2023-07-01,71.8,0,Legitimate,0.0,Grocery,UPI,POS,Delhi,0,142,211.53,1749,2,6,7,23,1,0.5873136610857859,0,46.98509288686287,Medium,0,False,NO_ALERT
T100029,CUST7707,2023-05-19 15:59:00,2023-05-01,3.81,0,Legitimate,0.0,Health,Debit Card,POS,Bengaluru,0,18,459.7,193,15,4,5,19,0,0.2177788327623991,0,17.42230662099193,Low,0,False,NO_ALERT
T100030,CUST2161,2023-01-18 12:48:00,2023-01-01,74.83,0,Legitimate,0.0,Electronics,Credit Card,POS,Hyderabad,0,38,16.44,810,12,2,1,18,0,0.29052015503892636,1,43.24161240311411,Medium,0,False,NO_ALERT
T100031,CUST1325,2024-01-31 03:23:00,2024-01-01,14.96,0,Legitimate,0.0,Food,Debit Card,Mobile,Delhi,0,101,286.02,1348,3,2,1,31,0,0.600613499277041,0,48.04907994216328,Medium,0,False,NO_ALERT
T100032,CUST3979,2023-10-11 01:37:00,2023-10-01,5.38,1,Fraudulent,5.38,Grocery,UPI,Mobile,Mumbai,0,34,462.45,387,1,2,10,11,0,0.7018538149065384,0,56.148305192523075,High,1,True,HIGH
T100033,CUST5190,2023-12-04 17:57:00,2023-12-01,237.9,0,Legitimate,0.0,Utilities,Debit Card,Desktop,Kolkata,0,121,457.85,110,17,0,12,4,0,0.25566899686751304,0,20.453519749401046,Low,0,False,NO_ALERT
T100034,CUST3166,2023-10-20 22:48:00,2023-10-01,269.65,0,Legitimate,0.0,Grocery,NetBanking,POS,Pune,0,173,296.48,803,22,4,10,20,0,0.2084504677636539,0,16.676037421092314,Low,0,False,NO_ALERT
T100035,CUST3576,2023-03-17 09:52:00,2023-03-01,132.19,0,Legitimate,0.0,Electronics,UPI,Mobile,Bengaluru,0,87,196.8,1328,9,4,3,17,0,0.18859440428157082,0,15.087552342525667,Low,0,False,NO_ALERT
T100036,CUST1493,2023-07-31 16:19:00,2023-07-01,29.06,0,Legitimate,0.0,Travel,Debit Card,POS,Kolkata,0,160,58.46,950,16,0,7,31,0,0.21143206094930633,0,16.914564875944507,Low,0,False,NO_ALERT
T100037,CUST8245,2023-04-01 07:08:00,2023-04-01,8.22,0,Legitimate,0.0,Health,Credit Card,Mobile,Hyderabad,0,110,95.15,928,7,5,4,1,1,0.21391571494198494,0,17.113257195358795,Low,0,False,NO_ALERT
T100038,CUST3909,2024-01-23 20:25:00,2024-01-01,92.22,0,Legitimate,0.0,Utilities,Debit Card,Desktop,Kolkata,0,67,343.04,1670,20,1,1,23,0,0.22407922134394606,0,17.926337707515685,Low,0,False,NO_ALERT
T100039,CUST1360,2023-11-15 13:59:00,2023-11-01,46.41,0,Legitimate,0.0,Food,Credit Card,POS,Mumbai,0,191,18.15,1874,13,2,11,15,0,0.25079919110681975,0,20.06393528854558,Low,0,False,NO_ALERT
T100040,CUST2212,2023-05-20 06:51:00,2023-05-01,10.41,0,Legitimate,0.0,Utilities,NetBanking,Mobile,Chennai,1,183,442.91,1593,6,5,5,20,1,0.5373726747985937,0,42.9898139838875,Medium,0,False,NO_ALERT
T100041,CUST3656,2023-07-09 03:30:00,2023-07-01,54.68,0,Legitimate,0.0,Grocery,Debit Card,POS,Delhi,0,43,298.09,951,3,6,7,9,1,0.5845883729104324,0,46.76706983283459,Medium,0,False,NO_ALERT
T100042,CUST3592,2023-02-14 13:13:00,2023-02-01,2.8,0,Legitimate,0.0,Travel,NetBanking,Mobile,Mumbai,0,123,32.12,1100,13,1,2,14,0,0.23263223176154205,0,18.610578540923367,Low,0,False,NO_ALERT
T100043,CUST8635,2023-11-28 15:15:00,2023-11-01,192.03,0,Legitimate,0.0,Entertainment,UPI,Mobile,Hyderabad,0,22,127.49,1445,15,1,11,28,0,0.2381804278518066,0,19.054434228144526,Low,0,False,NO_ALERT
T100044,CUST5983,2024-02-01 09:14:00,2024-02-01,23.96,0,Legitimate,0.0,Health,Credit Card,Mobile,Bengaluru,0,87,301.16,854,9,3,2,1,0,0.2714555447999494,0,21.716443583995954,Low,0,False,NO_ALERT
T100045,CUST2739,2023-09-05 19:28:00,2023-09-01,86.9,0,Legitimate,0.0,Entertainment,UPI,POS,Kolkata,0,196,27.44,1620,19,1,9,5,0,0.24085710614681102,1,39.26856849174489,Medium,0,False,NO_ALERT
T100046,CUST9003,2023-08-25 11:16:00,2023-08-01,29.88,0,Legitimate,0.0,Health,Credit Card,Mobile,Mumbai,0,77,392.19,1047,11,4,8,25,0,0.26356146145846854,0,21.084916916677486,Low,0,False,NO_ALERT
T100047,CUST2821,2024-02-20 11:11:00,2024-02-01,58.73,0,Legitimate,0.0,Food,NetBanking,Desktop,Bengaluru,0,125,460.76,1132,11,1,2,20,0,0.2371644724164235,0,18.97315779331388,Low,0,False,NO_ALERT
T100048,CUST9659,2023-08-26 14:51:00,2023-08-01,63.3,0,Legitimate,0.0,Fashion,PayPal,POS,Chennai,0,96,481.0,1566,14,5,8,26,1,0.2203635674452482,0,17.629085395619857,Low,0,False,NO_ALERT
T100049,CUST2346,2023-09-18 19:18:00,2023-09-01,16.35,0,Legitimate,0.0,Health,Debit Card,Desktop,Hyderabad,0,122,369.49,709,19,0,9,18,0,0.2494558789857898,0,19.956470318863186,Low,0,False,NO_ALERT
T100050,CUST5035,2023-06-19 13:21:00,2023-06-01,279.42,0,Legitimate,0.0,Fashion,NetBanking,Desktop,Hyderabad,0,157,429.84,1076,13,0,6,19,0,0.21326026867114972,0,17.06082149369198,Low,0,False,NO_ALERT
T100051,CUST9085,2023-04-17 07:52:00,2023-04-01,119.38,0,Legitimate,0.0,Entertainment,Credit Card,POS,Kolkata,0,40,309.25,1281,7,0,4,17,0,0.25542750597128205,0,20.434200477702564,Low,0,False,NO_ALERT
T100052,CUST8966,2023-02-26 13:39:00,2023-02-01,224.41,0,Legitimate,0.0,Health,Credit Card,Mobile,Delhi,0,104,234.69,467,13,6,2,26,1,0.2461837070297927,0,19.694696562383417,Low,0,False,NO_ALERT
T100053,CUST2691,2023-11-13 01:08:00,2023-11-01,180.17,0,Legitimate,0.0,Food,Credit Card,Desktop,Pune,0,173,359.44,1351,1,0,11,13,0,0.6450781701706343,0,51.60625361365075,High,1,True,HIGH
T100054,CUST8792,2023-12-26 23:27:00,2023-12-01,72.88,0,Legitimate,0.0,Electronics,Credit Card,POS,Hyderabad,0,119,119.85,975,23,1,12,26,0,0.19208619790414194,0,15.366895832331355,Low,0,False,NO_ALERT
T100055,CUST4298,2024-01-22 12:52:00,2024-01-01,203.95,0,Legitimate,0.0,Food,Debit Card,Mobile,Mumbai,0,138,63.79,1313,12,0,1,22,0,0.2294110270717323,0,18.352882165738585,Low,0,False,NO_ALERT
T100056,CUST3212,2023-09-13 20:55:00,2023-09-01,7.41,0,Legitimate,0.0,Food,UPI,POS,Mumbai,0,173,383.31,805,20,2,9,13,0,0.23729095861771282,0,18.983276689417025,Low,0,False,NO_ALERT
T100057,CUST7028,2023-11-15 17:01:00,2023-11-01,17.45,0,Legitimate,0.0,Electronics,PayPal,POS,Mumbai,0,120,479.51,705,17,2,11,15,0,0.24062396198773775,0,19.24991695901902,Low,0,False,NO_ALERT
T100058,CUST2571,2023-04-02 13:38:00,2023-04-01,3.7,0,Legitimate,0.0,Electronics,Debit Card,POS,Chennai,0,17,292.96,39,13,6,4,2,1,0.22637757206497927,0,18.11020576519834,Low,0,False,NO_ALERT
T100059,CUST5418,2023-12-20 15:31:00,2023-12-01,31.48,0,Legitimate,0.0,Travel,Credit Card,Mobile,Hyderabad,0,102,246.45,1681,15,2,12,20,0,0.2191781797001853,0,17.534254376014825,Low,0,False,NO_ALERT
T100060,CUST4067,2023-09-15 21:56:00,2023-09-01,39.37,0,Legitimate,0.0,Health,Debit Card,Desktop,Hyderabad,0,130,271.86,187,21,4,9,15,0,0.22706350215294172,0,18.16508017223534,Low,0,False,NO_ALERT
T100061,CUST2426,2023-01-24 00:12:00,2023-01-01,25.32,0,Legitimate,0.0,Entertainment,NetBanking,Desktop,Mumbai,0,145,244.45,897,0,1,1,24,0,0.626354137939302,0,50.10833103514416,High,1,True,HIGH
T100062,CUST9284,2023-11-03 06:55:00,2023-11-01,141.16,0,Legitimate,0.0,Travel,Credit Card,POS,Kolkata,0,108,226.68,813,6,4,11,3,0,0.24119344298029155,0,19.295475438423324,Low,0,False,NO_ALERT
T100063,CUST2607,2023-04-05 16:54:00,2023-04-01,35.3,0,Legitimate,0.0,Electronics,PayPal,POS,Delhi,0,90,474.05,1211,16,2,4,5,0,0.21847789754420677,0,17.47823180353654,Low,0,False,NO_ALERT
T100064,CUST3042,2023-10-18 08:06:00,2023-10-01,26.38,0,Legitimate,0.0,Fashion,Credit Card,Mobile,Kolkata,0,119,245.08,349,8,2,10,18,0,0.25156355351532567,0,20.125084281226055,Low,0,False,NO_ALERT
T100065,CUST7186,2023-03-15 20:47:00,2023-03-01,62.59,0,Legitimate,0.0,Entertainment,PayPal,POS,Delhi,0,166,49.74,1929,20,2,3,15,0,0.23362399922848767,0,18.689919938279015,Low,0,False,NO_ALERT
T100066,CUST3125,2023-09-09 16:36:00,2023-09-01,12.15,0,Legitimate,0.0,Fashion,PayPal,POS,Hyderabad,0,165,385.1,1255,16,5,9,9,1,0.23029593773042648,0,18.42367501843412,Low,0,False,NO_ALERT
T100067,CUST4819,2023-03-18 08:53:00,2023-03-01,129.64,0,Legitimate,0.0,Food,UPI,POS,Kolkata,0,63,201.87,150,8,5,3,18,1,0.22784742225683643,0,18.227793780546914,Low,0,False,NO_ALERT
T100068,CUST9580,2023-04-25 10:57:00,2023-04-01,6.2,0,Legitimate,0.0,Grocery,UPI,Desktop,Hyderabad,1,5,358.24,168,10,1,4,25,0,0.5147050203923689,0,41.17640163138952,Medium,0,False,NO_ALERT
T100069,CUST1147,2023-08-02 03:27:00,2023-08-01,346.73,0,Legitimate,0.0,Food,Debit Card,POS,Bengaluru,0,25,293.99,703,3,2,8,2,0,0.6071647893610527,0,48.57318314888422,Medium,0,False,NO_ALERT
T100070,CUST6606,2023-12-04 14:21:00,2023-12-01,118.36,0,Legitimate,0.0,Food,Debit Card,Desktop,Hyderabad,0,73,359.46,1773,14,0,12,4,0,0.28044052621357496,0,22.435242097085997,Low,0,False,NO_ALERT
T100071,CUST5408,2023-06-11 14:22:00,2023-06-01,17.72,0,Legitimate,0.0,Grocery,PayPal,Mobile,Kolkata,0,124,40.38,1620,14,6,6,11,1,0.24422016678286051,0,19.537613342628845,Low,0,False,NO_ALERT
T100072,CUST5894,2023-08-31 22:22:00,2023-08-01,0.44,0,Legitimate,0.0,Health,Credit Card,Mobile,Mumbai,0,22,26.6,1392,22,3,8,31,0,0.21627337716158496,0,17.301870172926797,Low,0,False,NO_ALERT
T100073,CUST2246,2023-08-08 04:50:00,2023-08-01,135.19,0,Legitimate,0.0,Electronics,NetBanking,Desktop,Pune,0,93,195.49,1313,4,1,8,8,0,0.5914486817359783,0,47.31589453887827,Medium,0,False,NO_ALERT
T100074,CUST1724,2023-05-25 23:41:00,2023-05-01,98.17,0,Legitimate,0.0,Fashion,NetBanking,Desktop,Chennai,0,191,349.65,1486,23,3,5,25,0,0.21718762334631161,0,17.37500986770493,Low,0,False,NO_ALERT
T100075,CUST7806,2023-12-21 08:54:00,2023-12-01,104.45,0,Legitimate,0.0,Food,Credit Card,Desktop,Hyderabad,0,35,119.6,73,8,3,12,21,0,0.2016121789890651,0,16.12897431912521,Low,0,False,NO_ALERT
T100076,CUST7508,2024-02-17 20:42:00,2024-02-01,118.02,0,Legitimate,0.0,Grocery,Credit Card,Desktop,Hyderabad,0,55,222.37,1212,20,5,2,17,1,0.23780974996025617,0,19.024779996820495,Low,0,False,NO_ALERT
T100077,CUST8906,2023-08-11 04:49:00,2023-08-01,6.15,0,Legitimate,0.0,Travel,UPI,POS,Mumbai,0,128,490.6,845,4,4,8,11,0,0.5648771179995521,0,45.190169439964166,Medium,0,False,NO_ALERT
T100078,CUST5054,2023-09-14 23:55:00,2023-09-01,35.51,0,Legitimate,0.0,Food,NetBanking,Desktop,Bengaluru,0,20,115.29,1408,23,3,9,14,0,0.25339134136240204,0,20.271307308992164,Low,0,False,NO_ALERT
T100079,CUST3837,2023-10-26 18:15:00,2023-10-01,9.85,0,Legitimate,0.0,Fashion,PayPal,Desktop,Pune,0,5,425.49,127,18,3,10,26,0,0.20067851904551584,0,16.05428152364127,Low,0,False,NO_ALERT
T100080,CUST5115,2023-01-13 03:23:00,2023-01-01,159.08,0,Legitimate,0.0,Electronics,Debit Card,Desktop,Hyderabad,0,167,414.48,1591,3,4,1,13,0,0.5704288825716617,0,45.634310605732935,Medium,0,False,NO_ALERT
T100081,CUST7480,2023-02-09 10:27:00,2023-02-01,78.1,0,Legitimate,0.0,Food,UPI,POS,Delhi,0,63,446.76,1924,10,3,2,9,0,0.21295738762967567,0,17.036591010374053,Low,0,False,NO_ALERT
T100082,CUST6297,2024-02-07 09:51:00,2024-02-01,32.15,0,Legitimate,0.0,Food,NetBanking,POS,Delhi,0,32,458.42,1763,9,2,2,7,0,0.21612451834249174,0,17.28996146739934,Low,0,False,NO_ALERT
T100083,CUST4338,2023-11-05 08:49:00,2023-11-01,5.25,0,Legitimate,0.0,Health,Credit Card,POS,Delhi,0,191,258.59,1662,8,6,11,5,1,0.23138924177236408,0,18.51113934178913,Low,0,False,NO_ALERT
T100084,CUST8393,2023-01-29 21:17:00,2023-01-01,29.8,0,Legitimate,0.0,Utilities,NetBanking,Mobile,Chennai,0,74,344.15,268,21,6,1,29,1,0.22776871781013208,0,18.22149742481057,Low,0,False,NO_ALERT
T100085,CUST3641,2023-09-09 13:55:00,2023-09-01,31.47,0,Legitimate,0.0,Grocery,PayPal,POS,Chennai,0,168,313.26,504,13,5,9,9,1,0.22456893491063248,0,17.9655147928506,Low,0,False,NO_ALERT
T100086,CUST6597,2023-02-25 19:33:00,2023-02-01,104.63,0,Legitimate,0.0,Travel,UPI,Desktop,Pune,0,145,161.38,553,19,5,2,25,1,0.21245392426689366,0,16.996313941351495,Low,0,False,NO_ALERT
T100087,CUST1897,2023-03-02 18:46:00,2023-03-01,81.19,0,Legitimate,0.0,Travel,Credit Card,POS,Hyderabad,0,101,147.1,586,18,3,3,2,0,0.2531366790923637,0,20.2509343273891,Low,0,False,NO_ALERT
T100088,CUST1518,2024-01-24 00:05:00,2024-01-01,174.58,1,Fraudulent,174.58,Entertainment,PayPal,POS,Hyderabad,0,79,177.37,1445,0,2,1,24,0,0.6945907364985066,0,55.56725891988052,High,1,True,HIGH
T100089,CUST2994,2023-06-16 08:07:00,2023-06-01,51.13,0,Legitimate,0.0,Electronics,Debit Card,Desktop,Hyderabad,0,160,117.04,38,8,4,6,16,0,0.19598496522456266,0,15.678797217965013,Low,0,False,NO_ALERT
T100090,CUST1456,2023-10-11 18:48:00,2023-10-01,10.19,0,Legitimate,0.0,Entertainment,UPI,POS,Chennai,0,23,381.12,1566,18,2,10,11,0,0.2216733377801376,0,17.733867022411008,Low,0,False,NO_ALERT
T100091,CUST8947,2023-03-26 22:06:00,2023-03-01,99.93,0,Legitimate,0.0,Fashion,PayPal,Mobile,Pune,0,188,482.64,1442,22,6,3,26,1,0.21869854990200144,0,17.495883992160113,Low,0,False,NO_ALERT
T100092,CUST6459,2023-05-18 22:53:00,2023-05-01,114.43,0,Legitimate,0.0,Electronics,PayPal,POS,Hyderabad,0,56,435.21,1892,22,3,5,18,0,0.19856753138288674,0,15.88540251063094,Low,0,False,NO_ALERT
T100093,CUST8530,2023-04-24 01:43:00,2023-04-01,65.91,0,Legitimate,0.0,Food,Credit Card,Mobile,Mumbai,0,137,116.79,1263,1,0,4,24,0,0.6273737360524506,0,50.189898884196054,High,1,True,HIGH
T100094,CUST6489,2023-09-28 06:34:00,2023-09-01,117.91,1,Fraudulent,117.91,Utilities,Debit Card,Mobile,Bengaluru,1,106,35.44,1107,6,3,9,28,0,0.7565179915664539,1,80.52143932531632,Critical,1,True,CRITICAL
T100095,CUST6062,2023-06-09 08:48:00,2023-06-01,54.47,1,Fraudulent,54.47,Food,PayPal,Mobile,Kolkata,1,69,380.98,645,8,4,6,9,0,0.7291700115833095,0,58.33360092666476,High,1,True,HIGH
T100096,CUST8011,2023-06-19 06:45:00,2023-06-01,59.17,0,Legitimate,0.0,Travel,UPI,Desktop,Delhi,0,190,201.2,181,6,0,6,19,0,0.2582246282948757,0,20.65797026359006,Low,0,False,NO_ALERT
T100097,CUST6512,2023-10-27 02:52:00,2023-10-01,44.63,0,Legitimate,0.0,Fashion,PayPal,POS,Delhi,0,192,414.06,439,2,4,10,27,0,0.543354493334019,0,43.46835946672152,Medium,0,False,NO_ALERT
T100098,CUST5854,2024-01-21 05:46:00,2024-01-01,2.06,0,Legitimate,0.0,Grocery,NetBanking,Mobile,Mumbai,1,22,391.83,39,5,6,1,21,1,0.5591036010301834,1,64.72828808241468,High,1,True,HIGH
T100099,CUST1730,2023-07-15 22:54:00,2023-07-01,9.13,0,Legitimate,0.0,Fashion,UPI,Mobile,Hyderabad,0,32,316.45,986,22,5,7,15,1,0.19938670338852194,0,15.950936271081757,Low,0,False,NO_ALERT
T100100,CUST3365,2023-05-03 11:18:00,2023-05-01,2.55,0,Legitimate,0.0,Food,UPI,POS,Pune,0,175,135.12,581,11,2,5,3,0,0.19877493671463442,0,15.901994937170754,Low,0,False,NO_ALERT
T100101,CUST4125,2023-03-23 08:47:00,2023-03-01,80.94,0,Legitimate,0.0,Grocery,PayPal,Desktop,Pune,0,2,60.98,585,8,3,3,23,0,0.2109278000337336,0,16.87422400269869,Low,0,False,NO_ALERT
T100102,CUST8316,2023-03-16 20:08:00,2023-03-01,30.19,0,Legitimate,0.0,Fashion,Credit Card,Desktop,Chennai,0,123,133.8,909,20,3,3,16,0,0.23332548470322145,0,18.666038776257718,Low,0,False,NO_ALERT
T100103,CUST9981,2023-04-12 20:40:00,2023-04-01,56.83,0,Legitimate,0.0,Utilities,UPI,Mobile,Hyderabad,0,85,259.78,297,20,2,4,12,0,0.22188305334648206,0,17.750644267718567,Low,0,False,NO_ALERT
T100104,CUST3591,2024-02-11 11:14:00,2024-02-01,190.5,0,Legitimate,0.0,Utilities,NetBanking,Desktop,Pune,0,180,489.94,1043,11,6,2,11,1,0.29694379066499255,0,23.755503253199407,Low,0,False,NO_ALERT
T100105,CUST7521,2023-03-24 02:13:00,2023-03-01,22.94,0,Legitimate,0.0,Fashion,Credit Card,POS,Hyderabad,0,14,41.21,1843,2,4,3,24,0,0.6066312609434527,0,48.530500875476214,Medium,0,False,NO_ALERT
T100106,CUST5225,2023-08-01 15:23:00,2023-08-01,42.26,0,Legitimate,0.0,Grocery,Credit Card,Desktop,Delhi,0,37,108.04,696,15,1,8,1,0,0.2502651081553725,0,20.021208652429802,Low,0,False,NO_ALERT
T100107,CUST8766,2023-06-30 03:33:00,2023-06-01,112.7,0,Legitimate,0.0,Food,Credit Card,POS,Kolkata,0,27,317.37,480,3,4,6,30,0,0.5916164776313338,0,47.32931821050671,Medium,0,False,NO_ALERT
T100108,CUST9026,2023-11-26 02:23:00,2023-11-01,20.78,1,Fraudulent,20.78,Fashion,UPI,Mobile,Kolkata,0,152,159.14,623,2,6,11,26,1,0.6642195563456127,0,53.13756450764902,High,1,True,HIGH
T100109,CUST9033,2023-12-27 06:53:00,2023-12-01,6.41,0,Legitimate,0.0,Grocery,Credit Card,POS,Kolkata,0,64,430.67,1250,6,2,12,27,0,0.2821000057059496,0,22.56800045647597,Low,0,False,NO_ALERT
T100110,CUST3953,2024-02-14 08:48:00,2024-02-01,27.37,0,Legitimate,0.0,Health,PayPal,Mobile,Delhi,0,70,78.31,427,8,2,2,14,0,0.21154256318838838,0,16.92340505507107,Low,0,False,NO_ALERT
T100111,CUST3617,2024-02-21 04:08:00,2024-02-01,14.06,0,Legitimate,0.0,Utilities,Credit Card,POS,Chennai,0,154,481.95,950,4,2,2,21,0,0.5993842150176342,0,47.95073720141073,Medium,0,False,NO_ALERT
T100112,CUST3984,2023-08-10 10:57:00,2023-08-01,212.4,0,Legitimate,0.0,Health,NetBanking,POS,Kolkata,0,182,457.06,1105,10,3,8,10,0,0.22784757760427035,0,18.22780620834163,Low,0,False,NO_ALERT
T100113,CUST2479,2023-08-31 02:43:00,2023-08-01,132.07,0,Legitimate,0.0,Food,Debit Card,Desktop,Delhi,0,15,444.89,1788,2,3,8,31,0,0.6595214676406244,0,52.76171741124995,High,1,True,HIGH
T100114,CUST2620,2023-12-26 11:38:00,2023-12-01,80.28,0,Legitimate,0.0,Grocery,NetBanking,POS,Hyderabad,0,29,94.8,1522,11,1,12,26,0,0.19338962555513536,0,15.47117004441083,Low,0,False,NO_ALERT
T100115,CUST5219,2023-09-24 00:09:00,2023-09-01,164.12,0,Legitimate,0.0,Health,UPI,Mobile,Kolkata,0,74,171.45,1421,0,6,9,24,1,0.6201507816275964,1,69.61206253020771,High,1,True,HIGH
T100116,CUST7975,2023-06-18 04:34:00,2023-06-01,130.24,0,Legitimate,0.0,Grocery,Credit Card,POS,Mumbai,0,28,404.01,1427,4,6,6,18,1,0.6209811847981823,0,49.67849478385459,Medium,0,False,NO_ALERT
T100117,CUST7539,2024-01-28 04:56:00,2024-01-01,16.52,0,Legitimate,0.0,Fashion,Credit Card,Mobile,Chennai,0,59,405.83,1112,4,6,1,28,1,0.6190398623561876,1,69.52318898849501,High,1,True,HIGH
T100118,CUST1517,2023-07-17 13:56:00,2023-07-01,178.47,0,Legitimate,0.0,Food,PayPal,Mobile,Mumbai,0,73,355.54,323,13,0,7,17,0,0.2398593231556152,0,19.188745852449216,Low,0,False,NO_ALERT
T100119,CUST8363,2023-05-16 11:23:00,2023-05-01,62.01,0,Legitimate,0.0,Health,Credit Card,POS,Hyderabad,0,149,229.54,817,11,1,5,16,0,0.27466558177356876,0,21.9732465418855,Low,0,False,NO_ALERT
T100120,CUST6820,2023-07-09 18:48:00,2023-07-01,131.79,0,Legitimate,0.0,Entertainment,NetBanking,Desktop,Chennai,0,10,162.68,1899,18,6,7,9,1,0.3598989481972432,1,48.79191585577946,Medium,0,False,NO_ALERT
T100121,CUST8212,2023-07-04 13:41:00,2023-07-01,181.14,0,Legitimate,0.0,Fashion,UPI,POS,Mumbai,0,132,481.85,1841,13,1,7,4,0,0.27906539395323715,0,22.325231516258974,Low,0,False,NO_ALERT
T100122,CUST4467,2023-10-19 20:05:00,2023-10-01,30.62,0,Legitimate,0.0,Utilities,Debit Card,POS,Chennai,0,62,78.24,981,20,3,10,19,0,0.21919431907633768,0,17.535545526107015,Low,0,False,NO_ALERT
T100123,CUST2592,2023-10-13 04:56:00,2023-10-01,9.33,1,Fraudulent,9.33,Entertainment,Credit Card,Desktop,Hyderabad,0,132,31.44,898,4,4,10,13,0,0.7181214902206255,0,57.44971921765005,High,1,True,HIGH
T100124,CUST6576,2023-11-14 10:41:00,2023-11-01,20.69,0,Legitimate,0.0,Entertainment,Debit Card,Mobile,Pune,0,127,14.47,139,10,1,11,14,0,0.25303399024794754,0,20.242719219835806,Low,0,False,NO_ALERT
T100125,CUST2528,2023-06-19 17:23:00,2023-06-01,44.56,0,Legitimate,0.0,Electronics,Credit Card,POS,Kolkata,0,6,389.76,1595,17,0,6,19,0,0.25946695046717777,0,20.757356037374223,Low,0,False,NO_ALERT
T100126,CUST1719,2023-05-05 02:58:00,2023-05-01,136.31,0,Legitimate,0.0,Electronics,UPI,Desktop,Chennai,0,80,37.79,136,2,4,5,5,0,0.6017426601702656,1,68.13941281362125,High,1,True,HIGH
T100127,CUST7173,2023-03-25 15:32:00,2023-03-01,157.71,0,Legitimate,0.0,Food,NetBanking,Desktop,Kolkata,0,72,273.94,1042,15,5,3,25,1,0.2137839898114959,0,17.102719184919675,Low,0,False,NO_ALERT
T100128,CUST4829,2023-12-15 23:14:00,2023-12-01,0.56,0,Legitimate,0.0,Health,UPI,Mobile,Kolkata,0,16,189.97,326,23,4,12,15,0,0.17847706731192164,0,14.278165384953732,Low,0,False,NO_ALERT
T100129,CUST6110,2023-02-04 21:50:00,2023-02-01,57.19,0,Legitimate,0.0,Health,Debit Card,Desktop,Pune,0,38,81.98,1905,21,5,2,4,1,0.2705322361710348,1,41.64257889368278,Medium,0,False,NO_ALERT
T100130,CUST5005,2023-09-22 20:59:00,2023-09-01,43.22,0,Legitimate,0.0,Health,Credit Card,Mobile,Hyderabad,0,177,372.89,868,20,4,9,22,0,0.23574439421682192,0,18.859551537345755,Low,0,False,NO_ALERT
T100131,CUST6566,2023-11-26 08:03:00,2023-11-01,20.09,0,Legitimate,0.0,Grocery,Debit Card,POS,Chennai,0,189,36.95,1884,8,6,11,26,1,0.2607631199483133,0,20.861049595865065,Low,0,False,NO_ALERT
T100132,CUST6348,2024-01-09 19:08:00,2024-01-01,10.21,0,Legitimate,0.0,Fashion,NetBanking,Desktop,Chennai,0,65,166.01,1148,19,1,1,9,0,0.20134262858346064,0,16.10741028667685,Low,0,False,NO_ALERT
T100133,CUST3810,2023-03-08 20:01:00,2023-03-01,32.95,0,Legitimate,0.0,Health,UPI,POS,Pune,0,126,285.47,1850,20,2,3,8,0,0.21336144253735367,0,17.068915402988292,Low,0,False,NO_ALERT
T100134,CUST2593,2023-09-10 11:10:00,2023-09-01,229.05,0,Legitimate,0.0,Fashion,Debit Card,Desktop,Delhi,0,83,207.18,1772,11,6,9,10,1,0.2291365707851937,0,18.3309256628155,Low,0,False,NO_ALERT
T100135,CUST1395,2023-02-28 00:53:00,2023-02-01,31.23,0,Legitimate,0.0,Food,Debit Card,Desktop,Pune,0,178,136.98,1014,0,1,2,28,0,0.6226738590275231,0,49.81390872220186,Medium,0,False,NO_ALERT
T100136,CUST3107,2023-11-23 06:56:00,2023-11-01,58.52,0,Legitimate,0.0,Entertainment,NetBanking,POS,Pune,1,17,463.74,874,6,3,11,23,0,0.5527585021113189,0,44.22068016890552,Medium,0,False,NO_ALERT
T100137,CUST6424,2023-06-16 00:02:00,2023-06-01,97.13,0,Legitimate,0.0,Health,Credit Card,Desktop,Pune,0,113,466.18,1737,0,4,6,16,0,0.609595887467367,0,48.76767099738937,Medium,0,False,NO_ALERT
T100138,CUST2117,2023-01-11 18:28:00,2023-01-01,36.16,0,Legitimate,0.0,Food,Debit Card,POS,Hyderabad,1,156,213.89,1525,18,2,1,11,0,0.6607944474886106,0,52.86355579908886,High,1,True,HIGH
T100139,CUST5188,2023-01-22 18:03:00,2023-01-01,285.42,1,Fraudulent,285.42,Health,NetBanking,POS,Bengaluru,0,172,202.93,108,18,6,1,22,1,0.4599120947408462,0,36.792967579267696,Medium,0,False,NO_ALERT
T100140,CUST1053,2024-01-31 11:21:00,2024-01-01,262.56,0,Legitimate,0.0,Electronics,Credit Card,Mobile,Pune,0,140,160.62,1303,11,2,1,31,0,0.20898408614333971,0,16.718726891467178,Low,0,False,NO_ALERT
T100141,CUST8610,2023-06-08 05:21:00,2023-06-01,23.2,1,Fraudulent,23.2,Travel,Credit Card,POS,Chennai,0,70,429.32,759,5,3,6,8,0,0.6871818083638908,0,54.97454466911127,High,1,True,HIGH
T100142,CUST2842,2023-09-23 19:24:00,2023-09-01,55.01,0,Legitimate,0.0,Food,UPI,Mobile,Mumbai,0,71,288.28,368,19,5,9,23,1,0.23044284438545934,0,18.435427550836746,Low,0,False,NO_ALERT
T100143,CUST7187,2023-02-14 01:22:00,2023-02-01,28.63,0,Legitimate,0.0,Health,NetBanking,POS,Delhi,0,131,53.87,86,1,1,2,14,0,0.5736170634884455,0,45.889365079075645,Medium,0,False,NO_ALERT
T100144,CUST2644,2023-02-08 07:54:00,2023-02-01,26.82,0,Legitimate,0.0,Utilities,Credit Card,Desktop,Pune,0,49,428.13,949,7,2,2,8,0,0.27406933641359554,0,21.925546913087643,Low,0,False,NO_ALERT
T100145,CUST7560,2024-01-29 10:47:00,2024-01-01,3.01,0,Legitimate,0.0,Travel,UPI,POS,Pune,1,21,272.09,176,10,0,1,29,0,0.5350713398695399,1,62.80570718956319,High,1,True,HIGH
T100146,CUST9228,2023-10-23 13:50:00,2023-10-01,75.24,0,Legitimate,0.0,Food,PayPal,Desktop,Delhi,0,136,213.64,775,13,0,10,23,0,0.24840618173976656,0,19.872494539181325,Low,0,False,NO_ALERT
T100147,CUST6253,2023-10-09 17:52:00,2023-10-01,55.88,0,Legitimate,0.0,Utilities,NetBanking,Mobile,Pune,0,64,175.55,1070,17,0,10,9,0,0.19775520272812763,0,15.82041621825021,Low,0,False,NO_ALERT
T100148,CUST1301,2023-12-31 03:06:00,2023-12-01,4.23,0,Legitimate,0.0,Utilities,PayPal,Desktop,Chennai,0,187,58.72,397,3,6,12,31,1,0.5028554285676489,0,40.22843428541191,Medium,0,False,NO_ALERT
T100149,CUST6382,2023-01-15 11:37:00,2023-01-01,26.13,1,Fraudulent,26.13,Grocery,Credit Card,POS,Bengaluru,1,158,478.78,738,11,6,1,15,1,0.7256011635984412,1,78.04809308787529,Critical,1,True,CRITICAL
T100150,CUST8606,2023-10-20 15:27:00,2023-10-01,191.11,0,Legitimate,0.0,Utilities,NetBanking,Desktop,Pune,0,32,373.21,1242,15,4,10,20,0,0.1910334411264976,0,15.282675290119807,Low,0,False,NO_ALERT
T100151,CUST3106,2023-10-31 16:26:00,2023-10-01,21.91,0,Legitimate,0.0,Health,UPI,Mobile,Delhi,0,20,74.57,1697,16,1,10,31,0,0.2385964623529874,0,19.08771698823899,Low,0,False,NO_ALERT
T100152,CUST1013,2023-01-04 09:48:00,2023-01-01,12.52,0,Legitimate,0.0,Grocery,Credit Card,Desktop,Pune,0,16,260.52,277,9,2,1,4,0,0.22750132973055565,0,18.200106378444453,Low,0,False,NO_ALERT
T100153,CUST2851,2023-11-16 09:00:00,2023-11-01,53.78,0,Legitimate,0.0,Electronics,NetBanking,Desktop,Hyderabad,0,153,282.23,179,9,3,11,16,0,0.21098999157764875,0,16.8791993262119,Low,0,False,NO_ALERT
T100154,CUST8670,2023-06-11 13:25:00,2023-06-01,339.52,0,Legitimate,0.0,Health,NetBanking,POS,Chennai,1,60,92.27,743,13,6,6,11,1,0.5756029745556842,1,66.04823796445474,High,1,True,HIGH
T100155,CUST6712,2023-07-09 17:36:00,2023-07-01,22.17,0,Legitimate,0.0,Entertainment,PayPal,POS,Chennai,0,173,219.34,1266,17,6,7,9,1,0.25060153246051403,0,20.048122596841125,Low,0,False,NO_ALERT
T100156,CUST1960,2023-07-29 13:16:00,2023-07-01,89.21,0,Legitimate,0.0,Utilities,Credit Card,Desktop,Bengaluru,0,137,326.42,246,13,5,7,29,1,0.24874302742644158,0,19.899442194115327,Low,0,False,NO_ALERT
T100157,CUST4233,2023-01-23 13:06:00,2023-01-01,114.71,0,Legitimate,0.0,Electronics,UPI,Mobile,Hyderabad,0,179,149.17,1059,13,0,1,23,0,0.17657412629934144,0,14.125930103947315,Low,0,False,NO_ALERT
T100158,CUST3430,2023-08-16 13:36:00,2023-08-01,21.71,0,Legitimate,0.0,Travel,UPI,Desktop,Hyderabad,0,103,172.49,699,13,2,8,16,0,0.2304211571280899,0,18.433692570247192,Low,0,False,NO_ALERT
T100159,CUST8613,2023-02-16 22:05:00,2023-02-01,104.22,0,Legitimate,0.0,Food,Credit Card,Mobile,Bengaluru,0,61,69.79,890,22,3,2,16,0,0.2407679258150757,0,19.261434065206057,Low,0,False,NO_ALERT
T100160,CUST3543,2023-06-23 15:00:00,2023-06-01,36.68,0,Legitimate,0.0,Utilities,Credit Card,Mobile,Kolkata,0,168,212.49,1640,15,4,6,23,0,0.2138393143684202,0,17.10714514947362,Low,0,False,NO_ALERT
T100161,CUST3907,2023-04-29 09:04:00,2023-04-01,80.04,0,Legitimate,0.0,Fashion,Debit Card,Mobile,Kolkata,0,104,296.09,1448,9,5,4,29,1,0.24571002484305168,0,19.656801987444137,Low,0,False,NO_ALERT
T100162,CUST3077,2024-02-01 19:28:00,2024-02-01,80.31,1,Fraudulent,80.31,Electronics,PayPal,Desktop,Mumbai,0,61,67.1,1816,19,3,2,1,0,0.38113126641412187,0,30.49050131312975,Medium,0,False,NO_ALERT
T100163,CUST8868,2023-12-15 04:06:00,2023-12-01,61.39,0,Legitimate,0.0,Fashion,Credit Card,Mobile,Kolkata,0,195,311.24,333,4,4,12,15,0,0.5594092753088081,0,44.75274202470465,Medium,0,False,NO_ALERT
T100164,CUST1337,2023-10-06 21:56:00,2023-10-01,7.57,0,Legitimate,0.0,Utilities,Credit Card,Desktop,Pune,0,76,204.92,1611,21,4,10,6,0,0.20815573040902255,0,16.652458432721804,Low,0,False,NO_ALERT
T100165,CUST2865,2023-07-04 10:17:00,2023-07-01,144.29,0,Legitimate,0.0,Fashion,Debit Card,Mobile,Hyderabad,1,15,342.31,1464,10,1,7,4,0,0.5623773705460612,0,44.9901896436849,Medium,0,False,NO_ALERT
T100166,CUST8881,2024-02-02 12:47:00,2024-02-01,30.94,0,Legitimate,0.0,Utilities,Debit Card,Mobile,Mumbai,1,181,164.27,432,12,4,2,2,0,0.5821966980489788,0,46.5757358439183,Medium,0,False,NO_ALERT
T100167,CUST8655,2023-08-15 16:37:00,2023-08-01,16.51,0,Legitimate,0.0,Food,NetBanking,Desktop,Mumbai,0,132,288.56,1907,16,1,8,15,0,0.23157465946789935,0,18.525972757431948,Low,0,False,NO_ALERT
T100168,CUST5969,2023-10-04 03:02:00,2023-10-01,3.33,1,Fraudulent,3.33,Travel,UPI,POS,Chennai,0,151,310.27,889,3,2,10,4,0,0.6980438279414178,0,55.843506235313434,High,1,True,HIGH
T100169,CUST6891,2023-02-15 13:18:00,2023-02-01,71.5,0,Legitimate,0.0,Food,PayPal,POS,Pune,0,155,348.35,1880,13,2,2,15,0,0.23362670962700252,0,18.690136770160205,Low,0,False,NO_ALERT
T100170,CUST7166,2023-09-21 21:20:00,2023-09-01,90.55,0,Legitimate,0.0,Health,NetBanking,Desktop,Chennai,0,103,380.9,409,21,3,9,21,0,0.19128624303245545,0,15.302899442596436,Low,0,False,NO_ALERT
T100171,CUST5317,2023-01-20 12:10:00,2023-01-01,1.34,0,Legitimate,0.0,Electronics,Credit Card,Desktop,Delhi,0,165,76.81,481,12,4,1,20,0,0.1451768938421799,0,11.614151507374395,Low,0,False,NO_ALERT
T100172,CUST5506,2023-10-02 11:15:00,2023-10-01,57.41,0,Legitimate,0.0,Fashion,Debit Card,POS,Kolkata,0,171,482.97,1282,11,0,10,2,0,0.299877800226044,0,23.99022401808352,Low,0,False,NO_ALERT
T100173,CUST8045,2023-04-30 00:35:00,2023-04-01,20.55,1,Fraudulent,20.55,Food,UPI,POS,Chennai,0,165,423.39,723,0,6,4,30,1,0.6855716655197783,0,54.845733241582266,High,1,True,HIGH
T100174,CUST5672,2023-10-12 21:01:00,2023-10-01,82.89,0,Legitimate,0.0,Utilities,NetBanking,POS,Hyderabad,0,157,285.54,1558,21,3,10,12,0,0.22075915413915437,0,17.660732331132348,Low,0,False,NO_ALERT
T100175,CUST3844,2023-05-07 16:01:00,2023-05-01,15.33,0,Legitimate,0.0,Food,UPI,Desktop,Hyderabad,0,157,446.28,1648,16,6,5,7,1,0.20780996737405044,0,16.624797389924037,Low,0,False,NO_ALERT
T100176,CUST9755,2023-09-02 21:45:00,2023-09-01,93.94,0,Legitimate,0.0,Food,Debit Card,Mobile,Pune,0,177,197.39,174,21,5,9,2,1,0.24727924386648006,0,19.782339509318405,Low,0,False,NO_ALERT
T100177,CUST2824,2023-07-17 10:48:00,2023-07-01,39.12,0,Legitimate,0.0,Electronics,NetBanking,Desktop,Mumbai,0,75,26.8,79,10,0,7,17,0,0.22285853644789813,0,17.828682915831852,Low,0,False,NO_ALERT
T100178,CUST1659,2023-01-09 10:11:00,2023-01-01,220.83,0,Legitimate,0.0,Travel,NetBanking,POS,Hyderabad,0,179,366.25,1477,10,0,1,9,0,0.23589787174172083,0,18.871829739337667,Low,0,False,NO_ALERT
T100179,CUST8648,2023-11-12 10:58:00,2023-11-01,11.84,0,Legitimate,0.0,Entertainment,UPI,Mobile,Kolkata,0,178,472.24,1153,10,6,11,12,1,0.24140506327606456,0,19.312405062085165,Low,0,False,NO_ALERT
T100180,CUST6557,2023-09-01 03:57:00,2023-09-01,33.37,0,Legitimate,0.0,Food,Debit Card,Desktop,Chennai,0,28,89.31,372,3,4,9,1,0,0.633684999667428,0,50.69479997339424,High,1,True,HIGH
T100181,CUST2416,2023-06-03 13:46:00,2023-06-01,9.64,0,Legitimate,0.0,Electronics,Credit Card,POS,Kolkata,0,74,325.5,911,13,5,6,3,1,0.24664888678222763,0,19.73191094257821,Low,0,False,NO_ALERT
T100182,CUST9621,2023-06-28 14:31:00,2023-06-01,206.9,0,Legitimate,0.0,Fashion,NetBanking,Desktop,Chennai,0,133,408.58,1785,14,2,6,28,0,0.22591466929934043,0,18.073173543947235,Low,0,False,NO_ALERT
T100183,CUST8837,2023-11-04 02:51:00,2023-11-01,167.87,0,Legitimate,0.0,Utilities,Credit Card,Mobile,Pune,0,125,453.48,1704,2,5,11,4,1,0.5901702521826112,0,47.2136201746089,Medium,0,False,NO_ALERT
T100184,CUST7664,2023-05-09 10:51:00,2023-05-01,23.87,0,Legitimate,0.0,Health,Debit Card,POS,Kolkata,0,56,145.5,919,10,1,5,9,0,0.2168291476230836,0,17.34633180984669,Low,0,False,NO_ALERT
T100185,CUST2000,2023-12-23 09:17:00,2023-12-01,86.3,0,Legitimate,0.0,Entertainment,NetBanking,Desktop,Chennai,0,64,73.08,1579,9,5,12,23,1,0.1680448405865835,0,13.44358724692668,Low,0,False,NO_ALERT
T100186,CUST4345,2023-11-28 01:11:00,2023-11-01,135.96,1,Fraudulent,135.96,Grocery,NetBanking,Mobile,Kolkata,1,127,131.45,1066,1,1,11,28,0,0.8445681553034265,0,67.56545242427413,High,1,True,HIGH
T100187,CUST2661,2023-01-24 20:24:00,2023-01-01,64.81,0,Legitimate,0.0,Entertainment,Credit Card,Mobile,Bengaluru,0,121,293.08,1909,20,1,1,24,0,0.25984445061515765,0,20.78755604921261,Low,0,False,NO_ALERT
T100188,CUST3265,2024-01-16 06:25:00,2024-01-01,60.34,0,Legitimate,0.0,Utilities,PayPal,Desktop,Pune,0,89,460.18,791,6,1,1,16,0,0.25782763279252896,0,20.62621062340232,Low,0,False,NO_ALERT
T100189,CUST5718,2023-06-14 01:44:00,2023-06-01,22.15,0,Legitimate,0.0,Entertainment,Credit Card,Mobile,Pune,0,17,295.44,877,1,2,6,14,0,0.6367593499272154,0,50.94074799417723,High,1,True,HIGH
T100190,CUST6128,2023-08-23 22:40:00,2023-08-01,7.82,0,Legitimate,0.0,Utilities,Credit Card,POS,Hyderabad,0,97,460.61,953,22,2,8,23,0,0.21756394065805687,0,17.40511525264455,Low,0,False,NO_ALERT
T100191,CUST6586,2023-10-19 08:09:00,2023-10-01,182.01,0,Legitimate,0.0,Electronics,PayPal,Mobile,Pune,0,55,387.32,1225,8,3,10,19,0,0.18535635377592413,0,14.828508302073931,Low,0,False,NO_ALERT
T100192,CUST5130,2023-11-08 11:38:00,2023-11-01,184.54,0,Legitimate,0.0,Grocery,Debit Card,Desktop,Delhi,0,137,303.21,1542,11,2,11,8,0,0.24136363161003646,0,19.30909052880292,Low,0,False,NO_ALERT
T100193,CUST8087,2023-07-25 23:48:00,2023-07-01,80.21,0,Legitimate,0.0,Food,Debit Card,POS,Hyderabad,0,196,20.68,1884,23,1,7,25,0,0.25156252722028005,1,40.125002177622406,Medium,0,False,NO_ALERT
T100194,CUST2015,2024-02-11 01:55:00,2024-02-01,33.12,0,Legitimate,0.0,Food,NetBanking,Mobile,Hyderabad,0,110,173.21,1412,1,6,2,11,1,0.6219752585564755,0,49.758020684518044,Medium,0,False,NO_ALERT
T100195,CUST4220,2023-02-19 01:58:00,2023-02-01,34.37,0,Legitimate,0.0,Entertainment,UPI,Mobile,Kolkata,0,16,38.16,1159,1,6,2,19,1,0.5925476559863142,0,47.40381247890514,Medium,0,False,NO_ALERT
T100196,CUST4645,2023-12-01 22:40:00,2023-12-01,103.56,0,Legitimate,0.0,Electronics,UPI,POS,Bengaluru,0,144,167.9,218,22,4,12,1,0,0.20546670295244027,0,16.43733623619522,Low,0,False,NO_ALERT
T100197,CUST4509,2023-11-24 09:14:00,2023-11-01,181.93,0,Legitimate,0.0,Grocery,NetBanking,POS,Hyderabad,0,13,40.54,1582,9,4,11,24,0,0.3220012221803147,1,45.76009777442518,Medium,0,False,NO_ALERT
T100198,CUST8746,2023-02-12 02:33:00,2023-02-01,174.49,1,Fraudulent,174.49,Food,UPI,Mobile,Mumbai,0,78,92.23,1103,2,6,2,12,1,0.6967777648730739,0,55.74222118984591,High,1,True,HIGH
T100199,CUST7751,2023-01-13 18:21:00,2023-01-01,121.08,1,Fraudulent,121.08,Fashion,Credit Card,POS,Chennai,1,85,211.24,1302,18,4,1,13,0,0.7141613807497934,1,77.13291045998348,Critical,1,True,CRITICAL
T100200,CUST3184,2023-08-10 02:10:00,2023-08-01,82.18,0,Legitimate,0.0,Travel,Credit Card,Desktop,Chennai,0,73,262.29,439,2,3,8,10,0,0.6610829130751658,0,52.886633046013266,High,1,True,HIGH
T100201,CUST9448,2023-03-25 17:01:00,2023-03-01,7.03,0,Legitimate,0.0,Travel,PayPal,Mobile,Pune,0,191,116.4,1444,17,5,3,25,1,0.1961912815576741,0,15.695302524613929,Low,0,False,NO_ALERT
T100202,CUST4394,2023-05-05 06:21:00,2023-05-01,14.1,0,Legitimate,0.0,Food,PayPal,Desktop,Kolkata,0,119,368.96,1432,6,4,5,5,0,0.24839935473803798,0,19.87194837904304,Low,0,False,NO_ALERT
T100203,CUST4397,2023-07-03 05:52:00,2023-07-01,183.06,0,Legitimate,0.0,Grocery,NetBanking,Mobile,Bengaluru,0,169,299.28,256,5,0,7,3,0,0.581551729809506,0,46.52413838476048,Medium,0,False,NO_ALERT
T100204,CUST6414,2023-12-12 10:25:00,2023-12-01,74.6,0,Legitimate,0.0,Health,NetBanking,Desktop,Chennai,0,181,348.96,1644,10,1,12,12,0,0.21971525318261403,0,17.577220254609124,Low,0,False,NO_ALERT
T100205,CUST2097,2023-10-21 13:19:00,2023-10-01,0.74,0,Legitimate,0.0,Food,NetBanking,Desktop,Mumbai,0,68,369.06,1837,13,5,10,21,1,0.19718661141734872,0,15.7749289133879,Low,0,False,NO_ALERT
T100206,CUST1275,2023-11-11 06:37:00,2023-11-01,8.56,0,Legitimate,0.0,Health,Credit Card,POS,Bengaluru,0,74,366.19,242,6,5,11,11,1,0.2667842883732571,0,21.342743069860568,Low,0,False,NO_ALERT
T100207,CUST8197,2023-12-03 13:56:00,2023-12-01,87.13,0,Legitimate,0.0,Health,UPI,Mobile,Delhi,1,99,468.75,1582,13,6,12,3,1,0.6411804621311203,1,71.29443697048964,High,1,True,HIGH
T100208,CUST8499,2023-07-03 14:07:00,2023-07-01,0.41,0,Legitimate,0.0,Utilities,NetBanking,POS,Chennai,0,117,126.24,1034,14,0,7,3,0,0.18491449223890324,0,14.79315937911226,Low,0,False,NO_ALERT
T100209,CUST3856,2023-11-30 20:33:00,2023-11-01,14.03,0,Legitimate,0.0,Utilities,NetBanking,POS,Hyderabad,0,137,142.38,1399,20,3,11,30,0,0.19415053578660782,0,15.532042862928627,Low,0,False,NO_ALERT
T100210,CUST5517,2023-10-09 15:20:00,2023-10-01,63.66,0,Legitimate,0.0,Grocery,Credit Card,Mobile,Mumbai,0,179,56.16,448,15,0,10,9,0,0.22538410434784928,0,18.030728347827942,Low,0,False,NO_ALERT
T100211,CUST4511,2023-05-11 10:36:00,2023-05-01,94.19,0,Legitimate,0.0,Health,Credit Card,Desktop,Kolkata,0,176,300.37,1816,10,3,5,11,0,0.24780592199622956,0,19.824473759698364,Low,0,False,NO_ALERT
T100212,CUST7566,2023-05-02 11:31:00,2023-05-01,84.44,0,Legitimate,0.0,Fashion,Credit Card,Mobile,Kolkata,0,177,203.64,1905,11,1,5,2,0,0.26959184109922996,0,21.567347287938397,Low,0,False,NO_ALERT
T100213,CUST2864,2023-09-02 01:03:00,2023-09-01,20.32,1,Fraudulent,20.32,Grocery,UPI,Mobile,Mumbai,0,146,253.14,1137,1,5,9,2,1,0.6813450968265025,0,54.5076077461202,High,1,True,HIGH
T100214,CUST2359,2023-10-11 00:14:00,2023-10-01,99.63,0,Legitimate,0.0,Food,NetBanking,Mobile,Chennai,0,138,93.21,948,0,2,10,11,0,0.6211421288587367,0,49.691370308698936,Medium,0,False,NO_ALERT
T100215,CUST7358,2023-09-16 19:44:00,2023-09-01,21.67,1,Fraudulent,21.67,Entertainment,Debit Card,POS,Pune,1,115,328.04,1250,19,5,9,16,1,0.7718092928298578,0,61.744743426388624,High,1,True,HIGH
T100216,CUST2591,2023-08-09 13:06:00,2023-08-01,31.49,0,Legitimate,0.0,Fashion,Debit Card,Mobile,Delhi,0,54,313.32,806,13,2,8,9,0,0.22784479197028595,0,18.227583357622876,Low,0,False,NO_ALERT
T100217,CUST7815,2024-02-03 15:02:00,2024-02-01,109.79,0,Legitimate,0.0,Electronics,NetBanking,Mobile,Hyderabad,0,79,139.74,1583,15,5,2,3,1,0.17698361166729173,0,14.15868893338334,Low,0,False,NO_ALERT
T100218,CUST9660,2023-02-08 06:41:00,2023-02-01,83.9,0,Legitimate,0.0,Travel,NetBanking,Mobile,Delhi,0,15,238.05,250,6,2,2,8,0,0.24820880266820528,0,19.856704213456425,Low,0,False,NO_ALERT
T100219,CUST7898,2023-02-14 16:32:00,2023-02-01,151.36,0,Legitimate,0.0,Food,NetBanking,Desktop,Delhi,0,139,448.21,1896,16,1,2,14,0,0.19893218213724928,0,15.914574570979944,Low,0,False,NO_ALERT
T100220,CUST4229,2024-01-08 08:00:00,2024-01-01,85.75,0,Legitimate,0.0,Food,NetBanking,Desktop,Chennai,0,168,389.01,1800,8,0,1,8,0,0.21754384410931255,0,17.403507528745006,Low,0,False,NO_ALERT
T100221,CUST5860,2023-11-17 13:52:00,2023-11-01,67.2,0,Legitimate,0.0,Food,UPI,Desktop,Hyderabad,0,118,121.2,205,13,4,11,17,0,0.19433527680788526,0,15.546822144630822,Low,0,False,NO_ALERT
T100222,CUST8215,2023-03-25 07:28:00,2023-03-01,7.87,0,Legitimate,0.0,Fashion,Debit Card,Desktop,Chennai,0,112,440.64,613,7,5,3,25,1,0.20792776163631466,0,16.634220930905173,Low,0,False,NO_ALERT
T100223,CUST3148,2023-01-14 20:42:00,2023-01-01,36.67,0,Legitimate,0.0,Electronics,PayPal,POS,Chennai,0,106,42.98,1656,20,5,1,14,1,0.19501189198742053,0,15.600951358993644,Low,0,False,NO_ALERT
T100224,CUST5486,2023-12-06 06:28:00,2023-12-01,24.65,0,Legitimate,0.0,Entertainment,Debit Card,POS,Pune,0,105,212.82,1375,6,2,12,6,0,0.26772160122088506,0,21.417728097670807,Low,0,False,NO_ALERT
T100225,CUST6535,2023-07-05 03:15:00,2023-07-01,22.38,0,Legitimate,0.0,Grocery,Debit Card,Mobile,Mumbai,0,47,49.26,564,3,2,7,5,0,0.6238792080259722,0,49.91033664207778,Medium,0,False,NO_ALERT
T100226,CUST7532,2023-07-11 19:51:00,2023-07-01,288.98,0,Legitimate,0.0,Utilities,Credit Card,POS,Kolkata,0,118,462.86,754,19,1,7,11,0,0.25766386918472867,0,20.613109534778296,Low,0,False,NO_ALERT
T100227,CUST7168,2023-10-09 16:14:00,2023-10-01,39.95,0,Legitimate,0.0,Electronics,NetBanking,Desktop,Pune,0,126,29.94,1447,16,0,10,9,0,0.17705235593552637,0,14.16418847484211,Low,0,False,NO_ALERT
T100228,CUST6111,2023-11-17 18:12:00,2023-11-01,178.08,0,Legitimate,0.0,Fashion,NetBanking,Mobile,Kolkata,0,148,84.11,1859,18,4,11,17,0,0.15809163105791127,0,12.647330484632903,Low,0,False,NO_ALERT
T100229,CUST4828,2023-07-03 16:16:00,2023-07-01,79.79,0,Legitimate,0.0,Food,NetBanking,Mobile,Pune,0,98,458.37,1693,16,0,7,3,0,0.22769581013219015,0,18.215664810575213,Low,0,False,NO_ALERT
T100230,CUST1325,2023-05-02 14:52:00,2023-05-01,126.71,0,Legitimate,0.0,Travel,Credit Card,Desktop,Chennai,0,150,295.26,1624,14,1,5,2,0,0.27612747554702394,0,22.090198043761916,Low,0,False,NO_ALERT
T100231,CUST6576,2023-06-12 19:55:00,2023-06-01,55.87,0,Legitimate,0.0,Food,UPI,Desktop,Pune,0,48,399.64,353,19,0,6,12,0,0.23601149438278982,0,18.880919550623187,Low,0,False,NO_ALERT
T100232,CUST8641,2023-06-20 00:47:00,2023-06-01,68.81,1,Fraudulent,68.81,Grocery,UPI,Desktop,Kolkata,1,82,18.04,114,0,1,6,20,0,0.8741094809505422,1,89.92875847604338,Critical,1,True,CRITICAL
T100233,CUST1503,2023-05-01 19:45:00,2023-05-01,54.26,0,Legitimate,0.0,Health,PayPal,POS,Pune,0,16,215.36,1049,19,0,5,1,0,0.27201835367053506,0,21.761468293642807,Low,0,False,NO_ALERT
T100234,CUST4462,2023-12-05 10:19:00,2023-12-01,17.38,0,Legitimate,0.0,Travel,UPI,Mobile,Bengaluru,0,133,492.39,1794,10,1,12,5,0,0.2367857015601448,0,18.942856124811584,Low,0,False,NO_ALERT
T100235,CUST1110,2023-10-15 03:02:00,2023-10-01,102.54,0,Legitimate,0.0,Food,UPI,Desktop,Hyderabad,0,193,294.11,916,3,6,10,15,1,0.5593575565732481,0,44.748604525859854,Medium,0,False,NO_ALERT
T100236,CUST7848,2023-04-28 23:44:00,2023-04-01,26.37,0,Legitimate,0.0,Entertainment,NetBanking,Mobile,Mumbai,0,74,426.34,1480,23,4,4,28,0,0.2534744471677786,0,20.277955773422292,Low,0,False,NO_ALERT
T100237,CUST6375,2023-07-14 22:25:00,2023-07-01,1.97,0,Legitimate,0.0,Travel,Debit Card,Mobile,Kolkata,0,21,482.14,1321,22,4,7,14,0,0.21931306020401015,0,17.54504481632081,Low,0,False,NO_ALERT
T100238,CUST6255,2023-08-06 10:36:00,2023-08-01,82.96,0,Legitimate,0.0,Health,UPI,POS,Hyderabad,0,61,345.67,141,10,6,8,6,1,0.2165079999766513,0,17.320639998132105,Low,0,False,NO_ALERT
T100239,CUST3364,2024-02-02 06:25:00,2024-02-01,15.59,0,Legitimate,0.0,Utilities,UPI,Mobile,Mumbai,0,183,170.54,657,6,4,2,2,0,0.2619419179255086,0,20.95535343404069,Low,0,False,NO_ALERT
T100240,CUST2663,2023-09-22 03:58:00,2023-09-01,225.69,0,Legitimate,0.0,Electronics,Credit Card,Desktop,Bengaluru,0,24,161.22,978,3,4,9,22,0,0.46350811983064666,0,37.080649586451734,Medium,0,False,NO_ALERT
T100241,CUST7253,2023-12-26 18:57:00,2023-12-01,246.2,0,Legitimate,0.0,Fashion,PayPal,Desktop,Chennai,0,23,44.93,779,18,1,12,26,0,0.2628054611347365,1,41.02443689077892,Medium,0,False,NO_ALERT
T100242,CUST8521,2023-10-17 00:47:00,2023-10-01,197.08,1,Fraudulent,197.08,Utilities,Credit Card,Mobile,Kolkata,0,87,219.61,1451,0,1,10,17,0,0.679640985741862,0,54.37127885934897,High,1,True,HIGH
T100243,CUST2184,2023-10-30 05:57:00,2023-10-01,36.98,0,Legitimate,0.0,Food,NetBanking,Mobile,Mumbai,0,139,458.54,81,5,0,10,30,0,0.5911488845068394,0,47.291910760547154,Medium,0,False,NO_ALERT
T100244,CUST2827,2023-01-17 15:48:00,2023-01-01,1.25,0,Legitimate,0.0,Grocery,Debit Card,POS,Mumbai,0,175,244.25,113,15,1,1,17,0,0.20431753693753396,0,16.34540295500272,Low,0,False,NO_ALERT
T100245,CUST4652,2023-04-15 08:12:00,2023-04-01,210.84,0,Legitimate,0.0,Electronics,PayPal,Desktop,Mumbai,0,2,456.39,1676,8,5,4,15,1,0.28516944404072103,0,22.813555523257683,Low,0,False,NO_ALERT
T100246,CUST5462,2023-09-26 11:28:00,2023-09-01,44.72,0,Legitimate,0.0,Utilities,Credit Card,Desktop,Bengaluru,0,198,410.4,741,11,1,9,26,0,0.26680092803582606,0,21.344074242866085,Low,0,False,NO_ALERT
T100247,CUST8843,2023-12-29 21:25:00,2023-12-01,272.07,0,Legitimate,0.0,Food,UPI,Mobile,Hyderabad,0,53,492.25,760,21,4,12,29,0,0.23845954817784315,0,19.07676385422745,Low,0,False,NO_ALERT
T100248,CUST7446,2023-02-20 23:51:00,2023-02-01,265.1,0,Legitimate,0.0,Electronics,UPI,Mobile,Bengaluru,0,139,474.37,770,23,0,2,20,0,0.2276356579619667,0,18.210852636957338,Low,0,False,NO_ALERT
T100249,CUST3751,2023-05-28 23:04:00,2023-05-01,153.39,0,Legitimate,0.0,Utilities,PayPal,Mobile,Mumbai,0,15,356.18,858,23,6,5,28,1,0.2238230180982544,0,17.90584144786035,Low,0,False,NO_ALERT
T100250,CUST1036,2023-02-08 13:22:00,2023-02-01,27.9,0,Legitimate,0.0,Grocery,UPI,Desktop,Pune,0,140,436.9,454,13,2,2,8,0,0.2157239640344772,0,17.257917122758176,Low,0,False,NO_ALERT
T100251,CUST9258,2023-10-16 13:21:00,2023-10-01,38.9,0,Legitimate,0.0,Food,Credit Card,Mobile,Mumbai,1,122,376.56,1074,13,0,10,16,0,0.6517191798864882,0,52.13753439091906,High,1,True,HIGH
T100252,CUST6800,2023-07-30 21:37:00,2023-07-01,152.38,0,Legitimate,0.0,Health,Credit Card,POS,Pune,0,123,354.66,1741,21,6,7,30,1,0.22127667385719132,0,17.702133908575306,Low,0,False,NO_ALERT
T100253,CUST1016,2023-02-17 17:07:00,2023-02-01,30.49,0,Legitimate,0.0,Health,UPI,POS,Chennai,1,164,360.62,85,17,4,2,17,0,0.6593100085080417,0,52.74480068064334,High,1,True,HIGH
T100254,CUST1806,2023-12-29 17:09:00,2023-12-01,14.86,0,Legitimate,0.0,Grocery,UPI,Mobile,Bengaluru,0,92,363.31,1344,17,4,12,29,0,0.23119302365345315,0,18.495441892276254,Low,0,False,NO_ALERT
T100255,CUST1983,2023-12-13 04:09:00,2023-12-01,65.1,0,Legitimate,0.0,Travel,NetBanking,POS,Pune,0,23,195.92,841,4,2,12,13,0,0.6442967503423539,0,51.54374002738831,High,1,True,HIGH
T100256,CUST8208,2023-04-24 15:33:00,2023-04-01,220.1,0,Legitimate,0.0,Grocery,Debit Card,POS,Bengaluru,0,155,217.55,836,15,0,4,24,0,0.24624280961254066,0,19.699424769003254,Low,0,False,NO_ALERT
T100257,CUST7071,2023-02-22 14:32:00,2023-02-01,95.27,0,Legitimate,0.0,Travel,PayPal,POS,Delhi,0,88,154.09,1038,14,2,2,22,0,0.22075193316579755,0,17.660154653263806,Low,0,False,NO_ALERT
T100258,CUST3777,2023-08-05 08:44:00,2023-08-01,67.53,0,Legitimate,0.0,Food,Credit Card,POS,Hyderabad,0,142,82.65,684,8,5,8,5,1,0.22233930934167087,0,17.78714474733367,Low,0,False,NO_ALERT
T100259,CUST8697,2023-07-09 00:38:00,2023-07-01,8.18,1,Fraudulent,8.18,Utilities,PayPal,POS,Delhi,0,182,234.64,1036,0,6,7,9,1,0.6572505654546772,0,52.58004523637418,High,1,True,HIGH
T100260,CUST7302,2023-12-10 13:31:00,2023-12-01,76.36,0,Legitimate,0.0,Travel,NetBanking,Desktop,Pune,0,99,450.98,937,13,6,12,10,1,0.2131716093444809,0,17.053728747558473,Low,0,False,NO_ALERT
T100261,CUST6250,2023-05-15 04:10:00,2023-05-01,368.85,1,Fraudulent,368.85,Food,Credit Card,Mobile,Delhi,0,27,329.12,1426,4,0,5,15,0,0.7522066801044524,1,80.17653440835619,Critical,1,True,CRITICAL
T100262,CUST7728,2023-10-25 14:47:00,2023-10-01,12.07,0,Legitimate,0.0,Food,NetBanking,POS,Kolkata,0,21,37.53,1791,14,2,10,25,0,0.227472577948676,0,18.19780623589408,Low,0,False,NO_ALERT
T100263,CUST1957,2023-05-21 01:46:00,2023-05-01,58.44,0,Legitimate,0.0,Entertainment,NetBanking,Mobile,Hyderabad,0,49,407.49,37,1,6,5,21,1,0.5262540238431475,0,42.1003219074518,Medium,0,False,NO_ALERT
T100264,CUST3094,2023-08-01 05:29:00,2023-08-01,167.89,1,Fraudulent,167.89,Fashion,UPI,POS,Pune,0,190,468.35,153,5,1,8,1,0,0.6801286295117669,0,54.41029036094135,High,1,True,HIGH
T100265,CUST7749,2023-08-18 04:37:00,2023-08-01,108.0,0,Legitimate,0.0,Food,PayPal,Desktop,Chennai,0,44,416.42,1811,4,4,8,18,0,0.6220686313778655,0,49.76549051022924,Medium,0,False,NO_ALERT
T100266,CUST3974,2023-11-06 21:22:00,2023-11-01,95.53,0,Legitimate,0.0,Travel,PayPal,Desktop,Chennai,0,44,366.5,1154,21,0,11,6,0,0.2585514301207575,0,20.6841144096606,Low,0,False,NO_ALERT
T100267,CUST4792,2023-10-03 03:01:00,2023-10-01,96.98,0,Legitimate,0.0,Fashion,UPI,POS,Hyderabad,0,128,83.56,1019,3,1,10,3,0,0.576974888828333,0,46.15799110626665,Medium,0,False,NO_ALERT
T100268,CUST8944,2023-02-23 05:41:00,2023-02-01,35.64,1,Fraudulent,35.64,Fashion,PayPal,POS,Hyderabad,0,189,181.01,864,5,3,2,23,0,0.6355364272614729,0,50.84291418091783,High,1,True,HIGH
T100269,CUST5596,2024-01-21 07:49:00,2024-01-01,27.8,0,Legitimate,0.0,Food,UPI,POS,Pune,0,170,286.99,1915,7,6,1,21,1,0.23821323093328414,0,19.057058474662732,Low,0,False,NO_ALERT
T100270,CUST6969,2023-03-09 09:23:00,2023-03-01,132.59,0,Legitimate,0.0,Grocery,Credit Card,Desktop,Bengaluru,0,23,47.66,1146,9,3,3,9,0,0.30443617617598917,1,44.354894094079135,Medium,0,False,NO_ALERT
T100271,CUST7680,2023-03-07 09:45:00,2023-03-01,132.91,0,Legitimate,0.0,Grocery,NetBanking,Desktop,Kolkata,0,129,62.07,1438,9,1,3,7,0,0.1868525800743615,0,14.948206405948921,Low,0,False,NO_ALERT
T100272,CUST8834,2023-06-03 21:12:00,2023-06-01,161.44,0,Legitimate,0.0,Health,NetBanking,Mobile,Pune,0,125,467.78,795,21,5,6,3,1,0.20366264107326754,0,16.293011285861404,Low,0,False,NO_ALERT
T100273,CUST1271,2023-02-07 19:39:00,2023-02-01,195.57,0,Legitimate,0.0,Fashion,PayPal,Desktop,Bengaluru,0,36,354.32,1133,19,1,2,7,0,0.25859739211712485,0,20.68779136936999,Low,0,False,NO_ALERT
T100274,CUST7429,2023-03-20 10:09:00,2023-03-01,57.29,0,Legitimate,0.0,Food,Debit Card,POS,Bengaluru,0,55,144.79,1351,10,0,3,20,0,0.23545008533806983,0,18.836006827045587,Low,0,False,NO_ALERT
T100275,CUST3271,2023-11-01 15:35:00,2023-11-01,55.69,0,Legitimate,0.0,Entertainment,NetBanking,Mobile,Bengaluru,0,110,170.41,60,15,2,11,1,0,0.2501231453874505,0,20.009851630996042,Low,0,False,NO_ALERT
T100276,CUST6214,2023-04-27 01:11:00,2023-04-01,128.08,1,Fraudulent,128.08,Grocery,UPI,Desktop,Pune,0,16,198.37,407,1,3,4,27,0,0.7148891039532275,0,57.1911283162582,High,1,True,HIGH
T100277,CUST4287,2023-08-22 04:43:00,2023-08-01,83.98,0,Legitimate,0.0,Entertainment,Debit Card,Desktop,Mumbai,0,89,46.78,359,4,1,8,22,0,0.6010832785319292,0,48.08666228255434,Medium,0,False,NO_ALERT
T100278,CUST2451,2023-05-06 14:40:00,2023-05-01,96.84,0,Legitimate,0.0,Food,Debit Card,POS,Mumbai,0,18,372.2,1979,14,5,5,6,1,0.2523923961665244,0,20.191391693321954,Low,0,False,NO_ALERT
T100279,CUST2846,2024-02-04 08:15:00,2024-02-01,127.09,0,Legitimate,0.0,Food,NetBanking,Mobile,Chennai,0,38,96.65,1352,8,6,2,4,1,0.22509795168135185,1,38.00783613450815,Medium,0,False,NO_ALERT
T100280,CUST7941,2023-02-19 23:47:00,2023-02-01,176.59,0,Legitimate,0.0,Utilities,NetBanking,Desktop,Mumbai,0,195,404.51,311,23,6,2,19,1,0.2589876509562851,0,20.71901207650281,Low,0,False,NO_ALERT
T100281,CUST8399,2023-10-04 06:57:00,2023-10-01,33.0,0,Legitimate,0.0,Fashion,NetBanking,Desktop,Mumbai,0,20,424.48,1065,6,2,10,4,0,0.2669735304622197,0,21.35788243697758,Low,0,False,NO_ALERT
T100282,CUST8893,2024-01-01 08:18:00,2024-01-01,37.67,0,Legitimate,0.0,Utilities,UPI,POS,Bengaluru,0,19,322.83,668,8,0,1,1,0,0.29098628757399964,0,23.27890300591997,Low,0,False,NO_ALERT
T100283,CUST7825,2023-01-07 05:07:00,2023-01-01,7.9,1,Fraudulent,7.9,Entertainment,Debit Card,Mobile,Bengaluru,0,13,387.23,901,5,5,1,7,1,0.7211923778686176,0,57.69539022948941,High,1,True,HIGH
T100284,CUST8585,2023-08-31 14:26:00,2023-08-01,69.07,0,Legitimate,0.0,Utilities,PayPal,Mobile,Hyderabad,0,17,94.2,728,14,3,8,31,0,0.20655387960013039,0,16.52431036801043,Low,0,False,NO_ALERT
T100285,CUST9616,2023-11-27 14:20:00,2023-11-01,2.93,0,Legitimate,0.0,Health,UPI,Mobile,Bengaluru,0,30,292.21,98,14,0,11,27,0,0.24712148683129415,0,19.76971894650353,Low,0,False,NO_ALERT
T100286,CUST8015,2023-11-08 06:27:00,2023-11-01,50.13,0,Legitimate,0.0,Fashion,Credit Card,Mobile,Pune,0,43,341.63,870,6,2,11,8,0,0.2573292278213362,0,20.586338225706896,Low,0,False,NO_ALERT
T100287,CUST7060,2023-11-29 03:08:00,2023-11-01,62.58,0,Legitimate,0.0,Electronics,NetBanking,POS,Hyderabad,0,48,334.16,1576,3,2,11,29,0,0.5763458605528875,0,46.107668844231,Medium,0,False,NO_ALERT
T100288,CUST8619,2023-11-29 07:47:00,2023-11-01,27.01,0,Legitimate,0.0,Utilities,Debit Card,Desktop,Kolkata,0,43,67.47,1868,7,2,11,29,0,0.2188341055365573,0,17.506728442924583,Low,0,False,NO_ALERT
T100289,CUST9513,2023-10-04 04:13:00,2023-10-01,71.49,0,Legitimate,0.0,Entertainment,UPI,Desktop,Hyderabad,0,93,178.75,52,4,2,10,4,0,0.6367923671931743,0,50.94338937545395,High,1,True,HIGH
T100290,CUST7257,2023-08-11 21:32:00,2023-08-01,2.48,0,Legitimate,0.0,Grocery,Credit Card,Mobile,Mumbai,0,114,169.27,366,21,4,8,11,0,0.23729517066567551,0,18.983613653254043,Low,0,False,NO_ALERT
T100291,CUST1418,2023-04-08 07:17:00,2023-04-01,3.05,0,Legitimate,0.0,Grocery,UPI,Mobile,Bengaluru,0,66,290.54,456,7,5,4,8,1,0.21490267156142626,0,17.1922137249141,Low,0,False,NO_ALERT
T100292,CUST3048,2023-09-16 09:27:00,2023-09-01,138.35,0,Legitimate,0.0,Grocery,UPI,Mobile,Mumbai,0,119,384.97,874,9,5,9,16,1,0.23931946173134314,0,19.14555693850745,Low,0,False,NO_ALERT
T100293,CUST8599,2023-05-16 20:37:00,2023-05-01,35.73,0,Legitimate,0.0,Travel,PayPal,Desktop,Bengaluru,0,53,289.59,238,20,1,5,16,0,0.2618778938253765,0,20.95023150603012,Low,0,False,NO_ALERT
T100294,CUST5482,2023-05-21 03:55:00,2023-05-01,10.87,0,Legitimate,0.0,Food,PayPal,Desktop,Mumbai,0,72,379.87,244,3,6,5,21,1,0.6111080994803941,0,48.888647958431534,Medium,0,False,NO_ALERT
T100295,CUST8928,2023-05-10 14:49:00,2023-05-01,59.09,0,Legitimate,0.0,Fashion,UPI,Mobile,Kolkata,0,78,58.49,664,14,2,5,10,0,0.21854941803379088,0,17.48395344270327,Low,0,False,NO_ALERT
T100296,CUST7035,2023-07-04 14:44:00,2023-07-01,117.57,1,Fraudulent,117.57,Grocery,Credit Card,POS,Mumbai,0,162,440.29,452,14,1,7,4,0,0.38571659406790154,0,30.857327525432126,Medium,0,False,NO_ALERT
T100297,CUST1019,2023-01-03 15:07:00,2023-01-01,19.45,0,Legitimate,0.0,Electronics,Debit Card,Desktop,Mumbai,0,74,272.94,102,15,1,1,3,0,0.2187767020944652,0,17.502136167557218,Low,0,False,NO_ALERT
T100298,CUST6107,2023-04-25 23:57:00,2023-04-01,78.02,0,Legitimate,0.0,Grocery,Debit Card,Desktop,Pune,0,72,28.37,1775,23,1,4,25,0,0.2510000867415755,1,40.08000693932604,Medium,0,False,NO_ALERT
T100299,CUST2684,2023-06-10 08:05:00,2023-06-01,7.14,0,Legitimate,0.0,Health,NetBanking,Mobile,Kolkata,0,199,325.17,852,8,5,6,10,1,0.20919953271700745,0,16.735962617360595,Low,0,False,NO_ALERT
T100300,CUST5888,2023-08-16 09:01:00,2023-08-01,4.25,0,Legitimate,0.0,Food,NetBanking,POS,Chennai,0,13,263.5,815,9,2,8,16,0,0.18762003689745183,0,15.009602951796147,Low,0,False,NO_ALERT
T100301,CUST6977,2024-02-18 18:20:00,2024-02-01,60.63,0,Legitimate,0.0,Entertainment,Debit Card,Mobile,Kolkata,1,184,117.98,1659,18,6,2,18,1,0.5539879597012063,1,64.31903677609651,High,1,True,HIGH
T100302,CUST3293,2023-07-21 09:54:00,2023-07-01,62.23,0,Legitimate,0.0,Food,UPI,Mobile,Mumbai,0,59,384.57,967,9,4,7,21,0,0.23344511459397643,0,18.675609167518115,Low,0,False,NO_ALERT
T100303,CUST1484,2023-05-01 16:31:00,2023-05-01,81.16,0,Legitimate,0.0,Utilities,UPI,POS,Delhi,0,32,467.45,1801,16,0,5,1,0,0.24324741515753684,0,19.459793212602946,Low,0,False,NO_ALERT
T100304,CUST9094,2023-04-19 06:11:00,2023-04-01,103.6,0,Legitimate,0.0,Entertainment,PayPal,POS,Delhi,0,83,168.11,1719,6,2,4,19,0,0.26582984725604786,0,21.26638778048383,Low,0,False,NO_ALERT
T100305,CUST8185,2024-01-15 04:57:00,2024-01-01,297.88,0,Legitimate,0.0,Entertainment,PayPal,POS,Delhi,1,120,252.02,1327,4,0,1,15,0,0.7805891866885495,1,82.44713493508397,Critical,1,True,CRITICAL
T100306,CUST1938,2024-01-09 05:44:00,2024-01-01,58.1,0,Legitimate,0.0,Utilities,NetBanking,Desktop,Pune,0,54,72.81,1778,5,1,1,9,0,0.6150142321083564,0,49.20113856866851,Medium,0,False,NO_ALERT
T100307,CUST6256,2023-11-11 21:59:00,2023-11-01,31.2,0,Legitimate,0.0,Fashion,Debit Card,Mobile,Hyderabad,0,2,465.6,1693,21,5,11,11,1,0.22279257919195164,0,17.823406335356133,Low,0,False,NO_ALERT
T100308,CUST7850,2023-05-10 05:14:00,2023-05-01,126.85,0,Legitimate,0.0,Utilities,UPI,Desktop,Mumbai,0,118,166.21,1286,5,2,5,10,0,0.6291466869160355,0,50.33173495328284,High,1,True,HIGH
T100309,CUST2355,2024-01-15 14:01:00,2024-01-01,25.27,0,Legitimate,0.0,Travel,Debit Card,POS,Kolkata,0,37,105.44,1094,14,0,1,15,0,0.22311400692859554,0,17.849120554287644,Low,0,False,NO_ALERT
T100310,CUST4668,2024-02-01 22:04:00,2024-02-01,46.24,0,Legitimate,0.0,Entertainment,Credit Card,Desktop,Delhi,0,97,244.43,1991,22,3,2,1,0,0.2678706990162007,0,21.429655921296057,Low,0,False,NO_ALERT
T100311,CUST2032,2023-12-31 00:51:00,2023-12-01,6.54,0,Legitimate,0.0,Entertainment,Debit Card,POS,Pune,0,103,31.21,318,0,6,12,31,1,0.572857309050536,0,45.828584724042884,Medium,0,False,NO_ALERT
T100312,CUST5987,2023-06-21 06:04:00,2023-06-01,2.05,0,Legitimate,0.0,Utilities,Credit Card,POS,Hyderabad,0,114,133.89,584,6,2,6,21,0,0.1875903276108669,0,15.007226208869353,Low,0,False,NO_ALERT
T100313,CUST6238,2023-12-25 06:57:00,2023-12-01,262.99,0,Legitimate,0.0,Fashion,PayPal,Mobile,Delhi,0,161,43.15,1323,6,0,12,25,0,0.22882140634982204,1,38.30571250798576,Medium,0,False,NO_ALERT
T100314,CUST6750,2023-06-16 19:52:00,2023-06-01,144.62,0,Legitimate,0.0,Grocery,PayPal,Mobile,Bengaluru,0,1,72.41,468,19,4,6,16,0,0.23223358613579262,1,38.57868689086341,Medium,0,False,NO_ALERT
T100315,CUST9052,2023-01-31 08:32:00,2023-01-01,95.25,0,Legitimate,0.0,Health,NetBanking,Mobile,Chennai,0,128,64.96,1367,8,1,1,31,0,0.16992393509660533,0,13.593914807728428,Low,0,False,NO_ALERT
T100316,CUST1803,2023-01-21 13:05:00,2023-01-01,42.07,0,Legitimate,0.0,Electronics,Debit Card,Desktop,Mumbai,0,103,437.49,1563,13,5,1,21,1,0.22622206822557678,0,18.097765458046144,Low,0,False,NO_ALERT
T100317,CUST1815,2023-06-27 19:53:00,2023-06-01,15.22,0,Legitimate,0.0,Fashion,Debit Card,Mobile,Chennai,1,156,465.91,1447,19,1,6,27,0,0.6001873255888917,0,48.014986047111336,Medium,0,False,NO_ALERT
T100318,CUST5875,2023-11-22 10:29:00,2023-11-01,13.61,0,Legitimate,0.0,Travel,Credit Card,POS,Chennai,0,145,242.52,57,10,2,11,22,0,0.24297076715635776,0,19.43766137250862,Low,0,False,NO_ALERT
T100319,CUST3805,2023-05-02 12:39:00,2023-05-01,23.04,0,Legitimate,0.0,Fashion,PayPal,Mobile,Bengaluru,0,57,318.9,299,12,1,5,2,0,0.26003105298839635,0,20.80248423907171,Low,0,False,NO_ALERT
T100320,CUST5627,2023-02-23 17:10:00,2023-02-01,63.74,0,Legitimate,0.0,Food,Credit Card,Desktop,Bengaluru,0,70,350.99,1520,17,3,2,23,0,0.23459790991964863,0,18.76783279357189,Low,0,False,NO_ALERT
T100321,CUST6405,2023-10-07 12:47:00,2023-10-01,100.31,0,Legitimate,0.0,Grocery,PayPal,Mobile,Bengaluru,0,180,201.74,1975,12,5,10,7,1,0.24061725876330492,0,19.249380701064396,Low,0,False,NO_ALERT
T100322,CUST5947,2023-04-06 16:03:00,2023-04-01,86.35,0,Legitimate,0.0,Grocery,Credit Card,Mobile,Hyderabad,0,44,191.4,103,16,3,4,6,0,0.2435236026328142,0,19.481888210625137,Low,0,False,NO_ALERT
T100323,CUST5747,2023-02-22 04:54:00,2023-02-01,26.27,0,Legitimate,0.0,Entertainment,PayPal,Mobile,Delhi,0,175,341.03,1710,4,2,2,22,0,0.556515544313919,0,44.52124354511352,Medium,0,False,NO_ALERT
T100324,CUST6241,2024-01-30 17:51:00,2024-01-01,247.85,0,Legitimate,0.0,Grocery,Credit Card,Desktop,Kolkata,0,141,194.59,703,17,1,1,30,0,0.19632220032496747,0,15.705776025997398,Low,0,False,NO_ALERT
T100325,CUST6257,2023-06-10 13:13:00,2023-06-01,107.12,0,Legitimate,0.0,Grocery,PayPal,POS,Mumbai,0,76,294.69,275,13,5,6,10,1,0.22382070695940906,0,17.905656556752728,Low,0,False,NO_ALERT
T100326,CUST2975,2023-09-13 17:29:00,2023-09-01,64.66,0,Legitimate,0.0,Utilities,Credit Card,POS,Bengaluru,0,158,262.44,1835,17,2,9,13,0,0.2794457396317409,0,22.355659170539273,Low,0,False,NO_ALERT
T100327,CUST9211,2023-03-31 00:54:00,2023-03-01,75.68,0,Legitimate,0.0,Grocery,Debit Card,POS,Pune,0,85,266.99,439,0,4,3,31,0,0.5960172364868026,0,47.68137891894421,Medium,0,False,NO_ALERT
T100328,CUST6696,2024-02-03 22:09:00,2024-02-01,43.52,0,Legitimate,0.0,Grocery,NetBanking,Mobile,Mumbai,0,66,416.39,527,22,5,2,3,1,0.2102550555458018,0,16.820404443664142,Low,0,False,NO_ALERT
T100329,CUST6429,2024-01-17 13:52:00,2024-01-01,22.77,1,Fraudulent,22.77,Electronics,Credit Card,Mobile,Kolkata,1,53,354.99,1471,13,2,1,17,0,0.7032122667682392,1,76.25698134145915,Critical,1,True,CRITICAL
T100330,CUST1581,2023-10-24 23:28:00,2023-10-01,35.2,0,Legitimate,0.0,Travel,NetBanking,Desktop,Mumbai,0,18,480.73,1041,23,1,10,24,0,0.2020252984446883,0,16.162023875575066,Low,0,False,NO_ALERT
T100331,CUST5412,2023-09-12 21:30:00,2023-09-01,113.45,0,Legitimate,0.0,Entertainment,Debit Card,POS,Mumbai,0,28,397.58,240,21,1,9,12,0,0.26327865615614116,0,21.062292492491295,Low,0,False,NO_ALERT
T100332,CUST6602,2023-03-17 03:59:00,2023-03-01,1.16,0,Legitimate,0.0,Utilities,Debit Card,Mobile,Bengaluru,0,132,81.44,821,3,4,3,17,0,0.467572114000569,0,37.40576912004552,Medium,0,False,NO_ALERT
T100333,CUST2416,2023-06-26 05:16:00,2023-06-01,9.87,0,Legitimate,0.0,Grocery,PayPal,Mobile,Bengaluru,0,42,371.86,1276,5,0,6,26,0,0.5823379257626126,0,46.58703406100901,Medium,0,False,NO_ALERT
T100334,CUST8346,2024-01-14 04:53:00,2024-01-01,3.77,0,Legitimate,0.0,Entertainment,NetBanking,Mobile,Delhi,0,126,336.17,389,4,6,1,14,1,0.47272524809137223,0,37.81801984730978,Medium,0,False,NO_ALERT
T100335,CUST4601,2023-02-08 23:52:00,2023-02-01,3.33,0,Legitimate,0.0,Travel,UPI,Desktop,Kolkata,0,117,326.56,611,23,2,2,8,0,0.2088989748456024,0,16.711917987648192,Low,0,False,NO_ALERT
T100336,CUST1681,2023-07-15 10:33:00,2023-07-01,154.74,0,Legitimate,0.0,Utilities,PayPal,POS,Bengaluru,0,134,245.56,1073,10,5,7,15,1,0.21645210263555853,0,17.316168210844683,Low,0,False,NO_ALERT
T100337,CUST9170,2023-05-24 06:23:00,2023-05-01,97.3,0,Legitimate,0.0,Health,NetBanking,Desktop,Bengaluru,0,102,40.61,452,6,2,5,24,0,0.23015074517512218,0,18.412059614009774,Low,0,False,NO_ALERT
T100338,CUST3556,2024-02-20 17:58:00,2024-02-01,51.42,0,Legitimate,0.0,Grocery,Credit Card,POS,Mumbai,0,137,476.23,150,17,1,2,20,0,0.3009625880702084,0,24.077007045616675,Low,0,False,NO_ALERT
T100339,CUST2853,2023-01-04 01:15:00,2023-01-01,8.24,0,Legitimate,0.0,Entertainment,Credit Card,POS,Delhi,0,148,427.44,202,1,2,1,4,0,0.6431883112870587,0,51.45506490296469,High,1,True,HIGH
T100340,CUST9175,2024-02-14 12:29:00,2024-02-01,54.12,0,Legitimate,0.0,Fashion,Debit Card,Mobile,Chennai,0,38,248.54,63,12,2,2,14,0,0.23999278731873505,0,19.199422985498806,Low,0,False,NO_ALERT
T100341,CUST9785,2023-03-07 09:10:00,2023-03-01,51.32,0,Legitimate,0.0,Utilities,UPI,Mobile,Bengaluru,0,196,87.7,947,9,1,3,7,0,0.2130346973247817,0,17.04277578598254,Low,0,False,NO_ALERT
T100342,CUST4239,2023-12-11 07:38:00,2023-12-01,15.22,1,Fraudulent,15.22,Utilities,Credit Card,Mobile,Pune,0,50,413.99,100,7,0,12,11,0,0.4253141364383448,0,34.025130915067585,Medium,0,False,NO_ALERT
T100343,CUST1553,2023-06-22 15:44:00,2023-06-01,45.51,1,Fraudulent,45.51,Entertainment,NetBanking,Mobile,Bengaluru,1,60,221.03,574,15,3,6,22,0,0.7305704989396083,0,58.44563991516867,High,1,True,HIGH
T100344,CUST9394,2023-02-27 11:42:00,2023-02-01,40.67,0,Legitimate,0.0,Grocery,NetBanking,Mobile,Chennai,0,141,201.16,803,11,0,2,27,0,0.19542380643731636,0,15.63390451498531,Low,0,False,NO_ALERT
T100345,CUST7151,2023-02-28 02:24:00,2023-02-01,76.54,0,Legitimate,0.0,Food,Credit Card,POS,Mumbai,0,119,336.04,813,2,1,2,28,0,0.6219189689905601,0,49.75351751924481,Medium,0,False,NO_ALERT
T100346,CUST6639,2024-01-12 19:21:00,2024-01-01,80.65,0,Legitimate,0.0,Electronics,NetBanking,Mobile,Kolkata,0,99,381.75,997,19,4,1,12,0,0.19532904510505747,0,15.626323608404599,Low,0,False,NO_ALERT
T100347,CUST4277,2023-10-05 01:38:00,2023-10-01,3.71,1,Fraudulent,3.71,Fashion,NetBanking,Mobile,Delhi,0,94,40.79,1674,1,3,10,5,0,0.7131634326085099,0,57.05307460868079,High,1,True,HIGH
T100348,CUST7077,2023-03-28 05:12:00,2023-03-01,37.55,1,Fraudulent,37.55,Fashion,Debit Card,Desktop,Mumbai,0,170,386.1,564,5,1,3,28,0,0.6635861350610113,0,53.0868908048809,High,1,True,HIGH
T100349,CUST3309,2023-08-27 15:44:00,2023-08-01,78.65,0,Legitimate,0.0,Food,UPI,Desktop,Kolkata,0,68,369.63,1711,15,6,8,27,1,0.2135142970294212,0,17.081143762353697,Low,0,False,NO_ALERT
T100350,CUST5185,2023-06-15 03:43:00,2023-06-01,55.96,0,Legitimate,0.0,Grocery,Debit Card,POS,Hyderabad,0,153,298.71,43,3,3,6,15,0,0.5519444043244665,0,44.15555234595732,Medium,0,False,NO_ALERT
T100351,CUST3169,2023-07-08 13:51:00,2023-07-01,155.31,0,Legitimate,0.0,Utilities,UPI,POS,Bengaluru,0,159,175.83,1359,13,5,7,8,1,0.22699512288637777,0,18.159609830910224,Low,0,False,NO_ALERT
T100352,CUST3366,2023-09-08 17:00:00,2023-09-01,86.0,0,Legitimate,0.0,Utilities,NetBanking,Desktop,Kolkata,0,140,90.75,1882,17,4,9,8,0,0.1852979860768691,0,14.82383888614953,Low,0,False,NO_ALERT
T100353,CUST5000,2024-01-14 09:49:00,2024-01-01,14.23,0,Legitimate,0.0,Electronics,UPI,Desktop,Pune,0,64,60.3,1601,9,6,1,14,1,0.17845203075010801,0,14.276162460008642,Low,0,False,NO_ALERT
T100354,CUST5698,2024-01-29 04:02:00,2024-01-01,5.85,0,Legitimate,0.0,Fashion,NetBanking,Mobile,Kolkata,0,79,10.58,300,4,0,1,29,0,0.5856946033855123,0,46.85556827084098,Medium,0,False,NO_ALERT
T100355,CUST9979,2023-07-17 00:54:00,2023-07-01,82.27,0,Legitimate,0.0,Electronics,NetBanking,Mobile,Hyderabad,0,189,111.17,1826,0,0,7,17,0,0.5027238573936637,0,40.21790859149309,Medium,0,False,NO_ALERT
T100356,CUST5318,2023-06-20 06:52:00,2023-06-01,2.15,0,Legitimate,0.0,Fashion,Debit Card,POS,Bengaluru,0,53,211.56,1106,6,1,6,20,0,0.22040856555911326,0,17.63268524472906,Low,0,False,NO_ALERT
T100357,CUST3405,2023-01-25 10:32:00,2023-01-01,70.51,0,Legitimate,0.0,Grocery,Debit Card,Desktop,Hyderabad,1,26,129.39,1547,10,2,1,25,0,0.5415872405936364,0,43.32697924749091,Medium,0,False,NO_ALERT
T100358,CUST6174,2024-02-09 17:35:00,2024-02-01,225.38,0,Legitimate,0.0,Health,PayPal,POS,Chennai,0,189,161.4,1613,17,4,2,9,0,0.2053523311787204,0,16.42818649429763,Low,0,False,NO_ALERT
T100359,CUST5008,2023-07-13 23:45:00,2023-07-01,68.54,0,Legitimate,0.0,Fashion,Credit Card,Mobile,Bengaluru,0,138,201.32,492,23,3,7,13,0,0.27714425520444186,0,22.171540416355352,Low,0,False,NO_ALERT
T100360,CUST6530,2023-03-02 14:37:00,2023-03-01,39.3,0,Legitimate,0.0,Health,PayPal,POS,Pune,0,140,161.05,552,14,3,3,2,0,0.2273279373673377,0,18.186234989387014,Low,0,False,NO_ALERT
T100361,CUST1100,2023-05-03 00:39:00,2023-05-01,82.47,0,Legitimate,0.0,Fashion,PayPal,POS,Bengaluru,0,150,365.06,799,0,2,5,3,0,0.6514848933511783,0,52.118791468094265,High,1,True,HIGH
T100362,CUST8224,2024-01-04 23:53:00,2024-01-01,49.04,0,Legitimate,0.0,Utilities,UPI,POS,Hyderabad,0,181,250.95,884,23,3,1,4,0,0.23667735588621433,0,18.934188470897148,Low,0,False,NO_ALERT
T100363,CUST2026,2023-02-01 20:06:00,2023-02-01,63.11,0,Legitimate,0.0,Travel,NetBanking,Mobile,Delhi,0,21,19.47,821,20,2,2,1,0,0.25784235453156346,1,40.62738836252508,Medium,0,False,NO_ALERT
T100364,CUST2304,2023-01-03 20:05:00,2023-01-01,227.05,0,Legitimate,0.0,Grocery,NetBanking,POS,Hyderabad,0,163,121.07,1775,20,1,1,3,0,0.20538056703412216,1,36.43044536272977,Medium,0,False,NO_ALERT
T100365,CUST4600,2024-01-29 06:34:00,2024-01-01,39.03,0,Legitimate,0.0,Food,NetBanking,Mobile,Bengaluru,1,71,357.73,1377,6,0,1,29,0,0.591220827934202,0,47.29766623473617,Medium,0,False,NO_ALERT
T100366,CUST8962,2023-01-11 19:35:00,2023-01-01,259.93,0,Legitimate,0.0,Health,Credit Card,Desktop,Bengaluru,0,82,157.46,1900,19,2,1,11,0,0.31691911140673135,1,45.35352891253851,Medium,0,False,NO_ALERT
T100367,CUST4639,2023-07-26 04:50:00,2023-07-01,188.61,0,Legitimate,0.0,Food,UPI,POS,Kolkata,0,155,460.87,1577,4,2,7,26,0,0.6323402902779423,0,50.58722322223538,High,1,True,HIGH
T100368,CUST9553,2023-01-09 15:58:00,2023-01-01,17.43,0,Legitimate,0.0,Grocery,UPI,POS,Delhi,0,60,359.21,472,15,0,1,9,0,0.24717879615079785,0,19.774303692063828,Low,0,False,NO_ALERT
T100369,CUST6008,2023-09-06 15:17:00,2023-09-01,5.75,0,Legitimate,0.0,Entertainment,NetBanking,Mobile,Mumbai,0,99,152.06,280,15,2,9,6,0,0.2463272805985282,0,19.706182447882256,Low,0,False,NO_ALERT
T100370,CUST6576,2024-01-14 05:30:00,2024-01-01,8.5,0,Legitimate,0.0,Food,PayPal,POS,Delhi,0,47,263.04,1888,5,6,1,14,1,0.5717659025037023,1,65.74127220029618,High,1,True,HIGH
T100371,CUST4692,2023-12-13 05:36:00,2023-12-01,1.47,0,Legitimate,0.0,Grocery,Credit Card,Mobile,Mumbai,0,194,336.95,189,5,2,12,13,0,0.40274590957177947,0,32.21967276574236,Medium,0,False,NO_ALERT
T100372,CUST5286,2023-06-28 04:19:00,2023-06-01,7.94,0,Legitimate,0.0,Utilities,PayPal,POS,Pune,0,143,104.75,65,4,2,6,28,0,0.5809341626977426,0,46.47473301581941,Medium,0,False,NO_ALERT
T100373,CUST7947,2023-11-02 17:55:00,2023-11-01,91.91,0,Legitimate,0.0,Food,Debit Card,Desktop,Bengaluru,0,24,130.63,1714,17,3,11,2,0,0.30112806662796565,0,24.090245330237252,Low,0,False,NO_ALERT
T100374,CUST9868,2023-05-15 08:24:00,2023-05-01,5.91,0,Legitimate,0.0,Health,UPI,Desktop,Kolkata,0,10,258.49,909,8,0,5,15,0,0.2012839025833204,0,16.102712206665633,Low,0,False,NO_ALERT
T100375,CUST1108,2023-01-29 07:00:00,2023-01-01,30.73,0,Legitimate,0.0,Travel,UPI,Desktop,Chennai,0,120,463.2,1251,7,6,1,29,1,0.24410757752257356,0,19.528606201805886,Low,0,False,NO_ALERT
T100376,CUST1706,2023-12-28 15:07:00,2023-12-01,149.08,0,Legitimate,0.0,Food,PayPal,POS,Chennai,0,152,178.57,1503,15,3,12,28,0,0.2578383346448498,0,20.627066771587984,Low,0,False,NO_ALERT
T100377,CUST5358,2023-12-12 20:08:00,2023-12-01,1.88,0,Legitimate,0.0,Health,Credit Card,POS,Hyderabad,0,88,207.04,1431,20,1,12,12,0,0.1890679659182069,0,15.125437273456553,Low,0,False,NO_ALERT
T100378,CUST4973,2023-02-02 03:53:00,2023-02-01,134.76,0,Legitimate,0.0,Fashion,UPI,Desktop,Delhi,0,104,103.4,1299,3,3,2,2,0,0.5682399279926762,0,45.4591942394141,Medium,0,False,NO_ALERT
T100379,CUST8507,2023-03-07 01:05:00,2023-03-01,26.49,0,Legitimate,0.0,Grocery,PayPal,Desktop,Delhi,0,124,300.67,422,1,1,3,7,0,0.5903318945822944,0,47.22655156658356,Medium,0,False,NO_ALERT
T100380,CUST1899,2023-11-30 01:22:00,2023-11-01,10.06,0,Legitimate,0.0,Electronics,Credit Card,Mobile,Chennai,0,185,372.67,1257,1,3,11,30,0,0.5167212545860197,0,41.33770036688158,Medium,0,False,NO_ALERT
T100381,CUST9922,2023-02-17 18:09:00,2023-02-01,95.45,0,Legitimate,0.0,Entertainment,PayPal,Mobile,Mumbai,0,34,225.91,73,18,4,2,17,0,0.22908697507023765,0,18.326958005619012,Low,0,False,NO_ALERT
T100382,CUST9643,2023-01-21 21:01:00,2023-01-01,79.31,0,Legitimate,0.0,Utilities,Credit Card,Desktop,Delhi,0,41,377.62,344,21,5,1,21,1,0.20006917630695256,0,16.005534104556205,Low,0,False,NO_ALERT
T100383,CUST8122,2023-11-05 12:08:00,2023-11-01,167.95,0,Legitimate,0.0,Electronics,NetBanking,Desktop,Mumbai,0,168,158.28,437,12,6,11,5,1,0.2460556730112923,0,19.684453840903387,Low,0,False,NO_ALERT
T100384,CUST5636,2023-09-04 23:26:00,2023-09-01,106.26,0,Legitimate,0.0,Utilities,Credit Card,POS,Mumbai,1,11,356.42,924,23,0,9,4,0,0.5347530988284807,0,42.780247906278454,Medium,0,False,NO_ALERT
T100385,CUST1311,2023-08-05 23:36:00,2023-08-01,130.16,0,Legitimate,0.0,Grocery,Debit Card,Desktop,Mumbai,0,1,136.59,1884,23,5,8,5,1,0.3214741215739258,0,25.717929725914065,Medium,0,False,NO_ALERT
T100386,CUST4008,2023-08-18 20:58:00,2023-08-01,26.51,0,Legitimate,0.0,Utilities,NetBanking,Mobile,Mumbai,0,158,392.52,235,20,4,8,18,0,0.2159342721242599,0,17.274741769940793,Low,0,False,NO_ALERT
T100387,CUST2520,2023-07-13 21:07:00,2023-07-01,15.63,0,Legitimate,0.0,Travel,PayPal,Mobile,Kolkata,0,171,417.01,1294,21,3,7,13,0,0.2351360339708426,0,18.810882717667408,Low,0,False,NO_ALERT
T100388,CUST1322,2023-09-20 18:09:00,2023-09-01,111.1,0,Legitimate,0.0,Food,NetBanking,Mobile,Hyderabad,0,82,400.88,70,18,2,9,20,0,0.20162541694289765,0,16.130033355431813,Low,0,False,NO_ALERT
T100389,CUST8843,2023-11-12 19:11:00,2023-11-01,131.54,0,Legitimate,0.0,Travel,NetBanking,Mobile,Hyderabad,0,26,115.58,617,19,6,11,12,1,0.18747354856852338,0,14.997883885481873,Low,0,False,NO_ALERT
T100390,CUST6757,2023-08-04 12:56:00,2023-08-01,372.56,0,Legitimate,0.0,Electronics,PayPal,Mobile,Kolkata,0,53,350.18,743,12,4,8,4,0,0.21343788372284375,0,17.0750306978275,Low,0,False,NO_ALERT
T100391,CUST4572,2023-10-10 09:32:00,2023-10-01,42.57,1,Fraudulent,42.57,Entertainment,PayPal,Mobile,Chennai,1,125,273.88,1416,9,1,10,10,0,0.7702989509325606,0,61.62391607460485,High,1,True,HIGH
T100392,CUST1027,2023-09-09 23:23:00,2023-09-01,37.22,0,Legitimate,0.0,Health,Debit Card,Desktop,Hyderabad,0,175,493.16,927,23,5,9,9,1,0.2273156005737049,0,18.185248045896394,Low,0,False,NO_ALERT
T100393,CUST9235,2023-10-29 01:01:00,2023-10-01,119.84,0,Legitimate,0.0,Entertainment,PayPal,Mobile,Pune,0,9,187.17,124,1,6,10,29,1,0.5920685332107465,1,67.36548265685971,High,1,True,HIGH
T100394,CUST9438,2023-03-19 04:19:00,2023-03-01,33.34,0,Legitimate,0.0,Grocery,UPI,Mobile,Kolkata,0,9,387.91,569,4,6,3,19,1,0.5928708113029196,0,47.429664904233576,Medium,0,False,NO_ALERT
T100395,CUST9025,2023-09-24 19:30:00,2023-09-01,213.61,0,Legitimate,0.0,Grocery,UPI,Mobile,Delhi,0,129,191.34,1197,19,6,9,24,1,0.19870400671011876,0,15.896320536809501,Low,0,False,NO_ALERT
T100396,CUST3153,2023-11-10 03:02:00,2023-11-01,156.39,0,Legitimate,0.0,Travel,Debit Card,Mobile,Pune,0,199,204.46,88,3,4,11,10,0,0.5445313922030969,0,43.562511376247755,Medium,0,False,NO_ALERT
T100397,CUST4015,2023-01-07 16:38:00,2023-01-01,44.83,0,Legitimate,0.0,Health,Credit Card,Desktop,Kolkata,0,172,64.39,1694,16,5,1,7,1,0.24308093929030786,0,19.44647514322463,Low,0,False,NO_ALERT
T100398,CUST2296,2023-07-15 20:00:00,2023-07-01,111.18,0,Legitimate,0.0,Travel,Credit Card,POS,Hyderabad,0,59,127.43,883,20,5,7,15,1,0.21104529046234724,0,16.88362323698778,Low,0,False,NO_ALERT
T100399,CUST6341,2023-09-23 10:51:00,2023-09-01,112.37,0,Legitimate,0.0,Food,UPI,POS,Delhi,0,184,90.6,538,10,5,9,23,1,0.18377734268210877,0,14.702187414568701,Low,0,False,NO_ALERT
T100400,CUST6483,2023-06-21 23:39:00,2023-06-01,8.71,0,Legitimate,0.0,Fashion,PayPal,POS,Delhi,0,106,88.01,542,23,2,6,21,0,0.2400787741277387,0,19.206301930219098,Low,0,False,NO_ALERT
T100401,CUST6461,2023-05-25 13:20:00,2023-05-01,186.28,0,Legitimate,0.0,Health,Debit Card,POS,Mumbai,0,179,14.42,828,13,3,5,25,0,0.42206420687380564,1,53.765136549904454,High,1,True,HIGH
T100402,CUST7364,2023-08-22 10:50:00,2023-08-01,56.3,0,Legitimate,0.0,Fashion,Credit Card,Mobile,Chennai,0,125,398.95,1075,10,1,8,22,0,0.23150193850613593,0,18.520155080490877,Low,0,False,NO_ALERT
T100403,CUST3292,2023-04-22 01:16:00,2023-04-01,140.11,0,Legitimate,0.0,Entertainment,Credit Card,POS,Mumbai,0,16,239.29,767,1,5,4,22,1,0.6071771501094643,0,48.574172008757145,Medium,0,False,NO_ALERT
T100404,CUST6881,2023-09-10 02:02:00,2023-09-01,30.86,1,Fraudulent,30.86,Food,NetBanking,POS,Kolkata,0,38,404.04,1257,2,6,9,10,1,0.683614439144208,0,54.689155131536644,High,1,True,HIGH
T100405,CUST7710,2023-09-23 22:35:00,2023-09-01,180.7,0,Legitimate,0.0,Utilities,UPI,Desktop,Mumbai,0,139,310.15,728,22,5,9,23,1,0.2198646126955812,0,17.589169015646497,Low,0,False,NO_ALERT
T100406,CUST8478,2023-09-24 16:28:00,2023-09-01,39.44,0,Legitimate,0.0,Utilities,PayPal,Desktop,Pune,0,153,417.36,916,16,6,9,24,1,0.23259110856454318,0,18.607288685163454,Low,0,False,NO_ALERT
T100407,CUST2157,2023-08-13 06:13:00,2023-08-01,0.87,0,Legitimate,0.0,Fashion,Debit Card,Desktop,Hyderabad,0,59,256.84,500,6,6,8,13,1,0.1904071514777059,0,15.232572118216474,Low,0,False,NO_ALERT
T100408,CUST6864,2023-07-30 07:20:00,2023-07-01,188.63,0,Legitimate,0.0,Electronics,Credit Card,Mobile,Pune,0,29,56.08,313,7,6,7,30,1,0.2496779279249158,1,39.974234233993265,Medium,0,False,NO_ALERT
T100409,CUST7876,2023-12-23 05:10:00,2023-12-01,7.66,0,Legitimate,0.0,Entertainment,NetBanking,Mobile,Hyderabad,0,168,312.21,401,5,5,12,23,1,0.5291961869162545,0,42.33569495330036,Medium,0,False,NO_ALERT
T100410,CUST6532,2023-11-10 09:43:00,2023-11-01,30.77,0,Legitimate,0.0,Fashion,UPI,Mobile,Pune,0,8,342.1,1551,9,4,11,10,0,0.2540763231572469,0,20.32610585257975,Low,0,False,NO_ALERT
T100411,CUST5040,2024-01-03 22:46:00,2024-01-01,239.76,0,Legitimate,0.0,Food,UPI,Desktop,Delhi,0,98,316.99,1385,22,2,1,3,0,0.28938642790801217,0,23.150914232640975,Low,0,False,NO_ALERT
T100412,CUST2499,2023-06-20 22:51:00,2023-06-01,240.64,0,Legitimate,0.0,Fashion,Debit Card,POS,Hyderabad,0,134,402.65,1080,22,1,6,20,0,0.24222859933189664,0,19.378287946551733,Low,0,False,NO_ALERT
T100413,CUST8121,2023-08-30 01:21:00,2023-08-01,68.16,1,Fraudulent,68.16,Grocery,Credit Card,Desktop,Hyderabad,0,173,368.43,884,1,2,8,30,0,0.6660655091546522,0,53.28524073237218,High,1,True,HIGH
T100414,CUST6020,2023-08-26 11:01:00,2023-08-01,79.94,0,Legitimate,0.0,Travel,Debit Card,Mobile,Pune,0,109,221.99,158,11,5,8,26,1,0.2090868584244184,0,16.726948673953473,Low,0,False,NO_ALERT
T100415,CUST6952,2023-05-06 03:55:00,2023-05-01,47.6,1,Fraudulent,47.6,Electronics,Debit Card,Desktop,Bengaluru,1,181,411.36,1433,3,5,5,6,1,0.8361935257322333,0,66.89548205857866,High,1,True,HIGH
T100416,CUST5506,2024-02-05 08:00:00,2024-02-01,27.76,0,Legitimate,0.0,Grocery,NetBanking,POS,Delhi,0,108,348.98,536,8,0,2,5,0,0.23453694098021338,0,18.76295527841707,Low,0,False,NO_ALERT
T100417,CUST9888,2023-09-19 16:08:00,2023-09-01,31.88,0,Legitimate,0.0,Grocery,UPI,Mobile,Kolkata,0,149,68.98,1928,16,1,9,19,0,0.21718368009666322,0,17.374694407733056,Low,0,False,NO_ALERT
T100418,CUST1582,2023-09-06 02:15:00,2023-09-01,89.31,1,Fraudulent,89.31,Food,PayPal,POS,Delhi,0,57,274.54,1951,2,2,9,6,0,0.697059103318591,0,55.764728265487285,High,1,True,HIGH
T100419,CUST7379,2023-10-11 00:38:00,2023-10-01,111.67,0,Legitimate,0.0,Travel,UPI,POS,Kolkata,0,76,366.99,1148,0,2,10,11,0,0.6618856145684286,0,52.950849165474295,High,1,True,HIGH
T100420,CUST6109,2023-07-06 01:22:00,2023-07-01,125.46,1,Fraudulent,125.46,Travel,UPI,Mobile,Bengaluru,0,113,281.11,607,1,3,7,6,0,0.6597782592182889,0,52.78226073746312,High,1,True,HIGH
T100421,CUST6903,2024-01-18 06:09:00,2024-01-01,124.71,0,Legitimate,0.0,Health,NetBanking,POS,Pune,1,6,475.02,1230,6,3,1,18,0,0.5744873311833931,1,65.95898649467145,High,1,True,HIGH
T100422,CUST2360,2023-03-19 18:10:00,2023-03-01,7.65,0,Legitimate,0.0,Entertainment,PayPal,Desktop,Pune,0,191,59.73,502,18,6,3,19,1,0.23871121269403017,0,19.096897015522412,Low,0,False,NO_ALERT
T100423,CUST8899,2024-01-25 00:03:00,2024-01-01,54.56,0,Legitimate,0.0,Electronics,Credit Card,POS,Delhi,0,124,363.94,1539,0,3,1,25,0,0.5958325227170159,0,47.666601817361276,Medium,0,False,NO_ALERT
T100424,CUST9378,2023-06-08 08:59:00,2023-06-01,4.74,0,Legitimate,0.0,Entertainment,PayPal,POS,Pune,0,134,413.98,1037,8,3,6,8,0,0.2110480586923396,0,16.883844695387168,Low,0,False,NO_ALERT
T100425,CUST7037,2024-01-27 18:03:00,2024-01-01,63.8,0,Legitimate,0.0,Food,Credit Card,POS,Chennai,0,53,354.3,1328,18,5,1,27,1,0.22304484616481177,0,17.84358769318494,Low,0,False,NO_ALERT
T100426,CUST1675,2023-12-01 13:44:00,2023-12-01,46.6,0,Legitimate,0.0,Electronics,PayPal,Desktop,Chennai,0,132,198.94,697,13,4,12,1,0,0.20350800928048143,0,16.280640742438518,Low,0,False,NO_ALERT
T100427,CUST9997,2023-06-16 16:56:00,2023-06-01,174.93,0,Legitimate,0.0,Health,Debit Card,POS,Kolkata,0,9,198.89,1476,16,4,6,16,0,0.3207355308114637,0,25.6588424649171,Medium,0,False,NO_ALERT
T100428,CUST2879,2023-12-20 10:16:00,2023-12-01,34.58,0,Legitimate,0.0,Fashion,PayPal,POS,Bengaluru,0,69,297.42,1584,10,2,12,20,0,0.21810601302351681,0,17.448481041881347,Low,0,False,NO_ALERT
T100429,CUST2888,2023-07-14 17:31:00,2023-07-01,9.96,0,Legitimate,0.0,Grocery,NetBanking,Desktop,Hyderabad,0,74,204.58,1948,17,4,7,14,0,0.18978723602826264,0,15.182978882261011,Low,0,False,NO_ALERT
T100430,CUST6830,2023-06-27 07:14:00,2023-06-01,12.34,0,Legitimate,0.0,Electronics,Credit Card,Mobile,Chennai,0,111,442.76,1937,7,1,6,27,0,0.2205849434340574,0,17.646795474724595,Low,0,False,NO_ALERT
T100431,CUST2290,2023-10-10 17:34:00,2023-10-01,114.67,0,Legitimate,0.0,Entertainment,UPI,Mobile,Kolkata,0,87,63.87,349,17,1,10,10,0,0.21585239314477467,0,17.268191451581973,Low,0,False,NO_ALERT
T100432,CUST9967,2024-01-01 21:29:00,2024-01-01,77.03,0,Legitimate,0.0,Grocery,NetBanking,Mobile,Pune,0,4,323.19,87,21,0,1,1,0,0.22963959255778277,0,18.37116740462262,Low,0,False,NO_ALERT
T100433,CUST6585,2023-04-21 22:03:00,2023-04-01,8.53,0,Legitimate,0.0,Food,Credit Card,POS,Bengaluru,0,186,75.72,302,22,4,4,21,0,0.26066699290289036,0,20.85335943223123,Low,0,False,NO_ALERT
T100434,CUST1178,2023-10-26 02:44:00,2023-10-01,7.03,0,Legitimate,0.0,Entertainment,Credit Card,Mobile,Kolkata,0,37,274.68,1251,2,3,10,26,0,0.6007693346094612,0,48.0615467687569,Medium,0,False,NO_ALERT
T100435,CUST4594,2023-05-04 15:55:00,2023-05-01,96.58,0,Legitimate,0.0,Fashion,UPI,Desktop,Kolkata,0,71,360.63,1132,15,3,5,4,0,0.2625036151858176,0,21.00028921486541,Low,0,False,NO_ALERT
T100436,CUST7808,2023-12-18 12:51:00,2023-12-01,6.04,0,Legitimate,0.0,Food,Debit Card,POS,Chennai,0,6,91.1,1011,12,0,12,18,0,0.21176863254550102,0,16.941490603640084,Low,0,False,NO_ALERT
T100437,CUST5012,2023-05-25 20:47:00,2023-05-01,138.01,0,Legitimate,0.0,Utilities,NetBanking,POS,Mumbai,0,51,354.98,70,20,3,5,25,0,0.21901100203913207,0,17.520880163130567,Low,0,False,NO_ALERT
T100438,CUST2560,2023-12-21 14:34:00,2023-12-01,98.0,0,Legitimate,0.0,Fashion,UPI,POS,Bengaluru,0,99,78.59,767,14,3,12,21,0,0.18499637486676115,0,14.799709989340892,Low,0,False,NO_ALERT
T100439,CUST6532,2023-01-10 13:04:00,2023-01-01,6.79,0,Legitimate,0.0,Fashion,UPI,Mobile,Delhi,0,178,314.07,1826,13,1,1,10,0,0.2302383754323296,0,18.41907003458637,Low,0,False,NO_ALERT
T100440,CUST1279,2023-11-08 09:54:00,2023-11-01,7.09,0,Legitimate,0.0,Grocery,Debit Card,Mobile,Kolkata,0,96,257.72,1298,9,2,11,8,0,0.21484633475732573,0,17.18770678058606,Low,0,False,NO_ALERT
T100441,CUST7367,2023-02-10 16:40:00,2023-02-01,345.24,0,Legitimate,0.0,Food,NetBanking,Mobile,Chennai,0,142,156.06,1076,16,4,2,10,0,0.203294861495744,1,36.263588919659526,Medium,0,False,NO_ALERT
T100442,CUST7342,2023-04-24 21:35:00,2023-04-01,37.51,0,Legitimate,0.0,Food,UPI,POS,Delhi,0,11,64.66,738,21,0,4,24,0,0.20265327974586217,0,16.212262379668974,Low,0,False,NO_ALERT
T100443,CUST3997,2023-12-13 02:50:00,2023-12-01,37.04,0,Legitimate,0.0,Electronics,Debit Card,Desktop,Bengaluru,0,10,370.57,265,2,2,12,13,0,0.5626443474662669,0,45.011547797301354,Medium,0,False,NO_ALERT
T100444,CUST2735,2023-06-01 13:26:00,2023-06-01,134.05,0,Legitimate,0.0,Entertainment,NetBanking,POS,Chennai,0,189,197.08,155,13,3,6,1,0,0.22093981450595193,0,17.675185160476158,Low,0,False,NO_ALERT
T100445,CUST7309,2023-07-08 12:34:00,2023-07-01,235.37,0,Legitimate,0.0,Utilities,PayPal,Desktop,Delhi,0,13,52.4,807,12,5,7,8,1,0.30119444729244366,1,44.0955557833955,Medium,0,False,NO_ALERT
T100446,CUST5107,2023-04-15 08:13:00,2023-04-01,341.5,0,Legitimate,0.0,Food,Credit Card,POS,Hyderabad,0,121,388.67,865,8,5,4,15,1,0.23797044147900157,0,19.037635318320124,Low,0,False,NO_ALERT
T100447,CUST9378,2023-02-01 11:27:00,2023-02-01,111.99,0,Legitimate,0.0,Electronics,Debit Card,Desktop,Kolkata,0,162,124.12,169,11,2,2,1,0,0.24636215226376967,0,19.708972181101576,Low,0,False,NO_ALERT
T100448,CUST7673,2023-08-04 03:03:00,2023-08-01,37.76,0,Legitimate,0.0,Utilities,Credit Card,POS,Hyderabad,0,60,370.86,908,3,4,8,4,0,0.5919298019318616,0,47.35438415454893,Medium,0,False,NO_ALERT
T100449,CUST6227,2024-01-11 13:48:00,2024-01-01,6.98,0,Legitimate,0.0,Travel,PayPal,POS,Mumbai,0,179,286.8,423,13,3,1,11,0,0.2338341147497224,0,18.706729179977795,Low,0,False,NO_ALERT
T100450,CUST6520,2023-11-29 13:20:00,2023-11-01,120.1,0,Legitimate,0.0,Travel,UPI,Desktop,Pune,0,5,105.32,857,13,2,11,29,0,0.20949351576943745,0,16.759481261554996,Low,0,False,NO_ALERT
T100451,CUST1088,2023-05-18 09:20:00,2023-05-01,65.39,0,Legitimate,0.0,Utilities,UPI,Desktop,Bengaluru,0,160,47.44,156,9,3,5,18,0,0.20389510364802357,0,16.31160829184189,Low,0,False,NO_ALERT
T100452,CUST7665,2023-07-13 21:59:00,2023-07-01,44.16,0,Legitimate,0.0,Travel,NetBanking,Desktop,Pune,0,12,300.69,1851,21,3,7,13,0,0.23118521744858944,0,18.494817395887157,Low,0,False,NO_ALERT
T100453,CUST8205,2023-04-17 14:09:00,2023-04-01,189.46,0,Legitimate,0.0,Health,Debit Card,Desktop,Pune,0,180,22.35,1167,14,0,4,17,0,0.34441838379592743,1,47.55347070367419,Medium,0,False,NO_ALERT
T100454,CUST5400,2024-02-11 05:39:00,2024-02-01,9.43,0,Legitimate,0.0,Food,Debit Card,Desktop,Delhi,0,141,42.08,1973,5,6,2,11,1,0.6044758947073453,1,68.35807157658763,High,1,True,HIGH
T100455,CUST6109,2023-09-01 12:08:00,2023-09-01,54.28,0,Legitimate,0.0,Health,NetBanking,Desktop,Mumbai,0,85,354.09,866,12,4,9,1,0,0.20646111157814487,0,16.516888926251593,Low,0,False,NO_ALERT
T100456,CUST4140,2023-05-10 03:09:00,2023-05-01,0.91,0,Legitimate,0.0,Entertainment,Credit Card,Desktop,Bengaluru,0,182,274.05,554,3,2,5,10,0,0.4316366253435697,0,34.53093002748558,Medium,0,False,NO_ALERT
T100457,CUST4931,2023-02-25 13:35:00,2023-02-01,50.59,0,Legitimate,0.0,Food,UPI,Desktop,Hyderabad,0,117,169.88,1281,13,5,2,25,1,0.2143832579021051,0,17.150660632168407,Low,0,False,NO_ALERT
T100458,CUST2081,2023-07-27 17:09:00,2023-07-01,4.64,0,Legitimate,0.0,Electronics,UPI,POS,Pune,0,122,274.22,1574,17,3,7,27,0,0.19521225641648482,0,15.616980513318786,Low,0,False,NO_ALERT
T100459,CUST8873,2023-02-11 03:42:00,2023-02-01,10.12,0,Legitimate,0.0,Health,Debit Card,Desktop,Delhi,0,182,299.91,175,3,5,2,11,1,0.5620551597455393,0,44.96441277964315,Medium,0,False,NO_ALERT
T100460,CUST5920,2023-12-01 12:39:00,2023-12-01,10.0,1,Fraudulent,10.0,Health,Debit Card,Desktop,Pune,1,41,286.99,1216,12,4,12,1,0,0.7630840239766363,1,81.04672191813091,Critical,1,True,CRITICAL
T100461,CUST7507,2023-05-21 13:42:00,2023-05-01,83.81,0,Legitimate,0.0,Entertainment,NetBanking,POS,Chennai,0,48,324.85,764,13,6,5,21,1,0.2162458743753379,0,17.299669950027035,Low,0,False,NO_ALERT
T100462,CUST8234,2023-02-05 18:20:00,2023-02-01,109.65,0,Legitimate,0.0,Health,PayPal,POS,Hyderabad,0,51,470.74,757,18,6,2,5,1,0.24530374629007543,0,19.624299703206034,Low,0,False,NO_ALERT
T100463,CUST8243,2024-02-10 04:51:00,2024-02-01,70.04,1,Fraudulent,70.04,Fashion,Credit Card,Mobile,Pune,0,175,200.5,1953,4,5,2,10,1,0.6568765625365519,0,52.550125002924155,High,1,True,HIGH
T100464,CUST1480,2023-08-15 13:42:00,2023-08-01,261.98,0,Legitimate,0.0,Electronics,PayPal,Mobile,Chennai,0,178,157.56,198,13,1,8,15,0,0.2113722682910194,0,16.909781463281554,Low,0,False,NO_ALERT
T100465,CUST3697,2023-10-16 13:14:00,2023-10-01,37.58,0,Legitimate,0.0,Travel,PayPal,Desktop,Chennai,1,118,28.83,1591,13,0,10,16,0,0.6073474997916096,1,68.58779998332878,High,1,True,HIGH
T100466,CUST2535,2023-09-14 21:54:00,2023-09-01,26.92,0,Legitimate,0.0,Electronics,Debit Card,Desktop,Delhi,0,96,82.07,1178,21,3,9,14,0,0.2003483947052962,0,16.027871576423696,Low,0,False,NO_ALERT
T100467,CUST9278,2023-05-09 23:01:00,2023-05-01,162.36,0,Legitimate,0.0,Fashion,Debit Card,Mobile,Delhi,0,76,62.06,329,23,1,5,9,0,0.22806270844641374,0,18.2450166757131,Low,0,False,NO_ALERT
T100468,CUST3623,2023-04-04 08:07:00,2023-04-01,20.25,0,Legitimate,0.0,Entertainment,Debit Card,Mobile,Chennai,0,46,174.37,1303,8,1,4,4,0,0.2508284882094846,0,20.06627905675877,Low,0,False,NO_ALERT
T100469,CUST6042,2023-02-20 16:09:00,2023-02-01,264.23,0,Legitimate,0.0,Entertainment,PayPal,Desktop,Mumbai,0,100,308.9,967,16,0,2,20,0,0.25475820408684696,0,20.380656326947758,Low,0,False,NO_ALERT
T100470,CUST9752,2023-01-15 14:33:00,2023-01-01,0.98,0,Legitimate,0.0,Food,Credit Card,Mobile,Pune,0,38,32.7,551,14,6,1,15,1,0.18357130674343602,1,34.685704539474884,Medium,0,False,NO_ALERT
T100471,CUST8791,2023-04-16 08:04:00,2023-04-01,280.2,0,Legitimate,0.0,Electronics,Debit Card,Desktop,Chennai,0,92,366.56,134,8,6,4,16,1,0.26389598534960657,0,21.111678827968525,Low,0,False,NO_ALERT
T100472,CUST6570,2023-07-24 04:20:00,2023-07-01,3.53,0,Legitimate,0.0,Utilities,UPI,POS,Chennai,0,141,204.74,647,4,0,7,24,0,0.5644845995396984,0,45.158767963175876,Medium,0,False,NO_ALERT
T100473,CUST9202,2024-01-27 01:14:00,2024-01-01,177.42,0,Legitimate,0.0,Utilities,Credit Card,POS,Delhi,0,150,482.12,998,1,5,1,27,1,0.536964417673722,0,42.95715341389777,Medium,0,False,NO_ALERT
T100474,CUST6989,2024-02-08 18:02:00,2024-02-01,60.01,0,Legitimate,0.0,Entertainment,UPI,Mobile,Pune,0,130,288.51,1566,18,3,2,8,0,0.21257033908783313,0,17.005627127026653,Low,0,False,NO_ALERT
T100475,CUST6478,2023-04-26 11:10:00,2023-04-01,396.55,0,Legitimate,0.0,Health,Credit Card,POS,Bengaluru,0,93,387.97,1747,11,2,4,26,0,0.2799292807922051,0,22.394342463376407,Low,0,False,NO_ALERT
T100476,CUST2313,2023-12-30 01:09:00,2023-12-01,6.13,0,Legitimate,0.0,Entertainment,Debit Card,POS,Hyderabad,0,77,431.98,1965,1,5,12,30,1,0.5793862502359995,1,66.35090001887997,High,1,True,HIGH
T100477,CUST4498,2023-11-29 06:12:00,2023-11-01,64.57,0,Legitimate,0.0,Entertainment,NetBanking,POS,Delhi,0,13,445.53,535,6,2,11,29,0,0.228345382559565,0,18.2676306047652,Low,0,False,NO_ALERT
T100478,CUST8132,2023-06-20 22:32:00,2023-06-01,278.69,0,Legitimate,0.0,Entertainment,Debit Card,POS,Pune,0,57,264.05,331,22,1,6,20,0,0.2457266643449914,0,19.658133147599315,Low,0,False,NO_ALERT
T100479,CUST6092,2023-07-10 06:13:00,2023-07-01,59.24,0,Legitimate,0.0,Entertainment,PayPal,Desktop,Pune,0,162,204.4,682,6,0,7,10,0,0.24080117776393067,0,19.264094221114455,Low,0,False,NO_ALERT
T100480,CUST6821,2023-12-29 08:36:00,2023-12-01,79.41,0,Legitimate,0.0,Utilities,PayPal,Desktop,Kolkata,0,147,284.65,1283,8,4,12,29,0,0.2333578557407772,0,18.668628459262177,Low,0,False,NO_ALERT
T100481,CUST4385,2023-07-07 03:01:00,2023-07-01,95.19,0,Legitimate,0.0,Utilities,Credit Card,Mobile,Mumbai,0,137,207.01,93,3,4,7,7,0,0.6106872451533327,0,48.85497961226662,Medium,0,False,NO_ALERT
T100482,CUST6719,2024-01-09 04:40:00,2024-01-01,48.49,1,Fraudulent,48.49,Travel,PayPal,POS,Hyderabad,0,116,127.95,619,4,1,1,9,0,0.6644525530380392,0,53.156204243043135,High,1,True,HIGH
T100483,CUST1095,2023-09-11 19:45:00,2023-09-01,79.01,0,Legitimate,0.0,Travel,Debit Card,POS,Delhi,0,95,168.72,261,19,0,9,11,0,0.23950608437185272,0,19.16048674974822,Low,0,False,NO_ALERT
T100484,CUST2248,2023-09-29 11:03:00,2023-09-01,70.23,0,Legitimate,0.0,Food,UPI,POS,Delhi,0,161,124.06,1652,11,4,9,29,0,0.22785251310664387,0,18.22820104853151,Low,0,False,NO_ALERT
T100485,CUST2072,2023-06-02 01:18:00,2023-06-01,185.14,0,Legitimate,0.0,Entertainment,Debit Card,Mobile,Bengaluru,0,155,142.02,1236,1,4,6,2,0,0.5485751852674526,0,43.886014821396216,Medium,0,False,NO_ALERT
T100486,CUST7861,2024-02-03 05:21:00,2024-02-01,3.72,0,Legitimate,0.0,Utilities,Credit Card,Desktop,Kolkata,0,173,55.87,348,5,5,2,3,1,0.5897686125871702,0,47.181489006973614,Medium,0,False,NO_ALERT
T100487,CUST7256,2023-06-10 09:49:00,2023-06-01,26.39,0,Legitimate,0.0,Electronics,PayPal,POS,Kolkata,0,130,218.97,1711,9,5,6,10,1,0.21247130161493413,0,16.99770412919473,Low,0,False,NO_ALERT
T100488,CUST7985,2023-01-04 20:54:00,2023-01-01,240.32,0,Legitimate,0.0,Fashion,UPI,Desktop,Mumbai,0,79,125.29,858,20,2,1,4,0,0.2713822549166531,0,21.710580393332247,Low,0,False,NO_ALERT
T100489,CUST9652,2023-09-04 11:21:00,2023-09-01,176.77,0,Legitimate,0.0,Food,NetBanking,Mobile,Kolkata,0,57,229.7,121,11,0,9,4,0,0.22868331129312172,0,18.29466490344974,Low,0,False,NO_ALERT
T100490,CUST6096,2024-01-31 12:10:00,2024-01-01,48.65,0,Legitimate,0.0,Utilities,UPI,Desktop,Mumbai,0,95,398.18,1688,12,2,1,31,0,0.2428255646661586,0,19.42604517329269,Low,0,False,NO_ALERT
T100491,CUST9803,2023-04-30 08:14:00,2023-04-01,77.43,0,Legitimate,0.0,Electronics,UPI,POS,Pune,0,57,229.67,1841,8,6,4,30,1,0.19679655013707445,0,15.743724010965957,Low,0,False,NO_ALERT
T100492,CUST1712,2023-10-25 15:09:00,2023-10-01,25.99,0,Legitimate,0.0,Entertainment,Debit Card,Desktop,Pune,0,144,477.76,990,15,2,10,25,0,0.22020935866622146,0,17.61674869329772,Low,0,False,NO_ALERT
T100493,CUST5675,2023-10-31 22:30:00,2023-10-01,16.67,0,Legitimate,0.0,Grocery,NetBanking,Desktop,Delhi,0,107,82.44,93,22,1,10,31,0,0.2092940866925952,0,16.743526935407615,Low,0,False,NO_ALERT
T100494,CUST7218,2023-04-03 12:18:00,2023-04-01,49.84,1,Fraudulent,49.84,Entertainment,Credit Card,Mobile,Bengaluru,0,79,426.63,873,12,0,4,3,0,0.42227112452765536,0,33.78168996221243,Medium,0,False,NO_ALERT
T100495,CUST7586,2023-07-18 10:23:00,2023-07-01,34.88,0,Legitimate,0.0,Travel,Credit Card,Mobile,Delhi,0,134,131.65,248,10,1,7,18,0,0.24663759609973746,0,19.731007687978998,Low,0,False,NO_ALERT
T100496,CUST9010,2023-02-17 11:43:00,2023-02-01,70.1,0,Legitimate,0.0,Fashion,UPI,Mobile,Kolkata,1,14,467.63,733,11,4,2,17,0,0.5916244652850936,1,67.3299572228075,High,1,True,HIGH
T100497,CUST7168,2023-11-24 20:47:00,2023-11-01,6.47,0,Legitimate,0.0,Utilities,UPI,Mobile,Chennai,0,27,121.3,648,20,4,11,24,0,0.20243495571484665,0,16.19479645718773,Low,0,False,NO_ALERT
T100498,CUST2194,2023-04-24 20:06:00,2023-04-01,293.2,0,Legitimate,0.0,Utilities,PayPal,Desktop,Pune,0,38,376.01,1962,20,0,4,24,0,0.2367140250063743,1,38.937122000509945,Medium,0,False,NO_ALERT
T100499,CUST6464,2023-04-30 07:51:00,2023-04-01,342.71,0,Legitimate,0.0,Health,NetBanking,Desktop,Chennai,0,147,40.44,276,7,6,4,30,1,0.3614130286732059,1,48.91304229385648,Medium,0,False,NO_ALERT
T100500,CUST5321,2023-11-30 12:28:00,2023-11-01,95.83,1,Fraudulent,95.83,Fashion,UPI,Mobile,Kolkata,0,165,318.61,993,12,3,11,30,0,0.3108803027770835,0,24.870424222166683,Low,0,False,NO_ALERT
T100501,CUST1302,2023-08-28 14:16:00,2023-08-01,61.45,0,Legitimate,0.0,Health,PayPal,Mobile,Bengaluru,0,127,117.15,1526,14,0,8,28,0,0.21151262410343313,0,16.921009928274653,Low,0,False,NO_ALERT
T100502,CUST8188,2023-08-31 01:35:00,2023-08-01,29.63,1,Fraudulent,29.63,Fashion,NetBanking,POS,Delhi,0,4,338.38,1043,1,3,8,31,0,0.6929126105288604,0,55.43300884230884,High,1,True,HIGH
T100503,CUST6228,2023-05-18 23:42:00,2023-05-01,134.47,0,Legitimate,0.0,Travel,Credit Card,POS,Pune,0,58,321.56,86,23,3,5,18,0,0.2532777345370667,0,20.262218762965336,Low,0,False,NO_ALERT
T100504,CUST6915,2024-01-13 20:22:00,2024-01-01,92.35,0,Legitimate,0.0,Health,PayPal,Mobile,Bengaluru,0,137,462.61,1098,20,5,1,13,1,0.25290372009475603,0,20.232297607580485,Low,0,False,NO_ALERT
T100505,CUST3022,2024-01-23 23:39:00,2024-01-01,14.2,0,Legitimate,0.0,Electronics,NetBanking,Desktop,Delhi,0,113,317.07,1941,23,1,1,23,0,0.17136492774492165,0,13.709194219593734,Low,0,False,NO_ALERT
T100506,CUST3487,2023-02-09 19:24:00,2023-02-01,193.46,0,Legitimate,0.0,Health,PayPal,Mobile,Delhi,0,168,210.04,1139,19,3,2,9,0,0.24188683791318535,0,19.35094703305483,Low,0,False,NO_ALERT
T100507,CUST5258,2024-01-29 17:53:00,2024-01-01,138.32,0,Legitimate,0.0,Food,UPI,Desktop,Chennai,0,143,104.85,1091,17,0,1,29,0,0.1718515061622245,1,33.74812049297796,Medium,0,False,NO_ALERT
T100508,CUST4133,2023-01-01 22:32:00,2023-01-01,239.34,0,Legitimate,0.0,Electronics,Debit Card,Desktop,Hyderabad,0,4,332.15,211,22,6,1,1,1,0.2955340791686273,0,23.642726333490184,Low,0,False,NO_ALERT
T100509,CUST4712,2023-07-13 19:39:00,2023-07-01,103.49,1,Fraudulent,103.49,Food,Credit Card,POS,Kolkata,0,52,67.02,193,19,3,7,13,0,0.3474179401377037,0,27.793435211016302,Medium,0,False,NO_ALERT
T100510,CUST6278,2023-07-12 08:01:00,2023-07-01,76.03,0,Legitimate,0.0,Entertainment,UPI,Mobile,Mumbai,0,146,415.97,786,8,2,7,12,0,0.24461831284366783,0,19.56946502749343,Low,0,False,NO_ALERT
T100511,CUST3166,2023-09-23 16:57:00,2023-09-01,43.34,0,Legitimate,0.0,Fashion,UPI,Mobile,Pune,0,181,131.19,1888,16,5,9,23,1,0.2050896083943266,0,16.407168671546128,Low,0,False,NO_ALERT
T100512,CUST9660,2023-09-28 13:33:00,2023-09-01,215.92,0,Legitimate,0.0,Electronics,NetBanking,Desktop,Mumbai,0,187,266.84,1942,13,3,9,28,0,0.22872406549430285,0,18.297925239544227,Low,0,False,NO_ALERT
T100513,CUST8211,2023-05-05 21:50:00,2023-05-01,160.83,0,Legitimate,0.0,Fashion,PayPal,Mobile,Bengaluru,0,99,302.01,155,21,4,5,5,0,0.23625801679965835,0,18.90064134397267,Low,0,False,NO_ALERT
T100514,CUST1837,2023-01-01 12:08:00,2023-01-01,3.7,0,Legitimate,0.0,Entertainment,Credit Card,POS,Mumbai,0,182,187.62,1260,12,6,1,1,1,0.2558248875078326,0,20.465991000626612,Low,0,False,NO_ALERT
T100515,CUST5170,2023-04-03 17:32:00,2023-04-01,2.14,0,Legitimate,0.0,Grocery,UPI,POS,Chennai,0,169,335.3,296,17,0,4,3,0,0.2461767629630929,0,19.694141037047434,Low,0,False,NO_ALERT
T100516,CUST6866,2024-02-13 20:38:00,2024-02-01,37.79,0,Legitimate,0.0,Utilities,NetBanking,Mobile,Hyderabad,0,188,132.61,383,20,1,2,13,0,0.21014834758171488,0,16.81186780653719,Low,0,False,NO_ALERT
T100517,CUST9160,2023-02-27 23:15:00,2023-02-01,133.09,0,Legitimate,0.0,Fashion,Credit Card,Mobile,Pune,0,93,26.97,1464,23,0,2,27,0,0.285933964887856,1,42.87471719102848,Medium,0,False,NO_ALERT
T100518,CUST4584,2023-02-01 06:46:00,2023-02-01,349.14,0,Legitimate,0.0,Entertainment,PayPal,POS,Kolkata,0,117,480.04,1652,6,2,2,1,0,0.296385908045668,0,23.710872643653442,Low,0,False,NO_ALERT
T100519,CUST3512,2024-01-10 14:33:00,2024-01-01,13.04,0,Legitimate,0.0,Fashion,UPI,Mobile,Delhi,0,4,166.82,1710,14,2,1,10,0,0.23076026613761497,0,18.460821291009196,Low,0,False,NO_ALERT
T100520,CUST3741,2024-02-04 15:10:00,2024-02-01,72.14,0,Legitimate,0.0,Entertainment,UPI,Desktop,Delhi,0,85,359.6,1175,15,6,2,4,1,0.25753407515947435,0,20.60272601275795,Low,0,False,NO_ALERT
T100521,CUST4733,2023-05-25 11:53:00,2023-05-01,38.36,0,Legitimate,0.0,Food,UPI,Mobile,Kolkata,0,167,258.69,1561,11,3,5,25,0,0.22119951436816088,0,17.69596114945287,Low,0,False,NO_ALERT
T100522,CUST5950,2023-01-31 07:32:00,2023-01-01,280.3,0,Legitimate,0.0,Entertainment,Credit Card,Desktop,Chennai,0,7,337.81,639,7,1,1,31,0,0.3033412982887269,1,44.26730386309815,Medium,0,False,NO_ALERT
T100523,CUST5301,2024-01-02 15:03:00,2024-01-01,147.67,0,Legitimate,0.0,Health,Credit Card,Mobile,Pune,0,125,64.36,498,15,1,1,2,0,0.21693315191062673,0,17.35465215285014,Low,0,False,NO_ALERT
T100524,CUST2499,2024-01-22 17:33:00,2024-01-01,145.78,0,Legitimate,0.0,Grocery,Credit Card,Mobile,Mumbai,0,151,264.24,830,17,0,1,22,0,0.24927006736286317,0,19.941605389029053,Low,0,False,NO_ALERT
T100525,CUST9080,2023-11-17 20:18:00,2023-11-01,50.59,0,Legitimate,0.0,Fashion,Credit Card,POS,Kolkata,0,85,202.19,162,20,4,11,17,0,0.2524011360589957,0,20.19209088471966,Low,0,False,NO_ALERT
T100526,CUST2866,2023-12-19 19:49:00,2023-12-01,42.87,0,Legitimate,0.0,Entertainment,NetBanking,Desktop,Delhi,0,63,231.41,1432,19,1,12,19,0,0.202230954335534,0,16.17847634684272,Low,0,False,NO_ALERT
T100527,CUST3383,2023-01-13 11:03:00,2023-01-01,25.55,0,Legitimate,0.0,Entertainment,Debit Card,POS,Mumbai,0,193,483.44,1041,11,4,1,13,0,0.2398979227768425,0,19.191833822147398,Low,0,False,NO_ALERT
T100528,CUST7253,2024-01-26 09:27:00,2024-01-01,4.64,0,Legitimate,0.0,Fashion,NetBanking,Mobile,Chennai,0,123,76.78,878,9,4,1,26,0,0.20329688194460357,0,16.263750555568286,Low,0,False,NO_ALERT
T100529,CUST9548,2023-10-27 09:55:00,2023-10-01,160.03,0,Legitimate,0.0,Utilities,UPI,POS,Delhi,0,169,379.8,1049,9,4,10,27,0,0.23496013015203687,0,18.79681041216295,Low,0,False,NO_ALERT
T100530,CUST1839,2023-05-23 23:02:00,2023-05-01,134.09,0,Legitimate,0.0,Grocery,NetBanking,Mobile,Bengaluru,0,89,171.87,347,23,1,5,23,0,0.21087499956839623,0,16.8699999654717,Low,0,False,NO_ALERT
T100531,CUST9184,2023-07-25 00:29:00,2023-07-01,653.8,1,Fraudulent,653.8,Grocery,PayPal,Mobile,Hyderabad,0,95,152.28,1630,0,1,7,25,0,0.7622836049947275,1,80.9826883995782,Critical,1,True,CRITICAL
T100532,CUST6030,2023-05-29 07:51:00,2023-05-01,455.59,0,Legitimate,0.0,Entertainment,Credit Card,Mobile,Mumbai,0,119,142.68,740,7,0,5,29,0,0.2699730207661174,1,41.597841661289394,Medium,0,False,NO_ALERT
T100533,CUST3551,2023-10-13 23:26:00,2023-10-01,64.85,0,Legitimate,0.0,Electronics,PayPal,Desktop,Kolkata,0,44,180.9,1178,23,4,10,13,0,0.21895706222521202,0,17.516564978016962,Low,0,False,NO_ALERT
T100534,CUST8276,2023-01-12 12:30:00,2023-01-01,117.22,0,Legitimate,0.0,Food,PayPal,Desktop,Pune,0,102,184.99,480,12,3,1,12,0,0.23004752516668897,0,18.40380201333512,Low,0,False,NO_ALERT
T100535,CUST5320,2023-11-27 12:43:00,2023-11-01,231.69,0,Legitimate,0.0,Grocery,UPI,Desktop,Mumbai,0,45,142.67,1911,12,0,11,27,0,0.2489072319458374,1,39.912578555667,Medium,0,False,NO_ALERT
T100536,CUST3468,2024-02-11 07:52:00,2024-02-01,151.58,0,Legitimate,0.0,Grocery,Credit Card,POS,Mumbai,0,197,337.07,1773,7,6,2,11,1,0.29491141814167354,0,23.592913451333885,Low,0,False,NO_ALERT
T100537,CUST6142,2023-09-06 10:57:00,2023-09-01,22.73,0,Legitimate,0.0,Travel,PayPal,Mobile,Mumbai,0,117,33.38,1261,10,2,9,6,0,0.2515522842495114,0,20.124182739960915,Low,0,False,NO_ALERT
T100538,CUST6521,2023-11-10 10:27:00,2023-11-01,47.91,0,Legitimate,0.0,Health,UPI,POS,Kolkata,0,51,172.82,1353,10,4,11,10,0,0.2323296204576283,0,18.586369636610268,Low,0,False,NO_ALERT
T100539,CUST4950,2023-08-30 19:47:00,2023-08-01,11.06,0,Legitimate,0.0,Grocery,Credit Card,POS,Chennai,0,65,147.3,1542,19,2,8,30,0,0.24026867161423515,0,19.221493729138814,Low,0,False,NO_ALERT
T100540,CUST4899,2023-08-02 22:13:00,2023-08-01,246.42,0,Legitimate,0.0,Food,Debit Card,Mobile,Chennai,0,54,378.19,662,22,2,8,2,0,0.2857658510986924,0,22.861268087895393,Low,0,False,NO_ALERT
T100541,CUST3183,2023-11-13 19:20:00,2023-11-01,74.55,0,Legitimate,0.0,Health,UPI,POS,Pune,0,184,81.78,171,19,0,11,13,0,0.2400650289835453,0,19.205202318683625,Low,0,False,NO_ALERT
T100542,CUST9701,2023-06-04 22:21:00,2023-06-01,20.77,0,Legitimate,0.0,Health,NetBanking,Mobile,Chennai,0,72,470.94,1033,22,6,6,4,1,0.23886111169026905,0,19.108888935221525,Low,0,False,NO_ALERT
T100543,CUST6698,2023-03-24 12:06:00,2023-03-01,89.11,0,Legitimate,0.0,Fashion,Credit Card,Mobile,Kolkata,0,120,93.55,1527,12,4,3,24,0,0.18792026669031092,0,15.033621335224874,Low,0,False,NO_ALERT
T100544,CUST1985,2024-02-16 03:47:00,2024-02-01,77.01,0,Legitimate,0.0,Fashion,PayPal,Mobile,Pune,0,168,191.31,888,3,4,2,16,0,0.597009034279113,0,47.760722742329044,Medium,0,False,NO_ALERT
T100545,CUST4937,2023-04-06 06:47:00,2023-04-01,35.47,0,Legitimate,0.0,Fashion,PayPal,Mobile,Pune,0,186,107.85,598,6,3,4,6,0,0.2404779900000336,0,19.23823920000269,Low,0,False,NO_ALERT
T100546,CUST9588,2023-05-20 18:45:00,2023-05-01,9.64,0,Legitimate,0.0,Fashion,NetBanking,POS,Chennai,0,143,150.48,333,18,5,5,20,1,0.20984862380819944,0,16.787889904655955,Low,0,False,NO_ALERT
T100547,CUST6878,2023-11-04 22:24:00,2023-11-01,89.08,0,Legitimate,0.0,Travel,NetBanking,POS,Delhi,0,19,382.9,686,22,5,11,4,1,0.20885334849854945,0,16.70826787988396,Low,0,False,NO_ALERT
T100548,CUST9039,2023-01-21 06:57:00,2023-01-01,58.77,0,Legitimate,0.0,Grocery,PayPal,POS,Chennai,0,10,243.44,1609,6,5,1,21,1,0.32550211247314365,0,26.040168997851495,Medium,0,False,NO_ALERT
T100549,CUST2281,2023-06-11 03:44:00,2023-06-01,118.38,0,Legitimate,0.0,Fashion,Credit Card,Desktop,Delhi,0,16,89.66,673,3,6,6,11,1,0.4691735254639301,1,57.53388203711441,High,1,True,HIGH
T100550,CUST4709,2023-08-18 05:27:00,2023-08-01,58.74,1,Fraudulent,58.74,Entertainment,UPI,POS,Bengaluru,0,171,32.85,622,5,4,8,18,0,0.6313414943870939,0,50.50731955096751,High,1,True,HIGH
T100551,CUST9188,2023-12-04 09:40:00,2023-12-01,152.94,0,Legitimate,0.0,Electronics,NetBanking,POS,Chennai,0,159,122.66,1918,9,0,12,4,0,0.18724625275258702,1,34.979700220206965,Medium,0,False,NO_ALERT
T100552,CUST1919,2023-07-21 23:33:00,2023-07-01,64.22,0,Legitimate,0.0,Fashion,NetBanking,Desktop,Bengaluru,0,108,473.35,59,23,4,7,21,0,0.2024530712349219,0,16.196245698793753,Low,0,False,NO_ALERT
T100553,CUST9065,2023-01-09 05:53:00,2023-01-01,65.85,1,Fraudulent,65.85,Grocery,NetBanking,Mobile,Chennai,0,16,424.21,1430,5,0,1,9,0,0.8029331156546894,0,64.23464925237515,High,1,True,HIGH
T100554,CUST6016,2023-03-20 13:14:00,2023-03-01,167.42,0,Legitimate,0.0,Fashion,Debit Card,Mobile,Bengaluru,0,80,225.69,1394,13,0,3,20,0,0.2353134612600212,0,18.825076900801697,Low,0,False,NO_ALERT
T100555,CUST7553,2023-10-01 04:04:00,2023-10-01,41.33,0,Legitimate,0.0,Travel,Credit Card,Mobile,Hyderabad,0,28,246.18,1262,4,6,10,1,1,0.588010736129586,0,47.04085889036688,Medium,0,False,NO_ALERT
T100556,CUST3652,2023-01-13 09:22:00,2023-01-01,11.51,0,Legitimate,0.0,Food,Credit Card,Desktop,Bengaluru,0,190,450.69,1296,9,4,1,13,0,0.25066614664445036,0,20.05329173155603,Low,0,False,NO_ALERT
T100557,CUST4943,2023-02-10 15:03:00,2023-02-01,2.34,1,Fraudulent,2.34,Food,Credit Card,POS,Delhi,1,148,299.76,724,15,4,2,10,0,0.7092446446949254,0,56.73957157559404,High,1,True,HIGH
T100558,CUST3292,2023-08-22 18:56:00,2023-08-01,112.56,0,Legitimate,0.0,Grocery,Credit Card,POS,Mumbai,0,163,441.58,187,18,1,8,22,0,0.29874476893458757,0,23.899581514767007,Low,0,False,NO_ALERT
T100559,CUST6502,2023-10-27 22:16:00,2023-10-01,77.47,0,Legitimate,0.0,Entertainment,Credit Card,POS,Pune,0,187,251.0,175,22,4,10,27,0,0.2514351795197198,0,20.114814361577583,Low,0,False,NO_ALERT
T100560,CUST5025,2023-10-22 14:43:00,2023-10-01,97.41,0,Legitimate,0.0,Food,PayPal,POS,Bengaluru,0,9,108.05,369,14,6,10,22,1,0.21676754796727157,1,37.341403837381726,Medium,0,False,NO_ALERT
T100561,CUST7464,2023-03-16 07:55:00,2023-03-01,19.16,0,Legitimate,0.0,Utilities,NetBanking,Desktop,Mumbai,0,104,365.7,895,7,3,3,16,0,0.2368440583012396,0,18.94752466409917,Low,0,False,NO_ALERT
T100562,CUST5937,2023-01-16 14:41:00,2023-01-01,11.73,0,Legitimate,0.0,Food,PayPal,POS,Kolkata,0,138,267.93,1798,14,0,1,16,0,0.24318124907963992,0,19.454499926371195,Low,0,False,NO_ALERT
T100563,CUST5663,2023-02-20 20:36:00,2023-02-01,1.17,0,Legitimate,0.0,Electronics,Debit Card,Mobile,Hyderabad,0,45,337.54,121,20,0,2,20,0,0.19962939794220896,0,15.970351835376718,Low,0,False,NO_ALERT
T100564,CUST6413,2023-03-22 01:48:00,2023-03-01,34.53,0,Legitimate,0.0,Grocery,UPI,Desktop,Hyderabad,0,109,87.04,358,1,2,3,22,0,0.5937372675842796,0,47.49898140674237,Medium,0,False,NO_ALERT
T100565,CUST8915,2023-09-12 04:22:00,2023-09-01,71.31,0,Legitimate,0.0,Entertainment,NetBanking,Desktop,Kolkata,0,143,327.32,201,4,1,9,12,0,0.6096448619636103,0,48.77158895708883,Medium,0,False,NO_ALERT
T100566,CUST2686,2023-09-18 12:01:00,2023-09-01,39.84,0,Legitimate,0.0,Grocery,Debit Card,Mobile,Kolkata,0,30,197.31,731,12,0,9,18,0,0.23696343469486122,0,18.9570747755889,Low,0,False,NO_ALERT
T100567,CUST9457,2023-11-13 11:28:00,2023-11-01,46.03,0,Legitimate,0.0,Food,PayPal,Mobile,Kolkata,0,48,172.68,1084,11,0,11,13,0,0.2484336690978167,0,19.874693527825336,Low,0,False,NO_ALERT
T100568,CUST1747,2023-03-02 22:24:00,2023-03-01,187.6,0,Legitimate,0.0,Food,UPI,POS,Delhi,0,168,339.02,650,22,3,3,2,0,0.25007670416123484,0,20.00613633289879,Low,0,False,NO_ALERT
T100569,CUST7381,2023-07-26 23:46:00,2023-07-01,34.25,0,Legitimate,0.0,Food,Debit Card,Mobile,Kolkata,0,91,300.2,301,23,2,7,26,0,0.2425242373011734,0,19.401938984093874,Low,0,False,NO_ALERT
T100570,CUST6360,2023-05-28 12:12:00,2023-05-01,57.72,0,Legitimate,0.0,Health,UPI,Desktop,Delhi,0,91,328.06,1148,12,6,5,28,1,0.2153368831752638,0,17.226950654021106,Low,0,False,NO_ALERT
T100571,CUST8529,2024-02-14 03:47:00,2024-02-01,122.47,0,Legitimate,0.0,Travel,Debit Card,Desktop,Bengaluru,0,74,483.01,1018,3,2,2,14,0,0.6324608393513415,0,50.59686714810732,High,1,True,HIGH
T100572,CUST9858,2023-11-03 00:23:00,2023-11-01,40.41,0,Legitimate,0.0,Fashion,PayPal,Desktop,Chennai,0,44,353.59,106,0,4,11,3,0,0.5714955968670843,0,45.71964774936674,Medium,0,False,NO_ALERT
T100573,CUST7327,2023-04-18 23:59:00,2023-04-01,77.85,0,Legitimate,0.0,Utilities,UPI,POS,Kolkata,0,174,324.04,180,23,1,4,18,0,0.23543197125706905,0,18.834557700565522,Low,0,False,NO_ALERT
T100574,CUST6225,2023-02-04 16:19:00,2023-02-01,158.65,0,Legitimate,0.0,Travel,Debit Card,POS,Kolkata,1,134,310.64,171,16,5,2,4,1,0.5867231471933669,0,46.93785177546936,Medium,0,False,NO_ALERT
T100575,CUST5355,2023-04-05 22:06:00,2023-04-01,238.9,0,Legitimate,0.0,Grocery,PayPal,Mobile,Hyderabad,0,117,205.37,260,22,2,4,5,0,0.21855499999325964,0,17.484399999460774,Low,0,False,NO_ALERT
T100576,CUST5566,2023-10-09 17:44:00,2023-10-01,12.73,0,Legitimate,0.0,Utilities,NetBanking,POS,Mumbai,0,24,421.2,1823,17,0,10,9,0,0.25071143034161614,0,20.056914427329293,Low,0,False,NO_ALERT
T100577,CUST5617,2023-01-20 15:13:00,2023-01-01,208.93,0,Legitimate,0.0,Electronics,PayPal,POS,Chennai,0,7,196.66,1961,15,4,1,20,0,0.2853017676034918,0,22.824141408279345,Low,0,False,NO_ALERT
T100578,CUST3998,2023-02-25 21:29:00,2023-02-01,54.2,0,Legitimate,0.0,Fashion,PayPal,Desktop,Hyderabad,0,6,353.12,983,21,5,2,25,1,0.2449185099365903,0,19.593480794927228,Low,0,False,NO_ALERT
T100579,CUST4471,2024-02-03 10:55:00,2024-02-01,23.9,0,Legitimate,0.0,Electronics,NetBanking,Desktop,Bengaluru,0,118,153.64,157,10,5,2,3,1,0.2232109491061099,0,17.85687592848879,Low,0,False,NO_ALERT
T100580,CUST7310,2023-05-12 10:57:00,2023-05-01,49.17,0,Legitimate,0.0,Entertainment,PayPal,Mobile,Kolkata,0,161,82.4,889,10,4,5,12,0,0.22522193285002942,0,18.017754628002354,Low,0,False,NO_ALERT
T100581,CUST2511,2023-01-26 07:16:00,2023-01-01,313.09,0,Legitimate,0.0,Health,NetBanking,Desktop,Hyderabad,1,85,73.58,1789,7,3,1,26,0,0.5051927770791863,1,60.415422166334906,High,1,True,HIGH
T100582,CUST3244,2023-04-25 23:08:00,2023-04-01,54.28,0,Legitimate,0.0,Grocery,NetBanking,POS,Delhi,0,110,320.93,725,23,1,4,25,0,0.1907016759391669,0,15.256134075133353,Low,0,False,NO_ALERT
T100583,CUST6915,2023-08-30 07:57:00,2023-08-01,31.89,0,Legitimate,0.0,Health,NetBanking,Mobile,Mumbai,0,166,170.7,526,7,2,8,30,0,0.2623394211691654,0,20.987153693533234,Low,0,False,NO_ALERT
T100584,CUST1076,2024-02-03 21:33:00,2024-02-01,80.28,0,Legitimate,0.0,Grocery,Debit Card,Mobile,Mumbai,1,172,144.77,1333,21,5,2,3,1,0.5341648373591904,0,42.733186988735234,Medium,0,False,NO_ALERT
T100585,CUST9688,2023-03-26 03:28:00,2023-03-01,21.97,0,Legitimate,0.0,Electronics,UPI,Desktop,Delhi,0,145,300.11,1858,3,6,3,26,1,0.5144355810895787,0,41.154846487166296,Medium,0,False,NO_ALERT
T100586,CUST5051,2023-02-16 19:24:00,2023-02-01,6.31,0,Legitimate,0.0,Electronics,Debit Card,Desktop,Kolkata,0,31,22.58,1594,19,3,2,16,0,0.26442513690288727,0,21.154010952230983,Low,0,False,NO_ALERT
T100587,CUST7072,2023-03-24 20:01:00,2023-03-01,11.04,0,Legitimate,0.0,Electronics,NetBanking,Desktop,Kolkata,0,165,130.65,839,20,4,3,24,0,0.2004843590089122,0,16.038748720712977,Low,0,False,NO_ALERT
T100588,CUST2301,2023-06-20 19:53:00,2023-06-01,10.96,0,Legitimate,0.0,Grocery,UPI,Mobile,Chennai,0,139,176.87,1583,19,1,6,20,0,0.22850018245842513,0,18.28001459667401,Low,0,False,NO_ALERT
T100589,CUST6687,2023-06-25 01:11:00,2023-06-01,13.18,0,Legitimate,0.0,Food,UPI,Desktop,Delhi,0,133,357.1,160,1,6,6,25,1,0.5823293813941368,0,46.58635051153095,Medium,0,False,NO_ALERT
T100590,CUST7936,2023-06-18 19:35:00,2023-06-01,11.96,0,Legitimate,0.0,Electronics,NetBanking,POS,Kolkata,0,64,277.05,1514,19,6,6,18,1,0.203506506208199,0,16.28052049665592,Low,0,False,NO_ALERT
T100591,CUST8546,2023-07-14 08:53:00,2023-07-01,81.93,0,Legitimate,0.0,Health,UPI,Mobile,Mumbai,1,76,429.43,298,8,4,7,14,0,0.6102178532451239,0,48.81742825960992,Medium,0,False,NO_ALERT
T100592,CUST9267,2023-08-07 05:14:00,2023-08-01,16.06,1,Fraudulent,16.06,Entertainment,UPI,Desktop,Kolkata,0,131,173.91,647,5,0,8,7,0,0.6761758830573895,0,54.09407064459116,High,1,True,HIGH
T100593,CUST9252,2023-06-10 07:27:00,2023-06-01,33.93,0,Legitimate,0.0,Fashion,Debit Card,POS,Bengaluru,0,56,155.26,1722,7,5,6,10,1,0.23793911440421642,0,19.035129152337316,Low,0,False,NO_ALERT
T100594,CUST4054,2024-01-01 14:01:00,2024-01-01,181.68,0,Legitimate,0.0,Grocery,UPI,POS,Kolkata,0,63,26.27,991,14,0,1,1,0,0.39657894092237306,1,51.72631527378985,High,1,True,HIGH
T100595,CUST8300,2023-10-07 05:39:00,2023-10-01,51.39,0,Legitimate,0.0,Utilities,NetBanking,Desktop,Chennai,0,105,476.34,1624,5,5,10,7,1,0.5910587216453287,0,47.284697731626295,Medium,0,False,NO_ALERT
T100596,CUST4226,2023-11-25 05:17:00,2023-11-01,88.1,0,Legitimate,0.0,Health,Credit Card,POS,Pune,0,38,255.73,1657,5,5,11,25,1,0.606177324701972,0,48.494185976157766,Medium,0,False,NO_ALERT
T100597,CUST8244,2023-06-15 03:51:00,2023-06-01,15.13,0,Legitimate,0.0,Travel,Credit Card,Mobile,Hyderabad,0,54,256.24,1997,3,3,6,15,0,0.5770172938797861,0,46.16138351038289,Medium,0,False,NO_ALERT
T100598,CUST1588,2023-11-29 20:13:00,2023-11-01,17.08,0,Legitimate,0.0,Entertainment,Credit Card,Mobile,Pune,0,130,462.48,1313,20,2,11,29,0,0.2465295607326233,0,19.722364858609865,Low,0,False,NO_ALERT
T100599,CUST2648,2023-11-26 22:26:00,2023-11-01,3.34,0,Legitimate,0.0,Travel,NetBanking,POS,Bengaluru,0,2,152.06,1104,22,6,11,26,1,0.20089607293344192,1,36.07168583467535,Medium,0,False,NO_ALERT
T100600,CUST6610,2023-02-23 12:54:00,2023-02-01,14.8,0,Legitimate,0.0,Fashion,Credit Card,Mobile,Pune,0,140,172.73,1186,12,3,2,23,0,0.21932044622896665,0,17.545635698317334,Low,0,False,NO_ALERT
T100601,CUST7778,2023-10-16 11:58:00,2023-10-01,26.12,0,Legitimate,0.0,Food,Debit Card,Desktop,Kolkata,0,40,331.61,1732,11,0,10,16,0,0.25415044680368903,0,20.332035744295126,Low,0,False,NO_ALERT
T100602,CUST5307,2023-05-08 22:19:00,2023-05-01,15.58,0,Legitimate,0.0,Electronics,NetBanking,POS,Chennai,0,2,394.74,838,22,0,5,8,0,0.19524510296752953,0,15.619608237402364,Low,0,False,NO_ALERT
T100603,CUST3015,2023-08-16 03:07:00,2023-08-01,7.43,0,Legitimate,0.0,Grocery,NetBanking,Mobile,Mumbai,0,105,352.66,1058,3,2,8,16,0,0.5763679780178089,0,46.10943824142472,Medium,0,False,NO_ALERT
T100604,CUST3680,2023-07-13 19:37:00,2023-07-01,10.28,0,Legitimate,0.0,Health,NetBanking,Desktop,Mumbai,0,125,396.47,677,19,3,7,13,0,0.19805354997157146,0,15.844283997725718,Low,0,False,NO_ALERT
T100605,CUST4148,2023-07-06 09:08:00,2023-07-01,49.41,0,Legitimate,0.0,Utilities,UPI,Desktop,Bengaluru,0,80,291.8,767,9,3,7,6,0,0.2237206361046206,0,17.89765088836965,Low,0,False,NO_ALERT
T100606,CUST2021,2024-02-11 05:30:00,2024-02-01,18.49,0,Legitimate,0.0,Electronics,UPI,Mobile,Pune,0,185,432.78,531,5,6,2,11,1,0.48900350833462913,0,39.120280666770334,Medium,0,False,NO_ALERT
T100607,CUST7228,2023-12-16 09:50:00,2023-12-01,36.24,0,Legitimate,0.0,Health,UPI,POS,Chennai,0,47,279.55,1237,9,5,12,16,1,0.2133468414452361,0,17.067747315618888,Low,0,False,NO_ALERT
T100608,CUST3130,2024-01-31 15:22:00,2024-01-01,56.0,0,Legitimate,0.0,Grocery,PayPal,Desktop,Hyderabad,1,164,122.38,438,15,2,1,31,0,0.5819598096214016,0,46.55678476971213,Medium,0,False,NO_ALERT
T100609,CUST8570,2023-09-17 07:35:00,2023-09-01,93.8,0,Legitimate,0.0,Travel,Debit Card,Desktop,Kolkata,0,132,275.43,1144,7,6,9,17,1,0.24133838034302216,0,19.307070427441772,Low,0,False,NO_ALERT
T100610,CUST4402,2023-04-29 21:38:00,2023-04-01,3.21,0,Legitimate,0.0,Electronics,NetBanking,Desktop,Pune,0,152,359.34,1489,21,5,4,29,1,0.17872583730149239,0,14.29806698411939,Low,0,False,NO_ALERT
T100611,CUST2929,2023-10-25 06:18:00,2023-10-01,128.52,0,Legitimate,0.0,Fashion,NetBanking,Desktop,Pune,1,91,330.25,849,6,2,10,25,0,0.5982692341031163,0,47.86153872824931,Medium,0,False,NO_ALERT
T100612,CUST5543,2023-05-06 22:23:00,2023-05-01,79.09,0,Legitimate,0.0,Food,UPI,POS,Hyderabad,0,101,129.08,932,22,5,5,6,1,0.2019146882640387,0,16.153175061123097,Low,0,False,NO_ALERT
T100613,CUST4993,2023-02-19 13:01:00,2023-02-01,6.82,0,Legitimate,0.0,Fashion,NetBanking,Mobile,Delhi,0,190,30.13,218,13,6,2,19,1,0.25795343475650456,0,20.636274780520367,Low,0,False,NO_ALERT
T100614,CUST8245,2023-08-03 01:09:00,2023-08-01,165.45,0,Legitimate,0.0,Food,NetBanking,Mobile,Kolkata,0,130,133.72,1533,1,3,8,3,0,0.5830096117463662,0,46.640768939709304,Medium,0,False,NO_ALERT
T100615,CUST1473,2023-05-17 07:29:00,2023-05-01,202.94,0,Legitimate,0.0,Entertainment,Credit Card,Mobile,Bengaluru,0,15,492.18,1010,7,2,5,17,0,0.27719834202998545,0,22.175867362398836,Low,0,False,NO_ALERT
T100616,CUST1015,2023-09-27 07:48:00,2023-09-01,5.04,0,Legitimate,0.0,Health,NetBanking,Desktop,Kolkata,0,49,100.39,844,7,2,9,27,0,0.1884983486503027,0,15.079867892024218,Low,0,False,NO_ALERT
T100617,CUST4715,2023-01-26 18:46:00,2023-01-01,25.93,0,Legitimate,0.0,Electronics,PayPal,POS,Chennai,0,112,237.54,412,18,3,1,26,0,0.20344993248109663,0,16.27599459848773,Low,0,False,NO_ALERT
T100618,CUST3865,2023-10-18 08:58:00,2023-10-01,131.27,0,Legitimate,0.0,Electronics,UPI,Mobile,Bengaluru,0,35,322.79,879,8,2,10,18,0,0.19932842879638288,0,15.94627430371063,Low,0,False,NO_ALERT
T100619,CUST9369,2023-05-01 17:36:00,2023-05-01,110.35,0,Legitimate,0.0,Entertainment,Debit Card,POS,Hyderabad,0,116,440.94,1375,17,0,5,1,0,0.27971690143539835,0,22.37735211483187,Low,0,False,NO_ALERT
T100620,CUST2297,2023-04-18 22:35:00,2023-04-01,16.32,0,Legitimate,0.0,Food,Debit Card,Mobile,Chennai,0,94,382.53,1496,22,1,4,18,0,0.23360152449872845,0,18.68812195989828,Low,0,False,NO_ALERT
T100621,CUST1005,2023-04-02 05:06:00,2023-04-01,18.79,0,Legitimate,0.0,Travel,Credit Card,Desktop,Mumbai,0,175,455.39,519,5,6,4,2,1,0.6279675628329076,0,50.23740502663261,High,1,True,HIGH
T100622,CUST1454,2023-08-24 13:35:00,2023-08-01,37.02,0,Legitimate,0.0,Grocery,Debit Card,Mobile,Mumbai,0,24,306.15,1186,13,3,8,24,0,0.25793519343991034,0,20.634815475192827,Low,0,False,NO_ALERT
T100623,CUST7699,2023-06-12 01:16:00,2023-06-01,53.01,1,Fraudulent,53.01,Fashion,Debit Card,Desktop,Kolkata,0,60,434.01,1737,1,0,6,12,0,0.7350660579626106,0,58.805284637008846,High,1,True,HIGH
T100624,CUST2065,2023-11-09 21:46:00,2023-11-01,77.04,0,Legitimate,0.0,Entertainment,UPI,Desktop,Chennai,0,77,139.28,455,21,3,11,9,0,0.22966888733611793,0,18.373510986889436,Low,0,False,NO_ALERT
T100625,CUST6993,2023-10-28 21:21:00,2023-10-01,36.83,0,Legitimate,0.0,Utilities,UPI,Mobile,Bengaluru,0,48,220.98,279,21,5,10,28,1,0.2218046413173329,0,17.744371305386633,Low,0,False,NO_ALERT
T100626,CUST1885,2023-03-09 08:35:00,2023-03-01,49.67,0,Legitimate,0.0,Utilities,PayPal,POS,Bengaluru,0,151,423.45,1114,8,3,3,9,0,0.2608129840556807,0,20.865038724454458,Low,0,False,NO_ALERT
T100627,CUST6177,2023-09-10 23:52:00,2023-09-01,110.1,0,Legitimate,0.0,Health,Credit Card,Desktop,Mumbai,0,140,169.53,1615,23,6,9,10,1,0.2478371420207813,0,19.826971361662505,Low,0,False,NO_ALERT
T100628,CUST7034,2024-02-10 09:33:00,2024-02-01,2.99,0,Legitimate,0.0,Entertainment,Debit Card,POS,Mumbai,0,41,436.9,1049,9,5,2,10,1,0.2393016626332943,0,19.144133010663545,Low,0,False,NO_ALERT
T100629,CUST3381,2023-07-09 07:57:00,2023-07-01,23.27,1,Fraudulent,23.27,Fashion,PayPal,Mobile,Hyderabad,1,157,187.93,1475,7,6,7,9,1,0.7504545819617837,0,60.0363665569427,High,1,True,HIGH
T100630,CUST5918,2023-02-19 21:01:00,2023-02-01,99.96,0,Legitimate,0.0,Fashion,Credit Card,Desktop,Chennai,0,198,188.06,1529,21,6,2,19,1,0.26334790593909047,0,21.06783247512724,Low,0,False,NO_ALERT
T100631,CUST4430,2024-02-05 23:19:00,2024-02-01,180.46,0,Legitimate,0.0,Health,Debit Card,POS,Bengaluru,0,179,161.43,1276,23,0,2,5,0,0.2235643091365743,0,17.885144730925944,Low,0,False,NO_ALERT
T100632,CUST4252,2023-09-30 04:38:00,2023-09-01,57.34,0,Legitimate,0.0,Health,Debit Card,Desktop,Hyderabad,0,128,278.0,1491,4,5,9,30,1,0.6357849688911127,0,50.86279751128902,High,1,True,HIGH
T100633,CUST2630,2023-07-22 20:13:00,2023-07-01,60.76,0,Legitimate,0.0,Electronics,UPI,Mobile,Bengaluru,0,151,73.24,713,20,5,7,22,1,0.18048109359650089,0,14.43848748772007,Low,0,False,NO_ALERT
T100634,CUST1833,2023-09-18 04:48:00,2023-09-01,9.07,1,Fraudulent,9.07,Fashion,NetBanking,Desktop,Mumbai,0,31,27.94,1973,4,0,9,18,0,0.7519463832855446,0,60.155710662843575,High,1,True,HIGH
T100635,CUST1103,2023-02-17 15:04:00,2023-02-01,47.45,0,Legitimate,0.0,Grocery,Credit Card,Mobile,Chennai,0,149,449.73,1437,15,4,2,17,0,0.25311288762006673,0,20.24903100960534,Low,0,False,NO_ALERT
T100636,CUST8105,2024-01-14 21:31:00,2024-01-01,60.85,0,Legitimate,0.0,Utilities,Debit Card,POS,Delhi,0,24,465.18,348,21,6,1,14,1,0.24107241102196553,0,19.285792881757246,Low,0,False,NO_ALERT
T100637,CUST3315,2024-02-17 09:50:00,2024-02-01,22.22,0,Legitimate,0.0,Grocery,Credit Card,Desktop,Chennai,0,9,47.32,1049,9,5,2,17,1,0.2454456000903164,0,19.635648007225313,Low,0,False,NO_ALERT
T100638,CUST9079,2023-08-16 17:10:00,2023-08-01,25.09,0,Legitimate,0.0,Food,PayPal,POS,Pune,0,150,279.35,254,17,2,8,16,0,0.22735909042668692,0,18.188727234134955,Low,0,False,NO_ALERT
T100639,CUST2460,2023-01-16 09:25:00,2023-01-01,37.89,0,Legitimate,0.0,Entertainment,PayPal,Mobile,Delhi,0,132,274.44,452,9,0,1,16,0,0.23173222182911868,0,18.538577746329494,Low,0,False,NO_ALERT
T100640,CUST5893,2023-01-07 16:35:00,2023-01-01,1.62,0,Legitimate,0.0,Health,NetBanking,Mobile,Kolkata,0,77,192.49,937,16,5,1,7,1,0.19086270205391995,0,15.269016164313596,Low,0,False,NO_ALERT
T100641,CUST5766,2024-01-09 22:48:00,2024-01-01,31.1,0,Legitimate,0.0,Electronics,Debit Card,POS,Kolkata,0,131,288.76,1244,22,1,1,9,0,0.211678965904892,0,16.93431727239136,Low,0,False,NO_ALERT
T100642,CUST8724,2023-06-14 02:18:00,2023-06-01,19.0,0,Legitimate,0.0,Grocery,UPI,POS,Hyderabad,1,120,234.48,1924,2,2,6,14,0,0.7941611694679367,0,63.53289355743493,High,1,True,HIGH
T100643,CUST9205,2023-01-25 09:49:00,2023-01-01,31.74,0,Legitimate,0.0,Travel,Debit Card,Mobile,Delhi,0,156,249.92,1830,9,2,1,25,0,0.22664608064840064,0,18.131686451872053,Low,0,False,NO_ALERT
T100644,CUST1001,2023-05-07 15:38:00,2023-05-01,10.21,0,Legitimate,0.0,Utilities,Credit Card,POS,Delhi,0,90,380.12,1809,15,6,5,7,1,0.22046762830616515,0,17.637410264493212,Low,0,False,NO_ALERT
T100645,CUST7707,2023-08-15 10:56:00,2023-08-01,176.97,0,Legitimate,0.0,Electronics,PayPal,Mobile,Hyderabad,0,117,267.72,108,10,1,8,15,0,0.217358512808851,0,17.38868102470808,Low,0,False,NO_ALERT
T100646,CUST9233,2023-01-26 13:21:00,2023-01-01,72.03,0,Legitimate,0.0,Electronics,Credit Card,POS,Chennai,0,110,168.59,884,13,3,1,26,0,0.22041095178805023,0,17.63287614304402,Low,0,False,NO_ALERT
T100647,CUST8437,2023-09-26 12:44:00,2023-09-01,90.93,0,Legitimate,0.0,Grocery,NetBanking,Mobile,Hyderabad,1,121,294.91,1033,12,1,9,26,0,0.6632814601484058,0,53.06251681187247,High,1,True,HIGH
T100648,CUST2153,2023-01-07 11:27:00,2023-01-01,124.54,0,Legitimate,0.0,Travel,PayPal,Mobile,Pune,0,98,323.97,394,11,5,1,7,1,0.22339821699822718,0,17.871857359858176,Low,0,False,NO_ALERT
T100649,CUST1872,2023-03-23 01:15:00,2023-03-01,55.2,1,Fraudulent,55.2,Food,UPI,Desktop,Mumbai,0,15,334.53,51,1,3,3,23,0,0.7466362035374189,0,59.73089628299351,High,1,True,HIGH
T100650,CUST6063,2023-11-02 01:37:00,2023-11-01,7.27,0,Legitimate,0.0,Grocery,PayPal,Mobile,Kolkata,0,136,312.97,577,1,3,11,2,0,0.5871015386839123,0,46.96812309471299,Medium,0,False,NO_ALERT
T100651,CUST7629,2023-02-04 01:05:00,2023-02-01,61.62,1,Fraudulent,61.62,Travel,Debit Card,Mobile,Mumbai,0,176,335.66,359,1,5,2,4,1,0.6799401701528929,0,54.39521361223143,High,1,True,HIGH
T100652,CUST6860,2023-12-25 20:13:00,2023-12-01,70.71,0,Legitimate,0.0,Electronics,Debit Card,Desktop,Kolkata,0,52,161.95,1209,20,0,12,25,0,0.19218540230186318,0,15.374832184149055,Low,0,False,NO_ALERT
T100653,CUST5662,2023-11-24 15:25:00,2023-11-01,109.46,0,Legitimate,0.0,Utilities,PayPal,Desktop,Delhi,0,55,228.61,85,15,4,11,24,0,0.20368831783677416,0,16.29506542694193,Low,0,False,NO_ALERT
T100654,CUST7977,2023-07-02 01:32:00,2023-07-01,45.2,0,Legitimate,0.0,Travel,NetBanking,POS,Hyderabad,0,37,337.67,1920,1,6,7,2,1,0.5597615045591687,1,64.7809203647335,High,1,True,HIGH
T100655,CUST4143,2023-12-04 18:11:00,2023-12-01,10.92,0,Legitimate,0.0,Electronics,Debit Card,POS,Hyderabad,0,132,379.64,1301,18,0,12,4,0,0.26186402582389795,0,20.949122065911837,Low,0,False,NO_ALERT
T100656,CUST3285,2023-03-04 16:33:00,2023-03-01,26.7,0,Legitimate,0.0,Entertainment,Debit Card,Mobile,Hyderabad,0,55,222.73,954,16,5,3,4,1,0.23461870442578753,0,18.769496354063005,Low,0,False,NO_ALERT
T100657,CUST7672,2023-04-07 12:23:00,2023-04-01,36.09,0,Legitimate,0.0,Grocery,UPI,POS,Pune,0,12,189.01,290,12,4,4,7,0,0.24579521140517976,0,19.663616912414383,Low,0,False,NO_ALERT
T100658,CUST6034,2023-07-27 15:01:00,2023-07-01,83.06,0,Legitimate,0.0,Health,PayPal,POS,Pune,0,147,360.78,1825,15,3,7,27,0,0.2165227511455051,0,17.321820091640408,Low,0,False,NO_ALERT
T100659,CUST5590,2023-05-24 04:29:00,2023-05-01,67.66,0,Legitimate,0.0,Grocery,Debit Card,Mobile,Chennai,0,185,118.86,464,4,2,5,24,0,0.5811790153134483,0,46.494321225075865,Medium,0,False,NO_ALERT
T100660,CUST9000,2023-12-06 18:49:00,2023-12-01,35.22,1,Fraudulent,35.22,Entertainment,NetBanking,Desktop,Bengaluru,1,37,14.65,1580,18,2,12,6,0,0.746737344327014,1,79.73898754616113,Critical,1,True,CRITICAL
T100661,CUST9052,2023-01-15 18:43:00,2023-01-01,344.5,0,Legitimate,0.0,Fashion,Credit Card,Desktop,Kolkata,0,7,240.87,1531,18,6,1,15,1,0.33758539270943744,1,47.00683141675499,Medium,0,False,NO_ALERT
T100662,CUST9563,2023-05-07 23:28:00,2023-05-01,74.47,0,Legitimate,0.0,Fashion,PayPal,Mobile,Bengaluru,0,55,94.95,1753,23,6,5,7,1,0.2175445053034677,0,17.403560424277416,Low,0,False,NO_ALERT
T100663,CUST1973,2023-08-18 13:08:00,2023-08-01,21.66,0,Legitimate,0.0,Fashion,UPI,Mobile,Bengaluru,0,28,195.36,567,13,4,8,18,0,0.22946912542484602,0,18.357530033987683,Low,0,False,NO_ALERT
T100664,CUST8414,2023-12-11 03:04:00,2023-12-01,8.59,0,Legitimate,0.0,Grocery,Debit Card,Mobile,Kolkata,0,37,152.7,564,3,0,12,11,0,0.587926194748832,0,47.03409557990656,Medium,0,False,NO_ALERT
T100665,CUST1937,2023-04-19 19:02:00,2023-04-01,13.27,0,Legitimate,0.0,Food,NetBanking,Mobile,Chennai,0,189,390.86,410,19,2,4,19,0,0.1924009392158309,0,15.392075137266472,Low,0,False,NO_ALERT
T100666,CUST8743,2023-08-01 14:39:00,2023-08-01,22.58,0,Legitimate,0.0,Grocery,PayPal,Mobile,Hyderabad,0,75,172.39,132,14,1,8,1,0,0.23519604739336075,0,18.81568379146886,Low,0,False,NO_ALERT
T100667,CUST5765,2023-02-13 20:07:00,2023-02-01,14.01,0,Legitimate,0.0,Utilities,NetBanking,Mobile,Bengaluru,1,114,323.93,58,20,0,2,13,0,0.6383146646423521,0,51.06517317138817,High,1,True,HIGH
T100668,CUST1598,2023-08-20 23:13:00,2023-08-01,16.52,0,Legitimate,0.0,Entertainment,NetBanking,POS,Hyderabad,0,167,340.22,1907,23,6,8,20,1,0.22686279076825816,0,18.149023261460652,Low,0,False,NO_ALERT
T100669,CUST1974,2023-11-10 19:03:00,2023-11-01,26.85,0,Legitimate,0.0,Utilities,UPI,POS,Delhi,1,106,233.66,1536,19,4,11,10,0,0.6754903945793573,0,54.03923156634859,High,1,True,HIGH
T100670,CUST7641,2023-08-13 15:07:00,2023-08-01,15.23,1,Fraudulent,15.23,Entertainment,PayPal,POS,Bengaluru,0,151,49.73,1110,15,6,8,13,1,0.3918206561118951,0,31.345652488951607,Medium,0,False,NO_ALERT
T100671,CUST5312,2023-07-12 18:37:00,2023-07-01,181.66,0,Legitimate,0.0,Health,Debit Card,Desktop,Delhi,0,180,353.18,1115,18,2,7,12,0,0.2530685166778494,0,20.245481334227954,Low,0,False,NO_ALERT
T100672,CUST6200,2023-08-05 21:43:00,2023-08-01,6.69,0,Legitimate,0.0,Travel,UPI,Mobile,Chennai,0,110,46.83,984,21,5,8,5,1,0.23278364699506254,0,18.622691759605004,Low,0,False,NO_ALERT
T100673,CUST2683,2024-02-14 16:27:00,2024-02-01,59.47,0,Legitimate,0.0,Grocery,Debit Card,Mobile,Mumbai,0,84,58.61,1101,16,2,2,14,0,0.2251530595494766,0,18.01224476395813,Low,0,False,NO_ALERT
T100674,CUST6624,2023-04-06 07:59:00,2023-04-01,42.26,0,Legitimate,0.0,Grocery,Credit Card,POS,Pune,0,11,106.04,1420,7,3,4,6,0,0.27786516433287745,0,22.229213146630197,Low,0,False,NO_ALERT
T100675,CUST9890,2023-09-21 11:35:00,2023-09-01,323.09,0,Legitimate,0.0,Electronics,NetBanking,Desktop,Kolkata,0,66,147.38,576,11,3,9,21,0,0.23294581705468428,0,18.63566536437474,Low,0,False,NO_ALERT
T100676,CUST7045,2023-06-13 09:20:00,2023-06-01,9.51,0,Legitimate,0.0,Entertainment,Credit Card,POS,Chennai,1,13,424.76,1611,9,1,6,13,0,0.5364285022255885,1,62.91428017804708,High,1,True,HIGH
T100677,CUST3656,2023-06-28 01:12:00,2023-06-01,40.58,0,Legitimate,0.0,Electronics,NetBanking,Mobile,Chennai,0,169,340.71,1598,1,2,6,28,0,0.5582495679366309,0,44.65996543493048,Medium,0,False,NO_ALERT
T100678,CUST9178,2024-01-17 05:54:00,2024-01-01,279.12,0,Legitimate,0.0,Electronics,UPI,Mobile,Chennai,0,177,199.73,356,5,2,1,17,0,0.528723249958913,0,42.29785999671304,Medium,0,False,NO_ALERT
T100679,CUST6138,2023-11-17 20:33:00,2023-11-01,160.5,0,Legitimate,0.0,Grocery,Debit Card,POS,Bengaluru,0,15,489.53,1791,20,4,11,17,0,0.2556418065842881,0,20.45134452674305,Low,0,False,NO_ALERT
T100680,CUST1426,2024-02-16 06:09:00,2024-02-01,135.89,0,Legitimate,0.0,Food,Debit Card,POS,Delhi,0,56,129.37,295,6,4,2,16,0,0.20348794800370384,0,16.27903584029631,Low,0,False,NO_ALERT
T100681,CUST8909,2023-09-18 21:07:00,2023-09-01,23.86,0,Legitimate,0.0,Travel,UPI,Mobile,Pune,0,182,308.81,1781,21,0,9,18,0,0.2061769468740305,0,16.494155749922438,Low,0,False,NO_ALERT
T100682,CUST1882,2023-07-06 02:33:00,2023-07-01,14.99,0,Legitimate,0.0,Travel,PayPal,POS,Bengaluru,0,159,425.13,758,2,3,7,6,0,0.633465515382303,0,50.677241230584244,High,1,True,HIGH
T100683,CUST3707,2023-11-02 05:05:00,2023-11-01,88.36,0,Legitimate,0.0,Utilities,Credit Card,Mobile,Mumbai,0,189,402.99,1229,5,3,11,2,0,0.5711410118314972,0,45.69128094651978,Medium,0,False,NO_ALERT
T100684,CUST7192,2023-08-12 03:01:00,2023-08-01,212.03,0,Legitimate,0.0,Entertainment,Credit Card,POS,Kolkata,0,186,54.25,1097,3,5,8,12,1,0.491401579599225,1,59.312126367938,High,1,True,HIGH
T100685,CUST6396,2024-02-11 17:36:00,2024-02-01,65.09,1,Fraudulent,65.09,Health,Debit Card,Desktop,Kolkata,1,188,351.66,248,17,6,2,11,1,0.7374753561100456,1,78.99802848880364,Critical,1,True,CRITICAL
T100686,CUST6783,2023-12-28 23:48:00,2023-12-01,67.82,0,Legitimate,0.0,Entertainment,Debit Card,Mobile,Pune,0,53,136.35,155,23,3,12,28,0,0.21167773275917082,0,16.934218620733667,Low,0,False,NO_ALERT
T100687,CUST8911,2024-01-04 22:58:00,2024-01-01,26.28,0,Legitimate,0.0,Food,Debit Card,Desktop,Kolkata,0,61,184.31,911,22,3,1,4,0,0.23724756241613368,0,18.979804993290696,Low,0,False,NO_ALERT
T100688,CUST7847,2023-08-30 05:06:00,2023-08-01,117.4,0,Legitimate,0.0,Food,UPI,POS,Kolkata,0,128,249.61,1432,5,2,8,30,0,0.6294963103590522,0,50.359704828724176,High,1,True,HIGH
T100689,CUST7804,2023-01-31 22:30:00,2023-01-01,16.57,0,Legitimate,0.0,Travel,PayPal,Desktop,Chennai,0,42,397.47,348,22,1,1,31,0,0.2254347801895494,0,18.034782415163953,Low,0,False,NO_ALERT
T100690,CUST1269,2024-01-04 15:56:00,2024-01-01,31.29,0,Legitimate,0.0,Fashion,Credit Card,POS,Hyderabad,0,29,91.44,1358,15,3,1,4,0,0.24977357992162288,0,19.981886393729834,Low,0,False,NO_ALERT
T100691,CUST4595,2023-02-04 17:57:00,2023-02-01,44.33,0,Legitimate,0.0,Electronics,NetBanking,Desktop,Mumbai,0,155,63.19,1253,17,5,2,4,1,0.22669751151762849,0,18.13580092141028,Low,0,False,NO_ALERT
T100692,CUST3524,2023-08-16 05:44:00,2023-08-01,56.68,0,Legitimate,0.0,Electronics,UPI,Desktop,Delhi,0,44,85.19,114,5,2,8,16,0,0.5458331289696893,0,43.66665031757515,Medium,0,False,NO_ALERT
T100693,CUST6846,2023-08-07 18:29:00,2023-08-01,22.21,0,Legitimate,0.0,Travel,Credit Card,Desktop,Mumbai,0,133,116.93,1094,18,0,8,7,0,0.2376380046323238,0,19.011040370585903,Low,0,False,NO_ALERT
T100694,CUST2791,2023-11-09 14:02:00,2023-11-01,9.76,0,Legitimate,0.0,Entertainment,PayPal,Mobile,Bengaluru,0,180,39.16,752,14,3,11,9,0,0.296844321417312,0,23.747545713384962,Low,0,False,NO_ALERT
T100695,CUST3585,2023-09-13 02:48:00,2023-09-01,75.46,0,Legitimate,0.0,Food,UPI,Desktop,Kolkata,0,113,463.91,1919,2,2,9,13,0,0.6368584047480795,0,50.948672379846364,High,1,True,HIGH
T100696,CUST6281,2023-09-27 10:52:00,2023-09-01,27.25,1,Fraudulent,27.25,Entertainment,Credit Card,POS,Hyderabad,1,106,166.35,1604,10,2,9,27,0,0.7589673125838107,0,60.71738500670486,High,1,True,HIGH
T100697,CUST8574,2023-07-26 06:26:00,2023-07-01,69.64,0,Legitimate,0.0,Health,UPI,POS,Bengaluru,0,181,96.72,1416,6,2,7,26,0,0.24447817883413125,0,19.558254306730504,Low,0,False,NO_ALERT
T100698,CUST3063,2023-12-15 01:47:00,2023-12-01,13.41,0,Legitimate,0.0,Fashion,Credit Card,Mobile,Pune,0,180,322.54,1972,1,4,12,15,0,0.5298922619138832,0,42.391380953110655,Medium,0,False,NO_ALERT
T100699,CUST8384,2023-09-14 03:43:00,2023-09-01,52.49,0,Legitimate,0.0,Travel,Credit Card,Mobile,Chennai,0,38,395.63,1322,3,3,9,14,0,0.6269450599183297,0,50.15560479346638,High,1,True,HIGH
T100700,CUST7776,2023-08-22 21:09:00,2023-08-01,60.84,0,Legitimate,0.0,Electronics,PayPal,POS,Kolkata,0,172,379.08,391,21,1,8,22,0,0.21077592285714583,0,16.862073828571667,Low,0,False,NO_ALERT
T100701,CUST4623,2023-08-20 16:32:00,2023-08-01,4.26,0,Legitimate,0.0,Grocery,NetBanking,Desktop,Chennai,0,181,362.17,396,16,6,8,20,1,0.2064648198105631,0,16.51718558484505,Low,0,False,NO_ALERT
T100702,CUST5553,2023-06-25 05:14:00,2023-06-01,32.83,0,Legitimate,0.0,Entertainment,PayPal,POS,Mumbai,0,115,34.76,1234,5,6,6,25,1,0.6238014735168965,0,49.90411788135172,Medium,0,False,NO_ALERT
T100703,CUST5720,2023-03-17 03:08:00,2023-03-01,11.55,0,Legitimate,0.0,Food,Credit Card,Mobile,Chennai,0,130,393.26,1284,3,4,3,17,0,0.6123927559890621,0,48.99142047912497,Medium,0,False,NO_ALERT
T100704,CUST5382,2023-08-12 02:00:00,2023-08-01,5.24,0,Legitimate,0.0,Grocery,UPI,Mobile,Chennai,0,109,255.92,1017,2,5,8,12,1,0.6030383707633739,0,48.24306966106991,Medium,0,False,NO_ALERT
T100705,CUST7605,2023-05-26 15:10:00,2023-05-01,368.1,0,Legitimate,0.0,Health,PayPal,POS,Pune,1,182,328.05,1123,15,4,5,26,0,0.4988618727339468,1,59.90894981871574,High,1,True,HIGH
T100706,CUST3698,2023-12-10 02:27:00,2023-12-01,31.13,0,Legitimate,0.0,Travel,NetBanking,Desktop,Delhi,1,84,478.65,1878,2,6,12,10,1,0.6859072353567229,1,74.87257882853784,High,1,True,HIGH
T100707,CUST4954,2023-02-25 09:49:00,2023-02-01,132.81,0,Legitimate,0.0,Entertainment,Credit Card,Desktop,Delhi,1,163,407.23,617,9,5,2,25,1,0.578838565107333,1,66.30708520858664,High,1,True,HIGH
T100708,CUST4242,2023-08-08 06:29:00,2023-08-01,23.51,0,Legitimate,0.0,Electronics,PayPal,Mobile,Bengaluru,0,46,414.43,992,6,1,8,8,0,0.24133391753785427,0,19.306713403028343,Low,0,False,NO_ALERT
T100709,CUST8053,2023-03-30 23:17:00,2023-03-01,91.53,0,Legitimate,0.0,Entertainment,PayPal,POS,Kolkata,0,92,98.92,1997,23,3,3,30,0,0.23276209224185204,0,18.620967379348166,Low,0,False,NO_ALERT
T100710,CUST5086,2024-01-27 13:39:00,2024-01-01,114.25,0,Legitimate,0.0,Fashion,PayPal,POS,Bengaluru,0,105,243.44,1841,13,5,1,27,1,0.2301059448418964,0,18.408475587351713,Low,0,False,NO_ALERT
T100711,CUST1548,2023-05-02 19:41:00,2023-05-01,72.44,0,Legitimate,0.0,Utilities,PayPal,Mobile,Delhi,0,183,475.17,518,19,1,5,2,0,0.24037938360785346,0,19.230350688628278,Low,0,False,NO_ALERT
T100712,CUST3564,2023-12-18 08:35:00,2023-12-01,51.03,0,Legitimate,0.0,Grocery,UPI,POS,Mumbai,0,72,295.52,1287,8,0,12,18,0,0.24671659485128306,0,19.737327588102644,Low,0,False,NO_ALERT
T100713,CUST8206,2023-08-12 16:49:00,2023-08-01,42.46,0,Legitimate,0.0,Fashion,NetBanking,Mobile,Delhi,1,139,60.27,1883,16,5,8,12,1,0.619874852865632,1,69.58998822925057,High,1,True,HIGH
T100714,CUST9766,2023-03-22 20:26:00,2023-03-01,34.32,0,Legitimate,0.0,Health,NetBanking,Desktop,Bengaluru,0,29,368.59,1482,20,2,3,22,0,0.24369866271124294,0,19.495893016899437,Low,0,False,NO_ALERT
T100715,CUST7696,2023-12-15 01:13:00,2023-12-01,212.2,0,Legitimate,0.0,Electronics,Credit Card,Desktop,Hyderabad,0,197,31.03,860,1,4,12,15,0,0.494153188177823,1,59.53225505422584,High,1,True,HIGH
T100716,CUST6454,2023-12-31 11:52:00,2023-12-01,142.05,0,Legitimate,0.0,Grocery,Debit Card,POS,Kolkata,0,191,373.73,1701,11,6,12,31,1,0.23314759694874054,0,18.651807755899245,Low,0,False,NO_ALERT
T100717,CUST2817,2023-07-06 17:29:00,2023-07-01,268.25,0,Legitimate,0.0,Health,UPI,Desktop,Chennai,0,47,441.09,695,17,3,7,6,0,0.2364641021891907,0,18.917128175135257,Low,0,False,NO_ALERT
T100718,CUST9371,2023-11-02 08:30:00,2023-11-01,10.62,0,Legitimate,0.0,Fashion,Credit Card,Desktop,Pune,0,111,218.37,1347,8,3,11,2,0,0.22481278681840292,0,17.985022945472235,Low,0,False,NO_ALERT
T100719,CUST9743,2023-11-25 13:17:00,2023-11-01,105.0,0,Legitimate,0.0,Fashion,Credit Card,Mobile,Hyderabad,0,7,212.67,1401,13,5,11,25,1,0.23652554919286936,0,18.92204393542955,Low,0,False,NO_ALERT
T100720,CUST2866,2023-07-07 19:20:00,2023-07-01,222.89,0,Legitimate,0.0,Utilities,PayPal,Mobile,Hyderabad,0,117,159.06,1152,19,4,7,7,0,0.18343364099374007,0,14.674691279499207,Low,0,False,NO_ALERT
T100721,CUST4705,2023-07-11 07:45:00,2023-07-01,16.0,0,Legitimate,0.0,Grocery,Debit Card,POS,Chennai,0,64,439.7,905,7,1,7,11,0,0.24101733749532106,0,19.281386999625685,Low,0,False,NO_ALERT
T100722,CUST3995,2023-04-17 19:04:00,2023-04-01,5.5,1,Fraudulent,5.5,Electronics,Debit Card,Mobile,Delhi,0,82,278.41,390,19,0,4,17,0,0.32570278486993126,0,26.0562227895945,Medium,0,False,NO_ALERT
T100723,CUST7063,2023-06-29 00:12:00,2023-06-01,108.11,1,Fraudulent,108.11,Fashion,UPI,POS,Kolkata,0,64,293.84,1990,0,3,6,29,0,0.6788181724841642,0,54.30545379873314,High,1,True,HIGH
T100724,CUST2451,2023-09-13 13:20:00,2023-09-01,68.35,0,Legitimate,0.0,Travel,Debit Card,POS,Mumbai,1,92,334.24,1928,13,2,9,13,0,0.6177895063614396,0,49.423160508915174,Medium,0,False,NO_ALERT
T100725,CUST7930,2023-08-10 09:22:00,2023-08-01,147.53,0,Legitimate,0.0,Utilities,Credit Card,Mobile,Hyderabad,0,12,157.11,387,9,3,8,10,0,0.24244588527431243,0,19.395670821944996,Low,0,False,NO_ALERT
T100726,CUST9481,2023-09-12 08:29:00,2023-09-01,12.04,0,Legitimate,0.0,Health,Debit Card,Desktop,Mumbai,0,12,222.07,1183,8,1,9,12,0,0.238915805297606,0,19.11326442380848,Low,0,False,NO_ALERT
T100727,CUST6176,2023-07-26 09:54:00,2023-07-01,126.88,0,Legitimate,0.0,Grocery,Debit Card,Desktop,Pune,0,36,373.39,1572,9,2,7,26,0,0.21993956659071134,0,17.595165327256908,Low,0,False,NO_ALERT
T100728,CUST7136,2023-02-07 21:42:00,2023-02-01,18.01,0,Legitimate,0.0,Food,NetBanking,Desktop,Pune,0,29,492.89,1436,21,1,2,7,0,0.22680162964190415,0,18.144130371352333,Low,0,False,NO_ALERT
T100729,CUST8034,2023-03-27 17:17:00,2023-03-01,14.3,0,Legitimate,0.0,Food,Credit Card,Desktop,Pune,0,139,26.81,1670,17,0,3,27,0,0.19809788035290957,0,15.847830428232767,Low,0,False,NO_ALERT
T100730,CUST9891,2024-01-21 20:50:00,2024-01-01,14.36,0,Legitimate,0.0,Electronics,Debit Card,POS,Bengaluru,0,181,30.9,1974,20,6,1,21,1,0.25906442432915194,0,20.725153946332156,Low,0,False,NO_ALERT
T100731,CUST1311,2023-06-03 12:43:00,2023-06-01,134.81,0,Legitimate,0.0,Travel,Debit Card,Desktop,Hyderabad,0,198,219.76,1872,12,5,6,3,1,0.24496110854248582,0,19.596888683398866,Low,0,False,NO_ALERT
T100732,CUST8321,2023-10-11 08:35:00,2023-10-01,87.54,0,Legitimate,0.0,Fashion,PayPal,POS,Pune,0,85,333.21,1615,8,2,10,11,0,0.23288690995929415,0,18.630952796743532,Low,0,False,NO_ALERT
T100733,CUST9437,2023-04-23 10:26:00,2023-04-01,59.23,0,Legitimate,0.0,Food,Debit Card,Mobile,Bengaluru,0,74,199.32,765,10,6,4,23,1,0.24591940431631418,0,19.673552345305136,Low,0,False,NO_ALERT
T100734,CUST1858,2024-02-03 13:19:00,2024-02-01,35.56,0,Legitimate,0.0,Electronics,Debit Card,Mobile,Pune,0,47,499.82,93,13,5,2,3,1,0.2259261330282578,0,18.074090642260625,Low,0,False,NO_ALERT
T100735,CUST4036,2023-02-21 18:20:00,2023-02-01,167.78,0,Legitimate,0.0,Health,NetBanking,POS,Delhi,0,161,105.73,1449,18,1,2,21,0,0.183245060999684,0,14.65960487997472,Low,0,False,NO_ALERT
T100736,CUST7545,2023-03-31 03:10:00,2023-03-01,39.87,1,Fraudulent,39.87,Utilities,Credit Card,Desktop,Hyderabad,1,81,13.88,210,3,4,3,31,0,0.8143720281313055,1,85.14976225050445,Critical,1,True,CRITICAL
T100737,CUST6556,2023-06-04 23:08:00,2023-06-01,135.69,0,Legitimate,0.0,Travel,UPI,POS,Bengaluru,0,195,103.16,616,23,6,6,4,1,0.21258053164734406,0,17.006442531787524,Low,0,False,NO_ALERT
T100738,CUST5647,2023-03-10 05:37:00,2023-03-01,46.26,0,Legitimate,0.0,Travel,Credit Card,Desktop,Pune,0,121,444.55,1831,5,4,3,10,0,0.5720991524412493,0,45.76793219529995,Medium,0,False,NO_ALERT
T100739,CUST8735,2023-03-12 20:46:00,2023-03-01,37.85,0,Legitimate,0.0,Entertainment,PayPal,Desktop,Kolkata,0,43,81.12,218,20,6,3,12,1,0.23070467971859188,1,38.45637437748735,Medium,0,False,NO_ALERT
T100740,CUST4200,2024-01-05 19:21:00,2024-01-01,49.69,0,Legitimate,0.0,Electronics,Credit Card,POS,Bengaluru,0,146,244.7,1236,19,4,1,5,0,0.25665002410047,0,20.5320019280376,Low,0,False,NO_ALERT
T100741,CUST2078,2024-01-31 06:27:00,2024-01-01,28.69,0,Legitimate,0.0,Electronics,Debit Card,POS,Pune,0,74,215.45,1920,6,2,1,31,0,0.22656627035949703,0,18.125301628759765,Low,0,False,NO_ALERT
T100742,CUST2989,2023-12-25 11:28:00,2023-12-01,110.14,0,Legitimate,0.0,Entertainment,PayPal,Desktop,Delhi,0,53,336.21,1545,11,0,12,25,0,0.22809728423012351,0,18.24778273840988,Low,0,False,NO_ALERT
T100743,CUST5896,2023-12-23 18:21:00,2023-12-01,55.89,0,Legitimate,0.0,Utilities,Credit Card,POS,Mumbai,0,39,36.75,609,18,5,12,23,1,0.19082286709990604,0,15.265829367992485,Low,0,False,NO_ALERT
T100744,CUST8299,2023-03-29 10:44:00,2023-03-01,21.14,0,Legitimate,0.0,Fashion,PayPal,Desktop,Pune,0,107,332.79,199,10,2,3,29,0,0.20249827762716077,0,16.199862210172864,Low,0,False,NO_ALERT
T100745,CUST7059,2023-11-23 12:00:00,2023-11-01,183.87,0,Legitimate,0.0,Electronics,UPI,POS,Mumbai,0,162,183.83,351,12,3,11,23,0,0.21015924239377248,0,16.8127393915018,Low,0,False,NO_ALERT
T100746,CUST1735,2023-02-01 10:30:00,2023-02-01,38.75,0,Legitimate,0.0,Entertainment,Credit Card,Mobile,Hyderabad,0,37,463.76,1225,10,2,2,1,0,0.30701451103387606,0,24.561160882710084,Low,0,False,NO_ALERT
T100747,CUST6875,2023-06-01 16:54:00,2023-06-01,62.74,0,Legitimate,0.0,Fashion,Debit Card,Desktop,Delhi,0,169,425.95,313,16,3,6,1,0,0.2365949359032701,0,18.927594872261608,Low,0,False,NO_ALERT
T100748,CUST8725,2023-12-11 23:29:00,2023-12-01,189.56,0,Legitimate,0.0,Utilities,PayPal,Mobile,Kolkata,0,97,205.76,1672,23,0,12,11,0,0.24518602222510727,0,19.61488177800858,Low,0,False,NO_ALERT
T100749,CUST6942,2023-02-18 16:46:00,2023-02-01,78.3,0,Legitimate,0.0,Fashion,NetBanking,POS,Hyderabad,0,49,496.52,395,16,5,2,18,1,0.2019095061276017,0,16.152760490208134,Low,0,False,NO_ALERT
T100750,CUST7940,2023-06-21 15:41:00,2023-06-01,9.95,0,Legitimate,0.0,Grocery,PayPal,Mobile,Kolkata,0,128,35.45,140,15,2,6,21,0,0.2406020929609295,0,19.24816743687436,Low,0,False,NO_ALERT
T100751,CUST1545,2023-10-29 19:46:00,2023-10-01,224.85,0,Legitimate,0.0,Travel,NetBanking,POS,Mumbai,0,10,396.43,107,19,6,10,29,1,0.2308114176057954,1,38.46491340846363,Medium,0,False,NO_ALERT
T100752,CUST3990,2023-10-04 20:35:00,2023-10-01,79.05,0,Legitimate,0.0,Health,Debit Card,Desktop,Delhi,0,40,222.58,1751,20,2,10,4,0,0.2931815752602921,0,23.45452602082337,Low,0,False,NO_ALERT
T100753,CUST4363,2023-10-14 10:01:00,2023-10-01,32.63,0,Legitimate,0.0,Travel,UPI,POS,Chennai,0,146,222.32,282,10,5,10,14,1,0.23555218442709183,0,18.844174754167348,Low,0,False,NO_ALERT
T100754,CUST4635,2024-01-26 06:55:00,2024-01-01,12.0,0,Legitimate,0.0,Travel,NetBanking,POS,Delhi,0,153,93.37,265,6,4,1,26,0,0.2249168644232557,0,17.993349153860457,Low,0,False,NO_ALERT
T100755,CUST6074,2023-01-17 19:45:00,2023-01-01,126.4,0,Legitimate,0.0,Grocery,UPI,Desktop,Delhi,0,106,262.29,122,19,1,1,17,0,0.23844642088349755,0,19.075713670679804,Low,0,False,NO_ALERT
T100756,CUST1828,2023-04-17 13:15:00,2023-04-01,77.42,0,Legitimate,0.0,Fashion,PayPal,POS,Kolkata,0,41,51.51,1695,13,0,4,17,0,0.18999970955279555,0,15.199976764223644,Low,0,False,NO_ALERT
T100757,CUST6087,2023-12-22 00:33:00,2023-12-01,60.99,0,Legitimate,0.0,Fashion,Debit Card,Desktop,Chennai,0,164,312.12,1748,0,4,12,22,0,0.6094060424926302,0,48.752483399410416,Medium,0,False,NO_ALERT
T100758,CUST1740,2024-01-01 16:17:00,2024-01-01,179.46,0,Legitimate,0.0,Electronics,NetBanking,POS,Bengaluru,0,2,128.38,1087,16,0,1,1,0,0.23740511332723407,1,38.99240906617872,Medium,0,False,NO_ALERT
T100759,CUST1487,2023-08-18 06:09:00,2023-08-01,124.32,0,Legitimate,0.0,Grocery,PayPal,Desktop,Bengaluru,0,177,365.18,1534,6,4,8,18,0,0.24506985766084405,0,19.605588612867525,Low,0,False,NO_ALERT
T100760,CUST4688,2023-09-24 01:53:00,2023-09-01,13.16,0,Legitimate,0.0,Electronics,Credit Card,Mobile,Bengaluru,0,195,307.61,1457,1,6,9,24,1,0.5021923217813314,0,40.17538574250652,Medium,0,False,NO_ALERT
T100761,CUST2041,2023-08-03 10:20:00,2023-08-01,29.89,0,Legitimate,0.0,Grocery,PayPal,POS,Mumbai,0,53,375.74,1868,10,3,8,3,0,0.25339979323351614,0,20.27198345868129,Low,0,False,NO_ALERT
T100762,CUST5394,2023-10-20 20:11:00,2023-10-01,22.85,0,Legitimate,0.0,Electronics,UPI,POS,Delhi,0,147,377.37,251,20,4,10,20,0,0.20161453118076747,0,16.129162494461397,Low,0,False,NO_ALERT
T100763,CUST8531,2023-02-03 03:27:00,2023-02-01,108.99,1,Fraudulent,108.99,Food,Debit Card,POS,Pune,0,26,106.39,1939,3,4,2,3,0,0.7456154261067944,1,79.64923408854355,Critical,1,True,CRITICAL
T100764,CUST9924,2023-06-03 17:23:00,2023-06-01,2.73,0,Legitimate,0.0,Entertainment,Debit Card,Desktop,Chennai,0,54,10.33,925,17,5,6,3,1,0.2566845196127573,0,20.534761569020585,Low,0,False,NO_ALERT
T100765,CUST4730,2023-04-09 13:13:00,2023-04-01,67.5,0,Legitimate,0.0,Travel,PayPal,POS,Pune,0,51,189.22,1543,13,6,4,9,1,0.21363124544920403,0,17.09049963593632,Low,0,False,NO_ALERT
T100766,CUST1469,2023-12-02 06:18:00,2023-12-01,114.99,0,Legitimate,0.0,Travel,Credit Card,Desktop,Mumbai,0,153,460.34,1847,6,5,12,2,1,0.3034720568423798,0,24.277764547390387,Low,0,False,NO_ALERT
T100767,CUST4386,2024-02-05 15:57:00,2024-02-01,167.49,0,Legitimate,0.0,Utilities,UPI,POS,Chennai,0,114,293.17,1393,15,0,2,5,0,0.22905607429001584,0,18.324485943201267,Low,0,False,NO_ALERT
T100768,CUST9332,2023-03-04 20:44:00,2023-03-01,33.49,0,Legitimate,0.0,Health,PayPal,Mobile,Pune,0,17,366.48,1566,20,5,3,4,1,0.2763961540616521,0,22.111692324932168,Low,0,False,NO_ALERT
T100769,CUST2826,2023-11-28 11:49:00,2023-11-01,137.74,0,Legitimate,0.0,Entertainment,PayPal,POS,Kolkata,0,120,440.99,990,11,1,11,28,0,0.23263911771103055,0,18.611129416882445,Low,0,False,NO_ALERT
T100770,CUST2434,2023-10-17 23:15:00,2023-10-01,9.38,0,Legitimate,0.0,Fashion,Debit Card,Mobile,Mumbai,0,189,453.97,1014,23,1,10,17,0,0.2669270733743549,0,21.354165869948392,Low,0,False,NO_ALERT
T100771,CUST7945,2023-05-31 06:23:00,2023-05-01,149.9,0,Legitimate,0.0,Health,UPI,Desktop,Mumbai,0,46,269.22,1662,6,2,5,31,0,0.2988429739301054,0,23.907437914408433,Low,0,False,NO_ALERT
T100772,CUST3458,2023-05-19 00:05:00,2023-05-01,10.91,0,Legitimate,0.0,Food,Credit Card,Mobile,Mumbai,0,55,275.06,1652,0,4,5,19,0,0.6296059133601851,0,50.36847306881481,High,1,True,HIGH
T100773,CUST2770,2023-07-20 22:40:00,2023-07-01,40.51,0,Legitimate,0.0,Utilities,Debit Card,POS,Chennai,0,50,426.96,872,22,3,7,20,0,0.23409177878001813,0,18.72734230240145,Low,0,False,NO_ALERT
T100774,CUST2900,2023-02-12 19:03:00,2023-02-01,127.68,0,Legitimate,0.0,Health,PayPal,POS,Pune,0,75,405.67,281,19,6,2,12,1,0.23931441266529116,0,19.145153013223293,Low,0,False,NO_ALERT
T100775,CUST5958,2023-10-10 18:12:00,2023-10-01,12.99,0,Legitimate,0.0,Utilities,Debit Card,Desktop,Pune,1,11,352.44,1417,18,1,10,10,0,0.6545352345361635,1,72.36281876289308,High,1,True,HIGH
T100776,CUST1583,2023-11-06 07:27:00,2023-11-01,20.83,0,Legitimate,0.0,Travel,Debit Card,POS,Hyderabad,0,140,306.19,1580,7,0,11,6,0,0.25322343877529624,0,20.2578751020237,Low,0,False,NO_ALERT
T100777,CUST7356,2023-05-14 21:07:00,2023-05-01,102.48,0,Legitimate,0.0,Fashion,NetBanking,POS,Mumbai,0,168,312.44,171,21,6,5,14,1,0.2716202952638484,0,21.729623621107873,Low,0,False,NO_ALERT
T100778,CUST6092,2023-07-16 15:13:00,2023-07-01,101.85,0,Legitimate,0.0,Food,Debit Card,Desktop,Bengaluru,0,48,187.83,340,15,6,7,16,1,0.22280481365864294,0,17.824385092691436,Low,0,False,NO_ALERT
T100779,CUST8205,2023-04-30 06:57:00,2023-04-01,81.99,0,Legitimate,0.0,Travel,Debit Card,Desktop,Delhi,0,121,422.05,1438,6,6,4,30,1,0.2603856674083188,0,20.830853392665507,Low,0,False,NO_ALERT
T100780,CUST2642,2023-05-19 09:39:00,2023-05-01,94.72,0,Legitimate,0.0,Entertainment,UPI,Mobile,Kolkata,0,56,312.71,1854,9,4,5,19,0,0.21496487791564764,0,17.197190233251813,Low,0,False,NO_ALERT
T100781,CUST9916,2023-04-21 06:44:00,2023-04-01,62.6,0,Legitimate,0.0,Electronics,Debit Card,Desktop,Kolkata,0,8,119.53,611,6,4,4,21,0,0.2387292328309296,0,19.09833862647437,Low,0,False,NO_ALERT
T100782,CUST1467,2023-07-12 00:53:00,2023-07-01,23.21,0,Legitimate,0.0,Grocery,Credit Card,POS,Hyderabad,0,14,127.52,1365,0,2,7,12,0,0.6633789138942511,0,53.07031311154009,High,1,True,HIGH
T100783,CUST2383,2023-05-31 09:52:00,2023-05-01,33.93,0,Legitimate,0.0,Food,PayPal,Desktop,Hyderabad,0,114,432.19,1332,9,2,5,31,0,0.24808564203943098,0,19.84685136315448,Low,0,False,NO_ALERT
T100784,CUST6491,2023-04-10 04:25:00,2023-04-01,16.03,0,Legitimate,0.0,Fashion,UPI,POS,Chennai,0,184,316.6,1619,4,0,4,10,0,0.5864655595964212,0,46.9172447677137,Medium,0,False,NO_ALERT
T100785,CUST9806,2023-07-18 19:03:00,2023-07-01,191.27,0,Legitimate,0.0,Utilities,Debit Card,Mobile,Hyderabad,0,54,205.37,375,19,1,7,18,0,0.207844328225242,0,16.62754625801936,Low,0,False,NO_ALERT
T100786,CUST5476,2024-01-09 05:33:00,2024-01-01,70.05,1,Fraudulent,70.05,Health,Credit Card,Desktop,Pune,0,17,101.68,1440,5,1,1,9,0,0.7670749920039062,0,61.36599936031249,High,1,True,HIGH
T100787,CUST2922,2023-06-20 09:11:00,2023-06-01,40.98,0,Legitimate,0.0,Entertainment,PayPal,POS,Chennai,0,173,309.01,331,9,1,6,20,0,0.23147368737936996,0,18.5178949903496,Low,0,False,NO_ALERT
T100788,CUST6572,2023-05-09 19:47:00,2023-05-01,49.59,0,Legitimate,0.0,Health,UPI,Desktop,Chennai,0,133,100.31,1817,19,1,5,9,0,0.23007473040569862,0,18.405978432455893,Low,0,False,NO_ALERT
T100789,CUST2471,2023-08-28 20:56:00,2023-08-01,235.43,0,Legitimate,0.0,Food,Credit Card,Desktop,Kolkata,0,131,240.38,536,20,0,8,28,0,0.22856261243602355,0,18.285008994881885,Low,0,False,NO_ALERT
T100790,CUST1644,2023-09-29 19:49:00,2023-09-01,13.32,1,Fraudulent,13.32,Entertainment,Debit Card,Desktop,Kolkata,1,9,341.98,276,19,4,9,29,0,0.7520075829844524,0,60.16060663875619,High,1,True,HIGH
T100791,CUST7472,2023-12-28 17:27:00,2023-12-01,70.6,0,Legitimate,0.0,Fashion,NetBanking,Desktop,Bengaluru,0,122,287.05,1699,17,3,12,28,0,0.1996905845155472,0,15.975246761243776,Low,0,False,NO_ALERT
T100792,CUST8247,2023-10-21 22:17:00,2023-10-01,56.4,0,Legitimate,0.0,Food,NetBanking,Mobile,Mumbai,0,114,461.83,517,22,5,10,21,1,0.22622524851242992,0,18.098019880994396,Low,0,False,NO_ALERT
T100793,CUST2477,2023-07-21 06:19:00,2023-07-01,75.63,0,Legitimate,0.0,Fashion,UPI,POS,Hyderabad,0,20,29.46,1809,6,4,7,21,0,0.242938364212758,0,19.43506913702064,Low,0,False,NO_ALERT
T100794,CUST5056,2023-05-27 05:34:00,2023-05-01,1.46,0,Legitimate,0.0,Health,Credit Card,Desktop,Mumbai,0,83,147.1,1974,5,5,5,27,1,0.5085931263960985,0,40.68745011168789,Medium,0,False,NO_ALERT
T100795,CUST4355,2023-12-13 01:18:00,2023-12-01,164.54,1,Fraudulent,164.54,Travel,PayPal,POS,Mumbai,0,21,37.97,1292,1,2,12,13,0,0.7468473985694893,1,79.74779188555915,Critical,1,True,CRITICAL
T100796,CUST6478,2023-11-23 00:20:00,2023-11-01,215.2,0,Legitimate,0.0,Entertainment,Credit Card,Mobile,Mumbai,0,33,105.36,1582,0,3,11,23,0,0.5788963933982656,1,66.31171147186126,High,1,True,HIGH
T100797,CUST1970,2023-06-07 23:33:00,2023-06-01,66.62,0,Legitimate,0.0,Electronics,NetBanking,POS,Chennai,0,133,70.75,1977,23,2,6,7,0,0.18967372602063468,0,15.173898081650774,Low,0,False,NO_ALERT
T100798,CUST8872,2023-07-16 15:35:00,2023-07-01,95.43,0,Legitimate,0.0,Travel,UPI,POS,Mumbai,0,152,369.0,957,15,6,7,16,1,0.2746629134049742,0,21.973033072397936,Low,0,False,NO_ALERT
T100799,CUST2531,2023-06-17 17:09:00,2023-06-01,204.6,0,Legitimate,0.0,Electronics,Debit Card,Mobile,Hyderabad,0,191,190.99,1402,17,5,6,17,1,0.2009935742779171,0,16.07948594223337,Low,0,False,NO_ALERT
T100800,CUST3205,2023-04-14 12:01:00,2023-04-01,98.27,0,Legitimate,0.0,Health,Credit Card,Desktop,Chennai,0,26,463.27,820,12,4,4,14,0,0.2370805665336212,0,18.966445322689697,Low,0,False,NO_ALERT
T100801,CUST7733,2023-01-24 23:18:00,2023-01-01,13.24,0,Legitimate,0.0,Utilities,NetBanking,POS,Hyderabad,0,108,21.46,1798,23,1,1,24,0,0.2659155777646237,0,21.2732462211699,Low,0,False,NO_ALERT
T100802,CUST7006,2023-11-04 03:59:00,2023-11-01,68.7,0,Legitimate,0.0,Entertainment,PayPal,POS,Chennai,0,89,329.93,941,3,5,11,4,1,0.6581424367010574,0,52.65139493608459,High,1,True,HIGH
T100803,CUST4877,2023-02-28 20:04:00,2023-02-01,74.66,0,Legitimate,0.0,Travel,UPI,Desktop,Delhi,0,92,485.57,1405,20,1,2,28,0,0.21810467470921202,0,17.448373976736963,Low,0,False,NO_ALERT
T100804,CUST4020,2024-01-06 03:28:00,2024-01-01,44.15,0,Legitimate,0.0,Travel,Debit Card,Desktop,Delhi,0,33,96.16,183,3,5,1,6,1,0.5812551152108351,0,46.50040921686681,Medium,0,False,NO_ALERT
T100805,CUST3904,2024-02-20 03:25:00,2024-02-01,106.68,0,Legitimate,0.0,Food,Credit Card,POS,Delhi,0,18,226.79,1563,3,1,2,20,0,0.661063409537769,0,52.88507276302152,High,1,True,HIGH
T100806,CUST9071,2023-04-29 00:58:00,2023-04-01,217.89,1,Fraudulent,217.89,Grocery,PayPal,Mobile,Delhi,0,18,353.93,1982,0,5,4,29,1,0.7498785216818078,1,79.99028173454462,Critical,1,True,CRITICAL
T100807,CUST7733,2024-02-19 06:21:00,2024-02-01,207.83,0,Legitimate,0.0,Health,Debit Card,Desktop,Chennai,0,166,320.24,1239,6,0,2,19,0,0.2522854397519744,0,20.182835180157955,Low,0,False,NO_ALERT
T100808,CUST6411,2023-12-15 14:20:00,2023-12-01,47.95,0,Legitimate,0.0,Fashion,NetBanking,Desktop,Mumbai,0,33,287.35,973,14,4,12,15,0,0.2042877312153612,0,16.343018497228897,Low,0,False,NO_ALERT
T100809,CUST9490,2023-02-11 02:00:00,2023-02-01,9.61,0,Legitimate,0.0,Health,NetBanking,Mobile,Bengaluru,0,27,170.11,624,2,5,2,11,1,0.57642991988217,0,46.1143935905736,Medium,0,False,NO_ALERT
T100810,CUST7026,2023-10-20 02:16:00,2023-10-01,335.13,1,Fraudulent,335.13,Fashion,PayPal,POS,Kolkata,0,49,366.82,1620,2,4,10,20,0,0.6859073457493546,1,74.87258765994838,High,1,True,HIGH
T100811,CUST5041,2023-05-25 00:38:00,2023-05-01,146.06,1,Fraudulent,146.06,Entertainment,NetBanking,Desktop,Pune,0,178,330.1,1478,0,3,5,25,0,0.6894850703387495,0,55.15880562709996,High,1,True,HIGH
T100812,CUST4750,2023-11-17 08:43:00,2023-11-01,10.65,0,Legitimate,0.0,Fashion,UPI,POS,Bengaluru,0,143,89.77,91,8,4,11,17,0,0.24165116249282687,0,19.332092999426152,Low,0,False,NO_ALERT
T100813,CUST1306,2023-05-08 12:40:00,2023-05-01,202.9,0,Legitimate,0.0,Utilities,PayPal,POS,Delhi,0,108,482.4,1454,12,0,5,8,0,0.24234428771944796,0,19.38754301755584,Low,0,False,NO_ALERT
T100814,CUST4061,2023-05-14 08:49:00,2023-05-01,163.15,1,Fraudulent,163.15,Electronics,NetBanking,POS,Mumbai,0,180,282.28,899,8,6,5,14,1,0.37008726881047066,0,29.606981504837655,Medium,0,False,NO_ALERT
T100815,CUST6589,2023-02-27 07:28:00,2023-02-01,58.52,0,Legitimate,0.0,Fashion,Credit Card,Mobile,Hyderabad,0,68,267.48,1112,7,0,2,27,0,0.23764307384268593,0,19.011445907414878,Low,0,False,NO_ALERT
T100816,CUST7799,2023-05-30 08:47:00,2023-05-01,71.58,0,Legitimate,0.0,Fashion,NetBanking,POS,Mumbai,0,99,425.64,1195,8,1,5,30,0,0.24737476422248114,0,19.78998113779849,Low,0,False,NO_ALERT
T100817,CUST1623,2023-03-21 11:37:00,2023-03-01,40.73,0,Legitimate,0.0,Food,UPI,POS,Hyderabad,1,19,323.8,495,11,1,3,21,0,0.5587009568144927,0,44.69607654515942,Medium,0,False,NO_ALERT
T100818,CUST1395,2023-05-29 20:56:00,2023-05-01,4.51,0,Legitimate,0.0,Travel,Debit Card,Desktop,Bengaluru,0,25,46.49,1202,20,0,5,29,0,0.22380266175436175,0,17.90421294034894,Low,0,False,NO_ALERT
T100819,CUST3018,2023-01-02 07:17:00,2023-01-01,32.66,0,Legitimate,0.0,Health,Debit Card,Desktop,Mumbai,0,104,258.23,1500,7,0,1,2,0,0.27711461417289374,0,22.169169133831502,Low,0,False,NO_ALERT
T100820,CUST7200,2023-08-03 00:08:00,2023-08-01,129.9,0,Legitimate,0.0,Health,NetBanking,Mobile,Mumbai,0,76,392.49,1227,0,3,8,3,0,0.6294484681558383,0,50.35587745246707,High,1,True,HIGH
T100821,CUST5935,2023-12-12 16:22:00,2023-12-01,0.37,0,Legitimate,0.0,Entertainment,Debit Card,Mobile,Pune,0,76,352.99,340,16,1,12,12,0,0.19211459853305843,0,15.369167882644675,Low,0,False,NO_ALERT
T100822,CUST2830,2023-02-15 07:30:00,2023-02-01,32.46,0,Legitimate,0.0,Entertainment,NetBanking,Desktop,Bengaluru,0,106,485.68,1115,7,2,2,15,0,0.23194554697612393,0,18.555643758089914,Low,0,False,NO_ALERT
T100823,CUST7705,2024-02-13 08:48:00,2024-02-01,40.62,0,Legitimate,0.0,Utilities,UPI,Desktop,Mumbai,0,153,22.21,1220,8,1,2,13,0,0.30300564086041626,0,24.2404512688333,Low,0,False,NO_ALERT
T100824,CUST4915,2023-09-12 21:53:00,2023-09-01,61.67,0,Legitimate,0.0,Fashion,Debit Card,Mobile,Hyderabad,0,33,138.0,1735,21,1,9,12,0,0.22150790724581218,0,17.720632579664976,Low,0,False,NO_ALERT
T100825,CUST5935,2023-12-14 02:03:00,2023-12-01,201.91,0,Legitimate,0.0,Grocery,Credit Card,POS,Kolkata,0,188,279.09,845,2,3,12,14,0,0.5688746720973888,0,45.50997376779111,Medium,0,False,NO_ALERT
T100826,CUST4820,2023-02-19 16:17:00,2023-02-01,34.01,0,Legitimate,0.0,Health,NetBanking,Mobile,Mumbai,0,37,313.55,132,16,6,2,19,1,0.218043869225406,0,17.443509538032483,Low,0,False,NO_ALERT
T100827,CUST7437,2023-01-09 13:37:00,2023-01-01,34.09,0,Legitimate,0.0,Entertainment,Debit Card,POS,Hyderabad,0,92,144.43,57,13,0,1,9,0,0.23567516690194723,0,18.85401335215578,Low,0,False,NO_ALERT
T100828,CUST6590,2023-11-07 08:24:00,2023-11-01,107.0,0,Legitimate,0.0,Fashion,UPI,Desktop,Delhi,0,124,415.13,1649,8,1,11,7,0,0.2374721741400753,0,18.997773931206023,Low,0,False,NO_ALERT
T100829,CUST8035,2023-06-30 00:56:00,2023-06-01,48.15,1,Fraudulent,48.15,Entertainment,UPI,Desktop,Mumbai,0,43,90.53,537,0,4,6,30,0,0.6612282979475721,0,52.89826383580577,High,1,True,HIGH
T100830,CUST2234,2023-07-07 00:25:00,2023-07-01,20.35,1,Fraudulent,20.35,Utilities,Credit Card,Desktop,Hyderabad,0,126,10.42,163,0,4,7,7,0,0.7280327241704575,0,58.2426179336366,High,1,True,HIGH
T100831,CUST6582,2023-07-02 07:56:00,2023-07-01,48.18,0,Legitimate,0.0,Electronics,UPI,POS,Kolkata,0,9,476.67,88,7,6,7,2,1,0.2309759945850896,1,38.47807956680717,Medium,0,False,NO_ALERT
T100832,CUST2074,2023-05-21 01:31:00,2023-05-01,12.15,0,Legitimate,0.0,Electronics,UPI,Mobile,Bengaluru,0,14,201.86,1143,1,6,5,21,1,0.5544273371338454,0,44.35418697070764,Medium,0,False,NO_ALERT
T100833,CUST1693,2023-04-24 03:49:00,2023-04-01,15.52,0,Legitimate,0.0,Entertainment,Debit Card,POS,Delhi,0,131,479.17,99,3,0,4,24,0,0.5861086911870536,0,46.888695294964286,Medium,0,False,NO_ALERT
T100834,CUST8669,2023-06-22 20:26:00,2023-06-01,55.19,0,Legitimate,0.0,Electronics,NetBanking,Mobile,Mumbai,0,69,146.19,1988,20,3,6,22,0,0.2150878184482152,0,17.20702547585722,Low,0,False,NO_ALERT
T100835,CUST3861,2023-10-16 21:21:00,2023-10-01,43.43,1,Fraudulent,43.43,Entertainment,PayPal,Mobile,Pune,1,184,41.09,214,21,0,10,16,0,0.7126055993569429,1,77.00844794855544,Critical,1,True,CRITICAL
T100836,CUST9151,2023-02-03 13:05:00,2023-02-01,197.06,0,Legitimate,0.0,Fashion,UPI,Mobile,Hyderabad,0,26,388.53,1491,13,4,2,3,0,0.25202352234573655,0,20.161881787658928,Low,0,False,NO_ALERT
T100837,CUST5284,2023-09-10 12:40:00,2023-09-01,36.0,0,Legitimate,0.0,Food,UPI,Desktop,Kolkata,0,127,419.55,601,12,6,9,10,1,0.22000413864362522,0,17.600331091490016,Low,0,False,NO_ALERT
T100838,CUST2117,2023-12-24 04:47:00,2023-12-01,69.51,0,Legitimate,0.0,Grocery,PayPal,Mobile,Pune,0,53,251.12,1527,4,6,12,24,1,0.568748863097868,1,65.49990904782945,High,1,True,HIGH
T100839,CUST1276,2024-02-06 07:27:00,2024-02-01,80.03,0,Legitimate,0.0,Fashion,UPI,Desktop,Mumbai,0,41,46.19,1710,7,1,2,6,0,0.2278698085522473,0,18.229584684179784,Low,0,False,NO_ALERT
T100840,CUST4874,2023-02-20 15:51:00,2023-02-01,1.05,0,Legitimate,0.0,Food,Debit Card,Mobile,Hyderabad,0,82,330.53,197,15,0,2,20,0,0.1727934492741279,0,13.823475941930234,Low,0,False,NO_ALERT
T100841,CUST2273,2023-05-05 16:56:00,2023-05-01,87.14,0,Legitimate,0.0,Food,Debit Card,Mobile,Mumbai,0,102,99.25,607,16,4,5,5,0,0.21139606489313784,0,16.911685191451028,Low,0,False,NO_ALERT
T100842,CUST3269,2023-11-18 02:37:00,2023-11-01,15.68,1,Fraudulent,15.68,Health,PayPal,Desktop,Delhi,0,21,426.2,1936,2,5,11,18,1,0.6878257501297597,1,75.02606001038077,Critical,1,True,CRITICAL
T100843,CUST6088,2023-10-23 07:01:00,2023-10-01,259.68,0,Legitimate,0.0,Fashion,UPI,Desktop,Kolkata,0,121,144.27,1177,7,0,10,23,0,0.20009615189846447,0,16.00769215187716,Low,0,False,NO_ALERT
T100844,CUST1910,2023-10-15 22:53:00,2023-10-01,12.88,0,Legitimate,0.0,Fashion,UPI,POS,Kolkata,0,39,425.38,1266,22,6,10,15,1,0.2105239353185906,1,36.84191482548725,Medium,0,False,NO_ALERT
T100845,CUST2889,2023-12-01 04:12:00,2023-12-01,42.84,1,Fraudulent,42.84,Entertainment,NetBanking,Mobile,Delhi,0,151,219.19,211,4,4,12,1,0,0.6454959713664116,0,51.63967770931293,High,1,True,HIGH
T100846,CUST2044,2023-03-17 11:00:00,2023-03-01,7.14,0,Legitimate,0.0,Food,UPI,Desktop,Mumbai,0,186,302.28,100,11,4,3,17,0,0.2436728799974997,0,19.493830399799975,Low,0,False,NO_ALERT
T100847,CUST4417,2023-09-25 10:42:00,2023-09-01,461.45,0,Legitimate,0.0,Food,Debit Card,POS,Mumbai,0,69,396.89,585,10,0,9,25,0,0.31417122292355226,0,25.133697833884185,Medium,0,False,NO_ALERT
T100848,CUST7872,2023-11-28 14:50:00,2023-11-01,55.8,0,Legitimate,0.0,Food,Credit Card,POS,Chennai,0,75,29.82,881,14,1,11,28,0,0.20682422806396594,0,16.545938245117277,Low,0,False,NO_ALERT
T100849,CUST3692,2023-09-17 06:25:00,2023-09-01,72.39,1,Fraudulent,72.39,Entertainment,Credit Card,Desktop,Mumbai,1,157,412.37,1248,6,6,9,17,1,0.7830354177312505,0,62.64283341850004,High,1,True,HIGH
T100850,CUST7042,2023-02-24 11:15:00,2023-02-01,5.55,0,Legitimate,0.0,Health,Credit Card,Mobile,Kolkata,0,62,77.94,1622,11,4,2,24,0,0.19902211008444634,0,15.921768806755708,Low,0,False,NO_ALERT
T100851,CUST8461,2023-09-30 14:40:00,2023-09-01,110.89,0,Legitimate,0.0,Fashion,Credit Card,POS,Mumbai,0,181,185.62,1345,14,5,9,30,1,0.2702182390406512,0,21.617459123252097,Low,0,False,NO_ALERT
T100852,CUST2250,2023-04-28 19:01:00,2023-04-01,18.85,0,Legitimate,0.0,Food,UPI,Mobile,Pune,0,45,241.66,1110,19,4,4,28,0,0.20587996605998043,0,16.470397284798434,Low,0,False,NO_ALERT
T100853,CUST4869,2023-02-10 06:05:00,2023-02-01,182.67,0,Legitimate,0.0,Electronics,UPI,Mobile,Pune,1,27,448.76,1942,6,4,2,10,0,0.5882364079958282,1,67.05891263966626,High,1,True,HIGH
T100854,CUST9384,2023-10-03 02:15:00,2023-10-01,18.37,1,Fraudulent,18.37,Fashion,NetBanking,POS,Delhi,0,116,21.0,712,2,1,10,3,0,0.745873397358992,0,59.66987178871937,High,1,True,HIGH
T100855,CUST2895,2023-12-06 09:30:00,2023-12-01,16.93,0,Legitimate,0.0,Entertainment,UPI,Desktop,Pune,0,162,284.01,1353,9,2,12,6,0,0.2304336804030415,0,18.43469443224332,Low,0,False,NO_ALERT
T100856,CUST1526,2023-01-26 01:51:00,2023-01-01,2.98,0,Legitimate,0.0,Health,Credit Card,Mobile,Mumbai,0,142,324.84,347,1,3,1,26,0,0.5217613977102304,0,41.74091181681844,Medium,0,False,NO_ALERT
T100857,CUST2351,2023-10-03 06:41:00,2023-10-01,51.1,0,Legitimate,0.0,Electronics,PayPal,Desktop,Bengaluru,0,41,165.13,1424,6,1,10,3,0,0.27218714208868255,0,21.774971367094608,Low,0,False,NO_ALERT
T100858,CUST9644,2023-04-21 04:40:00,2023-04-01,66.56,0,Legitimate,0.0,Entertainment,PayPal,POS,Mumbai,0,106,152.34,1136,4,4,4,21,0,0.6304896990136049,0,50.43917592108839,High,1,True,HIGH
T100859,CUST8226,2023-10-20 22:13:00,2023-10-01,5.44,1,Fraudulent,5.44,Travel,Debit Card,Mobile,Kolkata,0,74,250.33,858,22,4,10,20,0,0.2955112757135605,0,23.640902057084844,Low,0,False,NO_ALERT
T100860,CUST3361,2023-04-15 17:14:00,2023-04-01,119.52,0,Legitimate,0.0,Fashion,Debit Card,Desktop,Chennai,0,60,101.68,123,17,5,4,15,1,0.19414032562340797,0,15.531226049872638,Low,0,False,NO_ALERT
T100861,CUST4834,2023-01-18 21:15:00,2023-01-01,48.31,1,Fraudulent,48.31,Travel,UPI,Desktop,Hyderabad,0,42,239.38,296,21,2,1,18,0,0.2889894274084862,0,23.1191541926789,Low,0,False,NO_ALERT
T100862,CUST6591,2023-10-15 13:26:00,2023-10-01,59.45,1,Fraudulent,59.45,Entertainment,PayPal,Mobile,Kolkata,0,122,384.86,1898,13,6,10,15,1,0.347300098479128,0,27.784007878330243,Medium,0,False,NO_ALERT
T100863,CUST3060,2024-01-09 09:32:00,2024-01-01,46.49,0,Legitimate,0.0,Entertainment,Credit Card,Desktop,Delhi,0,179,424.24,1429,9,1,1,9,0,0.2538612737772157,0,20.308901902177254,Low,0,False,NO_ALERT
T100864,CUST2122,2023-10-29 22:29:00,2023-10-01,40.97,0,Legitimate,0.0,Entertainment,Credit Card,Desktop,Pune,0,11,198.73,1214,22,6,10,29,1,0.222082346377805,0,17.7665877102244,Low,0,False,NO_ALERT
T100865,CUST8097,2023-04-29 04:10:00,2023-04-01,65.61,0,Legitimate,0.0,Food,Credit Card,POS,Bengaluru,0,163,312.48,643,4,5,4,29,1,0.6285448340490608,0,50.28358672392487,High,1,True,HIGH
T100866,CUST8407,2023-06-07 13:05:00,2023-06-01,13.5,0,Legitimate,0.0,Health,UPI,POS,Kolkata,0,147,10.01,531,13,2,6,7,0,0.24364867446755784,0,19.491893957404628,Low,0,False,NO_ALERT
T100867,CUST2229,2023-01-05 22:16:00,2023-01-01,16.06,0,Legitimate,0.0,Food,UPI,Desktop,Hyderabad,0,118,279.67,1430,22,3,1,5,0,0.2083609637219491,0,16.668877097755928,Low,0,False,NO_ALERT
T100868,CUST2520,2023-05-08 22:04:00,2023-05-01,158.32,0,Legitimate,0.0,Health,NetBanking,Desktop,Bengaluru,0,65,487.87,1165,22,0,5,8,0,0.2629825628209998,0,21.038605025679985,Low,0,False,NO_ALERT
T100869,CUST6304,2023-06-22 04:06:00,2023-06-01,233.67,0,Legitimate,0.0,Grocery,Credit Card,Mobile,Delhi,0,189,163.01,607,4,3,6,22,0,0.5666888139907885,0,45.33510511926308,Medium,0,False,NO_ALERT
T100870,CUST6694,2024-01-11 10:12:00,2024-01-01,37.38,0,Legitimate,0.0,Food,Credit Card,POS,Pune,0,47,301.44,1675,10,3,1,11,0,0.2164015340033351,0,17.31212272026681,Low,0,False,NO_ALERT
T100871,CUST7475,2023-10-06 09:43:00,2023-10-01,25.26,0,Legitimate,0.0,Travel,UPI,Mobile,Chennai,0,14,383.52,661,9,4,10,6,0,0.22178553090564276,0,17.74284247245142,Low,0,False,NO_ALERT
T100872,CUST4379,2024-02-07 07:02:00,2024-02-01,82.63,0,Legitimate,0.0,Health,UPI,Desktop,Kolkata,0,67,308.38,308,7,2,2,7,0,0.2308407241479601,0,18.46725793183681,Low,0,False,NO_ALERT
T100873,CUST8620,2023-10-15 21:31:00,2023-10-01,42.04,0,Legitimate,0.0,Food,NetBanking,Mobile,Kolkata,0,180,215.06,783,21,6,10,15,1,0.22806231413416378,0,18.244985130733102,Low,0,False,NO_ALERT
T100874,CUST7766,2023-12-18 01:26:00,2023-12-01,2.06,0,Legitimate,0.0,Fashion,NetBanking,Desktop,Kolkata,0,109,84.76,1486,1,0,12,18,0,0.5489999569467848,0,43.919996555742784,Medium,0,False,NO_ALERT
T100875,CUST2660,2023-08-23 16:05:00,2023-08-01,13.58,0,Legitimate,0.0,Entertainment,Debit Card,POS,Delhi,0,160,237.21,1713,16,2,8,23,0,0.21652446495077826,0,17.32195719606226,Low,0,False,NO_ALERT
T100876,CUST3741,2023-02-03 21:57:00,2023-02-01,100.69,0,Legitimate,0.0,Health,PayPal,POS,Bengaluru,0,10,154.44,271,21,4,2,3,0,0.2571072684550757,0,20.568581476406056,Low,0,False,NO_ALERT
T100877,CUST4235,2023-10-07 17:50:00,2023-10-01,86.05,0,Legitimate,0.0,Health,Credit Card,Desktop,Bengaluru,0,124,351.0,1275,17,5,10,7,1,0.2763799163879963,0,22.110393311039704,Low,0,False,NO_ALERT
T100878,CUST2899,2023-10-29 16:43:00,2023-10-01,2.2,0,Legitimate,0.0,Food,Credit Card,POS,Delhi,0,17,226.54,812,16,6,10,29,1,0.19329803639803522,0,15.463842911842818,Low,0,False,NO_ALERT
T100879,CUST9479,2023-02-04 18:09:00,2023-02-01,20.08,0,Legitimate,0.0,Grocery,NetBanking,Desktop,Kolkata,0,168,426.44,991,18,5,2,4,1,0.22822299445930067,0,18.257839556744056,Low,0,False,NO_ALERT
T100880,CUST2528,2023-05-29 18:00:00,2023-05-01,21.02,0,Legitimate,0.0,Food,NetBanking,Mobile,Mumbai,0,196,104.73,1339,18,0,5,29,0,0.22330058089910487,0,17.86404647192839,Low,0,False,NO_ALERT
T100881,CUST6526,2024-02-06 23:57:00,2024-02-01,89.15,0,Legitimate,0.0,Utilities,Debit Card,Desktop,Delhi,0,191,214.68,1014,23,1,2,6,0,0.22758816314241784,0,18.207053051393427,Low,0,False,NO_ALERT
T100882,CUST5518,2024-02-17 20:39:00,2024-02-01,1.59,0,Legitimate,0.0,Travel,PayPal,Mobile,Pune,0,143,283.18,33,20,5,2,17,1,0.16600468382043615,0,13.280374705634893,Low,0,False,NO_ALERT
T100883,CUST2634,2023-09-01 14:15:00,2023-09-01,8.79,0,Legitimate,0.0,Travel,Debit Card,Desktop,Pune,0,97,71.75,349,14,4,9,1,0,0.21001408792160856,0,16.801127033728687,Low,0,False,NO_ALERT
T100884,CUST4553,2023-02-09 16:24:00,2023-02-01,128.72,0,Legitimate,0.0,Health,PayPal,POS,Chennai,0,167,298.08,1374,16,3,2,9,0,0.26168119095131404,0,20.934495276105125,Low,0,False,NO_ALERT
T100885,CUST1708,2023-04-29 05:29:00,2023-04-01,15.73,0,Legitimate,0.0,Health,Credit Card,Desktop,Delhi,0,57,152.55,1061,5,5,4,29,1,0.5969782114596165,0,47.75825691676932,Medium,0,False,NO_ALERT
T100886,CUST2328,2024-02-05 15:25:00,2024-02-01,84.62,0,Legitimate,0.0,Food,Debit Card,Desktop,Hyderabad,0,138,122.47,1105,15,0,2,5,0,0.21757370638233411,0,17.40589651058673,Low,0,False,NO_ALERT
T100887,CUST8887,2023-07-28 12:21:00,2023-07-01,21.76,0,Legitimate,0.0,Travel,NetBanking,Desktop,Pune,0,71,79.54,1053,12,4,7,28,0,0.20571891376513146,0,16.45751310121052,Low,0,False,NO_ALERT
T100888,CUST9173,2024-02-16 06:29:00,2024-02-01,8.38,0,Legitimate,0.0,Travel,Debit Card,POS,Pune,0,97,181.44,1195,6,4,2,16,0,0.22916804008224861,0,18.33344320657989,Low,0,False,NO_ALERT
T100889,CUST4499,2023-01-26 04:43:00,2023-01-01,22.29,0,Legitimate,0.0,Grocery,Debit Card,Desktop,Pune,1,17,465.2,1879,4,3,1,26,0,0.7488463216276356,1,79.90770573021086,Critical,1,True,CRITICAL
T100890,CUST6671,2023-03-22 05:31:00,2023-03-01,102.49,1,Fraudulent,102.49,Fashion,Credit Card,POS,Mumbai,0,76,25.19,808,5,2,3,22,0,0.8192063648680429,0,65.53650918944344,High,1,True,HIGH
T100891,CUST7126,2024-02-09 08:11:00,2024-02-01,154.87,0,Legitimate,0.0,Grocery,NetBanking,Desktop,Hyderabad,0,17,427.56,856,8,4,2,9,0,0.21276370968694702,0,17.021096774955762,Low,0,False,NO_ALERT
T100892,CUST3997,2024-02-14 08:11:00,2024-02-01,141.86,0,Legitimate,0.0,Utilities,NetBanking,Mobile,Kolkata,0,111,204.71,309,8,2,2,14,0,0.19866979077121802,0,15.893583261697442,Low,0,False,NO_ALERT
T100893,CUST3100,2023-02-10 08:26:00,2023-02-01,40.49,0,Legitimate,0.0,Electronics,UPI,Desktop,Kolkata,0,120,285.18,1141,8,4,2,10,0,0.19743621829062175,0,15.79489746324974,Low,0,False,NO_ALERT
T100894,CUST7737,2023-10-17 21:22:00,2023-10-01,88.23,0,Legitimate,0.0,Entertainment,UPI,Mobile,Delhi,0,144,261.28,1213,21,1,10,17,0,0.26070894176335274,0,20.85671534106822,Low,0,False,NO_ALERT
T100895,CUST4022,2024-02-19 15:07:00,2024-02-01,18.35,0,Legitimate,0.0,Grocery,UPI,POS,Mumbai,0,119,463.61,1014,15,0,2,19,0,0.2818603251941221,0,22.54882601552977,Low,0,False,NO_ALERT
T100896,CUST8780,2023-03-29 07:14:00,2023-03-01,27.75,0,Legitimate,0.0,Utilities,Credit Card,POS,Pune,0,78,387.36,1867,7,2,3,29,0,0.23714047350877415,0,18.97123788070193,Low,0,False,NO_ALERT
T100897,CUST6672,2023-08-23 07:34:00,2023-08-01,181.33,0,Legitimate,0.0,Food,Debit Card,Desktop,Kolkata,0,3,492.56,57,7,2,8,23,0,0.2602736826768029,0,20.821894614144234,Low,0,False,NO_ALERT
T100898,CUST1784,2023-11-08 23:47:00,2023-11-01,1.05,0,Legitimate,0.0,Fashion,NetBanking,POS,Hyderabad,0,108,399.27,1581,23,2,11,8,0,0.14154505865158043,0,11.323604692126436,Low,0,False,NO_ALERT
T100899,CUST8535,2023-08-10 15:56:00,2023-08-01,7.15,0,Legitimate,0.0,Food,NetBanking,Desktop,Kolkata,0,51,154.99,839,15,3,8,10,0,0.1959032107701216,0,15.672256861609728,Low,0,False,NO_ALERT
T100900,CUST4691,2023-12-13 08:14:00,2023-12-01,18.64,0,Legitimate,0.0,Entertainment,Debit Card,POS,Hyderabad,0,114,481.81,1924,8,2,12,13,0,0.22391416155899727,0,17.913132924719783,Low,0,False,NO_ALERT
T100901,CUST3063,2023-05-14 14:09:00,2023-05-01,2.15,1,Fraudulent,2.15,Utilities,NetBanking,Mobile,Mumbai,0,94,491.95,301,14,6,5,14,1,0.43607535562352084,0,34.88602844988167,Medium,0,False,NO_ALERT
T100902,CUST5900,2024-02-10 08:29:00,2024-02-01,16.02,0,Legitimate,0.0,Electronics,Debit Card,POS,Kolkata,1,174,70.32,1153,8,5,2,10,1,0.6298182232037441,0,50.38545785629953,High,1,True,HIGH
T100903,CUST8668,2023-01-04 09:51:00,2023-01-01,69.98,0,Legitimate,0.0,Fashion,Credit Card,Mobile,Pune,0,116,451.51,1961,9,2,1,4,0,0.24893740442057247,0,19.9149923536458,Low,0,False,NO_ALERT
T100904,CUST7827,2024-01-10 02:46:00,2024-01-01,43.77,0,Legitimate,0.0,Health,Credit Card,Desktop,Mumbai,1,183,335.46,1257,2,2,1,10,0,0.7137465299908817,0,57.09972239927054,High,1,True,HIGH
T100905,CUST9453,2023-01-28 10:31:00,2023-01-01,178.55,0,Legitimate,0.0,Travel,Credit Card,Desktop,Bengaluru,0,105,461.78,219,10,5,1,28,1,0.2635548209453782,0,21.08438567563026,Low,0,False,NO_ALERT
T100906,CUST6069,2023-06-02 22:40:00,2023-06-01,136.06,0,Legitimate,0.0,Grocery,Debit Card,Desktop,Pune,0,99,458.71,575,22,4,6,2,0,0.23626041974594755,0,18.900833579675805,Low,0,False,NO_ALERT
T100907,CUST9229,2023-10-30 08:02:00,2023-10-01,33.46,0,Legitimate,0.0,Utilities,Debit Card,Mobile,Mumbai,0,154,446.77,323,8,0,10,30,0,0.2980542947526547,0,23.844343580212378,Low,0,False,NO_ALERT
T100908,CUST4556,2023-07-12 22:25:00,2023-07-01,24.03,0,Legitimate,0.0,Food,PayPal,Desktop,Delhi,0,76,443.79,1948,22,2,7,12,0,0.24176396233127317,0,19.341116986501856,Low,0,False,NO_ALERT
T100909,CUST4860,2023-04-27 11:42:00,2023-04-01,38.2,0,Legitimate,0.0,Electronics,NetBanking,Desktop,Kolkata,0,159,67.65,1996,11,3,4,27,0,0.20025772952160562,0,16.02061836172845,Low,0,False,NO_ALERT
T100910,CUST1683,2023-11-15 16:52:00,2023-11-01,71.39,0,Legitimate,0.0,Travel,NetBanking,Mobile,Pune,0,81,80.32,1843,16,2,11,15,0,0.19002535956051025,0,15.202028764840822,Low,0,False,NO_ALERT
T100911,CUST3379,2023-03-14 08:53:00,2023-03-01,24.96,0,Legitimate,0.0,Grocery,PayPal,POS,Chennai,0,72,67.71,877,8,1,3,14,0,0.2252156503245777,0,18.017252025966215,Low,0,False,NO_ALERT
T100912,CUST2228,2023-01-18 08:28:00,2023-01-01,78.28,0,Legitimate,0.0,Travel,PayPal,Desktop,Pune,0,147,54.6,1397,8,2,1,18,0,0.17880857911527162,0,14.304686329221731,Low,0,False,NO_ALERT
T100913,CUST7019,2023-07-24 23:29:00,2023-07-01,42.13,0,Legitimate,0.0,Grocery,Credit Card,POS,Bengaluru,0,196,183.11,800,23,0,7,24,0,0.26266456315069353,0,21.013165052055484,Low,0,False,NO_ALERT
T100914,CUST5413,2023-07-02 00:10:00,2023-07-01,64.25,0,Legitimate,0.0,Utilities,PayPal,POS,Mumbai,0,143,345.14,798,0,6,7,2,1,0.6202232566043282,0,49.617860528346256,Medium,0,False,NO_ALERT
T100915,CUST6113,2023-12-02 23:06:00,2023-12-01,45.83,0,Legitimate,0.0,Health,Debit Card,Desktop,Chennai,0,111,183.8,82,23,5,12,2,1,0.23704499439382937,0,18.96359955150635,Low,0,False,NO_ALERT
T100916,CUST8209,2024-02-19 16:27:00,2024-02-01,27.9,0,Legitimate,0.0,Fashion,UPI,Desktop,Bengaluru,0,58,362.95,1757,16,0,2,19,0,0.2515705763306435,0,20.125646106451484,Low,0,False,NO_ALERT
T100917,CUST5298,2023-11-13 16:53:00,2023-11-01,237.22,0,Legitimate,0.0,Utilities,Debit Card,Mobile,Delhi,0,78,411.94,713,16,0,11,13,0,0.22905152844837112,0,18.32412227586969,Low,0,False,NO_ALERT
T100918,CUST7518,2023-09-23 17:56:00,2023-09-01,115.38,0,Legitimate,0.0,Travel,PayPal,Mobile,Pune,1,158,336.45,1100,17,5,9,23,1,0.5587644569696476,0,44.70115655757181,Medium,0,False,NO_ALERT
T100919,CUST9901,2023-04-15 22:13:00,2023-04-01,12.08,0,Legitimate,0.0,Travel,NetBanking,Desktop,Kolkata,0,48,237.9,1040,22,5,4,15,1,0.19462721061785485,0,15.570176849428387,Low,0,False,NO_ALERT
T100920,CUST4796,2023-02-12 15:22:00,2023-02-01,162.28,0,Legitimate,0.0,Travel,Debit Card,POS,Chennai,0,56,154.8,1475,15,6,2,12,1,0.2509984749030974,0,20.079877992247795,Low,0,False,NO_ALERT
T100921,CUST2586,2023-11-14 13:58:00,2023-11-01,53.47,0,Legitimate,0.0,Fashion,NetBanking,Mobile,Kolkata,0,42,70.96,732,13,1,11,14,0,0.1890439191943389,0,15.123513535547113,Low,0,False,NO_ALERT
T100922,CUST1781,2023-02-01 22:35:00,2023-02-01,179.96,0,Legitimate,0.0,Electronics,Debit Card,Mobile,Mumbai,1,24,251.89,912,22,2,2,1,0,0.5205361727123204,1,61.642893816985634,High,1,True,HIGH
T100923,CUST9546,2023-08-19 19:15:00,2023-08-01,128.7,0,Legitimate,0.0,Grocery,NetBanking,Desktop,Mumbai,0,110,362.6,494,19,5,8,19,1,0.1895931724684165,0,15.167453797473321,Low,0,False,NO_ALERT
T100924,CUST2490,2023-06-15 07:16:00,2023-06-01,44.3,0,Legitimate,0.0,Utilities,Debit Card,Desktop,Delhi,0,52,278.64,582,7,3,6,15,0,0.20526301697496432,0,16.421041357997147,Low,0,False,NO_ALERT
T100925,CUST3608,2023-07-27 14:16:00,2023-07-01,1.82,0,Legitimate,0.0,Utilities,NetBanking,Desktop,Bengaluru,0,171,363.53,946,14,3,7,27,0,0.18402156108042653,0,14.721724886434124,Low,0,False,NO_ALERT
T100926,CUST4842,2023-12-16 17:58:00,2023-12-01,25.03,0,Legitimate,0.0,Health,UPI,Desktop,Chennai,0,34,174.26,1482,17,5,12,16,1,0.20508958887306158,0,16.407167109844927,Low,0,False,NO_ALERT
T100927,CUST6526,2023-09-02 10:22:00,2023-09-01,62.41,0,Legitimate,0.0,Travel,Credit Card,Mobile,Delhi,0,188,42.73,1037,10,5,9,2,1,0.18786808127661098,0,15.029446502128877,Low,0,False,NO_ALERT
T100928,CUST8589,2023-02-06 03:18:00,2023-02-01,80.3,1,Fraudulent,80.3,Entertainment,Debit Card,Mobile,Bengaluru,0,3,387.84,1450,3,0,2,6,0,0.7816528412579093,0,62.53222730063275,High,1,True,HIGH
T100929,CUST6800,2023-01-21 22:27:00,2023-01-01,23.86,0,Legitimate,0.0,Utilities,UPI,Mobile,Hyderabad,0,68,117.66,223,22,5,1,21,1,0.19861447997173062,0,15.88915839773845,Low,0,False,NO_ALERT
T100930,CUST3538,2024-01-18 01:41:00,2024-01-01,12.01,0,Legitimate,0.0,Fashion,Credit Card,POS,Hyderabad,0,139,311.98,95,1,3,1,18,0,0.5972888151564664,0,47.78310521251731,Medium,0,False,NO_ALERT
T100931,CUST7038,2023-12-08 04:33:00,2023-12-01,144.11,0,Legitimate,0.0,Electronics,Debit Card,Mobile,Bengaluru,0,141,404.1,584,4,4,12,8,0,0.5808863566429079,0,46.470908531432634,Medium,0,False,NO_ALERT
T100932,CUST2588,2023-10-03 12:13:00,2023-10-01,332.85,0,Legitimate,0.0,Utilities,UPI,Mobile,Mumbai,0,50,78.16,1755,12,1,10,3,0,0.3486883408815949,1,47.89506727052759,Medium,0,False,NO_ALERT
T100933,CUST3110,2024-02-11 20:39:00,2024-02-01,59.67,0,Legitimate,0.0,Grocery,UPI,Desktop,Mumbai,0,82,303.26,630,20,6,2,11,1,0.21024911574521962,0,16.81992925961757,Low,0,False,NO_ALERT
T100934,CUST2294,2023-01-22 23:51:00,2023-01-01,15.07,0,Legitimate,0.0,Fashion,UPI,Mobile,Hyderabad,0,19,347.79,1529,23,6,1,22,1,0.20825888493674272,0,16.660710794939416,Low,0,False,NO_ALERT
T100935,CUST8756,2023-01-20 04:52:00,2023-01-01,25.43,0,Legitimate,0.0,Health,PayPal,Mobile,Mumbai,0,44,375.8,1741,4,4,1,20,0,0.6220560234516084,0,49.76448187612868,Medium,0,False,NO_ALERT
T100936,CUST9768,2023-07-06 16:18:00,2023-07-01,1.48,0,Legitimate,0.0,Health,NetBanking,Mobile,Kolkata,0,161,82.36,1934,16,3,7,6,0,0.17622855193991743,0,14.098284155193396,Low,0,False,NO_ALERT
T100937,CUST3293,2023-05-13 09:43:00,2023-05-01,196.55,0,Legitimate,0.0,Grocery,Credit Card,Desktop,Mumbai,0,166,414.31,1079,9,5,5,13,1,0.2821473658708188,0,22.571789269665505,Low,0,False,NO_ALERT
T100938,CUST2596,2023-10-14 17:34:00,2023-10-01,10.02,0,Legitimate,0.0,Travel,NetBanking,Mobile,Bengaluru,0,3,56.13,1152,17,5,10,14,1,0.20007814700468213,0,16.00625176037457,Low,0,False,NO_ALERT
T100939,CUST5522,2023-05-11 06:43:00,2023-05-01,68.74,0,Legitimate,0.0,Health,NetBanking,Mobile,Pune,0,113,264.6,505,6,3,5,11,0,0.20583897010126984,0,16.467117608101585,Low,0,False,NO_ALERT
T100940,CUST3597,2023-11-08 15:29:00,2023-11-01,25.62,0,Legitimate,0.0,Electronics,NetBanking,POS,Bengaluru,0,65,227.27,602,15,2,11,8,0,0.20442939855856349,0,16.35435188468508,Low,0,False,NO_ALERT
T100941,CUST6670,2023-07-15 23:12:00,2023-07-01,64.63,0,Legitimate,0.0,Fashion,UPI,POS,Mumbai,0,163,118.67,1946,23,5,7,15,1,0.2647964970628101,0,21.18371976502481,Low,0,False,NO_ALERT
T100942,CUST1014,2024-01-13 09:19:00,2024-01-01,84.31,0,Legitimate,0.0,Utilities,NetBanking,POS,Bengaluru,0,164,157.95,791,9,5,1,13,1,0.23517706257028087,0,18.81416500562247,Low,0,False,NO_ALERT
T100943,CUST4337,2023-05-04 17:01:00,2023-05-01,141.64,0,Legitimate,0.0,Electronics,PayPal,POS,Chennai,0,166,90.57,916,17,3,5,4,0,0.17323107429127257,0,13.858485943301808,Low,0,False,NO_ALERT
T100944,CUST3718,2023-06-18 04:04:00,2023-06-01,18.5,0,Legitimate,0.0,Travel,Debit Card,Desktop,Hyderabad,0,39,218.61,859,4,6,6,18,1,0.58800440034172,0,47.040352027337605,Medium,0,False,NO_ALERT
T100945,CUST8975,2023-05-18 08:32:00,2023-05-01,0.88,0,Legitimate,0.0,Electronics,UPI,POS,Pune,0,153,27.4,1790,8,3,5,18,0,0.17216594386119932,0,13.773275508895948,Low,0,False,NO_ALERT
T100946,CUST6911,2023-12-10 21:48:00,2023-12-01,11.78,1,Fraudulent,11.78,Electronics,Credit Card,Mobile,Chennai,1,64,445.57,111,21,6,12,10,1,0.7109389332789549,1,76.87511466231639,Critical,1,True,CRITICAL
T100947,CUST9846,2024-01-07 09:19:00,2024-01-01,184.22,0,Legitimate,0.0,Food,Debit Card,POS,Chennai,0,104,90.11,1451,9,6,1,7,1,0.26945672140972365,0,21.556537712777896,Low,0,False,NO_ALERT
T100948,CUST5545,2023-07-22 11:34:00,2023-07-01,165.65,0,Legitimate,0.0,Electronics,Debit Card,Desktop,Mumbai,0,13,444.15,1747,11,5,7,22,1,0.26694272529835567,0,21.355418023868452,Low,0,False,NO_ALERT
T100949,CUST6394,2023-12-26 13:00:00,2023-12-01,72.79,0,Legitimate,0.0,Grocery,Debit Card,POS,Mumbai,0,68,433.15,1990,13,1,12,26,0,0.23193126684237383,0,18.55450134738991,Low,0,False,NO_ALERT
T100950,CUST1232,2023-08-19 11:54:00,2023-08-01,73.41,0,Legitimate,0.0,Fashion,NetBanking,POS,Chennai,0,70,231.32,729,11,5,8,19,1,0.19877366154686738,0,15.90189292374939,Low,0,False,NO_ALERT
T100951,CUST4913,2023-05-23 04:55:00,2023-05-01,87.5,1,Fraudulent,87.5,Food,NetBanking,Desktop,Chennai,0,75,253.89,1446,4,1,5,23,0,0.6904458688564723,0,55.23566950851779,High,1,True,HIGH
T100952,CUST8521,2023-10-04 07:38:00,2023-10-01,15.43,0,Legitimate,0.0,Fashion,UPI,Desktop,Delhi,0,1,157.94,73,7,2,10,4,0,0.21774259297781093,0,17.419407438224876,Low,0,False,NO_ALERT
T100953,CUST5190,2023-04-20 21:09:00,2023-04-01,196.66,0,Legitimate,0.0,Fashion,NetBanking,Desktop,Delhi,1,182,498.47,853,21,3,4,20,0,0.5408167467123718,1,63.265339736989745,High,1,True,HIGH
T100954,CUST7704,2023-01-26 23:51:00,2023-01-01,43.41,0,Legitimate,0.0,Travel,NetBanking,Desktop,Kolkata,0,98,338.68,1531,23,3,1,26,0,0.19539251823630366,0,15.631401458904293,Low,0,False,NO_ALERT
T100955,CUST7058,2024-01-22 05:24:00,2024-01-01,38.65,1,Fraudulent,38.65,Travel,NetBanking,Desktop,Hyderabad,1,104,476.39,1824,5,0,1,22,0,0.8496566248790025,0,67.9725299903202,High,1,True,HIGH
T100956,CUST1392,2023-04-02 03:21:00,2023-04-01,58.54,0,Legitimate,0.0,Food,UPI,Desktop,Chennai,0,116,213.25,639,3,6,4,2,1,0.6251564332028723,0,50.01251465622978,High,1,True,HIGH
T100957,CUST3879,2024-01-18 20:33:00,2024-01-01,3.85,0,Legitimate,0.0,Health,UPI,Mobile,Bengaluru,0,137,442.68,1918,20,3,1,18,0,0.23470330401085004,0,18.776264320868005,Low,0,False,NO_ALERT
T100958,CUST7952,2023-06-26 01:27:00,2023-06-01,14.55,0,Legitimate,0.0,Entertainment,PayPal,POS,Pune,0,164,229.63,1144,1,0,6,26,0,0.6088718025549745,0,48.709744204397964,Medium,0,False,NO_ALERT
T100959,CUST4499,2023-08-26 09:26:00,2023-08-01,107.16,0,Legitimate,0.0,Travel,PayPal,POS,Delhi,0,113,434.75,1880,9,5,8,26,1,0.2033818285586763,0,16.270546284694102,Low,0,False,NO_ALERT
T100960,CUST4887,2023-03-26 03:59:00,2023-03-01,6.91,1,Fraudulent,6.91,Entertainment,PayPal,Desktop,Mumbai,0,103,74.15,1382,3,6,3,26,1,0.6874072873066543,0,54.992582984532355,High,1,True,HIGH
T100961,CUST7979,2023-08-26 04:03:00,2023-08-01,73.94,0,Legitimate,0.0,Travel,PayPal,Desktop,Chennai,1,37,322.06,1706,4,5,8,26,1,0.7216558005512915,1,77.73246404410332,Critical,1,True,CRITICAL
T100962,CUST5368,2023-05-05 02:24:00,2023-05-01,22.52,1,Fraudulent,22.52,Travel,Debit Card,Mobile,Bengaluru,1,106,342.56,1467,2,4,5,5,0,0.8298682259393947,0,66.38945807515158,High,1,True,HIGH
T100963,CUST6823,2024-01-27 12:00:00,2024-01-01,39.45,0,Legitimate,0.0,Fashion,Debit Card,Mobile,Pune,1,187,331.52,1874,12,5,1,27,1,0.5961798667107386,0,47.694389336859096,Medium,0,False,NO_ALERT
T100964,CUST8506,2023-08-19 19:13:00,2023-08-01,27.25,0,Legitimate,0.0,Food,PayPal,Desktop,Bengaluru,0,108,229.04,1817,19,5,8,19,1,0.24743677898106664,0,19.794942318485333,Low,0,False,NO_ALERT
T100965,CUST7357,2023-04-30 11:15:00,2023-04-01,35.16,0,Legitimate,0.0,Fashion,PayPal,Mobile,Kolkata,1,21,345.12,749,11,6,4,30,1,0.5434347272877953,1,63.47477818302363,High,1,True,HIGH
T100966,CUST1043,2023-02-17 21:46:00,2023-02-01,101.57,0,Legitimate,0.0,Utilities,Credit Card,Mobile,Bengaluru,0,148,127.34,720,21,4,2,17,0,0.20991646816820314,0,16.79331745345625,Low,0,False,NO_ALERT
T100967,CUST2358,2023-03-14 19:55:00,2023-03-01,28.21,0,Legitimate,0.0,Grocery,Debit Card,Desktop,Mumbai,0,129,301.97,1863,19,1,3,14,0,0.25609747383935233,0,20.487797907148188,Low,0,False,NO_ALERT
T100968,CUST9886,2023-02-18 22:34:00,2023-02-01,66.85,0,Legitimate,0.0,Fashion,Credit Card,Desktop,Delhi,0,187,281.58,1975,22,5,2,18,1,0.2491230587112332,0,19.929844696898655,Low,0,False,NO_ALERT
T100969,CUST6893,2023-10-17 05:35:00,2023-10-01,51.71,0,Legitimate,0.0,Entertainment,Credit Card,Desktop,Bengaluru,0,28,165.99,728,5,1,10,17,0,0.644344287716489,0,51.54754301731912,High,1,True,HIGH
T100970,CUST7474,2023-10-16 05:24:00,2023-10-01,87.17,0,Legitimate,0.0,Entertainment,NetBanking,Desktop,Pune,1,199,391.64,866,5,0,10,16,0,0.7834334551552186,0,62.67467641241749,High,1,True,HIGH
T100971,CUST4339,2023-05-10 18:50:00,2023-05-01,220.95,0,Legitimate,0.0,Grocery,UPI,POS,Delhi,1,184,49.63,139,18,2,5,10,0,0.5081971788843473,1,60.655774310747795,High,1,True,HIGH
T100972,CUST6181,2023-04-01 11:18:00,2023-04-01,105.51,0,Legitimate,0.0,Electronics,Debit Card,POS,Kolkata,0,108,94.01,248,11,5,4,1,1,0.1870458089277536,0,14.96366471422029,Low,0,False,NO_ALERT
T100973,CUST1067,2023-02-16 14:46:00,2023-02-01,19.36,0,Legitimate,0.0,Electronics,PayPal,Desktop,Kolkata,0,9,240.86,492,14,3,2,16,0,0.20654654797288033,0,16.523723837830428,Low,0,False,NO_ALERT
T100974,CUST5777,2023-11-15 09:34:00,2023-11-01,2.53,0,Legitimate,0.0,Grocery,PayPal,Mobile,Hyderabad,0,193,446.95,889,9,2,11,15,0,0.21855565088181333,0,17.484452070545068,Low,0,False,NO_ALERT
T100975,CUST3014,2023-08-01 01:02:00,2023-08-01,24.33,0,Legitimate,0.0,Grocery,UPI,Desktop,Mumbai,0,164,291.83,544,1,1,8,1,0,0.6278530170226752,0,50.228241361814014,High,1,True,HIGH
T100976,CUST5920,2023-10-22 01:55:00,2023-10-01,72.32,0,Legitimate,0.0,Fashion,Debit Card,POS,Delhi,0,162,422.61,1606,1,6,10,22,1,0.5950308670472197,0,47.60246936377758,Medium,0,False,NO_ALERT
T100977,CUST5790,2024-02-11 15:23:00,2024-02-01,4.22,0,Legitimate,0.0,Grocery,PayPal,Mobile,Kolkata,0,32,263.61,666,15,6,2,11,1,0.20023726914809317,0,16.018981531847455,Low,0,False,NO_ALERT
T100978,CUST3370,2023-03-24 10:17:00,2023-03-01,54.87,0,Legitimate,0.0,Utilities,PayPal,POS,Kolkata,0,66,394.87,1310,10,4,3,24,0,0.21224055051823773,0,16.97924404145902,Low,0,False,NO_ALERT
T100979,CUST1265,2023-11-18 21:57:00,2023-11-01,72.67,0,Legitimate,0.0,Food,NetBanking,Desktop,Delhi,0,100,169.64,1246,21,5,11,18,1,0.2100514611924536,0,16.804116895396287,Low,0,False,NO_ALERT
T100980,CUST1602,2024-02-10 16:49:00,2024-02-01,32.55,1,Fraudulent,32.55,Electronics,Credit Card,POS,Bengaluru,0,153,409.42,656,16,5,2,10,1,0.3744881059697162,0,29.959048477577298,Medium,0,False,NO_ALERT
T100981,CUST5331,2023-02-27 01:06:00,2023-02-01,117.89,1,Fraudulent,117.89,Electronics,PayPal,POS,Pune,0,179,206.83,99,1,0,2,27,0,0.6469556987829064,0,51.75645590263252,High,1,True,HIGH
T100982,CUST1426,2023-01-03 07:11:00,2023-01-01,9.02,0,Legitimate,0.0,Utilities,Debit Card,POS,Bengaluru,0,191,283.83,488,7,1,1,3,0,0.23684144233781723,0,18.94731538702538,Low,0,False,NO_ALERT
T100983,CUST7955,2023-11-01 22:50:00,2023-11-01,6.25,0,Legitimate,0.0,Health,UPI,Mobile,Pune,0,173,96.18,1435,22,2,11,1,0,0.22100071249898687,0,17.68005699991895,Low,0,False,NO_ALERT
T100984,CUST5233,2023-02-15 16:56:00,2023-02-01,104.21,0,Legitimate,0.0,Utilities,NetBanking,POS,Kolkata,0,154,461.01,1871,16,2,2,15,0,0.204024862258311,0,16.32198898066488,Low,0,False,NO_ALERT
T100985,CUST5591,2023-03-04 01:20:00,2023-03-01,54.73,1,Fraudulent,54.73,Utilities,Debit Card,Mobile,Kolkata,0,21,353.71,1547,1,5,3,4,1,0.7610933846518988,0,60.88747077215191,High,1,True,HIGH
T100986,CUST5371,2023-09-02 15:48:00,2023-09-01,93.28,0,Legitimate,0.0,Grocery,NetBanking,Desktop,Mumbai,0,82,430.84,1901,15,5,9,2,1,0.22673171306585543,0,18.138537045268436,Low,0,False,NO_ALERT
T100987,CUST4512,2024-01-05 12:02:00,2024-01-01,45.65,0,Legitimate,0.0,Travel,Credit Card,Desktop,Delhi,0,179,111.85,126,12,4,1,5,0,0.23617639408527275,0,18.89411152682182,Low,0,False,NO_ALERT
T100988,CUST3983,2023-12-19 14:28:00,2023-12-01,22.63,0,Legitimate,0.0,Travel,PayPal,POS,Chennai,0,24,43.17,1781,14,1,12,19,0,0.2573059503055218,0,20.58447602444174,Low,0,False,NO_ALERT
T100989,CUST2761,2023-04-14 23:59:00,2023-04-01,136.79,0,Legitimate,0.0,Utilities,Debit Card,Mobile,Kolkata,0,111,175.23,1880,23,4,4,14,0,0.22046329178337026,0,17.63706334266962,Low,0,False,NO_ALERT
T100990,CUST1981,2023-09-05 20:48:00,2023-09-01,128.52,0,Legitimate,0.0,Grocery,UPI,Desktop,Pune,0,92,263.18,253,20,1,9,5,0,0.24728705937541343,0,19.782964750033074,Low,0,False,NO_ALERT
T100991,CUST7565,2023-03-18 13:33:00,2023-03-01,94.92,0,Legitimate,0.0,Food,Credit Card,Mobile,Pune,0,12,403.16,1895,13,5,3,18,1,0.21672193813230772,1,37.33775505058462,Medium,0,False,NO_ALERT
T100992,CUST4437,2023-10-10 06:53:00,2023-10-01,25.41,0,Legitimate,0.0,Travel,Credit Card,Mobile,Bengaluru,0,139,204.89,860,6,1,10,10,0,0.29285898150889933,0,23.42871852071195,Low,0,False,NO_ALERT
T100993,CUST4983,2023-10-15 06:45:00,2023-10-01,71.37,0,Legitimate,0.0,Health,NetBanking,POS,Bengaluru,0,155,142.28,1334,6,6,10,15,1,0.265118798767536,0,21.209503901402883,Low,0,False,NO_ALERT
T100994,CUST3085,2023-07-31 06:07:00,2023-07-01,35.82,0,Legitimate,0.0,Entertainment,Credit Card,POS,Kolkata,0,23,192.55,1959,6,0,7,31,0,0.3254730073782205,0,26.03784059025764,Medium,0,False,NO_ALERT
T100995,CUST2670,2023-03-21 22:57:00,2023-03-01,7.68,0,Legitimate,0.0,Grocery,Debit Card,Mobile,Kolkata,0,161,354.77,1386,22,1,3,21,0,0.22984503611056237,0,18.38760288884499,Low,0,False,NO_ALERT
T100996,CUST6520,2023-01-10 12:39:00,2023-01-01,199.42,0,Legitimate,0.0,Utilities,NetBanking,Mobile,Hyderabad,0,92,174.75,1945,12,1,1,10,0,0.1767549801576861,0,14.14039841261489,Low,0,False,NO_ALERT
T100997,CUST9969,2023-05-22 21:14:00,2023-05-01,11.77,0,Legitimate,0.0,Food,Credit Card,POS,Pune,0,166,489.79,670,21,0,5,22,0,0.2554003609596226,0,20.43202887676981,Low,0,False,NO_ALERT
T100998,CUST8283,2023-10-10 00:54:00,2023-10-01,240.04,0,Legitimate,0.0,Food,UPI,Mobile,Mumbai,0,183,95.74,1664,0,1,10,10,0,0.533220233896378,1,62.65761871171024,High,1,True,HIGH
T100999,CUST6148,2023-05-02 12:53:00,2023-05-01,47.25,0,Legitimate,0.0,Fashion,Debit Card,POS,Delhi,0,198,379.02,1835,12,1,5,2,0,0.24495588109725092,0,19.596470487780074,Low,0,False,NO_ALERT
T101000,CUST7397,2023-01-16 03:50:00,2023-01-01,16.38,0,Legitimate,0.0,Food,UPI,Mobile,Delhi,0,170,298.69,1458,3,0,1,16,0,0.558648814590791,0,44.69190516726328,Medium,0,False,NO_ALERT
T101001,CUST7717,2024-01-04 20:02:00,2024-01-01,62.45,0,Legitimate,0.0,Travel,UPI,POS,Delhi,0,123,124.22,525,20,3,1,4,0,0.21679083725284468,0,17.343266980227575,Low,0,False,NO_ALERT
T101002,CUST8960,2023-01-07 01:43:00,2023-01-01,165.05,0,Legitimate,0.0,Utilities,NetBanking,Mobile,Pune,1,157,379.27,1812,1,5,1,7,1,0.7331196289732604,0,58.649570317860835,High,1,True,HIGH
T101003,CUST4687,2023-05-09 22:35:00,2023-05-01,105.41,0,Legitimate,0.0,Entertainment,PayPal,POS,Bengaluru,0,34,229.29,1239,22,1,5,9,0,0.2627443237602274,0,21.01954590081819,Low,0,False,NO_ALERT
T101004,CUST8693,2023-02-16 12:10:00,2023-02-01,131.42,0,Legitimate,0.0,Travel,NetBanking,Mobile,Mumbai,0,125,344.38,1809,12,3,2,16,0,0.23471313442865516,0,18.777050754292414,Low,0,False,NO_ALERT
T101005,CUST8600,2023-07-19 05:20:00,2023-07-01,86.02,0,Legitimate,0.0,Grocery,Debit Card,Desktop,Delhi,0,57,334.51,1091,5,2,7,19,0,0.6274741830264668,0,50.19793464211735,High,1,True,HIGH
T101006,CUST7000,2023-08-27 01:18:00,2023-08-01,94.28,0,Legitimate,0.0,Entertainment,Debit Card,Desktop,Pune,1,3,64.22,798,1,6,8,27,1,0.5602182713621153,1,64.81746170896923,High,1,True,HIGH
T101007,CUST1336,2023-09-17 02:01:00,2023-09-01,151.34,1,Fraudulent,151.34,Grocery,NetBanking,Mobile,Chennai,0,6,421.59,1905,2,6,9,17,1,0.7342158753696562,0,58.7372700295725,High,1,True,HIGH
T101008,CUST6773,2023-01-10 21:16:00,2023-01-01,22.98,0,Legitimate,0.0,Food,PayPal,Desktop,Kolkata,0,48,343.92,789,21,1,1,10,0,0.2279544584069243,0,18.236356672553946,Low,0,False,NO_ALERT
T101009,CUST7257,2023-11-02 14:37:00,2023-11-01,53.78,0,Legitimate,0.0,Health,NetBanking,Mobile,Hyderabad,0,102,392.49,1698,14,3,11,2,0,0.22003709246921194,0,17.602967397536954,Low,0,False,NO_ALERT
T101010,CUST1703,2023-12-11 15:18:00,2023-12-01,20.0,1,Fraudulent,20.0,Electronics,Debit Card,Mobile,Hyderabad,0,192,229.41,517,15,0,12,11,0,0.3307778136057984,0,26.462225088463875,Medium,0,False,NO_ALERT
T101011,CUST1540,2023-02-24 01:33:00,2023-02-01,351.64,0,Legitimate,0.0,Entertainment,PayPal,Desktop,Delhi,0,120,105.58,585,1,4,2,24,0,0.48413125961736214,1,58.730500769388975,High,1,True,HIGH
T101012,CUST6829,2023-09-06 22:35:00,2023-09-01,230.68,0,Legitimate,0.0,Utilities,Debit Card,Mobile,Bengaluru,0,13,169.84,1021,22,2,9,6,0,0.23091093976057703,0,18.472875180846163,Low,0,False,NO_ALERT
T101013,CUST3269,2023-02-25 16:01:00,2023-02-01,3.22,0,Legitimate,0.0,Fashion,PayPal,POS,Hyderabad,1,36,451.72,1758,16,5,2,25,1,0.46253667885845395,1,57.002934308676316,High,1,True,HIGH
T101014,CUST6114,2023-12-08 22:14:00,2023-12-01,97.82,0,Legitimate,0.0,Electronics,PayPal,Mobile,Hyderabad,1,70,469.63,1559,22,4,12,8,0,0.5950476948129456,1,67.60381558503565,High,1,True,HIGH
T101015,CUST4408,2023-08-03 03:36:00,2023-08-01,207.49,1,Fraudulent,207.49,Food,NetBanking,Mobile,Hyderabad,0,33,246.11,518,3,3,8,3,0,0.6774161724698051,0,54.19329379758441,High,1,True,HIGH
T101016,CUST8022,2023-01-28 05:19:00,2023-01-01,15.93,1,Fraudulent,15.93,Food,NetBanking,Desktop,Hyderabad,1,105,156.41,86,5,5,1,28,1,0.7952995660921388,0,63.62396528737111,High,1,True,HIGH
T101017,CUST5679,2023-11-26 13:59:00,2023-11-01,67.14,0,Legitimate,0.0,Utilities,NetBanking,POS,Delhi,0,57,367.85,541,13,6,11,26,1,0.1915499657621894,0,15.323997260975155,Low,0,False,NO_ALERT
T101018,CUST4955,2023-11-11 16:37:00,2023-11-01,197.67,0,Legitimate,0.0,Electronics,PayPal,Mobile,Pune,0,55,385.34,1301,16,5,11,11,1,0.20354226637528255,0,16.283381310022605,Low,0,False,NO_ALERT
T101019,CUST9322,2023-06-07 13:02:00,2023-06-01,2.76,0,Legitimate,0.0,Fashion,PayPal,Mobile,Mumbai,0,107,409.58,133,13,2,6,7,0,0.23002452494052555,0,18.401961995242043,Low,0,False,NO_ALERT
T101020,CUST6358,2023-05-01 09:25:00,2023-05-01,95.63,0,Legitimate,0.0,Entertainment,Debit Card,Mobile,Mumbai,0,141,25.23,586,9,0,5,1,0,0.30441043297589715,0,24.352834638071773,Low,0,False,NO_ALERT
T101021,CUST2657,2023-01-27 16:41:00,2023-01-01,28.23,0,Legitimate,0.0,Entertainment,UPI,Mobile,Bengaluru,0,51,14.77,89,16,4,1,27,0,0.21754481454056113,0,17.40358516324489,Low,0,False,NO_ALERT
T101022,CUST7959,2024-01-06 21:48:00,2024-01-01,206.58,0,Legitimate,0.0,Electronics,NetBanking,Mobile,Pune,0,92,185.01,1631,21,5,1,6,1,0.1877665126148882,0,15.021321009191055,Low,0,False,NO_ALERT
T101023,CUST9151,2023-10-21 10:20:00,2023-10-01,283.4,0,Legitimate,0.0,Grocery,Debit Card,Mobile,Kolkata,0,53,84.72,764,10,5,10,21,1,0.3216439990868686,1,45.73151992694949,Medium,0,False,NO_ALERT
T101024,CUST3964,2023-11-10 08:46:00,2023-11-01,230.97,0,Legitimate,0.0,Travel,Debit Card,POS,Chennai,0,36,404.44,1612,8,4,11,10,0,0.24205811383366707,0,19.364649106693367,Low,0,False,NO_ALERT
T101025,CUST5538,2023-11-15 13:01:00,2023-11-01,51.43,0,Legitimate,0.0,Health,Credit Card,POS,Mumbai,0,133,271.09,1291,13,2,11,15,0,0.29289504572599717,0,23.431603658079776,Low,0,False,NO_ALERT
T101026,CUST8559,2023-07-01 20:05:00,2023-07-01,158.46,0,Legitimate,0.0,Grocery,NetBanking,Mobile,Chennai,0,119,414.42,400,20,5,7,1,1,0.19949791432772984,0,15.959833146218386,Low,0,False,NO_ALERT
T101027,CUST2448,2023-10-11 13:55:00,2023-10-01,148.91,0,Legitimate,0.0,Entertainment,Debit Card,Mobile,Mumbai,1,25,96.69,55,13,2,10,11,0,0.5585350657741782,1,64.68280526193426,High,1,True,HIGH
T101028,CUST6052,2023-09-01 00:42:00,2023-09-01,30.75,0,Legitimate,0.0,Travel,Credit Card,Desktop,Mumbai,0,81,317.34,422,0,4,9,1,0,0.593510074784822,0,47.48080598278576,Medium,0,False,NO_ALERT
T101029,CUST7105,2023-10-18 07:02:00,2023-10-01,141.25,0,Legitimate,0.0,Health,NetBanking,POS,Bengaluru,0,37,294.28,1872,7,2,10,18,0,0.2431424070498741,0,19.45139256398993,Low,0,False,NO_ALERT
T101030,CUST4798,2023-10-22 19:39:00,2023-10-01,3.02,0,Legitimate,0.0,Health,PayPal,POS,Hyderabad,0,19,176.79,635,19,6,10,22,1,0.18161807470722613,0,14.529445976578092,Low,0,False,NO_ALERT
T101031,CUST2198,2023-05-04 13:53:00,2023-05-01,72.56,0,Legitimate,0.0,Health,Credit Card,Mobile,Bengaluru,0,35,263.37,139,13,3,5,4,0,0.2735494848776018,0,21.883958790208144,Low,0,False,NO_ALERT
T101032,CUST2266,2023-01-30 12:49:00,2023-01-01,20.91,1,Fraudulent,20.91,Food,PayPal,POS,Mumbai,0,107,298.62,1445,12,0,1,30,0,0.36827416951765607,0,29.461933561412486,Medium,0,False,NO_ALERT
T101033,CUST2348,2023-03-22 12:28:00,2023-03-01,10.28,0,Legitimate,0.0,Utilities,UPI,POS,Pune,0,162,445.85,802,12,2,3,22,0,0.2371347881629653,0,18.970783053037223,Low,0,False,NO_ALERT
T101034,CUST6597,2023-06-04 21:51:00,2023-06-01,6.41,0,Legitimate,0.0,Health,UPI,Desktop,Hyderabad,0,54,37.26,283,21,6,6,4,1,0.22857519008959348,0,18.286015207167477,Low,0,False,NO_ALERT
T101035,CUST4777,2023-09-30 22:08:00,2023-09-01,95.33,0,Legitimate,0.0,Fashion,UPI,Desktop,Pune,0,174,413.45,1860,22,5,9,30,1,0.2156025024709124,0,17.248200197672993,Low,0,False,NO_ALERT
T101036,CUST6548,2024-01-31 08:07:00,2024-01-01,33.23,0,Legitimate,0.0,Electronics,UPI,POS,Pune,0,6,490.28,1889,8,2,1,31,0,0.2500562458918543,0,20.00449967134835,Low,0,False,NO_ALERT
T101037,CUST6791,2023-11-21 21:29:00,2023-11-01,103.21,0,Legitimate,0.0,Entertainment,Debit Card,POS,Pune,1,129,368.57,1605,21,1,11,21,0,0.647104630558532,0,51.76837044468256,High,1,True,HIGH
T101038,CUST5526,2023-07-10 00:47:00,2023-07-01,5.41,1,Fraudulent,5.41,Fashion,UPI,POS,Hyderabad,0,199,371.3,1857,0,0,7,10,0,0.6952171183236341,0,55.61736946589073,High,1,True,HIGH
T101039,CUST4673,2023-03-02 09:31:00,2023-03-01,30.3,0,Legitimate,0.0,Electronics,Debit Card,Mobile,Pune,0,34,116.81,946,9,3,3,2,0,0.1909571817295268,0,15.276574538362144,Low,0,False,NO_ALERT
T101040,CUST9571,2024-01-03 22:12:00,2024-01-01,62.03,0,Legitimate,0.0,Grocery,Debit Card,Desktop,Hyderabad,0,56,266.31,795,22,2,1,3,0,0.24689926335422424,0,19.751941068337942,Low,0,False,NO_ALERT
T101041,CUST8990,2023-05-23 07:22:00,2023-05-01,125.13,0,Legitimate,0.0,Utilities,NetBanking,Mobile,Chennai,0,97,355.91,1150,7,1,5,23,0,0.213230303186992,0,17.05842425495936,Low,0,False,NO_ALERT
T101042,CUST2890,2024-02-11 04:27:00,2024-02-01,30.71,0,Legitimate,0.0,Grocery,Debit Card,Desktop,Kolkata,0,26,305.12,567,4,6,2,11,1,0.5562485724290073,0,44.49988579432058,Medium,0,False,NO_ALERT
T101043,CUST9493,2023-01-16 02:57:00,2023-01-01,78.66,0,Legitimate,0.0,Electronics,Debit Card,Desktop,Mumbai,0,170,198.71,1157,2,0,1,16,0,0.6076947887419764,0,48.61558309935811,Medium,0,False,NO_ALERT
T101044,CUST3081,2023-07-16 03:07:00,2023-07-01,173.71,0,Legitimate,0.0,Fashion,UPI,Desktop,Delhi,0,91,470.66,644,3,6,7,16,1,0.5587727786794838,0,44.701822294358706,Medium,0,False,NO_ALERT
T101045,CUST3051,2023-02-01 19:44:00,2023-02-01,76.54,0,Legitimate,0.0,Electronics,Debit Card,POS,Pune,0,38,261.85,616,19,2,2,1,0,0.23058783795361543,0,18.447027036289235,Low,0,False,NO_ALERT
T101046,CUST8152,2023-07-25 13:45:00,2023-07-01,21.22,0,Legitimate,0.0,Health,PayPal,Desktop,Bengaluru,0,154,485.24,626,13,1,7,25,0,0.24183435094277791,0,19.346748075422234,Low,0,False,NO_ALERT
T101047,CUST3233,2023-12-25 18:34:00,2023-12-01,1.98,0,Legitimate,0.0,Food,UPI,Mobile,Chennai,0,59,286.3,1549,18,0,12,25,0,0.20004059606002955,0,16.003247684802364,Low,0,False,NO_ALERT
T101048,CUST8497,2024-01-05 23:26:00,2024-01-01,163.28,0,Legitimate,0.0,Entertainment,Credit Card,Desktop,Bengaluru,0,127,398.76,1267,23,4,1,5,0,0.25340609370146433,0,20.272487496117147,Low,0,False,NO_ALERT
T101049,CUST6705,2023-01-31 00:04:00,2023-01-01,1.72,0,Legitimate,0.0,Grocery,UPI,Mobile,Delhi,0,24,373.59,142,0,1,1,31,0,0.5053723684627842,0,40.42978947702274,Medium,0,False,NO_ALERT
T101050,CUST5411,2023-05-18 14:55:00,2023-05-01,166.16,0,Legitimate,0.0,Entertainment,Debit Card,Desktop,Hyderabad,0,111,333.8,1365,14,3,5,18,0,0.21972867646380007,0,17.578294117104004,Low,0,False,NO_ALERT
T101051,CUST4617,2023-08-24 14:24:00,2023-08-01,60.22,0,Legitimate,0.0,Food,PayPal,Desktop,Delhi,0,21,17.09,598,14,3,8,24,0,0.21935461943350895,1,37.54836955468072,Medium,0,False,NO_ALERT
T101052,CUST1907,2023-10-09 06:16:00,2023-10-01,223.84,0,Legitimate,0.0,Health,UPI,POS,Bengaluru,0,60,47.94,984,6,0,10,9,0,0.3423846137144947,1,47.39076909715958,Medium,0,False,NO_ALERT
T101053,CUST2143,2023-03-13 02:47:00,2023-03-01,128.27,0,Legitimate,0.0,Health,PayPal,Mobile,Delhi,0,90,294.93,925,2,0,3,13,0,0.6556990455666429,0,52.45592364533144,High,1,True,HIGH
T101054,CUST6744,2023-05-22 07:44:00,2023-05-01,494.58,0,Legitimate,0.0,Grocery,Credit Card,Desktop,Mumbai,0,148,456.77,1154,7,0,5,22,0,0.30082135540266713,0,24.06570843221337,Low,0,False,NO_ALERT
T101055,CUST1793,2023-04-29 11:56:00,2023-04-01,34.55,0,Legitimate,0.0,Grocery,Credit Card,Desktop,Delhi,0,6,304.56,791,11,5,4,29,1,0.22250209291625814,0,17.800167433300654,Low,0,False,NO_ALERT
T101056,CUST5802,2023-03-08 20:59:00,2023-03-01,116.6,0,Legitimate,0.0,Health,NetBanking,Mobile,Pune,0,195,125.64,1700,20,2,3,8,0,0.20062783972307885,0,16.050227177846306,Low,0,False,NO_ALERT
T101057,CUST8495,2023-07-18 15:12:00,2023-07-01,41.12,0,Legitimate,0.0,Travel,NetBanking,Desktop,Mumbai,0,10,166.91,967,15,1,7,18,0,0.22655058715605614,0,18.12404697248449,Low,0,False,NO_ALERT
T101058,CUST8028,2023-04-02 23:34:00,2023-04-01,52.29,0,Legitimate,0.0,Entertainment,UPI,POS,Pune,0,140,315.35,682,23,6,4,2,1,0.21987727905043264,0,17.59018232403461,Low,0,False,NO_ALERT
T101059,CUST3043,2023-05-05 01:28:00,2023-05-01,79.0,0,Legitimate,0.0,Utilities,NetBanking,Mobile,Kolkata,0,97,302.56,113,1,4,5,5,0,0.6039527480038704,0,48.316219840309635,Medium,0,False,NO_ALERT
T101060,CUST3905,2023-12-12 01:30:00,2023-12-01,165.51,1,Fraudulent,165.51,Food,PayPal,POS,Kolkata,0,150,478.29,748,1,1,12,12,0,0.6901080871051454,0,55.208646968411635,High,1,True,HIGH
T101061,CUST1060,2023-12-16 22:36:00,2023-12-01,331.23,0,Legitimate,0.0,Entertainment,NetBanking,Mobile,Delhi,0,190,269.25,1795,22,5,12,16,1,0.20876165277061773,0,16.70093222164942,Low,0,False,NO_ALERT
T101062,CUST2309,2023-04-30 06:59:00,2023-04-01,116.98,0,Legitimate,0.0,Food,PayPal,Mobile,Mumbai,0,189,183.96,1983,6,6,4,30,1,0.3050758179011692,0,24.40606543209354,Low,0,False,NO_ALERT
T101063,CUST9381,2023-01-24 18:26:00,2023-01-01,43.27,0,Legitimate,0.0,Travel,NetBanking,Mobile,Mumbai,0,80,267.25,897,18,1,1,24,0,0.21237989548529476,0,16.99039163882358,Low,0,False,NO_ALERT
T101064,CUST5976,2023-05-20 19:40:00,2023-05-01,43.77,0,Legitimate,0.0,Utilities,NetBanking,Desktop,Kolkata,0,17,395.25,978,19,5,5,20,1,0.19572838502603118,0,15.658270802082496,Low,0,False,NO_ALERT
T101065,CUST5428,2023-12-19 23:31:00,2023-12-01,107.03,0,Legitimate,0.0,Fashion,NetBanking,Mobile,Delhi,0,138,274.78,331,23,1,12,19,0,0.1870528654561591,0,14.964229236492727,Low,0,False,NO_ALERT
T101066,CUST3488,2023-10-29 16:50:00,2023-10-01,21.83,0,Legitimate,0.0,Food,Debit Card,Mobile,Chennai,0,140,169.77,1626,16,6,10,29,1,0.2595272083911338,0,20.762176671290703,Low,0,False,NO_ALERT
T101067,CUST4178,2023-05-24 00:10:00,2023-05-01,9.37,0,Legitimate,0.0,Entertainment,Debit Card,Mobile,Hyderabad,0,83,175.92,1270,0,2,5,24,0,0.6422546281087728,0,51.38037024870182,High,1,True,HIGH
T101068,CUST5155,2023-11-26 00:20:00,2023-11-01,35.03,1,Fraudulent,35.03,Electronics,NetBanking,POS,Hyderabad,0,40,380.84,597,0,6,11,26,1,0.6775890589755211,1,74.20712471804168,High,1,True,HIGH
T101069,CUST7218,2023-01-07 08:20:00,2023-01-01,27.09,0,Legitimate,0.0,Utilities,PayPal,Mobile,Hyderabad,0,151,42.56,570,8,5,1,7,1,0.21332798089789964,0,17.066238471831973,Low,0,False,NO_ALERT
T101070,CUST3569,2023-11-09 17:47:00,2023-11-01,28.11,0,Legitimate,0.0,Health,UPI,Desktop,Mumbai,0,168,144.63,1676,17,3,11,9,0,0.2623275498981594,0,20.98620399185275,Low,0,False,NO_ALERT
T101071,CUST4287,2023-11-23 11:39:00,2023-11-01,21.28,0,Legitimate,0.0,Health,Credit Card,Mobile,Kolkata,0,74,84.99,121,11,3,11,23,0,0.21174698867858355,0,16.939759094286682,Low,0,False,NO_ALERT
T101072,CUST1891,2023-08-17 11:05:00,2023-08-01,3.44,0,Legitimate,0.0,Travel,Debit Card,Mobile,Hyderabad,0,74,472.89,683,11,3,8,17,0,0.21592860115756327,0,17.27428809260506,Low,0,False,NO_ALERT
T101073,CUST4391,2024-01-29 03:59:00,2024-01-01,1.44,0,Legitimate,0.0,Food,NetBanking,POS,Kolkata,0,50,54.15,1505,3,0,1,29,0,0.47789258976770976,0,38.23140718141678,Medium,0,False,NO_ALERT
T101074,CUST1996,2023-12-07 23:23:00,2023-12-01,352.0,0,Legitimate,0.0,Fashion,Credit Card,Desktop,Mumbai,0,10,381.51,643,23,3,12,7,0,0.273542361615288,1,41.883388929223045,Medium,0,False,NO_ALERT
T101075,CUST5164,2023-04-17 04:11:00,2023-04-01,44.66,0,Legitimate,0.0,Food,Debit Card,Desktop,Kolkata,0,103,318.91,100,4,0,4,17,0,0.6151667029888439,0,49.21333623910752,Medium,0,False,NO_ALERT
T101076,CUST9935,2024-02-09 10:01:00,2024-02-01,38.8,0,Legitimate,0.0,Health,UPI,Desktop,Chennai,0,94,320.07,1578,10,4,2,9,0,0.21666042468952862,0,17.33283397516229,Low,0,False,NO_ALERT
T101077,CUST3963,2023-11-03 00:44:00,2023-11-01,91.07,0,Legitimate,0.0,Grocery,PayPal,Mobile,Delhi,0,132,384.08,1454,0,4,11,3,0,0.5994980933637576,0,47.95984746910061,Medium,0,False,NO_ALERT
T101078,CUST3046,2023-09-26 20:01:00,2023-09-01,19.7,0,Legitimate,0.0,Electronics,NetBanking,Mobile,Kolkata,0,129,206.24,698,20,1,9,26,0,0.19637207036642593,0,15.709765629314075,Low,0,False,NO_ALERT
T101079,CUST4963,2023-03-31 04:01:00,2023-03-01,239.6,0,Legitimate,0.0,Utilities,UPI,Desktop,Kolkata,0,43,206.36,110,4,4,3,31,0,0.5518672935469686,0,44.1493834837575,Medium,0,False,NO_ALERT
T101080,CUST7076,2023-11-10 15:05:00,2023-11-01,123.47,0,Legitimate,0.0,Travel,Debit Card,Desktop,Delhi,0,83,151.47,1153,15,4,11,10,0,0.22146260658023093,0,17.717008526418475,Low,0,False,NO_ALERT
T101081,CUST1574,2023-02-11 16:34:00,2023-02-01,7.49,0,Legitimate,0.0,Grocery,NetBanking,POS,Mumbai,1,133,302.9,624,16,5,2,11,1,0.5876839395419373,0,47.01471516335499,Medium,0,False,NO_ALERT
T101082,CUST3650,2023-08-16 10:12:00,2023-08-01,43.25,0,Legitimate,0.0,Entertainment,Credit Card,Desktop,Mumbai,1,104,465.6,247,10,2,8,16,0,0.6129113199204834,0,49.032905593638674,Medium,0,False,NO_ALERT
T101083,CUST2217,2023-06-03 16:26:00,2023-06-01,169.04,0,Legitimate,0.0,Fashion,PayPal,Mobile,Kolkata,0,34,462.75,913,16,5,6,3,1,0.22650718993284807,0,18.120575194627847,Low,0,False,NO_ALERT
T101084,CUST9762,2023-05-16 03:52:00,2023-05-01,231.64,1,Fraudulent,231.64,Grocery,Debit Card,Mobile,Chennai,0,194,354.45,778,3,1,5,16,0,0.6758528442518476,0,54.0682275401478,High,1,True,HIGH
T101085,CUST8689,2023-04-11 05:22:00,2023-04-01,50.4,1,Fraudulent,50.4,Entertainment,PayPal,Mobile,Hyderabad,0,24,454.03,154,5,1,4,11,0,0.7715210788256195,0,61.72168630604956,High,1,True,HIGH
T101086,CUST1759,2023-11-16 23:55:00,2023-11-01,76.03,0,Legitimate,0.0,Grocery,NetBanking,POS,Chennai,0,142,482.12,230,23,3,11,16,0,0.19536090782479043,0,15.628872625983234,Low,0,False,NO_ALERT
T101087,CUST7950,2023-03-22 02:55:00,2023-03-01,14.62,1,Fraudulent,14.62,Fashion,UPI,Desktop,Delhi,1,41,399.6,1055,2,2,3,22,0,0.8078715272106982,1,84.62972217685585,Critical,1,True,CRITICAL
T101088,CUST2265,2023-06-04 18:11:00,2023-06-01,378.36,0,Legitimate,0.0,Utilities,PayPal,Mobile,Delhi,0,170,209.84,603,18,6,6,4,1,0.2752360129739053,0,22.018881037912426,Low,0,False,NO_ALERT
T101089,CUST7950,2024-01-13 17:01:00,2024-01-01,21.08,0,Legitimate,0.0,Grocery,Credit Card,POS,Pune,0,13,246.78,1073,17,5,1,13,1,0.25115292905324776,0,20.09223432425982,Low,0,False,NO_ALERT
T101090,CUST9927,2023-06-16 13:01:00,2023-06-01,228.8,0,Legitimate,0.0,Travel,Debit Card,POS,Hyderabad,0,157,466.32,1012,13,4,6,16,0,0.27745180069205555,0,22.196144055364446,Low,0,False,NO_ALERT
T101091,CUST2294,2024-01-20 19:17:00,2024-01-01,83.91,0,Legitimate,0.0,Health,Credit Card,Mobile,Kolkata,0,193,338.3,751,19,5,1,20,1,0.2412382057527443,0,19.299056460219546,Low,0,False,NO_ALERT
T101092,CUST1693,2023-06-26 18:35:00,2023-06-01,74.87,0,Legitimate,0.0,Food,PayPal,POS,Delhi,0,174,412.14,981,18,0,6,26,0,0.24274722481830122,0,19.419777985464098,Low,0,False,NO_ALERT
T101093,CUST2579,2023-08-15 20:48:00,2023-08-01,57.51,1,Fraudulent,57.51,Grocery,UPI,POS,Pune,1,162,66.9,1911,20,1,8,15,0,0.7017762695012302,0,56.14210156009841,High,1,True,HIGH
T101094,CUST2849,2023-04-06 02:47:00,2023-04-01,20.98,0,Legitimate,0.0,Travel,UPI,Mobile,Mumbai,0,191,105.01,209,2,3,4,6,0,0.5863489213495757,0,46.90791370796606,Medium,0,False,NO_ALERT
T101095,CUST9796,2023-12-01 17:16:00,2023-12-01,15.54,0,Legitimate,0.0,Food,Credit Card,POS,Delhi,0,132,178.61,1462,17,4,12,1,0,0.24243599694466275,0,19.394879755573022,Low,0,False,NO_ALERT
T101096,CUST9814,2023-02-15 04:54:00,2023-02-01,19.93,0,Legitimate,0.0,Utilities,NetBanking,Mobile,Bengaluru,0,28,102.24,1115,4,2,2,15,0,0.5860250791583278,0,46.88200633266623,Medium,0,False,NO_ALERT
T101097,CUST2341,2023-03-01 04:27:00,2023-03-01,16.51,0,Legitimate,0.0,Entertainment,NetBanking,Mobile,Hyderabad,0,83,454.17,302,4,2,3,1,0,0.62500352128745,0,50.000281702996,High,1,True,HIGH
T101098,CUST5726,2023-10-12 17:20:00,2023-10-01,120.98,0,Legitimate,0.0,Food,UPI,POS,Pune,0,129,116.28,836,17,3,10,12,0,0.19091365167010874,0,15.2730921336087,Low,0,False,NO_ALERT
T101099,CUST7981,2023-03-03 09:46:00,2023-03-01,34.48,0,Legitimate,0.0,Entertainment,Credit Card,Mobile,Hyderabad,0,164,283.02,1806,9,4,3,3,0,0.22227366701543091,0,17.781893361234474,Low,0,False,NO_ALERT
T101100,CUST8885,2023-10-17 04:11:00,2023-10-01,4.77,0,Legitimate,0.0,Grocery,Credit Card,Mobile,Hyderabad,1,107,51.87,792,4,1,10,17,0,0.7754455830319106,0,62.03564664255285,High,1,True,HIGH
T101101,CUST7562,2023-06-05 17:45:00,2023-06-01,278.17,0,Legitimate,0.0,Travel,Credit Card,Desktop,Bengaluru,0,13,85.93,1063,17,0,6,5,0,0.28538881428201485,1,42.831105142561185,Medium,0,False,NO_ALERT
T101102,CUST4240,2023-07-31 06:19:00,2023-07-01,172.19,0,Legitimate,0.0,Health,PayPal,Mobile,Chennai,0,114,131.23,728,6,0,7,31,0,0.17614009297941216,0,14.091207438352974,Low,0,False,NO_ALERT
T101103,CUST5853,2023-07-25 09:08:00,2023-07-01,210.21,0,Legitimate,0.0,Grocery,NetBanking,Desktop,Mumbai,0,106,491.62,950,9,1,7,25,0,0.23704082113517136,0,18.96326569081371,Low,0,False,NO_ALERT
T101104,CUST2681,2023-07-07 18:35:00,2023-07-01,422.4,0,Legitimate,0.0,Entertainment,NetBanking,Desktop,Hyderabad,0,5,400.56,651,18,4,7,7,0,0.2355098288602903,0,18.840786308823223,Low,0,False,NO_ALERT
T101105,CUST1931,2024-01-14 02:42:00,2024-01-01,15.28,0,Legitimate,0.0,Fashion,PayPal,Desktop,Delhi,1,97,340.04,569,2,6,1,14,1,0.7439090555198484,1,79.51272444158788,Critical,1,True,CRITICAL
T101106,CUST8246,2024-02-03 15:24:00,2024-02-01,40.37,0,Legitimate,0.0,Food,Debit Card,Desktop,Mumbai,0,14,458.97,1015,15,5,2,3,1,0.23631867036118254,0,18.905493628894604,Low,0,False,NO_ALERT
T101107,CUST3628,2023-12-02 09:24:00,2023-12-01,113.58,0,Legitimate,0.0,Grocery,PayPal,POS,Delhi,0,80,478.54,489,9,5,12,2,1,0.2147835803236191,0,17.18268642588953,Low,0,False,NO_ALERT
T101108,CUST5970,2023-10-22 23:47:00,2023-10-01,95.26,0,Legitimate,0.0,Entertainment,Credit Card,POS,Mumbai,0,120,232.25,1114,23,6,10,22,1,0.2514995392990066,0,20.11996314392053,Low,0,False,NO_ALERT
T101109,CUST8785,2023-01-05 21:00:00,2023-01-01,13.37,0,Legitimate,0.0,Utilities,PayPal,Mobile,Kolkata,0,160,170.57,1111,21,3,1,5,0,0.24684076107940536,0,19.747260886352432,Low,0,False,NO_ALERT
T101110,CUST3919,2024-01-02 23:35:00,2024-01-01,135.35,0,Legitimate,0.0,Food,Credit Card,Mobile,Mumbai,0,178,164.5,329,23,1,1,2,0,0.2700093023119885,0,21.600744184959083,Low,0,False,NO_ALERT
T101111,CUST2338,2023-10-26 10:13:00,2023-10-01,20.33,0,Legitimate,0.0,Utilities,UPI,Mobile,Pune,0,155,27.51,526,10,3,10,26,0,0.2171308205259401,0,17.37046564207521,Low,0,False,NO_ALERT
T101112,CUST4232,2023-02-26 22:18:00,2023-02-01,20.27,0,Legitimate,0.0,Entertainment,Credit Card,POS,Delhi,0,35,147.02,1392,22,6,2,26,1,0.2061546478158534,0,16.492371825268275,Low,0,False,NO_ALERT
T101113,CUST5642,2023-01-09 16:55:00,2023-01-01,61.6,0,Legitimate,0.0,Travel,NetBanking,Desktop,Delhi,0,3,183.97,1305,16,0,1,9,0,0.224111512677277,0,17.928921014182162,Low,0,False,NO_ALERT
T101114,CUST7572,2023-04-12 12:44:00,2023-04-01,71.9,0,Legitimate,0.0,Electronics,PayPal,POS,Kolkata,1,4,28.08,1460,12,2,4,12,0,0.5597554478775002,1,64.78043583020002,High,1,True,HIGH
T101115,CUST7974,2024-01-23 11:06:00,2024-01-01,69.42,0,Legitimate,0.0,Utilities,Credit Card,POS,Mumbai,0,135,442.48,1309,11,1,1,23,0,0.26539759771120625,0,21.231807816896502,Low,0,False,NO_ALERT
T101116,CUST2143,2023-12-23 22:57:00,2023-12-01,7.68,0,Legitimate,0.0,Grocery,Debit Card,Mobile,Hyderabad,0,131,425.45,1434,22,5,12,23,1,0.19804246568072773,0,15.84339725445822,Low,0,False,NO_ALERT
T101117,CUST4368,2023-05-07 00:06:00,2023-05-01,167.95,0,Legitimate,0.0,Health,UPI,Mobile,Delhi,0,81,133.24,1198,0,6,5,7,1,0.6102020601371436,0,48.81616481097149,Medium,0,False,NO_ALERT
T101118,CUST7693,2023-07-15 09:03:00,2023-07-01,24.7,0,Legitimate,0.0,Grocery,Debit Card,Mobile,Kolkata,0,111,403.25,620,9,5,7,15,1,0.21931141359878775,0,17.544913087903023,Low,0,False,NO_ALERT
T101119,CUST4885,2023-05-29 05:46:00,2023-05-01,11.1,0,Legitimate,0.0,Food,Debit Card,Desktop,Bengaluru,0,59,400.14,370,5,0,5,29,0,0.5967865178843108,0,47.74292143074487,Medium,0,False,NO_ALERT
T101120,CUST5776,2023-07-02 22:44:00,2023-07-01,175.68,0,Legitimate,0.0,Travel,Debit Card,Desktop,Bengaluru,0,74,174.16,1859,22,6,7,2,1,0.2805675828994171,1,42.44540663195337,Medium,0,False,NO_ALERT
T101121,CUST8265,2023-02-06 21:32:00,2023-02-01,249.25,0,Legitimate,0.0,Entertainment,UPI,POS,Mumbai,0,129,351.56,1851,21,0,2,6,0,0.2543611177335021,0,20.348889418680173,Low,0,False,NO_ALERT
T101122,CUST1988,2023-01-11 07:41:00,2023-01-01,158.51,0,Legitimate,0.0,Fashion,UPI,Desktop,Chennai,0,156,152.03,432,7,2,1,11,0,0.22204619152737934,0,17.763695322190348,Low,0,False,NO_ALERT
T101123,CUST6779,2023-03-13 07:13:00,2023-03-01,132.65,0,Legitimate,0.0,Health,UPI,Mobile,Mumbai,0,59,44.44,317,7,0,3,13,0,0.2530615916965282,0,20.244927335722256,Low,0,False,NO_ALERT
T101124,CUST8053,2023-11-21 02:08:00,2023-11-01,85.19,1,Fraudulent,85.19,Travel,UPI,Desktop,Kolkata,0,118,257.35,1018,2,1,11,21,0,0.6671500845903054,0,53.372006767224434,High,1,True,HIGH
T101125,CUST7366,2023-08-23 21:11:00,2023-08-01,64.03,0,Legitimate,0.0,Utilities,Debit Card,Desktop,Mumbai,0,181,224.78,243,21,2,8,23,0,0.24734400240948007,0,19.787520192758407,Low,0,False,NO_ALERT
T101126,CUST5019,2023-02-14 06:13:00,2023-02-01,7.28,0,Legitimate,0.0,Utilities,NetBanking,Desktop,Hyderabad,0,138,77.69,561,6,1,2,14,0,0.22047209852752672,0,17.637767882202137,Low,0,False,NO_ALERT
T101127,CUST3876,2023-12-03 11:40:00,2023-12-01,42.0,0,Legitimate,0.0,Grocery,NetBanking,Desktop,Hyderabad,0,199,250.37,899,11,6,12,3,1,0.25558543009146056,0,20.446834407316846,Low,0,False,NO_ALERT
T101128,CUST1888,2023-02-11 10:00:00,2023-02-01,37.3,0,Legitimate,0.0,Fashion,UPI,Mobile,Pune,0,103,475.19,771,10,5,2,11,1,0.22214429753217155,0,17.771543802573724,Low,0,False,NO_ALERT
T101129,CUST4453,2023-09-16 10:53:00,2023-09-01,24.06,0,Legitimate,0.0,Travel,PayPal,Mobile,Kolkata,0,131,368.38,1629,10,5,9,16,1,0.22126950625947894,0,17.701560500758315,Low,0,False,NO_ALERT
T101130,CUST7748,2023-06-13 20:11:00,2023-06-01,102.82,0,Legitimate,0.0,Electronics,Credit Card,POS,Chennai,0,135,372.05,1601,20,1,6,13,0,0.22477278072410795,0,17.981822457928637,Low,0,False,NO_ALERT
T101131,CUST1539,2023-10-22 07:37:00,2023-10-01,54.79,0,Legitimate,0.0,Health,PayPal,POS,Kolkata,0,9,381.2,240,7,6,10,22,1,0.24682959214434358,1,39.74636737154749,Medium,0,False,NO_ALERT
T101132,CUST3380,2023-01-14 07:23:00,2023-01-01,6.76,0,Legitimate,0.0,Food,PayPal,POS,Kolkata,1,99,374.87,200,7,5,1,14,1,0.5756837915731672,1,66.05470332585338,High,1,True,HIGH
T101133,CUST3268,2023-12-13 23:19:00,2023-12-01,19.9,0,Legitimate,0.0,Travel,PayPal,Desktop,Chennai,0,197,19.75,567,23,2,12,13,0,0.2649990254827075,0,21.1999220386166,Low,0,False,NO_ALERT
T101134,CUST7445,2024-02-15 05:13:00,2024-02-01,91.97,1,Fraudulent,91.97,Travel,NetBanking,Desktop,Kolkata,1,141,463.1,1316,5,3,2,15,0,0.8654896203283561,0,69.23916962626849,High,1,True,HIGH
T101135,CUST4442,2024-02-08 08:42:00,2024-02-01,6.33,0,Legitimate,0.0,Electronics,Credit Card,Mobile,Chennai,1,168,416.77,831,8,3,2,8,0,0.5987805380149759,0,47.90244304119807,Medium,0,False,NO_ALERT
T101136,CUST7417,2023-09-14 00:41:00,2023-09-01,152.42,0,Legitimate,0.0,Grocery,PayPal,POS,Chennai,0,114,144.54,705,0,3,9,14,0,0.6182760324337253,0,49.462082594698025,Medium,0,False,NO_ALERT
T101137,CUST3674,2023-10-18 23:57:00,2023-10-01,54.68,0,Legitimate,0.0,Entertainment,UPI,Mobile,Chennai,0,62,280.84,419,23,2,10,18,0,0.25573716275841585,0,20.45897302067327,Low,0,False,NO_ALERT
T101138,CUST5292,2023-02-02 20:05:00,2023-02-01,52.4,0,Legitimate,0.0,Entertainment,NetBanking,POS,Kolkata,0,62,311.35,450,20,3,2,2,0,0.21714920671856433,0,17.371936537485148,Low,0,False,NO_ALERT
T101139,CUST9479,2023-05-27 01:31:00,2023-05-01,71.8,0,Legitimate,0.0,Health,UPI,POS,Kolkata,0,10,74.65,91,1,5,5,27,1,0.5813230375151808,1,66.50584300121446,High,1,True,HIGH
T101140,CUST5539,2023-02-05 02:29:00,2023-02-01,139.29,1,Fraudulent,139.29,Health,UPI,POS,Mumbai,0,87,134.44,115,2,6,2,5,1,0.7057115451041491,0,56.456923608331934,High,1,True,HIGH
T101141,CUST1758,2023-08-12 17:16:00,2023-08-01,34.19,0,Legitimate,0.0,Food,PayPal,Desktop,Kolkata,0,11,21.39,1042,17,5,8,12,1,0.2195579662375348,1,37.56463729900278,Medium,0,False,NO_ALERT
T101142,CUST3247,2023-12-21 00:33:00,2023-12-01,90.66,0,Legitimate,0.0,Travel,UPI,POS,Mumbai,1,62,433.34,1638,0,3,12,21,0,0.7320703234642234,0,58.565625877137876,High,1,True,HIGH
T101143,CUST8907,2023-09-10 17:01:00,2023-09-01,66.73,0,Legitimate,0.0,Fashion,Credit Card,POS,Pune,0,77,22.2,520,17,6,9,10,1,0.2503951681767534,1,40.03161345414027,Medium,0,False,NO_ALERT
T101144,CUST8426,2024-02-17 19:34:00,2024-02-01,24.85,1,Fraudulent,24.85,Travel,UPI,Desktop,Bengaluru,1,104,166.16,925,19,5,2,17,1,0.7418372038767509,0,59.34697631014008,High,1,True,HIGH
T101145,CUST9046,2024-02-15 07:47:00,2024-02-01,168.71,0,Legitimate,0.0,Entertainment,PayPal,POS,Bengaluru,0,56,48.34,89,7,3,2,15,0,0.31247674597779407,1,44.998139678223524,Medium,0,False,NO_ALERT
T101146,CUST2590,2024-02-06 10:51:00,2024-02-01,127.73,0,Legitimate,0.0,Food,UPI,Desktop,Pune,0,110,392.89,506,10,1,2,6,0,0.2254937542813135,0,18.03950034250508,Low,0,False,NO_ALERT
T101147,CUST6423,2023-02-13 15:03:00,2023-02-01,85.94,0,Legitimate,0.0,Travel,NetBanking,Desktop,Pune,0,49,463.24,349,15,0,2,13,0,0.21664829584550663,0,17.33186366764053,Low,0,False,NO_ALERT
T101148,CUST7565,2023-09-15 07:05:00,2023-09-01,152.08,0,Legitimate,0.0,Electronics,NetBanking,Mobile,Delhi,0,16,285.78,719,7,4,9,15,0,0.21149044083423932,0,16.919235266739147,Low,0,False,NO_ALERT
T101149,CUST1029,2023-11-16 18:58:00,2023-11-01,161.57,0,Legitimate,0.0,Entertainment,NetBanking,Desktop,Mumbai,0,73,78.39,81,18,3,11,16,0,0.22785935259119042,0,18.228748207295236,Low,0,False,NO_ALERT
T101150,CUST2723,2023-12-10 13:06:00,2023-12-01,98.58,0,Legitimate,0.0,Travel,Debit Card,Desktop,Chennai,0,116,283.5,686,13,6,12,10,1,0.2443843423834454,0,19.55074739067563,Low,0,False,NO_ALERT
T101151,CUST6286,2023-06-21 05:40:00,2023-06-01,145.13,0,Legitimate,0.0,Travel,NetBanking,Desktop,Delhi,1,93,387.47,857,5,2,6,21,0,0.7351453156789103,0,58.81162525431282,High,1,True,HIGH
T101152,CUST7788,2023-12-11 04:06:00,2023-12-01,95.65,0,Legitimate,0.0,Entertainment,NetBanking,POS,Hyderabad,0,137,362.02,1130,4,0,12,11,0,0.6116388965406476,0,48.93111172325181,Medium,0,False,NO_ALERT
T101153,CUST1698,2024-02-19 22:58:00,2024-02-01,91.19,0,Legitimate,0.0,Fashion,Debit Card,Mobile,Mumbai,0,33,373.44,148,22,0,2,19,0,0.25056285801756234,0,20.04502864140499,Low,0,False,NO_ALERT
T101154,CUST2734,2023-08-31 15:18:00,2023-08-01,77.11,0,Legitimate,0.0,Entertainment,NetBanking,POS,Kolkata,0,88,146.8,750,15,3,8,31,0,0.211843439591023,0,16.94747516728184,Low,0,False,NO_ALERT
T101155,CUST5106,2024-02-20 09:25:00,2024-02-01,111.78,0,Legitimate,0.0,Electronics,PayPal,Desktop,Pune,0,163,46.13,1235,9,1,2,20,0,0.1778158517734078,0,14.225268141872625,Low,0,False,NO_ALERT
T101156,CUST5465,2023-11-17 01:41:00,2023-11-01,13.82,0,Legitimate,0.0,Electronics,NetBanking,Desktop,Bengaluru,0,39,82.99,535,1,4,11,17,0,0.5291656962688485,0,42.33325570150788,Medium,0,False,NO_ALERT
T101157,CUST9228,2023-07-06 02:53:00,2023-07-01,170.2,0,Legitimate,0.0,Travel,NetBanking,Mobile,Mumbai,0,114,478.2,1703,2,3,7,6,0,0.594118813036456,0,47.52950504291648,Medium,0,False,NO_ALERT
T101158,CUST3843,2024-02-11 16:41:00,2024-02-01,164.36,0,Legitimate,0.0,Health,Debit Card,Mobile,Pune,0,77,310.62,666,16,6,2,11,1,0.23448654057040577,0,18.758923245632463,Low,0,False,NO_ALERT
T101159,CUST8319,2023-03-24 04:44:00,2023-03-01,2.37,0,Legitimate,0.0,Fashion,PayPal,Desktop,Mumbai,0,87,366.67,182,4,4,3,24,0,0.5196638516261858,0,41.573108130094866,Medium,0,False,NO_ALERT
T101160,CUST3677,2023-11-25 01:54:00,2023-11-01,139.81,0,Legitimate,0.0,Travel,UPI,Desktop,Kolkata,0,153,450.54,1071,1,5,11,25,1,0.6159522631499258,0,49.276181051994065,Medium,0,False,NO_ALERT
T101161,CUST5039,2023-03-29 06:05:00,2023-03-01,11.04,1,Fraudulent,11.04,Entertainment,Credit Card,POS,Mumbai,0,114,427.85,1117,6,2,3,29,0,0.4552602436341676,0,36.42081949073341,Medium,0,False,NO_ALERT
T101162,CUST5158,2024-01-10 03:22:00,2024-01-01,32.65,0,Legitimate,0.0,Travel,PayPal,Desktop,Kolkata,0,56,117.02,526,3,2,1,10,0,0.6216202726819338,0,49.729621814554704,Medium,0,False,NO_ALERT
T101163,CUST5910,2023-08-23 14:58:00,2023-08-01,108.85,0,Legitimate,0.0,Food,UPI,POS,Mumbai,0,176,38.45,1801,14,2,8,23,0,0.25115905904199975,0,20.092724723359982,Low,0,False,NO_ALERT
T101164,CUST6551,2023-09-18 05:53:00,2023-09-01,14.02,0,Legitimate,0.0,Food,PayPal,Mobile,Hyderabad,0,138,463.31,108,5,0,9,18,0,0.5771960653992513,0,46.17568523194011,Medium,0,False,NO_ALERT
T101165,CUST5488,2023-06-12 04:26:00,2023-06-01,136.29,1,Fraudulent,136.29,Health,UPI,POS,Bengaluru,0,41,491.02,88,4,0,6,12,0,0.6986612750835388,0,55.89290200668311,High,1,True,HIGH
T101166,CUST1501,2023-10-29 11:35:00,2023-10-01,142.77,0,Legitimate,0.0,Fashion,UPI,Desktop,Mumbai,0,104,288.0,1464,11,6,10,29,1,0.25101162706732677,0,20.080930165386143,Low,0,False,NO_ALERT
T101167,CUST5189,2023-11-15 15:32:00,2023-11-01,56.66,0,Legitimate,0.0,Grocery,PayPal,POS,Pune,0,99,445.32,792,15,2,11,15,0,0.22062330509484454,0,17.649864407587565,Low,0,False,NO_ALERT
T101168,CUST2924,2023-05-25 02:29:00,2023-05-01,0.51,0,Legitimate,0.0,Utilities,Debit Card,POS,Hyderabad,0,59,123.59,855,2,3,5,25,0,0.4013646133087219,0,32.10916906469776,Medium,0,False,NO_ALERT
T101169,CUST7617,2024-02-04 12:46:00,2024-02-01,27.07,0,Legitimate,0.0,Food,PayPal,Mobile,Delhi,0,156,64.41,1114,12,6,2,4,1,0.2805928462091439,0,22.44742769673151,Low,0,False,NO_ALERT
T101170,CUST8546,2023-07-04 20:20:00,2023-07-01,76.76,0,Legitimate,0.0,Grocery,PayPal,POS,Mumbai,0,122,254.91,1520,20,1,7,4,0,0.27540549742567594,0,22.032439794054078,Low,0,False,NO_ALERT
T101171,CUST9712,2023-02-06 03:11:00,2023-02-01,317.85,1,Fraudulent,317.85,Electronics,UPI,Desktop,Kolkata,1,120,407.48,1683,3,0,2,6,0,0.8588276995299104,1,88.70621596239283,Critical,1,True,CRITICAL
T101172,CUST5827,2023-09-19 10:36:00,2023-09-01,79.93,0,Legitimate,0.0,Food,Credit Card,POS,Hyderabad,0,41,330.78,1132,10,1,9,19,0,0.24884305754690178,0,19.907444603752143,Low,0,False,NO_ALERT
T101173,CUST9612,2023-09-13 19:37:00,2023-09-01,24.07,0,Legitimate,0.0,Food,UPI,POS,Chennai,0,66,322.29,1802,19,2,9,13,0,0.2567871931730795,0,20.542975453846363,Low,0,False,NO_ALERT
T101174,CUST8552,2023-07-09 07:20:00,2023-07-01,80.41,0,Legitimate,0.0,Fashion,NetBanking,POS,Delhi,0,179,18.55,1892,7,6,7,9,1,0.3075627526366352,1,44.60502021093082,Medium,0,False,NO_ALERT
T101175,CUST7814,2024-01-03 19:55:00,2024-01-01,62.12,1,Fraudulent,62.12,Health,PayPal,Desktop,Bengaluru,0,62,165.57,1736,19,2,1,3,0,0.3555891976013305,0,28.44713580810644,Medium,0,False,NO_ALERT
T101176,CUST6675,2023-01-28 21:02:00,2023-01-01,121.07,0,Legitimate,0.0,Grocery,PayPal,POS,Mumbai,0,158,470.35,1541,21,5,1,28,1,0.2479111712454437,0,19.8328936996355,Low,0,False,NO_ALERT
T101177,CUST9301,2023-09-01 22:49:00,2023-09-01,9.05,0,Legitimate,0.0,Entertainment,Debit Card,Desktop,Mumbai,0,40,75.79,273,22,4,9,1,0,0.24394104360289465,0,19.515283488231574,Low,0,False,NO_ALERT
T101178,CUST8502,2023-09-01 10:03:00,2023-09-01,114.51,0,Legitimate,0.0,Food,UPI,POS,Hyderabad,0,40,365.92,237,10,4,9,1,0,0.23429186773641292,0,18.743349418913034,Low,0,False,NO_ALERT
T101179,CUST7502,2023-10-04 18:21:00,2023-10-01,62.34,0,Legitimate,0.0,Food,Debit Card,Mobile,Bengaluru,0,197,382.06,885,18,2,10,4,0,0.2651606482040254,0,21.212851856322033,Low,0,False,NO_ALERT
T101180,CUST5934,2023-02-20 23:54:00,2023-02-01,263.73,0,Legitimate,0.0,Fashion,PayPal,Mobile,Chennai,0,102,369.09,1140,23,0,2,20,0,0.24439916136631396,0,19.55193290930512,Low,0,False,NO_ALERT
T101181,CUST4362,2023-07-20 01:08:00,2023-07-01,33.47,0,Legitimate,0.0,Fashion,UPI,Mobile,Delhi,0,190,494.75,1704,1,3,7,20,0,0.4881295537736014,0,39.050364301888116,Medium,0,False,NO_ALERT
T101182,CUST1004,2023-09-25 01:37:00,2023-09-01,80.11,1,Fraudulent,80.11,Health,UPI,Desktop,Pune,1,15,210.51,629,1,0,9,25,0,0.8694472895498406,0,69.55578316398724,High,1,True,HIGH
T101183,CUST1445,2023-12-06 14:12:00,2023-12-01,215.09,0,Legitimate,0.0,Grocery,NetBanking,Desktop,Bengaluru,0,124,344.27,674,14,2,12,6,0,0.1880434345544426,0,15.043474764355409,Low,0,False,NO_ALERT
T101184,CUST3456,2023-07-29 06:22:00,2023-07-01,8.65,0,Legitimate,0.0,Electronics,NetBanking,Desktop,Mumbai,0,131,104.89,68,6,5,7,29,1,0.2570722862186475,0,20.565782897491804,Low,0,False,NO_ALERT
T101185,CUST5637,2023-05-28 14:02:00,2023-05-01,221.46,0,Legitimate,0.0,Entertainment,Credit Card,POS,Hyderabad,0,24,205.86,1229,14,6,5,28,1,0.2335750598828633,0,18.686004790629067,Low,0,False,NO_ALERT
T101186,CUST3353,2023-10-19 11:35:00,2023-10-01,93.15,0,Legitimate,0.0,Health,NetBanking,Desktop,Chennai,0,169,250.86,507,11,3,10,19,0,0.22061002233748112,0,17.64880178699849,Low,0,False,NO_ALERT
T101187,CUST1996,2024-02-04 07:50:00,2024-02-01,5.62,0,Legitimate,0.0,Utilities,UPI,Desktop,Hyderabad,0,191,115.27,1645,7,6,2,4,1,0.23300748199730376,0,18.6405985597843,Low,0,False,NO_ALERT
T101188,CUST1004,2023-09-08 05:29:00,2023-09-01,28.64,0,Legitimate,0.0,Electronics,NetBanking,Desktop,Delhi,0,48,454.34,49,5,4,9,8,0,0.5027323855396976,0,40.218590843175804,Medium,0,False,NO_ALERT
T101189,CUST7344,2024-02-12 05:07:00,2024-02-01,98.53,0,Legitimate,0.0,Travel,Credit Card,Desktop,Kolkata,0,189,360.94,250,5,0,2,12,0,0.5842607757836222,0,46.740862062689786,Medium,0,False,NO_ALERT
T101190,CUST8390,2023-12-14 00:52:00,2023-12-01,5.58,0,Legitimate,0.0,Food,PayPal,Mobile,Kolkata,0,48,149.04,1902,0,3,12,14,0,0.5880617236323635,0,47.04493789058909,Medium,0,False,NO_ALERT
T101191,CUST4411,2023-01-08 18:52:00,2023-01-01,69.81,0,Legitimate,0.0,Grocery,NetBanking,POS,Bengaluru,0,47,76.13,304,18,6,1,8,1,0.20148461922838026,0,16.118769538270424,Low,0,False,NO_ALERT
T101192,CUST8686,2023-02-02 22:32:00,2023-02-01,33.96,0,Legitimate,0.0,Health,UPI,Mobile,Hyderabad,0,184,151.05,1753,22,3,2,2,0,0.24433414094073952,0,19.546731275259162,Low,0,False,NO_ALERT
T101193,CUST6080,2023-06-30 00:55:00,2023-06-01,77.6,1,Fraudulent,77.6,Food,PayPal,POS,Pune,0,105,315.26,1207,0,4,6,30,0,0.662192669467685,0,52.975413557414804,High,1,True,HIGH
T101194,CUST3726,2023-05-28 08:12:00,2023-05-01,3.75,0,Legitimate,0.0,Grocery,UPI,POS,Pune,0,113,414.94,492,8,6,5,28,1,0.2399208052826106,0,19.193664422608848,Low,0,False,NO_ALERT
T101195,CUST4770,2023-03-30 07:37:00,2023-03-01,164.17,0,Legitimate,0.0,Grocery,PayPal,Mobile,Kolkata,0,8,256.55,1462,7,3,3,30,0,0.3262954118256489,0,26.103632946051917,Medium,0,False,NO_ALERT
T101196,CUST2513,2023-10-19 20:26:00,2023-10-01,290.42,0,Legitimate,0.0,Grocery,UPI,Desktop,Kolkata,1,18,60.22,1708,20,3,10,19,0,0.4944172911979735,1,59.55338329583788,High,1,True,HIGH
T101197,CUST9715,2023-09-06 07:31:00,2023-09-01,277.59,0,Legitimate,0.0,Food,NetBanking,Mobile,Hyderabad,0,108,132.16,280,7,2,9,6,0,0.2121068914962655,0,16.96855131970124,Low,0,False,NO_ALERT
T101198,CUST1009,2023-10-15 01:49:00,2023-10-01,110.79,0,Legitimate,0.0,Health,NetBanking,POS,Mumbai,0,84,179.12,241,1,6,10,15,1,0.5571622222613352,0,44.57297778090682,Medium,0,False,NO_ALERT
T101199,CUST6293,2023-03-03 23:32:00,2023-03-01,11.15,0,Legitimate,0.0,Entertainment,Credit Card,POS,Hyderabad,0,151,321.71,1531,23,4,3,3,0,0.23989835449200606,0,19.191868359360484,Low,0,False,NO_ALERT
T101200,CUST6139,2023-09-19 06:52:00,2023-09-01,113.59,0,Legitimate,0.0,Fashion,PayPal,Desktop,Chennai,0,197,130.86,1714,6,1,9,19,0,0.22516465088545193,0,18.013172070836156,Low,0,False,NO_ALERT
T101201,CUST5740,2023-06-16 00:32:00,2023-06-01,1.99,0,Legitimate,0.0,Food,Credit Card,Mobile,Bengaluru,0,65,124.62,716,0,4,6,16,0,0.5149510836628722,0,41.196086693029784,Medium,0,False,NO_ALERT
T101202,CUST2813,2023-07-10 12:35:00,2023-07-01,1.79,0,Legitimate,0.0,Utilities,Debit Card,POS,Delhi,0,109,150.24,448,12,0,7,10,0,0.2023996807631076,0,16.19197446104861,Low,0,False,NO_ALERT
T101203,CUST9155,2023-03-17 21:12:00,2023-03-01,31.28,0,Legitimate,0.0,Grocery,NetBanking,Mobile,Pune,0,46,300.34,1225,21,4,3,17,0,0.19334724072810403,0,15.467779258248322,Low,0,False,NO_ALERT
T101204,CUST6151,2023-08-24 19:34:00,2023-08-01,53.66,0,Legitimate,0.0,Health,PayPal,Desktop,Hyderabad,0,66,251.39,536,19,3,8,24,0,0.23894386696825518,0,19.115509357460414,Low,0,False,NO_ALERT
T101205,CUST8379,2023-03-21 05:09:00,2023-03-01,117.72,0,Legitimate,0.0,Entertainment,Credit Card,Desktop,Chennai,0,80,422.4,675,5,1,3,21,0,0.6712912710041706,0,53.70330168033365,High,1,True,HIGH
T101206,CUST1599,2023-01-15 16:09:00,2023-01-01,91.98,0,Legitimate,0.0,Travel,Credit Card,POS,Kolkata,1,197,351.99,1681,16,6,1,15,1,0.5809830327904706,1,66.47864262323765,High,1,True,HIGH
T101207,CUST8883,2023-01-25 00:22:00,2023-01-01,47.23,1,Fraudulent,47.23,Utilities,Debit Card,Desktop,Pune,0,150,336.74,898,0,2,1,25,0,0.675315931968983,0,54.02527455751864,High,1,True,HIGH
T101208,CUST2786,2023-10-16 16:26:00,2023-10-01,25.58,0,Legitimate,0.0,Electronics,Credit Card,POS,Pune,0,193,85.78,1256,16,0,10,16,0,0.23352575144105012,0,18.68206011528401,Low,0,False,NO_ALERT
T101209,CUST4186,2023-11-26 03:22:00,2023-11-01,468.12,0,Legitimate,0.0,Utilities,UPI,POS,Delhi,0,140,37.06,1972,3,6,11,26,1,0.555197944080688,1,64.41583552645506,High,1,True,HIGH
T101210,CUST8724,2024-01-20 22:14:00,2024-01-01,44.44,0,Legitimate,0.0,Grocery,NetBanking,Desktop,Pune,0,147,259.9,521,22,5,1,20,1,0.17474116099254366,0,13.979292879403495,Low,0,False,NO_ALERT
T101211,CUST2036,2023-05-22 04:20:00,2023-05-01,48.03,0,Legitimate,0.0,Travel,Credit Card,Desktop,Chennai,0,150,45.1,324,4,0,5,22,0,0.5958943455892354,0,47.67154764713883,Medium,0,False,NO_ALERT
T101212,CUST1199,2023-03-30 15:57:00,2023-03-01,14.29,0,Legitimate,0.0,Fashion,Credit Card,Mobile,Pune,0,183,188.37,486,15,3,3,30,0,0.2367845564100395,0,18.942764512803162,Low,0,False,NO_ALERT
T101213,CUST6861,2023-08-10 14:48:00,2023-08-01,126.71,0,Legitimate,0.0,Entertainment,Debit Card,Mobile,Pune,1,106,22.8,1199,14,3,8,10,0,0.6255003501859214,1,70.04002801487371,High,1,True,HIGH
T101214,CUST1949,2023-05-20 14:34:00,2023-05-01,94.65,0,Legitimate,0.0,Entertainment,UPI,POS,Hyderabad,0,126,96.64,1291,14,5,5,20,1,0.18650209279646934,0,14.920167423717547,Low,0,False,NO_ALERT
T101215,CUST3778,2023-01-03 22:03:00,2023-01-01,19.96,0,Legitimate,0.0,Grocery,Credit Card,Mobile,Hyderabad,0,190,64.08,769,22,1,1,3,0,0.25738989826104874,0,20.5911918608839,Low,0,False,NO_ALERT
T101216,CUST7529,2023-10-24 09:09:00,2023-10-01,6.88,0,Legitimate,0.0,Utilities,NetBanking,POS,Kolkata,0,179,402.48,1820,9,1,10,24,0,0.19172057010988233,0,15.337645608790588,Low,0,False,NO_ALERT
T101217,CUST4935,2023-07-23 14:32:00,2023-07-01,91.28,0,Legitimate,0.0,Utilities,NetBanking,Desktop,Bengaluru,0,176,179.6,453,14,6,7,23,1,0.2552161696114724,0,20.417293568917795,Low,0,False,NO_ALERT
T101218,CUST2550,2023-12-04 10:57:00,2023-12-01,85.02,0,Legitimate,0.0,Entertainment,Credit Card,Desktop,Mumbai,0,145,48.63,1037,10,0,12,4,0,0.22901213831828054,0,18.320971065462444,Low,0,False,NO_ALERT
T101219,CUST6232,2023-03-18 03:23:00,2023-03-01,25.53,0,Legitimate,0.0,Travel,UPI,Mobile,Chennai,0,13,140.09,321,3,5,3,18,1,0.5774155391285518,0,46.193243130284145,Medium,0,False,NO_ALERT
T101220,CUST9460,2023-05-28 15:23:00,2023-05-01,241.05,0,Legitimate,0.0,Grocery,NetBanking,POS,Mumbai,0,28,344.58,185,15,6,5,28,1,0.22985356389317027,0,18.388285111453623,Low,0,False,NO_ALERT
T101221,CUST9333,2023-12-20 06:57:00,2023-12-01,13.1,0,Legitimate,0.0,Food,NetBanking,POS,Mumbai,0,123,375.36,1904,6,2,12,20,0,0.28993732235586067,0,23.194985788468856,Low,0,False,NO_ALERT
T101222,CUST5603,2023-10-28 20:11:00,2023-10-01,45.3,0,Legitimate,0.0,Health,UPI,Mobile,Pune,0,67,68.73,379,20,5,10,28,1,0.1765601187358046,0,14.12480949886437,Low,0,False,NO_ALERT
T101223,CUST8241,2023-10-14 21:42:00,2023-10-01,230.05,0,Legitimate,0.0,Travel,UPI,POS,Kolkata,0,5,391.5,1495,21,5,10,14,1,0.30439235520469754,0,24.351388416375805,Low,0,False,NO_ALERT
T101224,CUST5894,2024-02-20 17:18:00,2024-02-01,43.54,0,Legitimate,0.0,Health,Credit Card,POS,Delhi,0,100,191.57,1987,17,1,2,20,0,0.24546706279377792,0,19.637365023502234,Low,0,False,NO_ALERT
T101225,CUST5810,2023-09-19 16:57:00,2023-09-01,81.41,1,Fraudulent,81.41,Food,PayPal,Desktop,Delhi,1,188,342.9,272,16,1,9,19,0,0.7346196891951822,1,78.76957513561457,Critical,1,True,CRITICAL
T101226,CUST1143,2023-07-18 04:42:00,2023-07-01,40.55,0,Legitimate,0.0,Food,Debit Card,POS,Pune,0,143,339.04,1260,4,1,7,18,0,0.6147375691781146,0,49.17900553424917,Medium,0,False,NO_ALERT
T101227,CUST8715,2023-10-16 00:42:00,2023-10-01,25.64,0,Legitimate,0.0,Health,PayPal,POS,Kolkata,0,81,398.86,1481,0,0,10,16,0,0.6464119080976406,0,51.71295264781125,High,1,True,HIGH
T101228,CUST2643,2023-06-16 09:09:00,2023-06-01,330.7,0,Legitimate,0.0,Travel,PayPal,POS,Chennai,0,44,351.62,1819,9,4,6,16,0,0.2640710874137495,0,21.12568699309996,Low,0,False,NO_ALERT
T101229,CUST2856,2023-01-31 17:35:00,2023-01-01,42.12,0,Legitimate,0.0,Health,NetBanking,Mobile,Mumbai,0,119,29.05,1001,17,1,1,31,0,0.20319615500642604,0,16.255692400514086,Low,0,False,NO_ALERT
T101230,CUST5189,2023-01-01 18:56:00,2023-01-01,179.62,0,Legitimate,0.0,Health,UPI,Mobile,Bengaluru,0,46,264.55,287,18,6,1,1,1,0.26378958234310074,1,41.10316658744806,Medium,0,False,NO_ALERT
T101231,CUST2456,2024-01-01 05:45:00,2024-01-01,20.9,1,Fraudulent,20.9,Electronics,NetBanking,Mobile,Kolkata,0,157,91.43,614,5,0,1,1,0,0.6664712924297065,0,53.31770339437652,High,1,True,HIGH
T101232,CUST2210,2023-06-14 10:00:00,2023-06-01,19.17,0,Legitimate,0.0,Travel,Debit Card,POS,Mumbai,0,68,485.28,64,10,2,6,14,0,0.2557274277488039,0,20.458194219904314,Low,0,False,NO_ALERT
T101233,CUST7913,2023-04-13 01:27:00,2023-04-01,2.53,0,Legitimate,0.0,Utilities,Credit Card,POS,Delhi,0,128,135.36,1182,1,3,4,13,0,0.5805644725610448,0,46.44515780488359,Medium,0,False,NO_ALERT
T101234,CUST2138,2023-01-31 10:54:00,2023-01-01,84.37,0,Legitimate,0.0,Utilities,Debit Card,Mobile,Mumbai,0,49,215.85,459,10,1,1,31,0,0.24351049613346387,0,19.48083969067711,Low,0,False,NO_ALERT
T101235,CUST6162,2023-02-14 15:40:00,2023-02-01,36.78,0,Legitimate,0.0,Electronics,NetBanking,Mobile,Hyderabad,0,171,106.38,1753,15,1,2,14,0,0.19079663718384515,0,15.263730974707613,Low,0,False,NO_ALERT
T101236,CUST1558,2023-08-14 04:39:00,2023-08-01,159.82,0,Legitimate,0.0,Grocery,NetBanking,POS,Hyderabad,0,102,75.95,1372,4,0,8,14,0,0.5533786169653042,0,44.27028935722434,Medium,0,False,NO_ALERT
T101237,CUST2522,2023-06-25 12:25:00,2023-06-01,51.28,0,Legitimate,0.0,Entertainment,NetBanking,POS,Bengaluru,1,196,304.46,124,12,6,6,25,1,0.6016181272666808,0,48.12945018133447,Medium,0,False,NO_ALERT
T101238,CUST9724,2023-05-13 16:32:00,2023-05-01,275.85,0,Legitimate,0.0,Utilities,NetBanking,Desktop,Chennai,0,77,251.66,249,16,5,5,13,1,0.2115551702661082,0,16.924413621288657,Low,0,False,NO_ALERT
T101239,CUST6111,2023-12-08 05:19:00,2023-12-01,16.42,0,Legitimate,0.0,Health,PayPal,Mobile,Mumbai,1,20,193.58,330,5,4,12,8,0,0.7004538107928658,1,76.03630486342928,Critical,1,True,CRITICAL
T101240,CUST7098,2023-06-07 23:05:00,2023-06-01,162.37,0,Legitimate,0.0,Grocery,Credit Card,POS,Hyderabad,0,111,51.86,1690,23,2,6,7,0,0.22355069667680147,0,17.88405573414412,Low,0,False,NO_ALERT
T101241,CUST9408,2023-09-21 05:05:00,2023-09-01,119.9,0,Legitimate,0.0,Utilities,PayPal,Mobile,Chennai,0,146,370.62,1238,5,3,9,21,0,0.6226438624240498,0,49.81150899392399,Medium,0,False,NO_ALERT
T101242,CUST8944,2024-01-12 06:47:00,2024-01-01,117.9,0,Legitimate,0.0,Travel,NetBanking,Mobile,Kolkata,0,192,12.87,1090,6,4,1,12,0,0.40160136755054937,1,52.12810940404395,High,1,True,HIGH
T101243,CUST8076,2023-04-06 11:21:00,2023-04-01,149.03,0,Legitimate,0.0,Health,UPI,Mobile,Kolkata,0,177,234.25,804,11,3,4,6,0,0.2273412892089512,0,18.187303136716096,Low,0,False,NO_ALERT
T101244,CUST8867,2023-10-16 13:47:00,2023-10-01,114.51,1,Fraudulent,114.51,Entertainment,PayPal,Desktop,Hyderabad,1,115,319.96,1675,13,0,10,16,0,0.7517679355391081,0,60.14143484312865,High,1,True,HIGH
T101245,CUST7220,2023-06-27 11:56:00,2023-06-01,78.73,0,Legitimate,0.0,Grocery,NetBanking,POS,Chennai,0,170,221.05,429,11,1,6,27,0,0.22113471558277584,0,17.69077724662207,Low,0,False,NO_ALERT
T101246,CUST6004,2023-09-30 18:21:00,2023-09-01,11.26,0,Legitimate,0.0,Utilities,NetBanking,POS,Chennai,0,12,71.84,719,18,5,9,30,1,0.21195457473576063,0,16.956365978860852,Low,0,False,NO_ALERT
T101247,CUST1023,2023-09-09 02:15:00,2023-09-01,2.65,0,Legitimate,0.0,Utilities,Credit Card,Mobile,Hyderabad,0,79,391.34,1195,2,5,9,9,1,0.5665061253633611,0,45.32049002906889,Medium,0,False,NO_ALERT
T101248,CUST1067,2023-03-25 05:55:00,2023-03-01,202.91,0,Legitimate,0.0,Fashion,Debit Card,POS,Pune,0,119,168.73,1022,5,5,3,25,1,0.5472976474794399,0,43.783811798355195,Medium,0,False,NO_ALERT
T101249,CUST6802,2023-08-04 21:21:00,2023-08-01,76.7,0,Legitimate,0.0,Utilities,PayPal,Desktop,Delhi,0,36,76.03,163,21,4,8,4,0,0.2021365950101189,0,16.170927600809513,Low,0,False,NO_ALERT
T101250,CUST9594,2023-01-11 09:41:00,2023-01-01,127.38,1,Fraudulent,127.38,Food,PayPal,Mobile,Chennai,0,8,279.63,1498,9,2,1,11,0,0.39330470340193885,0,31.464376272155107,Medium,0,False,NO_ALERT
T101251,CUST6375,2023-11-25 06:54:00,2023-11-01,52.55,0,Legitimate,0.0,Health,PayPal,Desktop,Kolkata,0,28,19.39,690,6,5,11,25,1,0.27342800410220436,1,41.87424032817635,Medium,0,False,NO_ALERT
T101252,CUST6663,2023-09-09 02:12:00,2023-09-01,9.98,0,Legitimate,0.0,Entertainment,NetBanking,Desktop,Pune,0,116,168.79,1959,2,5,9,9,1,0.6226630619578863,0,49.81304495663091,Medium,0,False,NO_ALERT
T101253,CUST8028,2023-02-21 03:59:00,2023-02-01,10.7,0,Legitimate,0.0,Food,Credit Card,POS,Mumbai,0,86,377.81,1341,3,1,2,21,0,0.642234806384887,0,51.37878451079096,High,1,True,HIGH
T101254,CUST3254,2023-05-25 12:24:00,2023-05-01,92.56,0,Legitimate,0.0,Electronics,NetBanking,POS,Pune,0,188,457.23,1955,12,3,5,25,0,0.18400154883078265,0,14.720123906462613,Low,0,False,NO_ALERT
T101255,CUST2412,2023-01-02 14:12:00,2023-01-01,45.01,0,Legitimate,0.0,Grocery,NetBanking,Desktop,Hyderabad,0,49,299.95,287,14,0,1,2,0,0.21954013878700426,0,17.56321110296034,Low,0,False,NO_ALERT
T101256,CUST5553,2023-07-22 20:48:00,2023-07-01,17.9,0,Legitimate,0.0,Utilities,UPI,POS,Pune,0,166,116.63,1092,20,5,7,22,1,0.21277823500799037,0,17.022258800639232,Low,0,False,NO_ALERT
T101257,CUST4380,2023-11-03 11:34:00,2023-11-01,54.12,0,Legitimate,0.0,Electronics,Credit Card,Desktop,Delhi,0,80,117.8,334,11,4,11,3,0,0.202454376070818,0,16.19635008566544,Low,0,False,NO_ALERT
T101258,CUST7931,2023-01-01 14:42:00,2023-01-01,5.31,0,Legitimate,0.0,Entertainment,PayPal,Desktop,Hyderabad,0,186,305.9,1336,14,6,1,1,1,0.23246564146286708,0,18.597251317029368,Low,0,False,NO_ALERT
T101259,CUST2781,2023-05-29 08:12:00,2023-05-01,69.78,0,Legitimate,0.0,Health,Debit Card,Mobile,Bengaluru,0,5,209.31,1877,8,0,5,29,0,0.3113305877100205,0,24.90644701680164,Low,0,False,NO_ALERT
T101260,CUST3291,2023-07-20 17:18:00,2023-07-01,25.07,0,Legitimate,0.0,Food,PayPal,Desktop,Mumbai,0,46,96.86,555,17,3,7,20,0,0.23305793384568912,0,18.64463470765513,Low,0,False,NO_ALERT
T101261,CUST6073,2023-05-03 21:57:00,2023-05-01,127.78,0,Legitimate,0.0,Food,NetBanking,Desktop,Kolkata,0,98,395.82,436,21,2,5,3,0,0.22453411394032374,0,17.9627291152259,Low,0,False,NO_ALERT
T101262,CUST7702,2023-08-15 19:14:00,2023-08-01,29.73,0,Legitimate,0.0,Grocery,Credit Card,POS,Bengaluru,0,102,108.12,1412,19,1,8,15,0,0.28162266696586374,0,22.529813357269102,Low,0,False,NO_ALERT
T101263,CUST6626,2023-12-10 09:40:00,2023-12-01,48.59,0,Legitimate,0.0,Health,Credit Card,Mobile,Pune,0,2,167.6,915,9,6,12,10,1,0.22921721153547328,0,18.337376922837862,Low,0,False,NO_ALERT
T101264,CUST3145,2023-06-27 02:17:00,2023-06-01,0.94,0,Legitimate,0.0,Utilities,Credit Card,POS,Chennai,0,25,40.1,407,2,1,6,27,0,0.4861533318349654,0,38.89226654679723,Medium,0,False,NO_ALERT
T101265,CUST1482,2023-01-12 11:49:00,2023-01-01,6.02,0,Legitimate,0.0,Fashion,UPI,Mobile,Pune,0,1,353.67,498,11,3,1,12,0,0.18336006337363311,0,14.66880506989065,Low,0,False,NO_ALERT
T101266,CUST4345,2023-09-01 06:29:00,2023-09-01,39.87,0,Legitimate,0.0,Fashion,PayPal,POS,Kolkata,0,197,144.89,902,6,4,9,1,0,0.26089591543848123,0,20.8716732350785,Low,0,False,NO_ALERT
T101267,CUST6185,2023-12-31 05:45:00,2023-12-01,52.3,0,Legitimate,0.0,Grocery,UPI,Desktop,Kolkata,0,168,124.1,1019,5,6,12,31,1,0.563442973255787,0,45.075437860462955,Medium,0,False,NO_ALERT
T101268,CUST9986,2023-03-20 21:09:00,2023-03-01,73.31,0,Legitimate,0.0,Health,Debit Card,Mobile,Chennai,0,68,158.65,1334,21,0,3,20,0,0.24379912560023664,0,19.503930048018933,Low,0,False,NO_ALERT
T101269,CUST3605,2023-01-07 11:03:00,2023-01-01,27.59,0,Legitimate,0.0,Grocery,NetBanking,Mobile,Bengaluru,0,69,438.32,1618,11,5,1,7,1,0.21962704573943279,0,17.570163659154623,Low,0,False,NO_ALERT
T101270,CUST4585,2023-01-28 17:36:00,2023-01-01,94.99,0,Legitimate,0.0,Health,UPI,Mobile,Bengaluru,0,197,263.83,40,17,5,1,28,1,0.23369121838933182,0,18.695297471146546,Low,0,False,NO_ALERT
T101271,CUST2929,2023-05-23 17:28:00,2023-05-01,157.36,0,Legitimate,0.0,Entertainment,UPI,Mobile,Chennai,0,16,87.36,704,17,1,5,23,0,0.2181140276335765,0,17.449122210686124,Low,0,False,NO_ALERT
T101272,CUST6907,2023-07-27 20:15:00,2023-07-01,121.08,0,Legitimate,0.0,Entertainment,NetBanking,POS,Delhi,0,182,389.5,724,20,3,7,27,0,0.21350635943253568,0,17.080508754602857,Low,0,False,NO_ALERT
T101273,CUST7326,2024-01-02 21:33:00,2024-01-01,3.23,0,Legitimate,0.0,Electronics,Credit Card,POS,Mumbai,0,191,112.14,1239,21,1,1,2,0,0.24945573671546664,0,19.956458937237333,Low,0,False,NO_ALERT
T101274,CUST8023,2023-12-20 22:19:00,2023-12-01,52.39,0,Legitimate,0.0,Utilities,NetBanking,Mobile,Hyderabad,0,18,212.11,1602,22,2,12,20,0,0.19953210845623218,0,15.962568676498575,Low,0,False,NO_ALERT
T101275,CUST3102,2023-11-03 19:56:00,2023-11-01,8.87,0,Legitimate,0.0,Grocery,PayPal,Mobile,Bengaluru,0,107,288.36,1002,19,4,11,3,0,0.2409348778059828,0,19.274790224478625,Low,0,False,NO_ALERT
T101276,CUST2209,2023-03-09 05:52:00,2023-03-01,22.17,1,Fraudulent,22.17,Utilities,NetBanking,Mobile,Mumbai,0,17,296.38,38,5,3,3,9,0,0.6984185579045282,0,55.87348463236226,High,1,True,HIGH
T101277,CUST4530,2024-01-02 16:41:00,2024-01-01,345.37,0,Legitimate,0.0,Health,Credit Card,POS,Hyderabad,0,125,43.83,57,16,1,1,2,0,0.29730647840861046,1,43.78451827268884,Medium,0,False,NO_ALERT
T101278,CUST9136,2023-06-06 14:06:00,2023-06-01,12.3,0,Legitimate,0.0,Fashion,NetBanking,Mobile,Pune,0,82,420.03,852,14,1,6,6,0,0.21751754650160188,0,17.40140372012815,Low,0,False,NO_ALERT
T101279,CUST5078,2023-07-17 03:36:00,2023-07-01,55.27,0,Legitimate,0.0,Utilities,UPI,Mobile,Hyderabad,0,4,244.92,715,3,0,7,17,0,0.6650219738906603,0,53.20175791125283,High,1,True,HIGH
T101280,CUST4591,2023-10-11 20:12:00,2023-10-01,77.02,0,Legitimate,0.0,Health,Debit Card,Mobile,Bengaluru,0,115,494.74,1517,20,2,10,11,0,0.23593431388036717,0,18.874745110429373,Low,0,False,NO_ALERT
T101281,CUST7655,2023-10-01 22:11:00,2023-10-01,96.98,0,Legitimate,0.0,Entertainment,UPI,POS,Delhi,0,95,361.55,1692,22,6,10,1,1,0.2686576398544897,0,21.492611188359177,Low,0,False,NO_ALERT
T101282,CUST6399,2024-02-12 11:54:00,2024-02-01,65.61,0,Legitimate,0.0,Health,Debit Card,Desktop,Delhi,0,95,496.36,540,11,0,2,12,0,0.22444323982599582,0,17.955459186079665,Low,0,False,NO_ALERT
T101283,CUST8638,2023-05-06 02:35:00,2023-05-01,0.79,0,Legitimate,0.0,Grocery,NetBanking,Desktop,Mumbai,0,137,232.2,531,2,5,5,6,1,0.4316364266011532,0,34.530914128092256,Medium,0,False,NO_ALERT
T101284,CUST1183,2023-11-08 14:04:00,2023-11-01,31.62,0,Legitimate,0.0,Electronics,PayPal,POS,Pune,0,31,78.98,611,14,2,11,8,0,0.22226146793522275,0,17.78091743481782,Low,0,False,NO_ALERT
T101285,CUST3717,2023-01-03 12:08:00,2023-01-01,58.34,0,Legitimate,0.0,Electronics,NetBanking,Desktop,Mumbai,0,133,366.38,1848,12,1,1,3,0,0.22301265308295243,0,17.841012246636193,Low,0,False,NO_ALERT
T101286,CUST9266,2023-10-16 22:35:00,2023-10-01,7.36,0,Legitimate,0.0,Electronics,Credit Card,Mobile,Chennai,0,16,391.1,807,22,0,10,16,0,0.2469474339940648,0,19.755794719525184,Low,0,False,NO_ALERT
T101287,CUST2764,2023-02-25 12:47:00,2023-02-01,34.54,0,Legitimate,0.0,Electronics,NetBanking,Mobile,Delhi,0,42,427.89,1716,12,5,2,25,1,0.20818202893495258,0,16.654562314796205,Low,0,False,NO_ALERT
T101288,CUST9529,2023-06-06 07:00:00,2023-06-01,2.7,0,Legitimate,0.0,Entertainment,Debit Card,POS,Mumbai,0,169,157.71,690,7,1,6,6,0,0.21815983371295886,0,17.45278669703671,Low,0,False,NO_ALERT
T101289,CUST9375,2023-02-10 10:28:00,2023-02-01,6.55,0,Legitimate,0.0,Travel,UPI,POS,Chennai,0,30,260.24,1271,10,4,2,10,0,0.20286258324363832,0,16.229006659491066,Low,0,False,NO_ALERT
T101290,CUST2532,2023-06-25 21:14:00,2023-06-01,40.46,0,Legitimate,0.0,Utilities,PayPal,Desktop,Pune,0,26,430.18,1482,21,6,6,25,1,0.24730982371138757,0,19.784785896911007,Low,0,False,NO_ALERT
T101291,CUST6010,2023-11-21 01:57:00,2023-11-01,11.39,1,Fraudulent,11.39,Grocery,NetBanking,Desktop,Kolkata,0,177,433.72,1691,1,1,11,21,0,0.6999117029408458,0,55.99293623526767,High,1,True,HIGH
T101292,CUST2503,2024-02-07 13:49:00,2024-02-01,67.06,0,Legitimate,0.0,Food,NetBanking,Mobile,Hyderabad,0,31,22.59,32,13,2,2,7,0,0.25210618739991963,1,40.16849499199357,Medium,0,False,NO_ALERT
T101293,CUST1789,2023-05-28 18:15:00,2023-05-01,93.56,0,Legitimate,0.0,Grocery,UPI,POS,Mumbai,0,50,338.75,1240,18,6,5,28,1,0.22168934327097173,0,17.735147461677737,Low,0,False,NO_ALERT
T101294,CUST6579,2023-11-20 11:32:00,2023-11-01,128.99,0,Legitimate,0.0,Travel,PayPal,Desktop,Chennai,0,143,304.83,72,11,0,11,20,0,0.23618577384965583,0,18.894861907972466,Low,0,False,NO_ALERT
T101295,CUST9393,2023-07-29 00:45:00,2023-07-01,17.87,0,Legitimate,0.0,Electronics,NetBanking,Desktop,Delhi,0,52,50.84,1664,0,5,7,29,1,0.5619568528896314,0,44.956548231170515,Medium,0,False,NO_ALERT
T101296,CUST7126,2023-02-12 22:20:00,2023-02-01,14.66,0,Legitimate,0.0,Travel,NetBanking,Mobile,Hyderabad,0,166,465.77,804,22,6,2,12,1,0.24096859088959183,0,19.277487271167345,Low,0,False,NO_ALERT
T101297,CUST8383,2023-02-13 02:16:00,2023-02-01,8.84,1,Fraudulent,8.84,Fashion,Debit Card,Mobile,Mumbai,0,38,228.23,1464,2,0,2,13,0,0.7027029353139684,0,56.21623482511748,High,1,True,HIGH
T101298,CUST9587,2023-04-06 14:15:00,2023-04-01,80.94,0,Legitimate,0.0,Fashion,Debit Card,Mobile,Delhi,0,188,340.39,1243,14,3,4,6,0,0.25316491672095276,0,20.253193337676223,Low,0,False,NO_ALERT
T101299,CUST9969,2023-07-02 14:17:00,2023-07-01,98.06,0,Legitimate,0.0,Utilities,Credit Card,Mobile,Kolkata,0,20,442.57,71,14,6,7,2,1,0.2212697714995276,0,17.701581719962206,Low,0,False,NO_ALERT
T101300,CUST3987,2023-03-24 14:03:00,2023-03-01,2.57,0,Legitimate,0.0,Entertainment,UPI,Desktop,Hyderabad,0,99,73.76,1150,14,4,3,24,0,0.20687598464254905,0,16.550078771403925,Low,0,False,NO_ALERT
T101301,CUST4295,2023-05-30 17:25:00,2023-05-01,220.18,0,Legitimate,0.0,Grocery,PayPal,POS,Bengaluru,0,44,429.36,1825,17,1,5,30,0,0.2677528875798785,0,21.42023100639028,Low,0,False,NO_ALERT
T101302,CUST2291,2023-03-01 05:52:00,2023-03-01,4.27,0,Legitimate,0.0,Grocery,NetBanking,POS,Delhi,0,111,364.91,759,5,2,3,1,0,0.5771405980219692,0,46.171247841757534,Medium,0,False,NO_ALERT
T101303,CUST5651,2023-07-30 15:48:00,2023-07-01,62.35,0,Legitimate,0.0,Food,NetBanking,Mobile,Bengaluru,0,89,421.4,677,15,6,7,30,1,0.22634907777739247,0,18.1079262221914,Low,0,False,NO_ALERT
T101304,CUST6723,2023-12-07 18:42:00,2023-12-01,98.77,0,Legitimate,0.0,Entertainment,Credit Card,Mobile,Pune,0,63,252.47,1905,18,3,12,7,0,0.2602204860261986,0,20.817638882095892,Low,0,False,NO_ALERT
T101305,CUST5630,2023-06-09 11:14:00,2023-06-01,163.82,0,Legitimate,0.0,Food,NetBanking,Desktop,Mumbai,0,118,26.41,686,11,4,6,9,0,0.29778790059152743,1,43.8230320473222,Medium,0,False,NO_ALERT
T101306,CUST4121,2023-08-28 21:36:00,2023-08-01,100.17,0,Legitimate,0.0,Fashion,UPI,Mobile,Kolkata,0,178,338.55,1570,21,0,8,28,0,0.2450674467136177,0,19.605395737089417,Low,0,False,NO_ALERT
T101307,CUST8179,2023-06-06 23:40:00,2023-06-01,129.45,0,Legitimate,0.0,Electronics,Credit Card,POS,Chennai,0,150,193.52,910,23,1,6,6,0,0.23783442000982216,0,19.026753600785774,Low,0,False,NO_ALERT
T101308,CUST8267,2023-07-28 07:01:00,2023-07-01,33.17,0,Legitimate,0.0,Travel,UPI,Mobile,Mumbai,0,72,207.18,1958,7,4,7,28,0,0.24719450801828605,0,19.775560641462885,Low,0,False,NO_ALERT
T101309,CUST8204,2023-05-23 16:28:00,2023-05-01,134.92,0,Legitimate,0.0,Food,Credit Card,POS,Delhi,0,54,226.22,1189,16,1,5,23,0,0.24794499291189442,0,19.835599432951554,Low,0,False,NO_ALERT
T101310,CUST8535,2023-11-07 14:31:00,2023-11-01,6.68,0,Legitimate,0.0,Health,NetBanking,Mobile,Bengaluru,0,137,251.53,539,14,1,11,7,0,0.2008061523781736,0,16.064492190253887,Low,0,False,NO_ALERT
T101311,CUST3363,2023-01-09 08:23:00,2023-01-01,180.16,0,Legitimate,0.0,Food,Credit Card,Mobile,Bengaluru,0,143,334.35,1572,8,0,1,9,0,0.26011714848777656,0,20.809371879022127,Low,0,False,NO_ALERT
T101312,CUST9110,2024-01-15 19:22:00,2024-01-01,63.45,0,Legitimate,0.0,Electronics,Debit Card,POS,Hyderabad,0,48,366.12,66,19,0,1,15,0,0.2341457488187484,0,18.73165990549987,Low,0,False,NO_ALERT
T101313,CUST2152,2024-02-06 18:44:00,2024-02-01,135.99,0,Legitimate,0.0,Electronics,PayPal,Desktop,Mumbai,0,148,390.65,852,18,1,2,6,0,0.23172944970796908,0,18.53835597663753,Low,0,False,NO_ALERT
T101314,CUST6082,2023-11-17 02:37:00,2023-11-01,48.16,0,Legitimate,0.0,Grocery,NetBanking,Desktop,Mumbai,0,163,339.09,608,2,4,11,17,0,0.5895846483434881,0,47.16677186747905,Medium,0,False,NO_ALERT
T101315,CUST3892,2023-12-08 23:04:00,2023-12-01,82.53,0,Legitimate,0.0,Travel,PayPal,Mobile,Delhi,0,101,403.7,1957,23,4,12,8,0,0.2398378926506588,0,19.187031412052704,Low,0,False,NO_ALERT
T101316,CUST2327,2023-05-23 12:43:00,2023-05-01,59.79,0,Legitimate,0.0,Electronics,NetBanking,Mobile,Bengaluru,0,195,69.85,866,12,1,5,23,0,0.18097251336535183,0,14.477801069228148,Low,0,False,NO_ALERT
T101317,CUST7226,2023-05-12 03:28:00,2023-05-01,105.22,0,Legitimate,0.0,Entertainment,PayPal,POS,Delhi,1,60,420.04,546,3,4,5,12,0,0.718786263362606,0,57.50290106900848,High,1,True,HIGH
T101318,CUST1296,2023-05-05 06:44:00,2023-05-01,6.81,0,Legitimate,0.0,Food,Debit Card,POS,Delhi,0,98,199.77,814,6,4,5,5,0,0.2380733244947809,0,19.045865959582475,Low,0,False,NO_ALERT
T101319,CUST4165,2023-03-17 04:18:00,2023-03-01,4.98,0,Legitimate,0.0,Food,PayPal,Mobile,Pune,0,162,269.1,1050,4,4,3,17,0,0.5527334707662857,0,44.218677661302856,Medium,0,False,NO_ALERT
T101320,CUST9594,2023-03-01 07:16:00,2023-03-01,22.71,0,Legitimate,0.0,Fashion,Credit Card,POS,Bengaluru,0,100,222.55,908,7,2,3,1,0,0.2684359507165596,0,21.47487605732477,Low,0,False,NO_ALERT
T101321,CUST1396,2023-06-16 10:27:00,2023-06-01,13.9,0,Legitimate,0.0,Electronics,PayPal,Desktop,Delhi,0,99,243.1,1111,10,4,6,16,0,0.205553495899715,0,16.4442796719772,Low,0,False,NO_ALERT
T101322,CUST6239,2023-07-11 09:37:00,2023-07-01,164.32,0,Legitimate,0.0,Health,NetBanking,Desktop,Bengaluru,0,73,149.86,988,9,1,7,11,0,0.21979264998465076,0,17.58341199877206,Low,0,False,NO_ALERT
T101323,CUST1524,2023-06-26 10:30:00,2023-06-01,19.8,0,Legitimate,0.0,Grocery,UPI,POS,Delhi,0,119,93.28,184,10,0,6,26,0,0.22555878645662308,0,18.044702916529847,Low,0,False,NO_ALERT
T101324,CUST8589,2023-03-13 05:08:00,2023-03-01,297.93,0,Legitimate,0.0,Travel,PayPal,POS,Chennai,1,182,61.4,1925,5,0,3,13,0,0.6315804560571288,1,70.5264364845703,High,1,True,HIGH
T101325,CUST2168,2024-01-04 10:23:00,2024-01-01,32.87,0,Legitimate,0.0,Health,PayPal,POS,Delhi,0,128,231.19,142,10,3,1,4,0,0.2173933020032824,0,17.391464160262593,Low,0,False,NO_ALERT
T101326,CUST7246,2023-08-13 20:10:00,2023-08-01,16.08,0,Legitimate,0.0,Grocery,PayPal,Desktop,Delhi,1,140,71.38,1513,20,6,8,13,1,0.6651116810487739,1,73.20893448390191,High,1,True,HIGH
T101327,CUST7574,2023-05-24 13:50:00,2023-05-01,124.74,0,Legitimate,0.0,Food,NetBanking,Mobile,Kolkata,0,88,130.04,1657,13,2,5,24,0,0.18428365642981945,0,14.742692514385556,Low,0,False,NO_ALERT
T101328,CUST5171,2023-12-28 00:25:00,2023-12-01,86.0,0,Legitimate,0.0,Health,PayPal,POS,Chennai,0,105,75.47,865,0,3,12,28,0,0.5641088660666191,0,45.128709285329535,Medium,0,False,NO_ALERT
T101329,CUST5800,2023-05-29 10:46:00,2023-05-01,55.16,0,Legitimate,0.0,Grocery,NetBanking,POS,Mumbai,0,19,63.47,1809,10,0,5,29,0,0.25212644675120816,0,20.170115740096655,Low,0,False,NO_ALERT
T101330,CUST5814,2023-11-29 21:51:00,2023-11-01,64.84,0,Legitimate,0.0,Food,NetBanking,POS,Bengaluru,0,80,442.41,1849,21,2,11,29,0,0.22699567227128817,0,18.159653781703053,Low,0,False,NO_ALERT
T101331,CUST3298,2023-10-02 23:53:00,2023-10-01,101.61,0,Legitimate,0.0,Food,UPI,Mobile,Kolkata,0,26,340.27,630,23,0,10,2,0,0.24860705747500453,0,19.888564598000364,Low,0,False,NO_ALERT
T101332,CUST2996,2023-10-28 06:26:00,2023-10-01,20.75,0,Legitimate,0.0,Food,Credit Card,POS,Hyderabad,1,151,462.64,471,6,5,10,28,1,0.6513734890633933,0,52.109879125071465,High,1,True,HIGH
T101333,CUST6273,2023-12-24 15:10:00,2023-12-01,448.69,0,Legitimate,0.0,Food,NetBanking,POS,Chennai,0,121,325.57,1743,15,6,12,24,1,0.2951873411563835,1,43.61498729251068,Medium,0,False,NO_ALERT
T101334,CUST7711,2023-02-08 05:10:00,2023-02-01,294.45,1,Fraudulent,294.45,Entertainment,Debit Card,Desktop,Kolkata,0,33,423.54,257,5,2,2,8,0,0.7106012884312899,0,56.8481030745032,High,1,True,HIGH
T101335,CUST8368,2023-12-08 14:47:00,2023-12-01,84.06,0,Legitimate,0.0,Food,PayPal,POS,Mumbai,0,106,282.1,903,14,4,12,8,0,0.24099364280124969,0,19.279491424099977,Low,0,False,NO_ALERT
T101336,CUST8568,2023-12-13 11:56:00,2023-12-01,17.81,0,Legitimate,0.0,Fashion,Debit Card,Desktop,Delhi,0,185,236.69,1632,11,2,12,13,0,0.22660029642052731,0,18.128023713642186,Low,0,False,NO_ALERT
T101337,CUST6162,2023-05-25 13:47:00,2023-05-01,91.21,0,Legitimate,0.0,Health,PayPal,Mobile,Pune,0,30,268.95,1175,13,3,5,25,0,0.24039752890552793,0,19.231802312442237,Low,0,False,NO_ALERT
T101338,CUST5702,2023-09-19 04:56:00,2023-09-01,5.99,0,Legitimate,0.0,Grocery,UPI,POS,Mumbai,0,151,166.91,700,4,1,9,19,0,0.6329636201196418,0,50.63708960957135,High,1,True,HIGH
T101339,CUST7221,2023-11-13 12:53:00,2023-11-01,2.49,0,Legitimate,0.0,Fashion,NetBanking,POS,Chennai,0,126,332.41,1410,12,0,11,13,0,0.2173005263151525,0,17.3840421052122,Low,0,False,NO_ALERT
T101340,CUST2064,2023-09-28 23:54:00,2023-09-01,23.84,0,Legitimate,0.0,Entertainment,Credit Card,Desktop,Pune,0,36,449.62,1321,23,3,9,28,0,0.2461761563532253,0,19.694092508258024,Low,0,False,NO_ALERT
T101341,CUST8661,2023-05-25 23:33:00,2023-05-01,49.68,0,Legitimate,0.0,Utilities,NetBanking,Mobile,Delhi,0,125,393.35,724,23,3,5,25,0,0.18934593120293616,0,15.147674496234893,Low,0,False,NO_ALERT
T101342,CUST4791,2023-02-09 03:56:00,2023-02-01,162.16,0,Legitimate,0.0,Utilities,PayPal,Mobile,Mumbai,0,124,236.38,1538,3,3,2,9,0,0.6257449172463556,0,50.05959337970845,High,1,True,HIGH
T101343,CUST6663,2023-11-18 06:17:00,2023-11-01,103.91,0,Legitimate,0.0,Fashion,Credit Card,Desktop,Hyderabad,0,171,477.42,898,6,5,11,18,1,0.26017791381967426,0,20.814233105573944,Low,0,False,NO_ALERT
T101344,CUST4792,2024-02-19 14:26:00,2024-02-01,108.6,0,Legitimate,0.0,Electronics,NetBanking,Mobile,Bengaluru,0,194,492.86,1057,14,0,2,19,0,0.19887121498163357,0,15.909697198530687,Low,0,False,NO_ALERT
T101345,CUST9365,2023-08-29 01:42:00,2023-08-01,44.34,0,Legitimate,0.0,Electronics,Credit Card,Mobile,Bengaluru,0,181,251.62,1531,1,1,8,29,0,0.5320105048975917,0,42.56084039180734,Medium,0,False,NO_ALERT
T101346,CUST7480,2023-06-09 01:03:00,2023-06-01,33.96,0,Legitimate,0.0,Electronics,PayPal,Mobile,Chennai,1,118,433.67,150,1,4,6,9,0,0.7252012232738743,0,58.01609786190994,High,1,True,HIGH
T101347,CUST2147,2023-07-20 19:12:00,2023-07-01,37.09,0,Legitimate,0.0,Travel,UPI,Mobile,Kolkata,1,123,12.34,771,19,3,7,20,0,0.5674889263562857,1,65.39911410850286,High,1,True,HIGH
T101348,CUST1953,2023-05-03 02:12:00,2023-05-01,351.53,0,Legitimate,0.0,Electronics,UPI,Mobile,Delhi,0,188,42.66,1863,2,2,5,3,0,0.4585017464916104,1,56.680139719328835,High,1,True,HIGH
T101349,CUST5164,2023-08-05 00:58:00,2023-08-01,3.27,0,Legitimate,0.0,Grocery,NetBanking,Mobile,Delhi,1,37,20.97,1539,0,5,8,5,1,0.6750613987438616,1,74.00491189950893,High,1,True,HIGH
T101350,CUST3325,2023-06-19 10:35:00,2023-06-01,161.41,0,Legitimate,0.0,Fashion,Debit Card,Mobile,Bengaluru,0,61,388.85,1272,10,0,6,19,0,0.23163229961765,0,18.530583969412003,Low,0,False,NO_ALERT
T101351,CUST9473,2023-11-29 01:11:00,2023-11-01,69.15,1,Fraudulent,69.15,Grocery,PayPal,Mobile,Mumbai,0,96,49.09,723,1,2,11,29,0,0.6928859278729262,0,55.4308742298341,High,1,True,HIGH
T101352,CUST2701,2023-05-10 11:41:00,2023-05-01,46.19,0,Legitimate,0.0,Health,NetBanking,POS,Delhi,0,120,18.35,1331,11,2,5,10,0,0.2024274743616859,0,16.19419794893487,Low,0,False,NO_ALERT
T101353,CUST7531,2024-02-13 14:43:00,2024-02-01,103.35,0,Legitimate,0.0,Electronics,NetBanking,Desktop,Hyderabad,0,181,82.24,286,14,1,2,13,0,0.17513791387099328,0,14.011033109679463,Low,0,False,NO_ALERT
T101354,CUST2041,2024-02-05 16:08:00,2024-02-01,53.35,0,Legitimate,0.0,Entertainment,UPI,Mobile,Hyderabad,0,12,160.08,1357,16,0,2,5,0,0.2469789347645994,0,19.758314781167954,Low,0,False,NO_ALERT
T101355,CUST8611,2023-06-13 10:46:00,2023-06-01,165.35,0,Legitimate,0.0,Travel,Credit Card,Desktop,Delhi,0,122,237.7,72,10,1,6,13,0,0.2627920687028629,0,21.023365496229033,Low,0,False,NO_ALERT
T101356,CUST5588,2023-07-14 03:09:00,2023-07-01,184.77,0,Legitimate,0.0,Health,PayPal,Mobile,Delhi,0,35,42.05,899,3,4,7,14,0,0.5391436583185774,1,63.13149266548619,High,1,True,HIGH
T101357,CUST1953,2023-09-09 01:04:00,2023-09-01,43.82,0,Legitimate,0.0,Entertainment,Credit Card,Mobile,Bengaluru,0,67,254.5,945,1,5,9,9,1,0.6073687133997725,0,48.5894970719818,Medium,0,False,NO_ALERT
T101358,CUST5258,2023-05-07 06:59:00,2023-05-01,25.93,0,Legitimate,0.0,Travel,PayPal,POS,Chennai,0,38,131.55,1583,6,6,5,7,1,0.23056696826480136,0,18.44535746118411,Low,0,False,NO_ALERT
T101359,CUST3348,2023-11-03 00:46:00,2023-11-01,71.79,0,Legitimate,0.0,Utilities,Debit Card,Desktop,Bengaluru,0,24,144.44,1763,0,4,11,3,0,0.6755957914069545,0,54.04766331255636,High,1,True,HIGH
T101360,CUST6341,2023-06-27 05:27:00,2023-06-01,194.76,1,Fraudulent,194.76,Health,UPI,Desktop,Chennai,0,81,412.73,1742,5,1,6,27,0,0.7101371133793282,0,56.81096907034626,High,1,True,HIGH
T101361,CUST9533,2023-08-26 22:43:00,2023-08-01,18.92,0,Legitimate,0.0,Utilities,Debit Card,POS,Hyderabad,0,168,493.59,617,22,5,8,26,1,0.2175782019934644,0,17.406256159477152,Low,0,False,NO_ALERT
T101362,CUST4499,2023-06-23 11:05:00,2023-06-01,78.03,0,Legitimate,0.0,Fashion,NetBanking,POS,Chennai,0,193,237.29,942,11,4,6,23,0,0.21323015576427162,0,17.05841246114173,Low,0,False,NO_ALERT
T101363,CUST9239,2023-03-18 00:17:00,2023-03-01,79.88,0,Legitimate,0.0,Grocery,UPI,Desktop,Bengaluru,0,185,167.67,1746,0,5,3,18,1,0.550267841880492,0,44.02142735043937,Medium,0,False,NO_ALERT
T101364,CUST6006,2023-03-27 18:04:00,2023-03-01,105.67,0,Legitimate,0.0,Food,NetBanking,Mobile,Delhi,0,72,466.41,1203,18,0,3,27,0,0.17448950241064087,0,13.95916019285127,Low,0,False,NO_ALERT
T101365,CUST6696,2023-06-14 09:52:00,2023-06-01,11.29,0,Legitimate,0.0,Grocery,Debit Card,Mobile,Chennai,0,79,255.22,623,9,2,6,14,0,0.22632582028765633,0,18.10606562301251,Low,0,False,NO_ALERT
T101366,CUST2042,2023-02-28 18:57:00,2023-02-01,100.65,0,Legitimate,0.0,Electronics,PayPal,Desktop,Bengaluru,0,114,367.87,1063,18,1,2,28,0,0.2268156785812992,0,18.14525428650394,Low,0,False,NO_ALERT
T101367,CUST6746,2023-12-14 21:12:00,2023-12-01,191.78,0,Legitimate,0.0,Utilities,NetBanking,Mobile,Hyderabad,0,45,212.73,821,21,3,12,14,0,0.18385780007096486,0,14.708624005677189,Low,0,False,NO_ALERT
T101368,CUST8541,2023-06-01 08:18:00,2023-06-01,15.85,0,Legitimate,0.0,Entertainment,Credit Card,POS,Pune,0,125,109.25,241,8,3,6,1,0,0.23966420951880707,0,19.173136761504566,Low,0,False,NO_ALERT
T101369,CUST3635,2023-11-13 21:18:00,2023-11-01,21.7,0,Legitimate,0.0,Food,PayPal,POS,Chennai,0,96,330.89,1705,21,0,11,13,0,0.27694834357343895,0,22.155867485875117,Low,0,False,NO_ALERT
T101370,CUST4775,2024-01-02 22:05:00,2024-01-01,284.33,0,Legitimate,0.0,Travel,PayPal,POS,Hyderabad,1,13,335.77,1313,22,1,1,2,0,0.5259382585541984,1,62.075060684335874,High,1,True,HIGH
T101371,CUST3378,2023-12-05 07:48:00,2023-12-01,15.97,0,Legitimate,0.0,Utilities,Debit Card,Desktop,Hyderabad,0,110,235.49,1991,7,1,12,5,0,0.2188047898489186,0,17.504383187913486,Low,0,False,NO_ALERT
T101372,CUST8430,2023-03-19 02:50:00,2023-03-01,154.14,0,Legitimate,0.0,Fashion,Debit Card,Desktop,Mumbai,0,6,142.28,1435,2,6,3,19,1,0.5955073878865157,0,47.64059103092126,Medium,0,False,NO_ALERT
T101373,CUST7261,2023-01-12 11:57:00,2023-01-01,54.23,0,Legitimate,0.0,Fashion,UPI,Desktop,Pune,0,97,417.59,1442,11,3,1,12,0,0.22605662787795291,0,18.084530230236236,Low,0,False,NO_ALERT
T101374,CUST4538,2023-09-26 02:23:00,2023-09-01,22.72,0,Legitimate,0.0,Utilities,UPI,Mobile,Chennai,0,71,144.91,951,2,1,9,26,0,0.6309276291201263,0,50.47421032961011,High,1,True,HIGH
T101375,CUST5394,2023-02-04 10:47:00,2023-02-01,163.68,0,Legitimate,0.0,Utilities,Credit Card,Desktop,Bengaluru,0,47,332.92,1793,10,5,2,4,1,0.22881979800944635,0,18.30558384075571,Low,0,False,NO_ALERT
T101376,CUST4830,2023-09-20 11:48:00,2023-09-01,47.15,0,Legitimate,0.0,Utilities,PayPal,Desktop,Chennai,0,93,198.15,365,11,2,9,20,0,0.23763874706252341,0,19.011099765001873,Low,0,False,NO_ALERT
T101377,CUST6820,2023-12-05 23:10:00,2023-12-01,57.86,0,Legitimate,0.0,Travel,Credit Card,POS,Chennai,0,101,241.52,1058,23,1,12,5,0,0.2876310647953593,0,23.010485183628745,Low,0,False,NO_ALERT
T101378,CUST3034,2023-07-30 22:07:00,2023-07-01,35.61,0,Legitimate,0.0,Electronics,Credit Card,Mobile,Pune,1,44,113.59,951,22,6,7,30,1,0.5203004912396602,1,61.624039299172814,High,1,True,HIGH
T101379,CUST5386,2023-07-09 22:47:00,2023-07-01,71.91,0,Legitimate,0.0,Travel,Debit Card,Mobile,Kolkata,0,32,328.25,112,22,6,7,9,1,0.2181345357715468,0,17.450762861723742,Low,0,False,NO_ALERT
T101380,CUST1550,2023-04-27 11:59:00,2023-04-01,14.28,0,Legitimate,0.0,Health,Credit Card,POS,Hyderabad,0,3,120.65,1059,11,3,4,27,0,0.2187225340443024,0,17.497802723544194,Low,0,False,NO_ALERT
T101381,CUST2015,2023-02-20 18:53:00,2023-02-01,39.69,0,Legitimate,0.0,Entertainment,Credit Card,Mobile,Hyderabad,0,182,248.0,181,18,0,2,20,0,0.25749185888345405,0,20.599348710676324,Low,0,False,NO_ALERT
T101382,CUST2941,2023-03-28 19:10:00,2023-03-01,278.97,0,Legitimate,0.0,Utilities,NetBanking,Desktop,Hyderabad,0,84,170.95,1788,19,1,3,28,0,0.20484138874599858,0,16.387311099679888,Low,0,False,NO_ALERT
T101383,CUST8404,2023-12-12 23:56:00,2023-12-01,23.89,0,Legitimate,0.0,Entertainment,UPI,Mobile,Hyderabad,0,166,482.17,1234,23,1,12,12,0,0.2269840334766293,0,18.158722678130342,Low,0,False,NO_ALERT
T101384,CUST2514,2023-11-26 09:33:00,2023-11-01,85.54,0,Legitimate,0.0,Electronics,UPI,POS,Pune,0,4,491.29,1828,9,6,11,26,1,0.250239127988824,0,20.01913023910592,Low,0,False,NO_ALERT
T101385,CUST3802,2023-11-30 05:58:00,2023-11-01,31.47,0,Legitimate,0.0,Food,PayPal,Mobile,Bengaluru,0,145,379.21,1831,5,3,11,30,0,0.5812172468079021,0,46.49737974463217,Medium,0,False,NO_ALERT
T101386,CUST4225,2023-03-11 20:44:00,2023-03-01,118.79,0,Legitimate,0.0,Travel,UPI,POS,Delhi,0,165,492.12,1220,20,5,3,11,1,0.24560038923348487,0,19.64803113867879,Low,0,False,NO_ALERT
T101387,CUST8219,2023-05-28 18:40:00,2023-05-01,11.22,0,Legitimate,0.0,Electronics,PayPal,Desktop,Mumbai,0,88,65.64,1523,18,6,5,28,1,0.21535497105343956,0,17.228397684275166,Low,0,False,NO_ALERT
T101388,CUST5995,2023-04-06 07:29:00,2023-04-01,280.05,0,Legitimate,0.0,Entertainment,NetBanking,Desktop,Kolkata,0,106,496.24,107,7,3,4,6,0,0.21873947187427242,0,17.499157749941794,Low,0,False,NO_ALERT
T101389,CUST9321,2024-01-06 03:47:00,2024-01-01,48.38,0,Legitimate,0.0,Food,UPI,POS,Kolkata,0,105,60.74,441,3,5,1,6,1,0.5912186689940487,1,67.2974935195239,High,1,True,HIGH
T101390,CUST3301,2023-06-09 07:06:00,2023-06-01,21.54,0,Legitimate,0.0,Travel,NetBanking,Desktop,Hyderabad,0,36,213.57,1607,7,4,6,9,0,0.19557457964345962,0,15.645966371476769,Low,0,False,NO_ALERT
T101391,CUST4822,2023-11-21 11:34:00,2023-11-01,6.11,0,Legitimate,0.0,Fashion,UPI,Desktop,Hyderabad,0,58,127.08,1627,11,1,11,21,0,0.21085244608556125,0,16.8681956868449,Low,0,False,NO_ALERT
T101392,CUST2082,2023-11-30 14:49:00,2023-11-01,14.88,0,Legitimate,0.0,Travel,UPI,Mobile,Mumbai,0,169,477.38,410,14,3,11,30,0,0.25888423195778754,0,20.710738556623003,Low,0,False,NO_ALERT
T101393,CUST8265,2023-09-28 04:46:00,2023-09-01,58.68,1,Fraudulent,58.68,Grocery,NetBanking,Desktop,Hyderabad,0,8,321.54,977,4,3,9,28,0,0.7178490655477217,0,57.42792524381773,High,1,True,HIGH
T101394,CUST8114,2023-08-03 07:07:00,2023-08-01,32.88,0,Legitimate,0.0,Travel,Credit Card,POS,Delhi,1,195,302.59,819,7,3,8,3,0,0.6215426389549887,0,49.7234111163991,Medium,0,False,NO_ALERT
T101395,CUST5637,2023-07-13 13:46:00,2023-07-01,141.23,0,Legitimate,0.0,Grocery,Credit Card,Desktop,Kolkata,0,158,498.74,342,13,3,7,13,0,0.30041687358368796,0,24.03334988669504,Low,0,False,NO_ALERT
T101396,CUST1452,2023-07-06 14:00:00,2023-07-01,45.09,0,Legitimate,0.0,Food,Credit Card,Mobile,Chennai,0,86,310.09,893,14,3,7,6,0,0.26989089516044923,0,21.59127161283594,Low,0,False,NO_ALERT
T101397,CUST1618,2024-01-07 14:40:00,2024-01-01,22.88,0,Legitimate,0.0,Travel,Credit Card,POS,Mumbai,0,180,326.62,424,14,6,1,7,1,0.30618056500700747,0,24.494445200560598,Low,0,False,NO_ALERT
T101398,CUST9502,2023-05-02 16:03:00,2023-05-01,76.81,0,Legitimate,0.0,Food,UPI,Desktop,Kolkata,0,97,31.94,1963,16,1,5,2,0,0.27343120559487144,0,21.874496447589717,Low,0,False,NO_ALERT
T101399,CUST6196,2023-12-17 12:53:00,2023-12-01,98.15,0,Legitimate,0.0,Food,Debit Card,Desktop,Bengaluru,0,153,430.93,572,12,6,12,17,1,0.28941742019287536,0,23.15339361543003,Low,0,False,NO_ALERT
T101400,CUST1696,2023-12-12 23:00:00,2023-12-01,14.62,0,Legitimate,0.0,Entertainment,NetBanking,Desktop,Kolkata,0,180,485.34,33,23,1,12,12,0,0.1922381632797192,0,15.379053062377537,Low,0,False,NO_ALERT
T101401,CUST1222,2023-12-16 22:34:00,2023-12-01,14.68,0,Legitimate,0.0,Electronics,Debit Card,POS,Mumbai,0,59,480.55,138,22,5,12,16,1,0.2510563911127479,0,20.084511289019833,Low,0,False,NO_ALERT
T101402,CUST7247,2024-01-23 07:25:00,2024-01-01,2.99,0,Legitimate,0.0,Food,Debit Card,Mobile,Delhi,1,30,118.34,947,7,1,1,23,0,0.5140929687624739,0,41.127437500997914,Medium,0,False,NO_ALERT
T101403,CUST5528,2023-08-24 21:20:00,2023-08-01,106.67,0,Legitimate,0.0,Food,PayPal,POS,Pune,0,101,120.7,915,21,3,8,24,0,0.18443052527608475,0,14.754442022086781,Low,0,False,NO_ALERT
T101404,CUST9880,2023-02-19 13:03:00,2023-02-01,87.21,0,Legitimate,0.0,Entertainment,Credit Card,POS,Bengaluru,0,67,189.36,122,13,6,2,19,1,0.2756764368399509,0,22.054114947196073,Low,0,False,NO_ALERT
T101405,CUST4245,2023-10-24 15:18:00,2023-10-01,51.49,0,Legitimate,0.0,Entertainment,UPI,Mobile,Chennai,0,132,162.0,1152,15,1,10,24,0,0.24223489070081286,0,19.37879125606503,Low,0,False,NO_ALERT
T101406,CUST4937,2023-09-28 02:12:00,2023-09-01,148.72,0,Legitimate,0.0,Travel,Credit Card,POS,Hyderabad,0,93,159.75,221,2,3,9,28,0,0.5984288995710579,0,47.87431196568464,Medium,0,False,NO_ALERT
T101407,CUST7452,2024-02-15 22:14:00,2024-02-01,131.06,0,Legitimate,0.0,Entertainment,Credit Card,POS,Mumbai,0,185,306.56,362,22,3,2,15,0,0.27135879537566326,0,21.708703630053062,Low,0,False,NO_ALERT
T101408,CUST2047,2024-01-09 16:23:00,2024-01-01,70.43,0,Legitimate,0.0,Travel,Debit Card,Desktop,Bengaluru,0,63,404.75,1265,16,1,1,9,0,0.2547168955459726,0,20.37735164367781,Low,0,False,NO_ALERT
T101409,CUST5166,2023-08-23 04:02:00,2023-08-01,162.16,1,Fraudulent,162.16,Fashion,PayPal,POS,Mumbai,0,32,469.02,1648,4,2,8,23,0,0.7056679732214599,0,56.45343785771679,High,1,True,HIGH
T101410,CUST8715,2023-01-31 23:28:00,2023-01-01,18.44,0,Legitimate,0.0,Entertainment,Credit Card,Desktop,Chennai,0,87,43.25,1260,23,1,1,31,0,0.2319565092984524,0,18.55652074387619,Low,0,False,NO_ALERT
T101411,CUST6016,2023-06-08 22:46:00,2023-06-01,9.5,0,Legitimate,0.0,Electronics,NetBanking,POS,Mumbai,0,51,146.21,656,22,3,6,8,0,0.19579662111118984,0,15.663729688895188,Low,0,False,NO_ALERT
T101412,CUST3753,2023-04-16 02:19:00,2023-04-01,25.15,0,Legitimate,0.0,Food,NetBanking,Desktop,Kolkata,0,63,134.96,1015,2,6,4,16,1,0.5602034814880682,0,44.816278519045454,Medium,0,False,NO_ALERT
T101413,CUST8675,2024-01-13 20:49:00,2024-01-01,4.7,0,Legitimate,0.0,Electronics,Credit Card,Desktop,Kolkata,0,80,185.15,1817,20,5,1,13,1,0.22067094010969815,0,17.65367520877585,Low,0,False,NO_ALERT
T101414,CUST3089,2023-11-18 15:40:00,2023-11-01,60.6,0,Legitimate,0.0,Grocery,Debit Card,Desktop,Bengaluru,0,87,217.92,602,15,5,11,18,1,0.2452479349827891,0,19.61983479862313,Low,0,False,NO_ALERT
T101415,CUST8709,2023-07-25 14:34:00,2023-07-01,220.67,0,Legitimate,0.0,Utilities,Debit Card,Mobile,Delhi,0,110,200.69,385,14,1,7,25,0,0.19530672086782086,0,15.62453766942567,Low,0,False,NO_ALERT
T101416,CUST5895,2024-02-04 21:45:00,2024-02-01,3.21,0,Legitimate,0.0,Entertainment,UPI,POS,Pune,0,101,476.55,1955,21,6,2,4,1,0.23018522074969155,0,18.414817659975323,Low,0,False,NO_ALERT
T101417,CUST3146,2023-11-13 07:38:00,2023-11-01,10.42,1,Fraudulent,10.42,Food,PayPal,POS,Bengaluru,1,129,224.19,1306,7,0,11,13,0,0.7738896313034033,0,61.91117050427226,High,1,True,HIGH
T101418,CUST6112,2023-01-03 13:44:00,2023-01-01,48.15,0,Legitimate,0.0,Electronics,Debit Card,POS,Mumbai,0,19,280.28,620,13,1,1,3,0,0.2447969847747161,0,19.583758781977288,Low,0,False,NO_ALERT
T101419,CUST6117,2024-01-10 08:01:00,2024-01-01,217.3,0,Legitimate,0.0,Entertainment,UPI,Mobile,Chennai,0,101,376.83,225,8,2,1,10,0,0.24714639349912226,0,19.77171147992978,Low,0,False,NO_ALERT
T101420,CUST8690,2023-12-01 09:34:00,2023-12-01,30.4,1,Fraudulent,30.4,Entertainment,NetBanking,Desktop,Kolkata,1,163,365.29,291,9,4,12,1,0,0.7807572576288291,0,62.46058061030633,High,1,True,HIGH
T101421,CUST2285,2023-08-26 22:45:00,2023-08-01,56.62,0,Legitimate,0.0,Utilities,NetBanking,POS,Hyderabad,0,191,295.65,351,22,5,8,26,1,0.19572500425874653,0,15.658000340699724,Low,0,False,NO_ALERT
T101422,CUST5279,2023-03-09 12:47:00,2023-03-01,3.4,0,Legitimate,0.0,Fashion,NetBanking,Mobile,Hyderabad,1,94,431.81,449,12,3,3,9,0,0.5785091411276386,0,46.280731290211094,Medium,0,False,NO_ALERT
T101423,CUST7219,2023-12-19 10:50:00,2023-12-01,12.85,0,Legitimate,0.0,Fashion,Credit Card,Mobile,Chennai,0,81,315.85,1551,10,1,12,19,0,0.23364331408494718,0,18.691465126795773,Low,0,False,NO_ALERT
T101424,CUST5609,2023-09-15 02:58:00,2023-09-01,345.18,0,Legitimate,0.0,Food,PayPal,POS,Mumbai,0,103,438.63,1964,2,4,9,15,0,0.588355246951204,0,47.06841975609632,Medium,0,False,NO_ALERT
T101425,CUST4353,2023-10-27 19:17:00,2023-10-01,268.46,0,Legitimate,0.0,Grocery,UPI,Desktop,Pune,0,113,158.36,361,19,4,10,27,0,0.21609552524148498,0,17.2876420193188,Low,0,False,NO_ALERT
T101426,CUST6558,2023-11-30 12:32:00,2023-11-01,0.4,0,Legitimate,0.0,Fashion,PayPal,Mobile,Chennai,0,154,74.69,1349,12,3,11,30,0,0.19095252009338273,0,15.27620160747062,Low,0,False,NO_ALERT
T101427,CUST9826,2023-01-18 08:03:00,2023-01-01,242.61,0,Legitimate,0.0,Utilities,Credit Card,POS,Mumbai,0,13,411.57,1289,8,2,1,18,0,0.2811211796444989,0,22.489694371559914,Low,0,False,NO_ALERT
T101428,CUST5227,2023-04-18 22:00:00,2023-04-01,81.54,0,Legitimate,0.0,Fashion,UPI,Desktop,Bengaluru,0,118,197.43,710,22,1,4,18,0,0.24807436095026814,0,19.845948876021453,Low,0,False,NO_ALERT
T101429,CUST3002,2023-06-06 19:51:00,2023-06-01,161.95,0,Legitimate,0.0,Grocery,UPI,Mobile,Pune,0,86,329.03,36,19,1,6,6,0,0.21191333224881206,0,16.953066579904966,Low,0,False,NO_ALERT
T101430,CUST5835,2023-03-18 10:52:00,2023-03-01,48.52,0,Legitimate,0.0,Electronics,Debit Card,Mobile,Delhi,0,23,371.28,563,10,5,3,18,1,0.24237479237915363,0,19.38998339033229,Low,0,False,NO_ALERT
T101431,CUST7330,2024-02-15 21:36:00,2024-02-01,57.99,0,Legitimate,0.0,Fashion,PayPal,POS,Mumbai,0,107,170.09,101,21,3,2,15,0,0.24375865407943095,0,19.50069232635448,Low,0,False,NO_ALERT
T101432,CUST2069,2023-02-20 11:51:00,2023-02-01,53.69,0,Legitimate,0.0,Utilities,PayPal,POS,Hyderabad,0,163,257.53,1553,11,0,2,20,0,0.21990483037364758,0,17.592386429891807,Low,0,False,NO_ALERT
T101433,CUST5047,2023-02-04 16:21:00,2023-02-01,87.94,0,Legitimate,0.0,Travel,Debit Card,Desktop,Hyderabad,0,12,448.51,647,16,5,2,4,1,0.24211557524679556,0,19.369246019743645,Low,0,False,NO_ALERT
T101434,CUST7937,2023-08-30 12:36:00,2023-08-01,12.03,0,Legitimate,0.0,Utilities,NetBanking,POS,Kolkata,1,137,441.1,168,12,2,8,30,0,0.5988523256615959,0,47.908186052927675,Medium,0,False,NO_ALERT
T101435,CUST6243,2023-02-14 15:54:00,2023-02-01,2.43,0,Legitimate,0.0,Health,Credit Card,POS,Pune,0,78,377.18,1439,15,1,2,14,0,0.22669791839490838,0,18.135833471592672,Low,0,False,NO_ALERT
T101436,CUST1084,2023-09-19 16:35:00,2023-09-01,29.45,0,Legitimate,0.0,Health,PayPal,Desktop,Delhi,0,67,383.74,571,16,1,9,19,0,0.2149624741253408,0,17.196997930027266,Low,0,False,NO_ALERT
T101437,CUST8676,2023-06-30 08:32:00,2023-06-01,97.58,0,Legitimate,0.0,Fashion,Debit Card,POS,Mumbai,0,108,449.87,353,8,4,6,30,0,0.23385726314375005,0,18.708581051500005,Low,0,False,NO_ALERT
T101438,CUST6313,2023-10-20 12:50:00,2023-10-01,18.04,0,Legitimate,0.0,Electronics,UPI,Desktop,Delhi,0,44,370.8,978,12,4,10,20,0,0.1929716014452077,0,15.437728115616617,Low,0,False,NO_ALERT
T101439,CUST3139,2023-11-05 21:06:00,2023-11-01,89.53,0,Legitimate,0.0,Entertainment,Debit Card,Desktop,Kolkata,0,189,176.4,630,21,6,11,5,1,0.25003766735244065,0,20.003013388195253,Low,0,False,NO_ALERT
T101440,CUST3313,2023-06-29 21:45:00,2023-06-01,280.29,0,Legitimate,0.0,Electronics,NetBanking,Desktop,Bengaluru,0,149,69.18,1970,21,3,6,29,0,0.2107497634342778,1,36.85998107474222,Medium,0,False,NO_ALERT
T101441,CUST8026,2023-05-13 09:38:00,2023-05-01,7.89,0,Legitimate,0.0,Utilities,Credit Card,POS,Delhi,0,7,216.72,1718,9,5,5,13,1,0.20959816539763676,0,16.767853231810943,Low,0,False,NO_ALERT
T101442,CUST2698,2023-07-01 15:30:00,2023-07-01,89.33,0,Legitimate,0.0,Food,NetBanking,Desktop,Bengaluru,0,128,52.8,102,15,5,7,1,1,0.20673570289863097,1,36.53885623189048,Medium,0,False,NO_ALERT
T101443,CUST1583,2023-08-26 16:35:00,2023-08-01,46.92,0,Legitimate,0.0,Travel,UPI,POS,Hyderabad,1,97,66.73,869,16,5,8,26,1,0.5646440250844533,0,45.17152200675627,Medium,0,False,NO_ALERT
T101444,CUST8846,2023-07-01 11:01:00,2023-07-01,162.08,0,Legitimate,0.0,Electronics,UPI,Desktop,Bengaluru,0,11,475.58,1442,11,5,7,1,1,0.295574951362804,0,23.64599610902432,Low,0,False,NO_ALERT
T101445,CUST2746,2023-10-18 03:38:00,2023-10-01,15.6,0,Legitimate,0.0,Grocery,UPI,POS,Mumbai,0,173,341.18,1291,3,2,10,18,0,0.6162039052634024,0,49.296312421072194,Medium,0,False,NO_ALERT
T101446,CUST3094,2023-03-25 09:38:00,2023-03-01,94.38,0,Legitimate,0.0,Utilities,UPI,Desktop,Pune,0,160,427.29,1017,9,5,3,25,1,0.23927410847269553,0,19.141928677815642,Low,0,False,NO_ALERT
T101447,CUST8201,2023-10-15 14:20:00,2023-10-01,145.67,0,Legitimate,0.0,Travel,Debit Card,Mobile,Pune,0,106,325.02,1375,14,6,10,15,1,0.2251540972846927,0,18.01232778277542,Low,0,False,NO_ALERT
T101448,CUST3167,2023-12-19 14:02:00,2023-12-01,231.47,0,Legitimate,0.0,Health,UPI,Mobile,Mumbai,1,83,215.08,1394,14,1,12,19,0,0.5518953617389577,0,44.15162893911662,Medium,0,False,NO_ALERT
T101449,CUST7073,2024-01-18 19:23:00,2024-01-01,91.97,0,Legitimate,0.0,Utilities,UPI,Mobile,Mumbai,0,36,22.33,1816,19,3,1,18,0,0.31739976480305787,1,45.39198118424463,Medium,0,False,NO_ALERT
T101450,CUST1842,2023-08-17 08:58:00,2023-08-01,55.0,0,Legitimate,0.0,Travel,Debit Card,Desktop,Mumbai,0,118,478.36,1358,8,3,8,17,0,0.2615011835571934,0,20.92009468457547,Low,0,False,NO_ALERT
T101451,CUST7387,2023-03-01 16:33:00,2023-03-01,76.95,0,Legitimate,0.0,Grocery,UPI,POS,Chennai,0,165,44.76,1061,16,2,3,1,0,0.22524348389236273,0,18.01947871138902,Low,0,False,NO_ALERT
T101452,CUST9993,2024-01-01 22:36:00,2024-01-01,162.55,0,Legitimate,0.0,Fashion,NetBanking,Desktop,Kolkata,0,41,308.98,1260,22,0,1,1,0,0.21351910238422536,0,17.08152819073803,Low,0,False,NO_ALERT
T101453,CUST5945,2023-02-03 10:11:00,2023-02-01,67.63,0,Legitimate,0.0,Grocery,NetBanking,Desktop,Bengaluru,0,92,60.08,440,10,4,2,3,0,0.21814066091634274,0,17.45125287330742,Low,0,False,NO_ALERT
T101454,CUST3629,2023-04-05 03:01:00,2023-04-01,2.47,0,Legitimate,0.0,Grocery,PayPal,Desktop,Mumbai,0,49,149.23,287,3,2,4,5,0,0.5561799655609319,0,44.494397244874555,Medium,0,False,NO_ALERT
T101455,CUST2760,2023-01-26 08:11:00,2023-01-01,213.83,0,Legitimate,0.0,Fashion,NetBanking,Desktop,Pune,0,143,101.05,1849,8,3,1,26,0,0.16905809811783704,0,13.524647849426964,Low,0,False,NO_ALERT
T101456,CUST9904,2023-02-15 09:47:00,2023-02-01,93.57,0,Legitimate,0.0,Fashion,Credit Card,POS,Delhi,0,141,281.32,680,9,2,2,15,0,0.2651451636696688,0,21.211613093573504,Low,0,False,NO_ALERT
T101457,CUST9738,2024-02-16 15:39:00,2024-02-01,90.29,0,Legitimate,0.0,Fashion,Credit Card,Desktop,Delhi,0,53,444.67,1099,15,4,2,16,0,0.22915124173605275,0,18.33209933888422,Low,0,False,NO_ALERT
T101458,CUST9666,2023-04-07 06:19:00,2023-04-01,19.43,0,Legitimate,0.0,Fashion,Credit Card,Mobile,Chennai,0,107,321.45,155,6,4,4,7,0,0.2712719288160569,0,21.701754305284553,Low,0,False,NO_ALERT
T101459,CUST5382,2023-05-06 09:13:00,2023-05-01,86.04,0,Legitimate,0.0,Fashion,Debit Card,Mobile,Bengaluru,0,33,335.45,1074,9,5,5,6,1,0.2338220678700145,0,18.70576542960116,Low,0,False,NO_ALERT
T101460,CUST6455,2023-04-20 05:27:00,2023-04-01,40.05,0,Legitimate,0.0,Grocery,NetBanking,Mobile,Bengaluru,0,119,455.38,1223,5,3,4,20,0,0.6109337150919927,0,48.87469720735942,Medium,0,False,NO_ALERT
T101461,CUST9447,2023-02-24 14:49:00,2023-02-01,84.27,0,Legitimate,0.0,Food,Credit Card,Desktop,Kolkata,0,32,377.22,573,14,4,2,24,0,0.21096267118061923,0,16.87701369444954,Low,0,False,NO_ALERT
T101462,CUST4541,2023-12-22 03:47:00,2023-12-01,9.02,1,Fraudulent,9.02,Food,PayPal,POS,Bengaluru,0,118,434.32,1469,3,4,12,22,0,0.6710595654050909,0,53.68476523240728,High,1,True,HIGH
T101463,CUST4214,2023-05-28 18:13:00,2023-05-01,85.8,0,Legitimate,0.0,Utilities,Debit Card,POS,Pune,0,176,214.03,484,18,6,5,28,1,0.23057695271146397,0,18.446156216917117,Low,0,False,NO_ALERT
T101464,CUST9285,2023-11-27 12:54:00,2023-11-01,595.34,0,Legitimate,0.0,Electronics,PayPal,POS,Pune,0,196,434.02,691,12,0,11,27,0,0.2723080169553139,1,41.78464135642511,Medium,0,False,NO_ALERT
T101465,CUST7494,2023-09-16 01:10:00,2023-09-01,3.95,0,Legitimate,0.0,Food,NetBanking,Desktop,Kolkata,0,185,326.47,1259,1,5,9,16,1,0.44762409503065564,0,35.809927602452454,Medium,0,False,NO_ALERT
T101466,CUST9086,2023-07-23 19:56:00,2023-07-01,302.39,0,Legitimate,0.0,Health,UPI,POS,Chennai,0,62,76.45,1386,19,6,7,23,1,0.3368771329261868,1,46.950170634094945,Medium,0,False,NO_ALERT
T101467,CUST6661,2023-09-23 06:57:00,2023-09-01,41.79,0,Legitimate,0.0,Food,PayPal,Mobile,Bengaluru,0,82,28.97,1074,6,5,9,23,1,0.232744622286307,0,18.61956978290456,Low,0,False,NO_ALERT
T101468,CUST2729,2023-06-11 18:08:00,2023-06-01,163.68,0,Legitimate,0.0,Grocery,UPI,POS,Bengaluru,0,130,129.58,947,18,6,6,11,1,0.20926909271894897,0,16.74152741751592,Low,0,False,NO_ALERT
T101469,CUST8913,2023-12-03 07:49:00,2023-12-01,122.0,0,Legitimate,0.0,Fashion,Debit Card,Desktop,Mumbai,0,77,195.39,1855,7,6,12,3,1,0.25272091088828147,0,20.21767287106252,Low,0,False,NO_ALERT
T101470,CUST3482,2023-08-26 05:35:00,2023-08-01,66.96,0,Legitimate,0.0,Utilities,PayPal,Desktop,Bengaluru,0,16,420.41,1703,5,5,8,26,1,0.6922092086935523,0,55.37673669548418,High,1,True,HIGH
T101471,CUST8669,2023-09-24 16:30:00,2023-09-01,107.29,0,Legitimate,0.0,Fashion,PayPal,POS,Pune,0,123,373.21,1118,16,6,9,24,1,0.20259437664484892,0,16.207550131587915,Low,0,False,NO_ALERT
T101472,CUST1450,2023-01-29 04:40:00,2023-01-01,168.64,0,Legitimate,0.0,Entertainment,Debit Card,Desktop,Mumbai,0,8,478.13,1630,4,6,1,29,1,0.6402908525591525,1,71.2232682047322,High,1,True,HIGH
T101473,CUST4617,2023-07-11 11:57:00,2023-07-01,41.42,0,Legitimate,0.0,Entertainment,Debit Card,POS,Mumbai,0,147,284.0,117,11,1,7,11,0,0.25102877686331554,0,20.082302149065242,Low,0,False,NO_ALERT
T101474,CUST7594,2023-11-09 23:42:00,2023-11-01,31.68,0,Legitimate,0.0,Entertainment,Credit Card,POS,Bengaluru,0,160,376.39,1888,23,3,11,9,0,0.3022472525199582,0,24.179780201596657,Low,0,False,NO_ALERT
T101475,CUST7324,2023-11-13 07:52:00,2023-11-01,88.11,0,Legitimate,0.0,Grocery,NetBanking,Mobile,Delhi,0,67,144.89,1532,7,0,11,13,0,0.20415163931909894,0,16.332131145527917,Low,0,False,NO_ALERT
T101476,CUST2402,2023-12-06 19:33:00,2023-12-01,131.96,0,Legitimate,0.0,Health,PayPal,Desktop,Hyderabad,0,115,342.99,1096,19,2,12,6,0,0.2435326790985508,0,19.482614327884065,Low,0,False,NO_ALERT
T101477,CUST7201,2023-10-05 11:44:00,2023-10-01,114.93,0,Legitimate,0.0,Food,PayPal,Mobile,Pune,1,113,356.01,1936,11,3,10,5,0,0.6343406182080813,0,50.74724945664651,High,1,True,HIGH
T101478,CUST7149,2024-02-14 02:53:00,2024-02-01,127.89,0,Legitimate,0.0,Grocery,Debit Card,Desktop,Delhi,0,32,425.72,1990,2,2,2,14,0,0.6019662811299545,0,48.15730249039637,Medium,0,False,NO_ALERT
T101479,CUST1446,2023-11-07 14:27:00,2023-11-01,45.76,0,Legitimate,0.0,Electronics,Debit Card,POS,Bengaluru,0,105,272.84,1194,14,1,11,7,0,0.21454797549973342,0,17.163838039978675,Low,0,False,NO_ALERT
T101480,CUST9537,2023-04-10 02:10:00,2023-04-01,136.23,1,Fraudulent,136.23,Utilities,NetBanking,Desktop,Bengaluru,0,25,328.01,1427,2,0,4,10,0,0.7632925627508916,0,61.063405020071336,High,1,True,HIGH
T101481,CUST1501,2023-04-16 00:09:00,2023-04-01,10.25,0,Legitimate,0.0,Fashion,Debit Card,POS,Delhi,0,53,109.49,545,0,6,4,16,1,0.5692928896485426,0,45.54343117188341,Medium,0,False,NO_ALERT
T101482,CUST6917,2024-01-06 16:04:00,2024-01-01,62.91,0,Legitimate,0.0,Entertainment,UPI,Desktop,Bengaluru,0,81,371.01,529,16,5,1,6,1,0.24947917177737108,0,19.958333742189687,Low,0,False,NO_ALERT
T101483,CUST7466,2023-03-14 11:47:00,2023-03-01,0.46,0,Legitimate,0.0,Travel,UPI,Mobile,Pune,0,25,420.82,1332,11,1,3,14,0,0.2215064159745312,0,17.720513277962496,Low,0,False,NO_ALERT
T101484,CUST9671,2023-10-02 10:17:00,2023-10-01,31.39,0,Legitimate,0.0,Electronics,UPI,Mobile,Kolkata,0,33,300.93,355,10,0,10,2,0,0.21787545485186188,0,17.430036388148952,Low,0,False,NO_ALERT
T101485,CUST7997,2023-01-03 18:17:00,2023-01-01,36.51,0,Legitimate,0.0,Entertainment,UPI,POS,Mumbai,1,31,66.68,1471,18,1,1,3,0,0.5469152763371554,0,43.75322210697244,Medium,0,False,NO_ALERT
T101486,CUST8736,2023-01-03 05:22:00,2023-01-01,40.36,0,Legitimate,0.0,Health,NetBanking,Mobile,Chennai,0,36,163.3,582,5,1,1,3,0,0.6418885655015903,0,51.351085240127226,High,1,True,HIGH
T101487,CUST5149,2024-02-08 21:50:00,2024-02-01,95.12,0,Legitimate,0.0,Electronics,PayPal,POS,Bengaluru,0,87,243.0,1967,21,3,2,8,0,0.2411067145288721,0,19.28853716230977,Low,0,False,NO_ALERT
T101488,CUST5582,2023-05-04 14:29:00,2023-05-01,39.35,0,Legitimate,0.0,Grocery,UPI,POS,Bengaluru,0,123,341.81,917,14,3,5,4,0,0.2501173622539995,0,20.00938898031996,Low,0,False,NO_ALERT
T101489,CUST7972,2023-11-07 13:03:00,2023-11-01,47.64,1,Fraudulent,47.64,Food,Debit Card,POS,Delhi,1,177,166.96,1025,13,1,11,7,0,0.7275287404573473,0,58.202299236587784,High,1,True,HIGH
T101490,CUST9771,2023-10-28 18:24:00,2023-10-01,21.7,0,Legitimate,0.0,Fashion,UPI,Desktop,Mumbai,0,44,421.74,1655,18,5,10,28,1,0.2364274143823047,0,18.914193150584378,Low,0,False,NO_ALERT
T101491,CUST9436,2024-01-29 06:09:00,2024-01-01,37.38,0,Legitimate,0.0,Utilities,NetBanking,POS,Delhi,0,48,192.18,1022,6,0,1,29,0,0.19886837413868322,0,15.909469931094657,Low,0,False,NO_ALERT
T101492,CUST5204,2024-02-17 05:09:00,2024-02-01,20.63,1,Fraudulent,20.63,Health,Debit Card,Mobile,Kolkata,0,158,30.99,1821,5,5,2,17,1,0.6872945470182205,0,54.983563761457646,High,1,True,HIGH
T101493,CUST3001,2023-06-09 02:14:00,2023-06-01,6.08,0,Legitimate,0.0,Health,UPI,Desktop,Pune,0,13,399.06,958,2,4,6,9,0,0.580338527828265,0,46.427082226261206,Medium,0,False,NO_ALERT
T101494,CUST6799,2023-09-24 01:30:00,2023-09-01,74.0,0,Legitimate,0.0,Travel,PayPal,Mobile,Delhi,0,171,325.67,950,1,6,9,24,1,0.5760988396792258,0,46.08790717433807,Medium,0,False,NO_ALERT
T101495,CUST9221,2023-01-04 01:17:00,2023-01-01,88.26,0,Legitimate,0.0,Electronics,Debit Card,POS,Bengaluru,0,144,402.96,337,1,2,1,4,0,0.6256946754130693,0,50.05557403304555,High,1,True,HIGH
T101496,CUST2804,2023-06-05 02:29:00,2023-06-01,77.3,0,Legitimate,0.0,Travel,Debit Card,POS,Mumbai,0,91,180.96,686,2,0,6,5,0,0.6613465195075672,0,52.90772156060538,High,1,True,HIGH
T101497,CUST4707,2023-03-22 23:35:00,2023-03-01,49.81,0,Legitimate,0.0,Food,PayPal,Mobile,Pune,0,154,18.64,1360,23,2,3,22,0,0.2071663642928931,0,16.573309143431448,Low,0,False,NO_ALERT
T101498,CUST8743,2023-11-17 04:51:00,2023-11-01,38.22,1,Fraudulent,38.22,Entertainment,Debit Card,Desktop,Bengaluru,0,175,46.14,1952,4,4,11,17,0,0.6950878031504831,0,55.607024252038656,High,1,True,HIGH
T101499,CUST2273,2023-09-06 21:36:00,2023-09-01,159.22,0,Legitimate,0.0,Food,UPI,Mobile,Pune,0,165,64.78,1876,21,2,9,6,0,0.1821392221066517,1,34.57113776853214,Medium,0,False,NO_ALERT
T101500,CUST7122,2023-11-13 08:59:00,2023-11-01,58.56,0,Legitimate,0.0,Entertainment,Debit Card,POS,Bengaluru,1,131,404.52,499,8,0,11,13,0,0.6927526516174344,1,75.42021212939474,Critical,1,True,CRITICAL
T101501,CUST7613,2023-02-06 03:10:00,2023-02-01,52.19,1,Fraudulent,52.19,Travel,UPI,Desktop,Bengaluru,1,154,157.7,1237,3,0,2,6,0,0.8709534665594183,0,69.67627732475346,High,1,True,HIGH
T101502,CUST5481,2024-02-05 12:48:00,2024-02-01,2.08,0,Legitimate,0.0,Fashion,PayPal,POS,Bengaluru,0,143,498.97,1684,12,0,2,5,0,0.2957352141246757,0,23.658817129974054,Low,0,False,NO_ALERT
T101503,CUST1002,2023-09-16 13:11:00,2023-09-01,33.39,0,Legitimate,0.0,Food,Credit Card,POS,Chennai,1,66,381.61,654,13,5,9,16,1,0.6416531342564733,1,71.33225074051786,High,1,True,HIGH
T101504,CUST8890,2023-01-09 07:12:00,2023-01-01,38.27,0,Legitimate,0.0,Travel,PayPal,Mobile,Hyderabad,0,28,304.57,320,7,0,1,9,0,0.25166979918083926,0,20.13358393446714,Low,0,False,NO_ALERT
T101505,CUST4152,2023-07-16 08:46:00,2023-07-01,40.71,0,Legitimate,0.0,Electronics,UPI,POS,Mumbai,0,125,491.97,278,8,6,7,16,1,0.2708808874939442,0,21.670470999515537,Low,0,False,NO_ALERT
T101506,CUST9221,2023-05-06 00:10:00,2023-05-01,69.43,1,Fraudulent,69.43,Travel,NetBanking,Mobile,Kolkata,0,166,164.99,353,0,5,5,6,1,0.6605671261116836,0,52.845370088934686,High,1,True,HIGH
T101507,CUST4439,2023-01-24 09:48:00,2023-01-01,61.02,0,Legitimate,0.0,Travel,PayPal,Desktop,Chennai,0,172,91.15,1496,9,1,1,24,0,0.22243072937590036,0,17.79445835007203,Low,0,False,NO_ALERT
T101508,CUST9324,2023-10-24 07:19:00,2023-10-01,74.9,0,Legitimate,0.0,Grocery,NetBanking,POS,Hyderabad,0,181,371.26,633,7,1,10,24,0,0.20813918520335314,0,16.65113481626825,Low,0,False,NO_ALERT
T101509,CUST6058,2023-11-15 06:03:00,2023-11-01,115.81,0,Legitimate,0.0,Food,NetBanking,POS,Pune,0,80,146.26,88,6,2,11,15,0,0.21817737041642513,0,17.454189633314012,Low,0,False,NO_ALERT
T101510,CUST9369,2023-09-05 01:04:00,2023-09-01,134.13,0,Legitimate,0.0,Utilities,UPI,Desktop,Hyderabad,0,132,480.91,1050,1,1,9,5,0,0.658346360220023,0,52.66770881760184,High,1,True,HIGH
T101511,CUST9767,2023-10-01 03:24:00,2023-10-01,101.3,0,Legitimate,0.0,Fashion,UPI,Mobile,Hyderabad,0,72,494.15,298,3,6,10,1,1,0.5742365973125795,0,45.93892778500636,Medium,0,False,NO_ALERT
T101512,CUST1165,2023-05-13 13:50:00,2023-05-01,249.02,0,Legitimate,0.0,Fashion,Credit Card,POS,Chennai,0,44,463.94,1371,13,5,5,13,1,0.2672786840846508,0,21.382294726772063,Low,0,False,NO_ALERT
T101513,CUST4567,2023-10-31 18:31:00,2023-10-01,1.47,0,Legitimate,0.0,Grocery,Debit Card,Desktop,Mumbai,0,119,472.93,123,18,1,10,31,0,0.19067023159170948,0,15.253618527336759,Low,0,False,NO_ALERT
T101514,CUST9977,2023-07-21 10:29:00,2023-07-01,17.43,0,Legitimate,0.0,Entertainment,PayPal,POS,Delhi,0,46,311.67,1307,10,4,7,21,0,0.2107744716148265,0,16.86195772918612,Low,0,False,NO_ALERT
T101515,CUST7709,2023-10-18 06:08:00,2023-10-01,0.61,0,Legitimate,0.0,Health,UPI,Mobile,Hyderabad,1,84,349.14,716,6,2,10,18,0,0.48850940055306646,0,39.080752044245315,Medium,0,False,NO_ALERT
T101516,CUST7500,2023-07-29 00:23:00,2023-07-01,83.41,0,Legitimate,0.0,Entertainment,PayPal,Mobile,Delhi,0,26,56.18,1513,0,5,7,29,1,0.5399549602811216,1,63.19639682248973,High,1,True,HIGH
T101517,CUST8294,2024-02-11 20:32:00,2024-02-01,182.65,1,Fraudulent,182.65,Fashion,NetBanking,Mobile,Delhi,1,96,383.89,544,20,6,2,11,1,0.7330613053289754,1,78.64490442631804,Critical,1,True,CRITICAL
T101518,CUST5630,2024-01-20 15:30:00,2024-01-01,22.32,0,Legitimate,0.0,Travel,Debit Card,Mobile,Bengaluru,0,13,109.01,562,15,5,1,20,1,0.250117746527547,0,20.00941972220376,Low,0,False,NO_ALERT
T101519,CUST7693,2023-03-14 10:17:00,2023-03-01,209.42,0,Legitimate,0.0,Grocery,Credit Card,Desktop,Delhi,0,125,421.76,1157,10,1,3,14,0,0.2583107365442341,0,20.66485892353873,Low,0,False,NO_ALERT
T101520,CUST5381,2023-07-27 21:15:00,2023-07-01,4.97,0,Legitimate,0.0,Electronics,PayPal,POS,Pune,0,69,481.15,1886,21,3,7,27,0,0.19675326700726561,0,15.74026136058125,Low,0,False,NO_ALERT
T101521,CUST3988,2023-12-02 11:51:00,2023-12-01,217.98,0,Legitimate,0.0,Food,Debit Card,Desktop,Pune,0,172,114.07,431,11,5,12,2,1,0.21345438811275258,0,17.076351049020207,Low,0,False,NO_ALERT
T101522,CUST6371,2023-08-01 00:12:00,2023-08-01,34.66,0,Legitimate,0.0,Food,Credit Card,Mobile,Bengaluru,0,181,48.24,1834,0,1,8,1,0,0.6213169208074487,0,49.7053536645959,Medium,0,False,NO_ALERT
T101523,CUST6621,2023-09-17 13:48:00,2023-09-01,8.56,0,Legitimate,0.0,Utilities,PayPal,Mobile,Mumbai,0,51,247.11,996,13,6,9,17,1,0.23664604180359092,0,18.931683344287276,Low,0,False,NO_ALERT
T101524,CUST5334,2023-09-07 17:51:00,2023-09-01,53.22,0,Legitimate,0.0,Food,Debit Card,Mobile,Kolkata,0,13,397.86,1386,17,3,9,7,0,0.25011198740183255,0,20.008958992146603,Low,0,False,NO_ALERT
T101525,CUST4806,2023-08-25 21:59:00,2023-08-01,23.74,0,Legitimate,0.0,Travel,UPI,Mobile,Mumbai,0,169,387.61,750,21,4,8,25,0,0.2249241388806455,0,17.99393111045164,Low,0,False,NO_ALERT
T101526,CUST4603,2023-04-07 17:33:00,2023-04-01,26.82,0,Legitimate,0.0,Electronics,PayPal,POS,Pune,0,139,351.44,906,17,4,4,7,0,0.20121375791601256,0,16.097100633281006,Low,0,False,NO_ALERT
T101527,CUST5663,2023-11-30 17:39:00,2023-11-01,29.37,0,Legitimate,0.0,Grocery,Debit Card,Mobile,Kolkata,0,165,412.14,637,17,3,11,30,0,0.26745272711782486,0,21.396218169425993,Low,0,False,NO_ALERT
T101528,CUST8427,2023-03-09 13:50:00,2023-03-01,129.97,0,Legitimate,0.0,Grocery,Credit Card,POS,Bengaluru,0,60,95.74,122,13,3,3,9,0,0.24737715250590894,0,19.790172200472718,Low,0,False,NO_ALERT
T101529,CUST1413,2023-07-06 01:52:00,2023-07-01,61.98,0,Legitimate,0.0,Food,Debit Card,Mobile,Mumbai,0,32,329.45,1610,1,3,7,6,0,0.6741119815309423,0,53.92895852247539,High,1,True,HIGH
T101530,CUST7499,2023-09-12 21:43:00,2023-09-01,29.84,0,Legitimate,0.0,Electronics,UPI,POS,Kolkata,0,173,306.78,603,21,1,9,12,0,0.2192620007398488,0,17.540960059187906,Low,0,False,NO_ALERT
T101531,CUST7046,2023-02-26 03:49:00,2023-02-01,75.4,1,Fraudulent,75.4,Electronics,PayPal,POS,Kolkata,0,18,85.18,1595,3,6,2,26,1,0.7101645040578823,1,76.81316032463059,Critical,1,True,CRITICAL
T101532,CUST8530,2023-03-05 01:57:00,2023-03-01,100.74,0,Legitimate,0.0,Electronics,PayPal,Mobile,Hyderabad,0,93,213.07,1000,1,6,3,5,1,0.5850312768446744,0,46.80250214757395,Medium,0,False,NO_ALERT
T101533,CUST5200,2023-08-26 06:18:00,2023-08-01,25.46,1,Fraudulent,25.46,Fashion,PayPal,Desktop,Mumbai,1,148,427.74,1835,6,5,8,26,1,0.7662519901069083,0,61.30015920855266,High,1,True,HIGH
T101534,CUST1806,2023-10-02 03:58:00,2023-10-01,42.69,1,Fraudulent,42.69,Fashion,UPI,Desktop,Bengaluru,0,44,486.18,466,3,0,10,2,0,0.7066044096033695,0,56.528352768269556,High,1,True,HIGH
T101535,CUST1103,2023-07-29 13:36:00,2023-07-01,10.4,0,Legitimate,0.0,Food,Credit Card,Desktop,Kolkata,0,164,336.06,1063,13,5,7,29,1,0.2391682987902243,0,19.133463903217944,Low,0,False,NO_ALERT
T101536,CUST2065,2023-02-11 05:02:00,2023-02-01,15.99,0,Legitimate,0.0,Electronics,PayPal,Desktop,Pune,0,197,461.75,485,5,5,2,11,1,0.5317437876349626,0,42.539503010797006,Medium,0,False,NO_ALERT
T101537,CUST4425,2023-12-20 12:53:00,2023-12-01,91.43,0,Legitimate,0.0,Health,Credit Card,Desktop,Hyderabad,0,37,74.7,444,12,2,12,20,0,0.17807746824536685,0,14.24619745962935,Low,0,False,NO_ALERT
T101538,CUST9027,2023-09-09 13:04:00,2023-09-01,16.02,1,Fraudulent,16.02,Electronics,Debit Card,Mobile,Delhi,1,161,487.78,1571,13,5,9,9,1,0.7310308231687098,0,58.48246585349679,High,1,True,HIGH
T101539,CUST4728,2023-04-23 16:11:00,2023-04-01,59.58,0,Legitimate,0.0,Grocery,Credit Card,Mobile,Delhi,1,127,26.42,1428,16,6,4,23,1,0.5003310761019478,1,60.02648608815583,High,1,True,HIGH
T101540,CUST6349,2023-10-21 19:09:00,2023-10-01,98.77,0,Legitimate,0.0,Grocery,Credit Card,Mobile,Delhi,0,19,268.36,1584,19,5,10,21,1,0.26109675585162445,0,20.88774046812996,Low,0,False,NO_ALERT
T101541,CUST5990,2023-05-01 18:36:00,2023-05-01,9.04,0,Legitimate,0.0,Food,PayPal,Mobile,Pune,0,179,152.59,1577,18,0,5,1,0,0.2267639435452984,0,18.141115483623874,Low,0,False,NO_ALERT
T101542,CUST3327,2023-04-25 18:01:00,2023-04-01,67.02,0,Legitimate,0.0,Health,NetBanking,Mobile,Kolkata,1,32,408.82,1426,18,1,4,25,0,0.5554157058610948,1,64.43325646888758,High,1,True,HIGH
T101543,CUST9652,2023-08-20 18:05:00,2023-08-01,23.72,0,Legitimate,0.0,Electronics,NetBanking,Mobile,Bengaluru,0,106,116.6,733,18,6,8,20,1,0.2151321990841262,0,17.210575926730098,Low,0,False,NO_ALERT
T101544,CUST1791,2023-03-08 17:53:00,2023-03-01,263.59,0,Legitimate,0.0,Entertainment,UPI,POS,Delhi,0,22,15.65,1668,17,2,3,8,0,0.3632199103606311,1,49.05759282885049,Medium,0,False,NO_ALERT
T101545,CUST7748,2024-01-31 23:37:00,2024-01-01,52.86,0,Legitimate,0.0,Health,UPI,POS,Mumbai,0,122,213.16,911,23,2,1,31,0,0.25520617622622127,0,20.4164940980977,Low,0,False,NO_ALERT
T101546,CUST7851,2023-12-03 00:33:00,2023-12-01,131.19,0,Legitimate,0.0,Utilities,NetBanking,Mobile,Delhi,0,129,41.41,791,0,6,12,3,1,0.5326544269628367,0,42.61235415702694,Medium,0,False,NO_ALERT
T101547,CUST9981,2023-06-22 14:10:00,2023-06-01,63.92,0,Legitimate,0.0,Food,Debit Card,Mobile,Kolkata,0,54,152.15,1809,14,3,6,22,0,0.23334302583544886,0,18.66744206683591,Low,0,False,NO_ALERT
T101548,CUST5622,2023-03-15 04:23:00,2023-03-01,3.55,0,Legitimate,0.0,Grocery,PayPal,POS,Chennai,0,148,325.44,1903,4,2,3,15,0,0.5420210719979643,0,43.36168575983715,Medium,0,False,NO_ALERT
T101549,CUST7318,2023-07-16 20:45:00,2023-07-01,80.22,0,Legitimate,0.0,Entertainment,PayPal,POS,Pune,0,58,154.4,1492,20,6,7,16,1,0.23583063549775093,0,18.866450839820075,Low,0,False,NO_ALERT
T101550,CUST7382,2023-11-08 13:44:00,2023-11-01,241.94,0,Legitimate,0.0,Grocery,Debit Card,Mobile,Chennai,0,163,130.44,1248,13,2,11,8,0,0.2176284410314026,0,17.41027528251221,Low,0,False,NO_ALERT
T101551,CUST7436,2023-08-19 07:42:00,2023-08-01,73.63,0,Legitimate,0.0,Fashion,Debit Card,POS,Delhi,0,70,86.19,294,7,5,8,19,1,0.19944095499904468,0,15.955276399923575,Low,0,False,NO_ALERT
T101552,CUST9716,2023-10-02 19:44:00,2023-10-01,136.82,0,Legitimate,0.0,Food,NetBanking,Desktop,Kolkata,0,198,76.23,536,19,0,10,2,0,0.20502400964255382,1,36.401920771404306,Medium,0,False,NO_ALERT
T101553,CUST8026,2023-07-24 09:35:00,2023-07-01,172.48,0,Legitimate,0.0,Food,UPI,Desktop,Delhi,0,189,267.67,675,9,0,7,24,0,0.2451363734282308,0,19.610909874258468,Low,0,False,NO_ALERT
T101554,CUST1423,2023-05-26 07:13:00,2023-05-01,20.71,0,Legitimate,0.0,Electronics,Debit Card,Desktop,Chennai,0,63,343.94,926,7,4,5,26,0,0.1943515626602405,0,15.548125012819241,Low,0,False,NO_ALERT
T101555,CUST2743,2024-01-06 00:32:00,2024-01-01,19.07,0,Legitimate,0.0,Electronics,UPI,POS,Kolkata,1,189,231.84,1479,0,5,1,6,1,0.7248576042220563,0,57.988608337764504,High,1,True,HIGH
T101556,CUST6787,2023-05-14 22:14:00,2023-05-01,75.53,0,Legitimate,0.0,Fashion,Credit Card,Mobile,Pune,0,185,70.57,890,22,6,5,14,1,0.20456573782694285,0,16.365259026155428,Low,0,False,NO_ALERT
T101557,CUST3239,2023-12-23 20:09:00,2023-12-01,42.35,0,Legitimate,0.0,Entertainment,PayPal,Mobile,Pune,0,3,327.4,718,20,5,12,23,1,0.2141098023600086,0,17.12878418880069,Low,0,False,NO_ALERT
T101558,CUST5288,2023-02-08 14:32:00,2023-02-01,146.54,0,Legitimate,0.0,Utilities,NetBanking,Mobile,Delhi,0,99,282.99,896,14,2,2,8,0,0.21184928279989368,0,16.947942623991494,Low,0,False,NO_ALERT
T101559,CUST4259,2023-10-13 23:42:00,2023-10-01,184.23,0,Legitimate,0.0,Travel,PayPal,POS,Pune,0,45,196.82,1152,23,4,10,13,0,0.233742222612784,0,18.699377809022717,Low,0,False,NO_ALERT
T101560,CUST4656,2024-02-12 18:38:00,2024-02-01,34.88,0,Legitimate,0.0,Health,NetBanking,POS,Hyderabad,0,143,171.72,1083,18,0,2,12,0,0.2065254243126083,0,16.522033945008666,Low,0,False,NO_ALERT
T101561,CUST7742,2023-07-31 17:11:00,2023-07-01,21.63,0,Legitimate,0.0,Travel,Credit Card,Desktop,Kolkata,0,17,99.74,1344,17,0,7,31,0,0.21256929771949173,0,17.00554381755934,Low,0,False,NO_ALERT
T101562,CUST2838,2023-06-03 11:08:00,2023-06-01,121.32,0,Legitimate,0.0,Travel,PayPal,POS,Kolkata,0,143,81.69,1628,11,5,6,3,1,0.19922944527388706,0,15.938355621910965,Low,0,False,NO_ALERT
T101563,CUST9893,2023-10-14 11:49:00,2023-10-01,25.71,0,Legitimate,0.0,Food,Credit Card,Desktop,Pune,0,5,176.0,516,11,5,10,14,1,0.2508314031793555,0,20.06651225434844,Low,0,False,NO_ALERT
T101564,CUST9655,2023-07-24 01:59:00,2023-07-01,138.35,0,Legitimate,0.0,Health,NetBanking,Desktop,Kolkata,0,174,30.4,1459,1,0,7,24,0,0.5881423587693839,1,67.0513887015507,High,1,True,HIGH
T101565,CUST6016,2023-06-18 08:58:00,2023-06-01,44.1,1,Fraudulent,44.1,Food,Debit Card,Mobile,Chennai,1,11,223.95,1992,8,6,6,18,1,0.7503110021980326,1,80.02488017584261,Critical,1,True,CRITICAL
T101566,CUST2259,2023-04-08 16:07:00,2023-04-01,88.1,0,Legitimate,0.0,Utilities,PayPal,POS,Bengaluru,0,192,304.77,57,16,5,4,8,1,0.23042660178714272,0,18.434128142971417,Low,0,False,NO_ALERT
T101567,CUST5080,2023-12-13 23:27:00,2023-12-01,8.03,0,Legitimate,0.0,Health,Credit Card,Mobile,Chennai,0,92,471.41,1199,23,2,12,13,0,0.24145129728017467,0,19.316103782413975,Low,0,False,NO_ALERT
T101568,CUST8523,2023-01-12 03:04:00,2023-01-01,78.22,0,Legitimate,0.0,Grocery,PayPal,Mobile,Mumbai,0,142,316.66,317,3,3,1,12,0,0.5997447996848008,0,47.97958397478406,Medium,0,False,NO_ALERT
T101569,CUST1949,2023-02-03 08:27:00,2023-02-01,48.08,0,Legitimate,0.0,Food,PayPal,POS,Hyderabad,0,39,315.8,610,8,4,2,3,0,0.20792789671620823,0,16.63423173729666,Low,0,False,NO_ALERT
T101570,CUST7242,2023-01-19 03:54:00,2023-01-01,70.67,1,Fraudulent,70.67,Food,PayPal,POS,Bengaluru,1,195,193.46,979,3,3,1,19,0,0.8427923381109121,0,67.42338704887298,High,1,True,HIGH
T101571,CUST1355,2023-09-17 04:40:00,2023-09-01,14.72,0,Legitimate,0.0,Food,UPI,Desktop,Delhi,0,183,75.33,281,4,6,9,17,1,0.5351689248572472,0,42.81351398857978,Medium,0,False,NO_ALERT
T101572,CUST3841,2024-01-01 20:51:00,2024-01-01,106.81,0,Legitimate,0.0,Entertainment,Credit Card,Desktop,Kolkata,0,42,229.0,1215,20,0,1,1,0,0.25915656981589374,0,20.732525585271503,Low,0,False,NO_ALERT
T101573,CUST4015,2023-01-13 16:59:00,2023-01-01,158.9,0,Legitimate,0.0,Fashion,Credit Card,Desktop,Mumbai,0,94,303.35,956,16,4,1,13,0,0.26033881808865017,0,20.827105447092016,Low,0,False,NO_ALERT
T101574,CUST5099,2024-02-14 21:07:00,2024-02-01,19.54,0,Legitimate,0.0,Food,PayPal,Desktop,Mumbai,0,5,364.78,139,21,2,2,14,0,0.23608750656789024,0,18.88700052543122,Low,0,False,NO_ALERT
T101575,CUST4554,2023-01-19 21:35:00,2023-01-01,8.05,0,Legitimate,0.0,Utilities,Debit Card,Mobile,Hyderabad,1,52,414.78,1918,21,3,1,19,0,0.521249083237667,0,41.699926659013364,Medium,0,False,NO_ALERT
T101576,CUST7279,2023-04-02 22:08:00,2023-04-01,1.91,0,Legitimate,0.0,Electronics,PayPal,Mobile,Bengaluru,0,150,135.4,673,22,6,4,2,1,0.21120325251524774,0,16.89626020121982,Low,0,False,NO_ALERT
T101577,CUST2584,2023-11-12 07:10:00,2023-11-01,82.17,0,Legitimate,0.0,Electronics,UPI,POS,Mumbai,0,44,128.2,427,7,6,11,12,1,0.17837781193306992,0,14.270224954645593,Low,0,False,NO_ALERT
T101578,CUST6948,2023-04-16 03:35:00,2023-04-01,74.73,1,Fraudulent,74.73,Health,NetBanking,Desktop,Bengaluru,0,115,287.0,1324,3,6,4,16,1,0.6652426303880684,0,53.219410431045475,High,1,True,HIGH
T101579,CUST2763,2023-10-24 06:46:00,2023-10-01,63.3,0,Legitimate,0.0,Grocery,UPI,Desktop,Bengaluru,0,187,287.35,1241,6,1,10,24,0,0.265262363387558,0,21.220989071004638,Low,0,False,NO_ALERT
T101580,CUST6264,2024-01-29 12:40:00,2024-01-01,21.11,0,Legitimate,0.0,Fashion,Debit Card,Desktop,Pune,0,153,116.79,1585,12,0,1,29,0,0.21452182866377242,0,17.161746293101796,Low,0,False,NO_ALERT
T101581,CUST7013,2023-05-28 10:24:00,2023-05-01,39.66,0,Legitimate,0.0,Entertainment,PayPal,Mobile,Mumbai,0,127,297.86,305,10,6,5,28,1,0.27523226887412516,0,22.018581509930016,Low,0,False,NO_ALERT
T101582,CUST8202,2023-04-28 21:26:00,2023-04-01,72.21,0,Legitimate,0.0,Health,Credit Card,POS,Bengaluru,0,116,179.48,718,21,4,4,28,0,0.2539727069323771,0,20.31781655459017,Low,0,False,NO_ALERT
T101583,CUST8222,2023-08-17 14:55:00,2023-08-01,54.94,0,Legitimate,0.0,Electronics,PayPal,Mobile,Hyderabad,0,149,323.26,1664,14,3,8,17,0,0.19857209393814443,0,15.885767515051555,Low,0,False,NO_ALERT
T101584,CUST4813,2023-02-03 07:54:00,2023-02-01,352.41,0,Legitimate,0.0,Fashion,Debit Card,POS,Mumbai,0,192,152.61,276,7,4,2,3,0,0.23831110981883305,0,19.064888785506646,Low,0,False,NO_ALERT
T101585,CUST6272,2023-08-21 12:08:00,2023-08-01,11.74,1,Fraudulent,11.74,Fashion,Credit Card,POS,Hyderabad,1,68,300.22,1377,12,0,8,21,0,0.7198915304272839,0,57.591322434182715,High,1,True,HIGH
T101586,CUST1866,2023-11-08 10:20:00,2023-11-01,95.03,0,Legitimate,0.0,Grocery,UPI,Mobile,Hyderabad,0,47,386.47,1071,10,2,11,8,0,0.2199883758631997,0,17.599070069055976,Low,0,False,NO_ALERT
T101587,CUST1100,2023-04-08 11:22:00,2023-04-01,41.44,0,Legitimate,0.0,Utilities,NetBanking,Mobile,Bengaluru,0,127,490.28,437,11,5,4,8,1,0.24710514319288518,0,19.768411455430815,Low,0,False,NO_ALERT
T101588,CUST6290,2023-01-21 01:05:00,2023-01-01,44.72,0,Legitimate,0.0,Fashion,NetBanking,POS,Bengaluru,1,35,456.42,1464,1,5,1,21,1,0.6912767019915244,1,75.30213615932195,Critical,1,True,CRITICAL
T101589,CUST4809,2024-01-17 23:55:00,2024-01-01,101.15,0,Legitimate,0.0,Food,PayPal,Mobile,Pune,0,7,256.73,1854,23,2,1,17,0,0.29523270230741194,0,23.618616184592955,Low,0,False,NO_ALERT
T101590,CUST4145,2023-02-27 07:42:00,2023-02-01,94.33,0,Legitimate,0.0,Fashion,UPI,Mobile,Kolkata,0,184,249.29,154,7,0,2,27,0,0.2585631701524761,0,20.68505361219809,Low,0,False,NO_ALERT
T101591,CUST9297,2023-12-26 06:43:00,2023-12-01,379.15,0,Legitimate,0.0,Grocery,Debit Card,POS,Pune,0,116,224.47,1373,6,1,12,26,0,0.24714577967024629,0,19.771662373619705,Low,0,False,NO_ALERT
T101592,CUST3812,2023-03-11 21:23:00,2023-03-01,10.99,0,Legitimate,0.0,Health,NetBanking,POS,Mumbai,0,52,23.6,182,21,5,3,11,1,0.2686041261459238,0,21.48833009167391,Low,0,False,NO_ALERT
T101593,CUST6186,2023-02-28 19:28:00,2023-02-01,8.79,0,Legitimate,0.0,Grocery,UPI,Desktop,Pune,0,110,91.32,1634,19,1,2,28,0,0.20073393005240653,0,16.058714404192525,Low,0,False,NO_ALERT
T101594,CUST5452,2023-01-22 16:38:00,2023-01-01,103.09,0,Legitimate,0.0,Entertainment,PayPal,Mobile,Delhi,0,46,39.0,687,16,6,1,22,1,0.23118266503866094,1,38.49461320309288,Medium,0,False,NO_ALERT
T101595,CUST6675,2023-05-01 12:35:00,2023-05-01,69.09,0,Legitimate,0.0,Grocery,Credit Card,POS,Mumbai,0,137,351.21,1610,12,0,5,1,0,0.25765173411991765,0,20.61213872959341,Low,0,False,NO_ALERT
T101596,CUST1179,2023-07-12 23:43:00,2023-07-01,25.63,1,Fraudulent,25.63,Electronics,PayPal,Mobile,Hyderabad,1,186,212.48,1931,23,2,7,12,0,0.7160758169602872,0,57.286065356822974,High,1,True,HIGH
T101597,CUST5142,2023-09-08 19:38:00,2023-09-01,6.62,0,Legitimate,0.0,Food,PayPal,Mobile,Pune,0,23,41.25,49,19,4,9,8,0,0.23726824024575802,0,18.981459219660643,Low,0,False,NO_ALERT
T101598,CUST5834,2023-07-06 16:59:00,2023-07-01,7.16,0,Legitimate,0.0,Utilities,UPI,POS,Pune,0,131,348.38,1856,16,3,7,6,0,0.20003919392861763,0,16.00313551428941,Low,0,False,NO_ALERT
T101599,CUST7477,2023-07-19 15:13:00,2023-07-01,179.69,0,Legitimate,0.0,Electronics,NetBanking,Desktop,Kolkata,0,127,325.77,276,15,2,7,19,0,0.16999252239649795,0,13.599401791719837,Low,0,False,NO_ALERT
T101600,CUST9919,2023-12-18 21:54:00,2023-12-01,17.04,0,Legitimate,0.0,Health,UPI,POS,Pune,0,189,362.78,1443,21,0,12,18,0,0.22879827895761398,0,18.30386231660912,Low,0,False,NO_ALERT
T101601,CUST2744,2023-08-15 17:07:00,2023-08-01,31.25,1,Fraudulent,31.25,Travel,Credit Card,POS,Bengaluru,0,9,303.92,1400,17,1,8,15,0,0.36679747069513796,0,29.343797655611038,Medium,0,False,NO_ALERT
T101602,CUST4566,2023-12-01 17:25:00,2023-12-01,20.56,0,Legitimate,0.0,Health,UPI,Mobile,Hyderabad,0,53,89.15,1529,17,4,12,1,0,0.22238609441039026,0,17.79088755283122,Low,0,False,NO_ALERT
T101603,CUST7462,2024-01-08 22:57:00,2024-01-01,35.08,0,Legitimate,0.0,Food,Debit Card,Desktop,Pune,0,196,40.08,1256,22,0,1,8,0,0.22273908095156322,0,17.81912647612506,Low,0,False,NO_ALERT
T101604,CUST9427,2023-11-04 14:12:00,2023-11-01,5.76,0,Legitimate,0.0,Fashion,PayPal,POS,Chennai,0,177,410.4,1062,14,5,11,4,1,0.24312335647091537,0,19.44986851767323,Low,0,False,NO_ALERT
T101605,CUST6963,2023-02-27 14:15:00,2023-02-01,58.56,0,Legitimate,0.0,Grocery,NetBanking,Mobile,Chennai,0,198,115.75,1745,14,0,2,27,0,0.19706253787083342,0,15.765003029666673,Low,0,False,NO_ALERT
T101606,CUST6983,2023-05-05 02:10:00,2023-05-01,5.6,0,Legitimate,0.0,Travel,Credit Card,POS,Hyderabad,0,48,275.84,1721,2,4,5,5,0,0.5875546441183835,0,47.00437152947069,Medium,0,False,NO_ALERT
T101607,CUST3975,2024-02-11 09:48:00,2024-02-01,128.9,0,Legitimate,0.0,Food,PayPal,Mobile,Pune,0,123,247.76,560,9,6,2,11,1,0.21891912959008997,0,17.5135303672072,Low,0,False,NO_ALERT
T101608,CUST5596,2023-07-30 07:12:00,2023-07-01,21.3,0,Legitimate,0.0,Electronics,UPI,POS,Kolkata,0,82,461.32,132,7,6,7,30,1,0.23233344059007124,0,18.5866752472057,Low,0,False,NO_ALERT
T101609,CUST8417,2023-11-26 16:01:00,2023-11-01,62.12,1,Fraudulent,62.12,Grocery,Debit Card,Desktop,Delhi,1,109,280.7,1299,16,6,11,26,1,0.7597668584586676,0,60.78134867669342,High,1,True,HIGH
T101610,CUST7606,2023-02-21 18:43:00,2023-02-01,169.67,0,Legitimate,0.0,Health,UPI,POS,Kolkata,0,7,294.21,626,18,1,2,21,0,0.27689778119743286,0,22.15182249579463,Low,0,False,NO_ALERT
T101611,CUST4807,2023-12-03 16:45:00,2023-12-01,84.19,0,Legitimate,0.0,Electronics,PayPal,Mobile,Delhi,1,99,166.56,1372,16,6,12,3,1,0.5868129582693234,1,66.94503666154588,High,1,True,HIGH
T101612,CUST4019,2024-01-18 21:50:00,2024-01-01,60.91,0,Legitimate,0.0,Food,Credit Card,POS,Mumbai,1,31,479.76,380,21,3,1,18,0,0.5344487557705343,1,62.755900461642746,High,1,True,HIGH
T101613,CUST2860,2023-01-05 21:58:00,2023-01-01,31.36,0,Legitimate,0.0,Food,NetBanking,Desktop,Mumbai,1,102,310.06,263,21,3,1,5,0,0.6033774996139997,0,48.27019996911997,Medium,0,False,NO_ALERT
T101614,CUST7423,2023-07-12 23:25:00,2023-07-01,32.4,0,Legitimate,0.0,Health,PayPal,Desktop,Kolkata,0,56,12.44,1700,23,2,7,12,0,0.2609549627478804,1,40.876397019830435,Medium,0,False,NO_ALERT
T101615,CUST5723,2023-12-11 10:30:00,2023-12-01,88.57,1,Fraudulent,88.57,Travel,Credit Card,Desktop,Pune,1,99,282.48,66,10,0,12,11,0,0.764630950426099,1,81.17047603408793,Critical,1,True,CRITICAL
T101616,CUST7119,2023-12-11 04:39:00,2023-12-01,411.16,0,Legitimate,0.0,Health,PayPal,Desktop,Kolkata,0,189,188.29,1398,4,0,12,11,0,0.4904121993052856,1,59.232975944422854,High,1,True,HIGH
T101617,CUST6467,2023-01-27 06:44:00,2023-01-01,86.74,0,Legitimate,0.0,Fashion,Debit Card,Mobile,Mumbai,0,5,25.73,1657,6,4,1,27,0,0.3441487164605473,0,27.531897316843782,Medium,0,False,NO_ALERT
T101618,CUST6553,2023-01-15 10:55:00,2023-01-01,65.28,0,Legitimate,0.0,Electronics,UPI,POS,Bengaluru,0,30,221.46,321,10,6,1,15,1,0.22397421142722582,0,17.917936914178068,Low,0,False,NO_ALERT
T101619,CUST1649,2023-12-08 10:30:00,2023-12-01,104.94,0,Legitimate,0.0,Travel,NetBanking,Desktop,Delhi,1,22,389.05,46,10,4,12,8,0,0.5439547890694065,0,43.51638312555252,Medium,0,False,NO_ALERT
T101620,CUST3485,2023-09-15 20:59:00,2023-09-01,50.07,0,Legitimate,0.0,Grocery,Credit Card,POS,Hyderabad,0,145,256.86,119,20,4,9,15,0,0.2571186707987679,0,20.569493663901433,Low,0,False,NO_ALERT
T101621,CUST8600,2023-06-15 06:58:00,2023-06-01,4.96,0,Legitimate,0.0,Entertainment,NetBanking,Mobile,Kolkata,0,138,323.33,1401,6,3,6,15,0,0.22768377598672815,0,18.214702078938252,Low,0,False,NO_ALERT
T101622,CUST7253,2024-01-01 17:22:00,2024-01-01,66.1,0,Legitimate,0.0,Fashion,NetBanking,POS,Pune,0,199,323.47,706,17,0,1,1,0,0.23046532586733812,0,18.437226069387048,Low,0,False,NO_ALERT
T101623,CUST2885,2023-12-11 06:05:00,2023-12-01,252.9,0,Legitimate,0.0,Travel,NetBanking,POS,Pune,0,196,338.8,1006,6,0,12,11,0,0.18797648484755322,0,15.038118787804258,Low,0,False,NO_ALERT
T101624,CUST1463,2023-02-17 11:25:00,2023-02-01,15.42,0,Legitimate,0.0,Entertainment,Credit Card,Desktop,Chennai,0,170,199.92,1497,11,4,2,17,0,0.23206787866305448,0,18.565430293044358,Low,0,False,NO_ALERT
T101625,CUST1697,2023-02-01 19:57:00,2023-02-01,93.7,0,Legitimate,0.0,Entertainment,Credit Card,Desktop,Delhi,0,27,191.3,282,19,2,2,1,0,0.25660075517568676,1,40.52806041405494,Medium,0,False,NO_ALERT
T101626,CUST4118,2023-06-03 08:34:00,2023-06-01,17.94,0,Legitimate,0.0,Electronics,NetBanking,Mobile,Delhi,0,127,12.25,846,8,5,6,3,1,0.27365772303666774,0,21.89261784293342,Low,0,False,NO_ALERT
T101627,CUST1751,2023-10-03 14:05:00,2023-10-01,61.4,0,Legitimate,0.0,Food,UPI,POS,Delhi,0,135,85.57,1646,14,1,10,3,0,0.24146824009159332,0,19.317459207327467,Low,0,False,NO_ALERT
T101628,CUST7405,2023-08-26 00:55:00,2023-08-01,8.13,0,Legitimate,0.0,Grocery,PayPal,Mobile,Kolkata,0,23,475.9,213,0,5,8,26,1,0.5258978574606104,0,42.07182859684883,Medium,0,False,NO_ALERT
T101629,CUST3488,2023-10-03 07:34:00,2023-10-01,47.88,0,Legitimate,0.0,Health,NetBanking,Mobile,Mumbai,1,75,422.78,319,7,1,10,3,0,0.538474475794094,0,43.077958063527525,Medium,0,False,NO_ALERT
T101630,CUST9453,2023-09-07 07:54:00,2023-09-01,112.9,0,Legitimate,0.0,Electronics,Debit Card,Mobile,Bengaluru,0,117,144.8,790,7,3,9,7,0,0.19293778989386282,0,15.435023191509027,Low,0,False,NO_ALERT
T101631,CUST4065,2023-12-25 22:11:00,2023-12-01,34.16,0,Legitimate,0.0,Fashion,NetBanking,Desktop,Kolkata,0,136,206.58,1268,22,0,12,25,0,0.18060382441527015,0,14.448305953221613,Low,0,False,NO_ALERT
T101632,CUST3388,2023-07-25 05:48:00,2023-07-01,87.47,1,Fraudulent,87.47,Utilities,Credit Card,Desktop,Hyderabad,0,8,470.56,187,5,1,7,25,0,0.7735949491671893,0,61.887595933375145,High,1,True,HIGH
T101633,CUST7835,2024-02-05 13:13:00,2024-02-01,126.96,0,Legitimate,0.0,Entertainment,PayPal,POS,Mumbai,0,101,132.72,952,13,0,2,5,0,0.23312915717699892,0,18.650332574159915,Low,0,False,NO_ALERT
T101634,CUST8456,2023-05-20 22:58:00,2023-05-01,209.58,0,Legitimate,0.0,Fashion,Debit Card,POS,Kolkata,0,5,270.94,720,22,5,5,20,1,0.2645850693439218,0,21.166805547513746,Low,0,False,NO_ALERT
T101635,CUST5154,2023-07-23 22:47:00,2023-07-01,21.39,0,Legitimate,0.0,Entertainment,PayPal,POS,Bengaluru,0,199,20.82,422,22,6,7,23,1,0.2859039553949208,0,22.872316431593667,Low,0,False,NO_ALERT
T101636,CUST3957,2023-03-05 08:33:00,2023-03-01,40.77,0,Legitimate,0.0,Food,PayPal,Desktop,Delhi,0,86,313.67,1073,8,6,3,5,1,0.2438136584141551,0,19.50509267313241,Low,0,False,NO_ALERT
T101637,CUST5039,2023-01-08 02:29:00,2023-01-01,13.23,0,Legitimate,0.0,Utilities,Debit Card,Desktop,Bengaluru,0,130,465.74,1524,2,6,1,8,1,0.626735296636937,0,50.138823730954954,High,1,True,HIGH
T101638,CUST8937,2023-02-24 13:32:00,2023-02-01,391.25,0,Legitimate,0.0,Food,NetBanking,Mobile,Mumbai,0,179,443.52,460,13,4,2,24,0,0.22534758435678318,0,18.027806748542655,Low,0,False,NO_ALERT
T101639,CUST3421,2023-12-23 17:30:00,2023-12-01,209.38,0,Legitimate,0.0,Grocery,NetBanking,Desktop,Kolkata,0,194,255.96,1712,17,5,12,23,1,0.1825813928937814,0,14.606511431502511,Low,0,False,NO_ALERT
T101640,CUST3865,2024-01-04 09:00:00,2024-01-01,62.11,0,Legitimate,0.0,Health,NetBanking,Mobile,Delhi,0,12,328.32,1026,9,3,1,4,0,0.22026550117755192,0,17.621240094204154,Low,0,False,NO_ALERT
T101641,CUST5395,2023-09-09 00:20:00,2023-09-01,147.63,0,Legitimate,0.0,Grocery,UPI,Mobile,Kolkata,0,47,289.2,1034,0,5,9,9,1,0.597029977006746,0,47.76239816053968,Medium,0,False,NO_ALERT
T101642,CUST8900,2023-02-02 11:40:00,2023-02-01,58.88,0,Legitimate,0.0,Food,NetBanking,Desktop,Mumbai,0,183,42.82,1121,11,3,2,2,0,0.23064164830210454,0,18.451331864168363,Low,0,False,NO_ALERT
T101643,CUST5143,2023-08-11 01:34:00,2023-08-01,78.17,0,Legitimate,0.0,Food,Debit Card,Mobile,Hyderabad,1,26,87.77,1130,1,4,8,11,0,0.7295168250813897,1,78.36134600651118,Critical,1,True,CRITICAL
T101644,CUST6412,2023-03-12 05:48:00,2023-03-01,7.47,0,Legitimate,0.0,Fashion,UPI,Mobile,Delhi,0,102,482.27,131,5,6,3,12,1,0.5160308003894549,0,41.282464031156394,Medium,0,False,NO_ALERT
T101645,CUST5356,2023-09-25 00:46:00,2023-09-01,112.61,0,Legitimate,0.0,Food,NetBanking,POS,Bengaluru,0,120,135.42,681,0,0,9,25,0,0.5927475705018249,0,47.419805640145995,Medium,0,False,NO_ALERT
T101646,CUST7159,2023-05-07 09:39:00,2023-05-01,10.93,0,Legitimate,0.0,Utilities,UPI,Mobile,Mumbai,0,173,198.38,922,9,6,5,7,1,0.2583285996759711,0,20.66628797407769,Low,0,False,NO_ALERT
T101647,CUST9851,2023-01-18 20:27:00,2023-01-01,139.93,0,Legitimate,0.0,Utilities,Debit Card,Desktop,Chennai,0,190,259.38,614,20,2,1,18,0,0.23575086768125997,0,18.860069414500796,Low,0,False,NO_ALERT
T101648,CUST5113,2023-08-26 11:35:00,2023-08-01,121.87,0,Legitimate,0.0,Travel,NetBanking,Desktop,Bengaluru,0,70,489.77,236,11,5,8,26,1,0.2282711681179347,0,18.261693449434777,Low,0,False,NO_ALERT
T101649,CUST7543,2023-02-09 19:20:00,2023-02-01,98.68,0,Legitimate,0.0,Entertainment,Credit Card,Mobile,Bengaluru,0,2,348.1,242,19,3,2,9,0,0.255481736526158,0,20.438538922092643,Low,0,False,NO_ALERT
T101650,CUST7855,2023-07-28 23:06:00,2023-07-01,2.95,0,Legitimate,0.0,Electronics,Debit Card,POS,Delhi,0,26,318.5,108,23,4,7,28,0,0.189216702547762,0,15.13733620382096,Low,0,False,NO_ALERT
T101651,CUST4210,2023-12-29 16:55:00,2023-12-01,28.89,0,Legitimate,0.0,Food,PayPal,Desktop,Kolkata,0,14,266.96,1166,16,4,12,29,0,0.19560155205223037,0,15.64812416417843,Low,0,False,NO_ALERT
T101652,CUST4909,2023-09-18 02:24:00,2023-09-01,24.43,0,Legitimate,0.0,Grocery,PayPal,Desktop,Pune,0,82,353.33,1818,2,0,9,18,0,0.586307265677527,0,46.904581254202164,Medium,0,False,NO_ALERT
T101653,CUST1975,2023-03-19 20:17:00,2023-03-01,35.72,0,Legitimate,0.0,Health,Debit Card,POS,Bengaluru,0,102,335.37,162,20,6,3,19,1,0.24354690064729428,0,19.483752051783544,Low,0,False,NO_ALERT
T101654,CUST2978,2023-09-13 08:18:00,2023-09-01,7.34,0,Legitimate,0.0,Entertainment,PayPal,Mobile,Mumbai,0,185,452.39,1250,8,2,9,13,0,0.22709153714354716,0,18.167322971483774,Low,0,False,NO_ALERT
T101655,CUST7221,2023-06-29 12:11:00,2023-06-01,221.12,0,Legitimate,0.0,Entertainment,Debit Card,Desktop,Chennai,0,32,275.5,1078,12,3,6,29,0,0.24544860822008854,0,19.635888657607083,Low,0,False,NO_ALERT
T101656,CUST1156,2023-10-10 20:51:00,2023-10-01,64.56,0,Legitimate,0.0,Health,Credit Card,Mobile,Hyderabad,0,62,216.54,501,20,1,10,10,0,0.26113038975481206,0,20.890431180384965,Low,0,False,NO_ALERT
T101657,CUST2988,2023-02-14 10:02:00,2023-02-01,29.17,0,Legitimate,0.0,Health,Debit Card,Mobile,Chennai,0,115,405.51,1666,10,1,2,14,0,0.2249685292139353,0,17.997482337114825,Low,0,False,NO_ALERT
T101658,CUST3913,2023-07-31 21:34:00,2023-07-01,40.46,0,Legitimate,0.0,Entertainment,NetBanking,Mobile,Mumbai,0,30,401.89,1810,21,0,7,31,0,0.2348781766870212,0,18.790254134961696,Low,0,False,NO_ALERT
T101659,CUST1739,2023-02-18 14:20:00,2023-02-01,47.42,0,Legitimate,0.0,Travel,NetBanking,Mobile,Delhi,0,141,93.22,1596,14,5,2,18,1,0.17908356980492818,0,14.326685584394255,Low,0,False,NO_ALERT
T101660,CUST4161,2023-10-23 16:07:00,2023-10-01,73.42,0,Legitimate,0.0,Grocery,UPI,Desktop,Mumbai,1,168,126.03,1995,16,0,10,23,0,0.5430418052577132,0,43.44334442061705,Medium,0,False,NO_ALERT
T101661,CUST9434,2024-02-04 17:34:00,2024-02-01,58.0,0,Legitimate,0.0,Travel,PayPal,POS,Pune,0,31,479.73,319,17,6,2,4,1,0.23195120852795603,1,38.556096682236486,Medium,0,False,NO_ALERT
T101662,CUST3959,2023-05-06 01:55:00,2023-05-01,201.45,0,Legitimate,0.0,Food,PayPal,Desktop,Pune,0,37,227.61,1309,1,5,5,6,1,0.6452249977468845,1,71.61799981975076,High,1,True,HIGH
T101663,CUST1038,2023-07-30 18:31:00,2023-07-01,54.97,0,Legitimate,0.0,Electronics,Debit Card,POS,Pune,0,173,264.63,1990,18,6,7,30,1,0.21943039688990124,0,17.554431751192098,Low,0,False,NO_ALERT
T101664,CUST6953,2023-08-13 02:14:00,2023-08-01,387.86,0,Legitimate,0.0,Health,PayPal,Mobile,Bengaluru,0,102,161.98,1259,2,6,8,13,1,0.5953620066506713,1,67.6289605320537,High,1,True,HIGH
T101665,CUST2882,2024-01-17 12:24:00,2024-01-01,152.53,0,Legitimate,0.0,Utilities,NetBanking,POS,Delhi,0,128,245.72,1528,12,2,1,17,0,0.19635867622198672,0,15.708694097758936,Low,0,False,NO_ALERT
T101666,CUST2105,2023-11-23 17:18:00,2023-11-01,18.71,0,Legitimate,0.0,Grocery,Credit Card,Mobile,Kolkata,0,86,374.24,1036,17,3,11,23,0,0.22412722290045686,0,17.93017783203655,Low,0,False,NO_ALERT
T101667,CUST1422,2024-02-12 05:36:00,2024-02-01,213.42,0,Legitimate,0.0,Health,Debit Card,Desktop,Pune,0,59,246.35,1121,5,0,2,12,0,0.6529891169627113,0,52.23912935701691,High,1,True,HIGH
T101668,CUST6745,2023-05-09 03:26:00,2023-05-01,9.9,1,Fraudulent,9.9,Travel,PayPal,Desktop,Kolkata,0,28,164.24,1268,3,1,5,9,0,0.7165819290243985,0,57.32655432195188,High,1,True,HIGH
T101669,CUST6762,2023-02-18 07:15:00,2023-02-01,136.06,0,Legitimate,0.0,Fashion,NetBanking,POS,Hyderabad,0,122,57.04,663,7,5,2,18,1,0.20288050373082891,0,16.230440298466316,Low,0,False,NO_ALERT
T101670,CUST1283,2023-10-10 01:36:00,2023-10-01,38.32,0,Legitimate,0.0,Food,UPI,Mobile,Hyderabad,0,61,464.85,451,1,1,10,10,0,0.6427880001847788,0,51.42304001478231,High,1,True,HIGH
T101671,CUST5059,2023-07-03 07:17:00,2023-07-01,168.28,0,Legitimate,0.0,Electronics,PayPal,Mobile,Kolkata,0,147,437.11,587,7,0,7,3,0,0.22388058518176762,0,17.910446814541412,Low,0,False,NO_ALERT
T101672,CUST5432,2023-09-24 11:19:00,2023-09-01,162.03,0,Legitimate,0.0,Food,Credit Card,POS,Mumbai,0,171,397.77,610,11,6,9,24,1,0.31923560005209006,0,25.538848004167207,Medium,0,False,NO_ALERT
T101673,CUST2533,2023-01-14 18:43:00,2023-01-01,131.16,0,Legitimate,0.0,Fashion,Credit Card,Mobile,Pune,0,187,350.09,568,18,5,1,14,1,0.2749897917211117,0,21.999183337688937,Low,0,False,NO_ALERT
T101674,CUST1509,2023-12-31 15:36:00,2023-12-01,124.86,0,Legitimate,0.0,Electronics,PayPal,Mobile,Bengaluru,0,16,262.6,1736,15,6,12,31,1,0.26968026704235687,1,41.57442136338855,Medium,0,False,NO_ALERT
T101675,CUST3501,2024-01-16 19:40:00,2024-01-01,29.07,0,Legitimate,0.0,Fashion,PayPal,Mobile,Hyderabad,0,69,449.72,1810,19,1,1,16,0,0.2334826953153209,0,18.67861562522567,Low,0,False,NO_ALERT
T101676,CUST1497,2023-03-04 09:38:00,2023-03-01,6.75,0,Legitimate,0.0,Food,NetBanking,Desktop,Chennai,0,44,397.93,491,9,5,3,4,1,0.18556378454757622,0,14.845102763806096,Low,0,False,NO_ALERT
T101677,CUST8350,2023-07-13 19:26:00,2023-07-01,41.26,0,Legitimate,0.0,Travel,PayPal,Desktop,Delhi,0,113,409.85,1508,19,3,7,13,0,0.2304143481582646,0,18.43314785266117,Low,0,False,NO_ALERT
T101678,CUST8552,2023-04-15 05:53:00,2023-04-01,15.25,0,Legitimate,0.0,Entertainment,UPI,Desktop,Chennai,0,194,161.68,1035,5,5,4,15,1,0.5786654571899484,0,46.29323657519588,Medium,0,False,NO_ALERT
T101679,CUST6928,2023-02-17 07:58:00,2023-02-01,94.98,0,Legitimate,0.0,Food,NetBanking,Mobile,Kolkata,0,138,217.49,330,7,4,2,17,0,0.20215229467248005,0,16.172183573798403,Low,0,False,NO_ALERT
T101680,CUST9896,2024-02-11 09:28:00,2024-02-01,33.98,0,Legitimate,0.0,Food,Debit Card,Desktop,Hyderabad,0,175,356.33,1839,9,6,2,11,1,0.2249375692355208,0,17.995005538841664,Low,0,False,NO_ALERT
T101681,CUST7809,2023-10-06 21:52:00,2023-10-01,297.09,0,Legitimate,0.0,Food,UPI,Mobile,Hyderabad,0,19,191.82,1341,21,4,10,6,0,0.3357406391984273,0,26.859251135874185,Medium,0,False,NO_ALERT
T101682,CUST7388,2024-01-04 07:55:00,2024-01-01,81.95,0,Legitimate,0.0,Grocery,NetBanking,Mobile,Mumbai,0,84,252.05,1814,7,3,1,4,0,0.24950530854015773,0,19.960424683212622,Low,0,False,NO_ALERT
T101683,CUST8687,2024-02-08 18:28:00,2024-02-01,138.29,0,Legitimate,0.0,Fashion,NetBanking,POS,Mumbai,0,93,326.79,1055,18,3,2,8,0,0.22461715564709744,0,17.969372451767796,Low,0,False,NO_ALERT
T101684,CUST9708,2023-03-14 07:17:00,2023-03-01,11.37,0,Legitimate,0.0,Utilities,Credit Card,Mobile,Pune,0,179,224.5,1990,7,1,3,14,0,0.22106754107206222,0,17.685403285764977,Low,0,False,NO_ALERT
T101685,CUST9801,2023-04-21 22:25:00,2023-04-01,158.45,0,Legitimate,0.0,Fashion,NetBanking,Desktop,Kolkata,0,141,398.59,1073,22,4,4,21,0,0.1963204754634496,0,15.70563803707597,Low,0,False,NO_ALERT
T101686,CUST1788,2023-09-08 14:23:00,2023-09-01,204.86,0,Legitimate,0.0,Health,UPI,Desktop,Delhi,0,191,66.98,1530,14,4,9,8,0,0.18227190108707833,0,14.581752086966269,Low,0,False,NO_ALERT
T101687,CUST9605,2024-01-18 10:58:00,2024-01-01,53.41,0,Legitimate,0.0,Fashion,PayPal,Mobile,Pune,0,144,361.85,983,10,3,1,18,0,0.21175794271601395,0,16.940635417281115,Low,0,False,NO_ALERT
T101688,CUST8152,2023-02-28 10:11:00,2023-02-01,74.56,0,Legitimate,0.0,Health,UPI,Desktop,Mumbai,1,181,81.15,1544,10,1,2,28,0,0.5454423494916862,0,43.635387959334906,Medium,0,False,NO_ALERT
T101689,CUST9439,2023-04-27 11:44:00,2023-04-01,115.79,0,Legitimate,0.0,Grocery,Debit Card,Mobile,Bengaluru,0,163,469.54,1015,11,3,4,27,0,0.24956635181280962,0,19.96530814502477,Low,0,False,NO_ALERT
T101690,CUST9355,2023-08-23 01:43:00,2023-08-01,15.37,0,Legitimate,0.0,Travel,NetBanking,POS,Delhi,0,100,163.88,835,1,2,8,23,0,0.6149725322363939,0,49.197802578911514,Medium,0,False,NO_ALERT
T101691,CUST3215,2023-02-16 13:32:00,2023-02-01,55.86,0,Legitimate,0.0,Health,NetBanking,Mobile,Bengaluru,0,187,399.76,286,13,3,2,16,0,0.19952889355497497,0,15.962311484397999,Low,0,False,NO_ALERT
T101692,CUST5706,2023-11-06 01:08:00,2023-11-01,40.69,0,Legitimate,0.0,Food,NetBanking,Mobile,Pune,0,39,265.49,482,1,0,11,6,0,0.6251318975408908,0,50.01055180327127,High,1,True,HIGH
T101693,CUST8435,2023-07-27 22:41:00,2023-07-01,12.66,0,Legitimate,0.0,Travel,NetBanking,POS,Mumbai,0,67,54.63,467,22,3,7,27,0,0.21984923139589474,0,17.587938511671577,Low,0,False,NO_ALERT
T101694,CUST9831,2023-09-01 20:39:00,2023-09-01,36.65,0,Legitimate,0.0,Entertainment,Credit Card,Desktop,Delhi,0,73,295.47,1814,20,4,9,1,0,0.245552090776209,0,19.64416726209672,Low,0,False,NO_ALERT
T101695,CUST1384,2023-01-28 06:05:00,2023-01-01,5.65,1,Fraudulent,5.65,Grocery,Credit Card,POS,Pune,0,189,456.97,427,6,5,1,28,1,0.4160060590883755,0,33.28048472707004,Medium,0,False,NO_ALERT
T101696,CUST8486,2023-12-27 10:28:00,2023-12-01,2.09,0,Legitimate,0.0,Fashion,PayPal,POS,Hyderabad,0,50,87.04,1206,10,2,12,27,0,0.17198645861929207,0,13.758916689543367,Low,0,False,NO_ALERT
T101697,CUST6527,2023-07-02 23:12:00,2023-07-01,11.62,0,Legitimate,0.0,Health,NetBanking,Mobile,Pune,0,53,167.44,678,23,6,7,2,1,0.18160953554175152,0,14.528762843340122,Low,0,False,NO_ALERT
T101698,CUST1136,2023-04-09 19:22:00,2023-04-01,264.0,0,Legitimate,0.0,Utilities,Debit Card,Mobile,Kolkata,0,46,225.19,251,19,6,4,9,1,0.20355626652513345,0,16.284501322010676,Low,0,False,NO_ALERT
T101699,CUST8256,2024-01-29 14:33:00,2024-01-01,63.8,0,Legitimate,0.0,Food,PayPal,POS,Chennai,0,52,144.78,1776,14,0,1,29,0,0.22847057176922714,0,18.277645741538173,Low,0,False,NO_ALERT
T101700,CUST9565,2023-08-23 17:53:00,2023-08-01,270.09,0,Legitimate,0.0,Electronics,NetBanking,Desktop,Hyderabad,0,124,472.45,1754,17,2,8,23,0,0.19362787390654637,0,15.490229912523711,Low,0,False,NO_ALERT
T101701,CUST6486,2023-02-04 05:23:00,2023-02-01,45.32,0,Legitimate,0.0,Entertainment,Credit Card,POS,Bengaluru,0,157,194.98,1489,5,5,2,4,1,0.6573931984666551,0,52.59145587733241,High,1,True,HIGH
T101702,CUST7451,2023-12-17 14:59:00,2023-12-01,29.9,0,Legitimate,0.0,Electronics,Debit Card,Desktop,Hyderabad,0,5,332.45,1797,14,6,12,17,1,0.23925490717894918,0,19.140392574315936,Low,0,False,NO_ALERT
T101703,CUST7645,2023-10-10 20:38:00,2023-10-01,56.44,0,Legitimate,0.0,Travel,PayPal,POS,Pune,0,195,119.72,165,20,1,10,10,0,0.26129985772414277,0,20.90398861793142,Low,0,False,NO_ALERT
T101704,CUST4510,2024-01-10 07:19:00,2024-01-01,46.32,0,Legitimate,0.0,Fashion,Debit Card,POS,Hyderabad,0,74,117.66,1581,7,2,1,10,0,0.22681160510909126,0,18.144928408727303,Low,0,False,NO_ALERT
T101705,CUST3867,2023-05-27 06:53:00,2023-05-01,8.93,0,Legitimate,0.0,Utilities,NetBanking,Desktop,Chennai,0,95,96.17,655,6,5,5,27,1,0.18980237007844233,0,15.184189606275389,Low,0,False,NO_ALERT
T101706,CUST5070,2023-10-18 12:12:00,2023-10-01,81.92,0,Legitimate,0.0,Electronics,UPI,POS,Kolkata,0,75,223.06,805,12,2,10,18,0,0.2206368646603987,0,17.650949172831897,Low,0,False,NO_ALERT
T101707,CUST4159,2023-09-16 00:42:00,2023-09-01,19.47,0,Legitimate,0.0,Travel,Debit Card,Mobile,Pune,0,168,271.1,1332,0,5,9,16,1,0.5935425983293063,0,47.483407866344514,Medium,0,False,NO_ALERT
T101708,CUST8322,2023-08-13 18:07:00,2023-08-01,77.32,0,Legitimate,0.0,Grocery,Debit Card,POS,Chennai,0,116,15.27,614,18,6,8,13,1,0.29711649160786247,0,23.769319328629,Low,0,False,NO_ALERT
T101709,CUST9358,2023-09-07 18:57:00,2023-09-01,84.03,0,Legitimate,0.0,Travel,Credit Card,Mobile,Hyderabad,0,130,418.13,1789,18,3,9,7,0,0.25541031219246046,0,20.43282497539684,Low,0,False,NO_ALERT
T101710,CUST7125,2023-09-06 18:44:00,2023-09-01,13.19,0,Legitimate,0.0,Entertainment,NetBanking,Desktop,Chennai,0,68,261.25,514,18,2,9,6,0,0.2050239908709637,0,16.401919269677098,Low,0,False,NO_ALERT
T101711,CUST3765,2023-11-03 17:58:00,2023-11-01,5.06,0,Legitimate,0.0,Utilities,Debit Card,Desktop,Hyderabad,0,190,87.03,1599,17,4,11,3,0,0.20770299605649928,0,16.616239684519943,Low,0,False,NO_ALERT
T101712,CUST7628,2023-11-22 11:06:00,2023-11-01,121.41,0,Legitimate,0.0,Utilities,NetBanking,Mobile,Delhi,0,80,42.97,1298,11,2,11,22,0,0.24705232594864376,0,19.7641860758915,Low,0,False,NO_ALERT
T101713,CUST3691,2023-04-28 22:03:00,2023-04-01,49.27,0,Legitimate,0.0,Travel,Credit Card,POS,Hyderabad,0,186,40.97,1803,22,4,4,28,0,0.20830713491503153,0,16.664570793202525,Low,0,False,NO_ALERT
T101714,CUST8525,2023-12-09 06:52:00,2023-12-01,4.79,1,Fraudulent,4.79,Entertainment,NetBanking,Mobile,Mumbai,1,105,136.25,1071,6,5,12,9,1,0.7910741132634398,0,63.28592906107519,High,1,True,HIGH
T101715,CUST7322,2023-10-15 09:16:00,2023-10-01,421.75,1,Fraudulent,421.75,Travel,Credit Card,Mobile,Chennai,0,69,254.65,906,9,6,10,15,1,0.49729457460924875,1,59.78356596873991,High,1,True,HIGH
T101716,CUST4210,2023-09-02 23:04:00,2023-09-01,4.76,0,Legitimate,0.0,Utilities,Credit Card,Desktop,Kolkata,0,186,431.52,1609,23,5,9,2,1,0.23046690913910176,0,18.43735273112814,Low,0,False,NO_ALERT
T101717,CUST5671,2023-08-10 13:49:00,2023-08-01,95.0,0,Legitimate,0.0,Utilities,PayPal,Mobile,Chennai,0,163,452.45,1196,13,3,8,10,0,0.2451355554928908,0,19.610844439431265,Low,0,False,NO_ALERT
T101718,CUST2975,2024-02-10 15:16:00,2024-02-01,329.22,0,Legitimate,0.0,Food,NetBanking,POS,Bengaluru,0,142,417.84,530,15,5,2,10,1,0.22758533428769578,0,18.206826743015665,Low,0,False,NO_ALERT
T101719,CUST7384,2023-11-08 20:51:00,2023-11-01,21.87,0,Legitimate,0.0,Travel,UPI,Mobile,Kolkata,0,143,171.0,1580,20,2,11,8,0,0.23938171171992081,0,19.150536937593667,Low,0,False,NO_ALERT
T101720,CUST4870,2024-01-09 20:01:00,2024-01-01,12.28,0,Legitimate,0.0,Health,PayPal,Desktop,Kolkata,0,134,160.21,122,20,1,1,9,0,0.2268139188406585,0,18.14511350725268,Low,0,False,NO_ALERT
T101721,CUST1463,2023-02-25 00:26:00,2023-02-01,10.35,0,Legitimate,0.0,Travel,Credit Card,POS,Bengaluru,0,16,493.85,1436,0,5,2,25,1,0.5333931798591729,1,62.671454388733835,High,1,True,HIGH
T101722,CUST6290,2023-06-07 02:31:00,2023-06-01,28.91,0,Legitimate,0.0,Utilities,UPI,Desktop,Mumbai,0,87,343.83,1942,2,2,6,7,0,0.6393604501402492,0,51.14883601121994,High,1,True,HIGH
T101723,CUST5454,2024-01-06 23:24:00,2024-01-01,8.52,0,Legitimate,0.0,Food,Debit Card,Mobile,Chennai,0,124,159.43,308,23,5,1,6,1,0.23434533521361123,0,18.747626817088896,Low,0,False,NO_ALERT
T101724,CUST1667,2023-04-17 10:32:00,2023-04-01,94.25,0,Legitimate,0.0,Food,Debit Card,Mobile,Kolkata,1,174,171.25,1780,10,0,4,17,0,0.5888992268634637,0,47.111938149077105,Medium,0,False,NO_ALERT
T101725,CUST3546,2023-01-31 16:26:00,2023-01-01,5.15,0,Legitimate,0.0,Grocery,PayPal,Desktop,Chennai,0,191,222.98,1502,16,1,1,31,0,0.21380694856138505,0,17.104555884910805,Low,0,False,NO_ALERT
T101726,CUST3040,2023-08-03 02:08:00,2023-08-01,56.97,0,Legitimate,0.0,Entertainment,UPI,Desktop,Kolkata,0,140,314.69,1814,2,3,8,3,0,0.6278359698618985,0,50.22687758895188,High,1,True,HIGH
T101727,CUST4491,2023-06-14 21:15:00,2023-06-01,457.03,0,Legitimate,0.0,Fashion,NetBanking,POS,Bengaluru,0,41,450.01,1011,21,2,6,14,0,0.26160392514510916,0,20.928314011608734,Low,0,False,NO_ALERT
T101728,CUST5370,2023-02-20 20:36:00,2023-02-01,134.55,0,Legitimate,0.0,Electronics,UPI,Desktop,Bengaluru,0,119,107.17,1636,20,0,2,20,0,0.15849692832652254,0,12.679754266121805,Low,0,False,NO_ALERT
T101729,CUST2802,2023-12-16 03:43:00,2023-12-01,76.41,0,Legitimate,0.0,Electronics,PayPal,Desktop,Hyderabad,0,19,51.36,650,3,5,12,16,1,0.4315394851458682,1,54.52315881166946,High,1,True,HIGH
T101730,CUST4143,2023-09-19 18:53:00,2023-09-01,29.25,0,Legitimate,0.0,Travel,NetBanking,Mobile,Pune,0,76,208.82,1341,18,1,9,19,0,0.19222876123737823,0,15.37830089899026,Low,0,False,NO_ALERT
T101731,CUST3786,2023-08-31 17:51:00,2023-08-01,78.23,0,Legitimate,0.0,Grocery,NetBanking,Mobile,Chennai,0,109,130.27,505,17,3,8,31,0,0.17115236327399203,0,13.692189061919363,Low,0,False,NO_ALERT
T101732,CUST6277,2023-07-21 03:12:00,2023-07-01,59.9,0,Legitimate,0.0,Travel,Debit Card,Desktop,Chennai,0,119,292.26,911,3,4,7,21,0,0.6252219909922164,0,50.017759279377316,High,1,True,HIGH
T101733,CUST7791,2023-08-27 03:54:00,2023-08-01,44.42,0,Legitimate,0.0,Electronics,UPI,Desktop,Kolkata,0,113,352.62,701,3,6,8,27,1,0.6052978874588548,0,48.42383099670839,Medium,0,False,NO_ALERT
T101734,CUST7416,2023-08-03 13:29:00,2023-08-01,11.21,0,Legitimate,0.0,Entertainment,NetBanking,Mobile,Hyderabad,0,2,162.26,830,13,3,8,3,0,0.20563268959616113,0,16.45061516769289,Low,0,False,NO_ALERT
T101735,CUST8049,2023-01-19 15:47:00,2023-01-01,174.15,0,Legitimate,0.0,Utilities,PayPal,POS,Chennai,0,20,345.87,200,15,3,1,19,0,0.25498911027199894,0,20.399128821759916,Low,0,False,NO_ALERT
T101736,CUST2222,2023-07-01 01:31:00,2023-07-01,47.8,0,Legitimate,0.0,Entertainment,Debit Card,POS,Kolkata,0,119,178.14,1578,1,5,7,1,1,0.6327218036709678,0,50.61774429367742,High,1,True,HIGH
T101737,CUST7441,2024-01-03 08:24:00,2024-01-01,17.32,0,Legitimate,0.0,Entertainment,NetBanking,POS,Mumbai,0,95,321.13,401,8,2,1,3,0,0.2339341472411547,0,18.714731779292375,Low,0,False,NO_ALERT
T101738,CUST8012,2023-01-02 01:07:00,2023-01-01,36.68,0,Legitimate,0.0,Food,UPI,POS,Bengaluru,0,137,320.2,761,1,0,1,2,0,0.6356741642075845,0,50.85393313660676,High,1,True,HIGH
T101739,CUST7765,2023-04-30 05:37:00,2023-04-01,42.77,1,Fraudulent,42.77,Utilities,Debit Card,Mobile,Bengaluru,0,21,146.3,1446,5,6,4,30,1,0.7297870917850995,0,58.38296734280796,High,1,True,HIGH
T101740,CUST3432,2023-09-02 00:09:00,2023-09-01,140.61,1,Fraudulent,140.61,Fashion,UPI,Desktop,Pune,1,8,321.5,214,0,5,9,2,1,0.8123673619828332,1,84.98938895862666,Critical,1,True,CRITICAL
T101741,CUST8267,2023-03-09 01:43:00,2023-03-01,105.82,0,Legitimate,0.0,Utilities,UPI,POS,Bengaluru,0,167,196.67,1563,1,3,3,9,0,0.6272872402974968,0,50.18297922379975,High,1,True,HIGH
T101742,CUST9263,2023-07-02 21:56:00,2023-07-01,117.33,0,Legitimate,0.0,Grocery,UPI,Mobile,Delhi,0,165,174.86,1485,21,6,7,2,1,0.2405726462590424,0,19.245811700723394,Low,0,False,NO_ALERT
T101743,CUST5018,2023-11-01 18:12:00,2023-11-01,0.89,0,Legitimate,0.0,Food,Debit Card,Desktop,Mumbai,0,29,151.75,968,18,2,11,1,0,0.25401440982001106,0,20.321152785600887,Low,0,False,NO_ALERT
T101744,CUST6946,2023-06-26 09:21:00,2023-06-01,43.05,0,Legitimate,0.0,Fashion,NetBanking,POS,Mumbai,0,35,179.37,864,9,0,6,26,0,0.20715512120760962,0,16.57240969660877,Low,0,False,NO_ALERT
T101745,CUST1455,2024-01-07 23:55:00,2024-01-01,52.52,0,Legitimate,0.0,Grocery,Credit Card,Desktop,Hyderabad,0,38,395.5,238,23,6,1,7,1,0.22570456012308562,0,18.05636480984685,Low,0,False,NO_ALERT
T101746,CUST5110,2023-09-19 16:24:00,2023-09-01,1.55,0,Legitimate,0.0,Grocery,NetBanking,POS,Delhi,0,90,130.14,1023,16,1,9,19,0,0.1656246455368275,0,13.2499716429462,Low,0,False,NO_ALERT
T101747,CUST7230,2023-06-02 17:24:00,2023-06-01,24.07,0,Legitimate,0.0,Electronics,Debit Card,Desktop,Chennai,0,163,344.17,829,17,4,6,2,0,0.22124064940462687,0,17.69925195237015,Low,0,False,NO_ALERT
T101748,CUST8147,2023-09-20 15:14:00,2023-09-01,114.27,0,Legitimate,0.0,Food,Credit Card,POS,Pune,0,68,451.3,1382,15,2,9,20,0,0.24438186959300207,0,19.550549567440168,Low,0,False,NO_ALERT
T101749,CUST6603,2023-12-01 11:18:00,2023-12-01,11.8,0,Legitimate,0.0,Grocery,Credit Card,POS,Mumbai,0,131,181.71,1414,11,4,12,1,0,0.2568961575103678,0,20.551692600829426,Low,0,False,NO_ALERT
T101750,CUST3308,2023-10-30 19:30:00,2023-10-01,61.31,0,Legitimate,0.0,Health,Credit Card,Desktop,Delhi,0,109,24.46,1497,19,0,10,30,0,0.21562300047444727,0,17.24984003795578,Low,0,False,NO_ALERT
T101751,CUST2311,2024-02-04 06:16:00,2024-02-01,19.39,1,Fraudulent,19.39,Entertainment,PayPal,Desktop,Delhi,0,111,22.06,1950,6,6,2,4,1,0.5956466196594109,1,67.65172957275288,High,1,True,HIGH
T101752,CUST6329,2023-12-17 09:31:00,2023-12-01,0.98,0,Legitimate,0.0,Grocery,Debit Card,Desktop,Kolkata,0,12,78.36,1494,9,6,12,17,1,0.21249860858024883,0,16.999888686419904,Low,0,False,NO_ALERT
T101753,CUST1233,2023-03-04 23:22:00,2023-03-01,22.08,0,Legitimate,0.0,Fashion,PayPal,Mobile,Mumbai,0,32,63.92,398,23,5,3,4,1,0.22161213620544412,0,17.72897089643553,Low,0,False,NO_ALERT
T101754,CUST3881,2023-02-23 17:43:00,2023-02-01,297.96,0,Legitimate,0.0,Electronics,Credit Card,Mobile,Kolkata,0,175,376.56,1159,17,3,2,23,0,0.20738145577482026,0,16.590516461985622,Low,0,False,NO_ALERT
T101755,CUST8651,2023-09-19 11:35:00,2023-09-01,129.37,0,Legitimate,0.0,Travel,PayPal,Desktop,Hyderabad,0,63,154.48,753,11,1,9,19,0,0.2302914328907425,0,18.423314631259398,Low,0,False,NO_ALERT
T101756,CUST2049,2023-03-22 19:53:00,2023-03-01,256.67,0,Legitimate,0.0,Entertainment,PayPal,Mobile,Delhi,0,154,329.73,1378,19,2,3,22,0,0.259400268603222,0,20.752021488257764,Low,0,False,NO_ALERT
T101757,CUST8136,2023-01-12 14:54:00,2023-01-01,53.53,0,Legitimate,0.0,Electronics,Debit Card,POS,Bengaluru,0,43,30.8,1285,14,3,1,12,0,0.21049549897097722,0,16.83963991767818,Low,0,False,NO_ALERT
T101758,CUST1496,2023-03-11 14:04:00,2023-03-01,9.3,0,Legitimate,0.0,Travel,UPI,Desktop,Delhi,0,107,154.91,1034,14,5,3,11,1,0.21914795420275926,0,17.531836336220742,Low,0,False,NO_ALERT
T101759,CUST8497,2023-03-24 16:14:00,2023-03-01,63.52,0,Legitimate,0.0,Food,PayPal,Mobile,Chennai,0,172,124.73,1778,16,4,3,24,0,0.20026346855574076,0,16.021077484459262,Low,0,False,NO_ALERT
T101760,CUST2769,2023-10-01 23:57:00,2023-10-01,48.47,0,Legitimate,0.0,Food,PayPal,Desktop,Mumbai,0,38,145.67,866,23,6,10,1,1,0.2479183535175402,1,39.83346828140321,Medium,0,False,NO_ALERT
T101761,CUST9460,2023-06-11 13:29:00,2023-06-01,148.82,0,Legitimate,0.0,Grocery,Credit Card,POS,Chennai,0,29,103.45,1761,13,6,6,11,1,0.24990123280703322,0,19.992098624562658,Low,0,False,NO_ALERT
T101762,CUST3661,2023-07-09 21:28:00,2023-07-01,8.26,0,Legitimate,0.0,Health,Credit Card,POS,Hyderabad,0,55,312.78,1302,21,6,7,9,1,0.20640643574631512,0,16.51251485970521,Low,0,False,NO_ALERT
T101763,CUST1709,2024-02-21 15:34:00,2024-02-01,53.59,0,Legitimate,0.0,Food,Credit Card,Mobile,Pune,0,52,334.71,1370,15,2,2,21,0,0.21905234488881178,0,17.524187591104944,Low,0,False,NO_ALERT
T101764,CUST7153,2024-02-19 18:13:00,2024-02-01,13.01,0,Legitimate,0.0,Utilities,NetBanking,POS,Bengaluru,0,115,82.75,293,18,0,2,19,0,0.2071886062071539,0,16.575088496572313,Low,0,False,NO_ALERT
T101765,CUST6251,2023-01-05 06:59:00,2023-01-01,31.41,0,Legitimate,0.0,Grocery,PayPal,Desktop,Mumbai,1,19,373.16,1782,6,3,1,5,0,0.6091323997648835,1,68.73059198119068,High,1,True,HIGH
T101766,CUST6150,2023-11-01 19:43:00,2023-11-01,106.96,0,Legitimate,0.0,Entertainment,Credit Card,Mobile,Delhi,0,35,132.52,1556,19,2,11,1,0,0.2585797345489606,0,20.68637876391685,Low,0,False,NO_ALERT
T101767,CUST3975,2023-07-27 12:41:00,2023-07-01,51.7,0,Legitimate,0.0,Electronics,Debit Card,Desktop,Bengaluru,0,48,148.63,1316,12,3,7,27,0,0.21926156330262558,0,17.540925064210047,Low,0,False,NO_ALERT
T101768,CUST9592,2023-08-11 17:47:00,2023-08-01,37.71,0,Legitimate,0.0,Food,NetBanking,Desktop,Delhi,0,110,416.12,1986,17,4,8,11,0,0.18613745955084543,0,14.890996764067635,Low,0,False,NO_ALERT
T101769,CUST1521,2023-02-13 16:47:00,2023-02-01,40.13,0,Legitimate,0.0,Utilities,UPI,Desktop,Hyderabad,0,188,451.57,711,16,0,2,13,0,0.23975062788162999,0,19.180050230530398,Low,0,False,NO_ALERT
T101770,CUST4449,2023-02-21 00:30:00,2023-02-01,49.21,1,Fraudulent,49.21,Electronics,PayPal,POS,Pune,0,31,414.13,1469,0,1,2,21,0,0.7207700161664703,0,57.661601293317624,High,1,True,HIGH
T101771,CUST1172,2023-02-01 23:44:00,2023-02-01,122.98,0,Legitimate,0.0,Electronics,PayPal,Desktop,Mumbai,0,3,82.4,942,23,2,2,1,0,0.266408950713319,0,21.312716057065522,Low,0,False,NO_ALERT
T101772,CUST2021,2023-04-09 18:44:00,2023-04-01,178.11,1,Fraudulent,178.11,Health,Debit Card,POS,Hyderabad,0,163,499.64,1721,18,6,4,9,1,0.39504022524498994,0,31.603218019599197,Medium,0,False,NO_ALERT
T101773,CUST5521,2023-08-26 10:29:00,2023-08-01,248.68,0,Legitimate,0.0,Food,UPI,Desktop,Hyderabad,0,88,339.36,99,10,5,8,26,1,0.23932089563178507,0,19.145671650542806,Low,0,False,NO_ALERT
T101774,CUST3582,2023-03-16 13:34:00,2023-03-01,123.68,0,Legitimate,0.0,Electronics,UPI,POS,Pune,0,52,260.23,1287,13,3,3,16,0,0.20979605847521798,0,16.78368467801744,Low,0,False,NO_ALERT
T101775,CUST2653,2023-05-25 02:25:00,2023-05-01,30.31,0,Legitimate,0.0,Health,NetBanking,POS,Hyderabad,0,71,477.87,461,2,3,5,25,0,0.6118190324831474,0,48.94552259865179,Medium,0,False,NO_ALERT
T101776,CUST2825,2023-06-09 23:08:00,2023-06-01,93.21,0,Legitimate,0.0,Health,PayPal,POS,Hyderabad,0,51,410.52,1107,23,4,6,9,0,0.23100036265084217,0,18.480029012067373,Low,0,False,NO_ALERT
T101777,CUST2721,2024-01-02 10:16:00,2024-01-01,46.04,0,Legitimate,0.0,Food,Credit Card,Desktop,Delhi,1,56,348.95,199,10,1,1,2,0,0.6420251487977285,1,71.36201190381828,High,1,True,HIGH
T101778,CUST8637,2024-02-09 03:25:00,2024-02-01,23.51,1,Fraudulent,23.51,Health,Debit Card,Desktop,Kolkata,0,99,420.81,65,3,4,2,9,0,0.6742475248929697,0,53.93980199143758,High,1,True,HIGH
T101779,CUST9686,2023-11-25 22:22:00,2023-11-01,147.04,1,Fraudulent,147.04,Food,Debit Card,POS,Chennai,0,21,198.88,1887,22,5,11,25,1,0.42057411164114783,1,53.64592893129183,High,1,True,HIGH
T101780,CUST1569,2023-09-21 06:32:00,2023-09-01,3.13,1,Fraudulent,3.13,Utilities,Debit Card,Desktop,Delhi,1,129,345.37,1980,6,3,9,21,0,0.7614587279709534,0,60.91669823767627,High,1,True,HIGH
T101781,CUST6810,2023-10-14 08:01:00,2023-10-01,185.63,0,Legitimate,0.0,Food,Debit Card,POS,Pune,0,108,103.38,288,8,5,10,14,1,0.19676281908273566,0,15.741025526618854,Low,0,False,NO_ALERT
T101782,CUST2615,2023-04-24 11:49:00,2023-04-01,49.51,0,Legitimate,0.0,Travel,Credit Card,Desktop,Bengaluru,0,53,494.12,280,11,0,4,24,0,0.28951060164262854,0,23.160848131410287,Low,0,False,NO_ALERT
T101783,CUST5465,2024-02-12 08:12:00,2024-02-01,81.11,0,Legitimate,0.0,Electronics,Credit Card,POS,Pune,0,6,298.6,42,8,0,2,12,0,0.2843676959654994,0,22.749415677239952,Low,0,False,NO_ALERT
T101784,CUST1651,2023-11-19 05:50:00,2023-11-01,86.15,1,Fraudulent,86.15,Utilities,NetBanking,POS,Pune,1,82,408.98,700,5,6,11,19,1,0.802614149359583,0,64.20913194876664,High,1,True,HIGH
T101785,CUST9241,2023-05-24 04:52:00,2023-05-01,180.39,1,Fraudulent,180.39,Fashion,PayPal,Mobile,Pune,1,190,209.6,570,4,2,5,24,0,0.8220824838980526,1,85.76659871184421,Critical,1,True,CRITICAL
T101786,CUST6377,2023-10-25 00:21:00,2023-10-01,81.0,1,Fraudulent,81.0,Food,Credit Card,Desktop,Pune,0,79,381.71,86,0,2,10,25,0,0.7162069821910139,0,57.29655857528111,High,1,True,HIGH
T101787,CUST2630,2023-08-29 19:41:00,2023-08-01,76.14,0,Legitimate,0.0,Electronics,NetBanking,Desktop,Hyderabad,0,47,199.82,1033,19,1,8,29,0,0.2019769193779579,0,16.15815355023663,Low,0,False,NO_ALERT
T101788,CUST1045,2023-03-01 22:20:00,2023-03-01,5.52,0,Legitimate,0.0,Entertainment,UPI,Mobile,Pune,0,96,299.1,1214,22,2,3,1,0,0.22194822174428372,0,17.755857739542698,Low,0,False,NO_ALERT
T101789,CUST1356,2023-11-24 14:50:00,2023-11-01,58.45,0,Legitimate,0.0,Health,PayPal,POS,Bengaluru,0,106,391.29,466,14,4,11,24,0,0.23472130061365884,0,18.77770404909271,Low,0,False,NO_ALERT
T101790,CUST9136,2023-03-21 07:19:00,2023-03-01,13.02,0,Legitimate,0.0,Grocery,Credit Card,POS,Pune,0,178,67.07,807,7,1,3,21,0,0.2314846744600903,0,18.518773956807223,Low,0,False,NO_ALERT
T101791,CUST5850,2023-09-19 22:11:00,2023-09-01,106.98,0,Legitimate,0.0,Food,UPI,Mobile,Delhi,0,82,184.83,259,22,1,9,19,0,0.23118674310060144,0,18.494939448048115,Low,0,False,NO_ALERT
T101792,CUST1238,2023-05-07 19:52:00,2023-05-01,57.43,0,Legitimate,0.0,Health,NetBanking,Mobile,Hyderabad,0,31,277.02,860,19,6,5,7,1,0.20229228875029573,0,16.183383100023658,Low,0,False,NO_ALERT
T101793,CUST1214,2023-06-12 23:23:00,2023-06-01,91.21,0,Legitimate,0.0,Health,Credit Card,POS,Delhi,0,192,173.66,870,23,0,6,12,0,0.24781942980502414,0,19.825554384401933,Low,0,False,NO_ALERT
T101794,CUST3635,2023-10-08 08:00:00,2023-10-01,3.41,0,Legitimate,0.0,Health,Credit Card,Desktop,Hyderabad,0,157,161.49,1246,8,6,10,8,1,0.23700152954710066,0,18.960122363768054,Low,0,False,NO_ALERT
T101795,CUST9219,2023-01-03 20:33:00,2023-01-01,7.09,0,Legitimate,0.0,Health,UPI,Mobile,Delhi,0,143,148.02,649,20,1,1,3,0,0.23062786458740273,0,18.45022916699222,Low,0,False,NO_ALERT
T101796,CUST2886,2024-01-01 22:49:00,2024-01-01,100.79,0,Legitimate,0.0,Health,Credit Card,Mobile,Mumbai,0,58,121.62,386,22,0,1,1,0,0.23898743861964913,0,19.118995089571932,Low,0,False,NO_ALERT
T101797,CUST2425,2023-08-28 20:23:00,2023-08-01,5.99,0,Legitimate,0.0,Food,Debit Card,Mobile,Chennai,0,23,425.96,381,20,0,8,28,0,0.24893456714943737,0,19.914765371954992,Low,0,False,NO_ALERT
T101798,CUST6955,2023-04-30 14:57:00,2023-04-01,5.91,0,Legitimate,0.0,Entertainment,Credit Card,Mobile,Chennai,0,166,462.61,894,14,6,4,30,1,0.27138586933423114,0,21.710869546738493,Low,0,False,NO_ALERT
T101799,CUST6312,2023-08-23 23:37:00,2023-08-01,0.97,0,Legitimate,0.0,Fashion,PayPal,Mobile,Hyderabad,0,41,353.08,1311,23,2,8,23,0,0.16933774962819598,0,13.547019970255679,Low,0,False,NO_ALERT
T101800,CUST1775,2023-12-25 13:34:00,2023-12-01,250.8,0,Legitimate,0.0,Travel,UPI,Mobile,Mumbai,0,15,24.7,651,13,0,12,25,0,0.31061126172306097,1,44.848900937844874,Medium,0,False,NO_ALERT
T101801,CUST5704,2023-12-08 23:09:00,2023-12-01,107.0,1,Fraudulent,107.0,Health,PayPal,POS,Bengaluru,0,87,395.25,1695,23,4,12,8,0,0.31714115701230844,0,25.371292560984678,Medium,0,False,NO_ALERT
T101802,CUST3306,2023-06-08 06:26:00,2023-06-01,34.86,0,Legitimate,0.0,Health,NetBanking,POS,Mumbai,1,3,270.65,664,6,3,6,8,0,0.5473746491080679,0,43.78997192864543,Medium,0,False,NO_ALERT
T101803,CUST9546,2024-02-04 04:44:00,2024-02-01,28.14,0,Legitimate,0.0,Travel,PayPal,Mobile,Kolkata,0,1,381.47,994,4,6,2,4,1,0.5874913526136623,1,66.99930820909299,High,1,True,HIGH
T101804,CUST5466,2023-07-07 05:05:00,2023-07-01,34.43,0,Legitimate,0.0,Entertainment,Debit Card,POS,Hyderabad,0,75,224.3,657,5,4,7,7,0,0.6173865533541548,0,49.390924268332384,Medium,0,False,NO_ALERT
T101805,CUST9256,2023-01-06 23:54:00,2023-01-01,119.21,0,Legitimate,0.0,Utilities,Debit Card,Desktop,Mumbai,0,139,30.23,1795,23,4,1,6,0,0.25121683065944983,0,20.097346452755986,Low,0,False,NO_ALERT
T101806,CUST2077,2023-05-08 05:31:00,2023-05-01,86.63,0,Legitimate,0.0,Entertainment,PayPal,Desktop,Bengaluru,1,188,344.06,322,5,0,5,8,0,0.7609718487108924,0,60.8777478968714,High,1,True,HIGH
T101807,CUST1917,2023-04-11 16:59:00,2023-04-01,16.38,0,Legitimate,0.0,Utilities,NetBanking,Mobile,Hyderabad,0,193,227.62,1439,16,1,4,11,0,0.20175745656163996,0,16.140596524931198,Low,0,False,NO_ALERT
T101808,CUST3064,2023-06-25 15:00:00,2023-06-01,15.3,0,Legitimate,0.0,Food,Credit Card,Desktop,Chennai,0,76,438.28,1798,15,6,6,25,1,0.2303382855991987,1,38.4270628479359,Medium,0,False,NO_ALERT
T101809,CUST1466,2023-11-27 16:04:00,2023-11-01,8.29,0,Legitimate,0.0,Electronics,Debit Card,Desktop,Pune,0,4,371.69,858,16,0,11,27,0,0.22197630992116227,0,17.758104793692983,Low,0,False,NO_ALERT
T101810,CUST8319,2023-02-04 18:13:00,2023-02-01,86.38,0,Legitimate,0.0,Grocery,PayPal,POS,Mumbai,0,25,186.19,263,18,5,2,4,1,0.2508192756290671,0,20.06554205032537,Low,0,False,NO_ALERT
T101811,CUST8327,2023-07-26 02:58:00,2023-07-01,115.64,0,Legitimate,0.0,Grocery,PayPal,POS,Chennai,0,171,364.8,1349,2,2,7,26,0,0.608761178603687,0,48.70089428829496,Medium,0,False,NO_ALERT
T101812,CUST3344,2023-11-23 12:00:00,2023-11-01,24.64,0,Legitimate,0.0,Electronics,PayPal,POS,Chennai,0,94,252.65,1756,12,3,11,23,0,0.20197847128667004,0,16.158277702933603,Low,0,False,NO_ALERT
T101813,CUST9375,2023-08-07 21:41:00,2023-08-01,1.69,0,Legitimate,0.0,Food,Credit Card,POS,Delhi,0,168,107.73,566,21,0,8,7,0,0.21882165249849259,0,17.505732199879407,Low,0,False,NO_ALERT
T101814,CUST8783,2023-09-17 22:34:00,2023-09-01,6.86,0,Legitimate,0.0,Grocery,UPI,Desktop,Bengaluru,0,96,215.74,1432,22,6,9,17,1,0.23335504094355397,0,18.66840327548432,Low,0,False,NO_ALERT
T101815,CUST4754,2024-02-01 14:21:00,2024-02-01,275.01,0,Legitimate,0.0,Entertainment,NetBanking,Mobile,Kolkata,0,108,119.06,1731,14,3,2,1,0,0.22287874674448063,0,17.830299739558452,Low,0,False,NO_ALERT
T101816,CUST4337,2023-06-29 17:53:00,2023-06-01,28.02,0,Legitimate,0.0,Travel,UPI,POS,Pune,0,99,12.44,834,17,3,6,29,0,0.19903304669622807,0,15.922643735698244,Low,0,False,NO_ALERT
T101817,CUST3190,2023-09-17 21:36:00,2023-09-01,117.3,0,Legitimate,0.0,Electronics,NetBanking,Desktop,Mumbai,0,95,130.93,1263,21,6,9,17,1,0.18389622108062945,0,14.711697686450357,Low,0,False,NO_ALERT
T101818,CUST1417,2023-07-14 17:02:00,2023-07-01,78.39,0,Legitimate,0.0,Entertainment,NetBanking,POS,Chennai,0,100,112.67,568,17,4,7,14,0,0.20050181819428864,0,16.040145455543094,Low,0,False,NO_ALERT
T101819,CUST4781,2023-03-09 21:37:00,2023-03-01,38.49,0,Legitimate,0.0,Fashion,PayPal,Desktop,Chennai,0,91,12.13,881,21,3,3,9,0,0.26221586825281096,1,40.977269460224875,Medium,0,False,NO_ALERT
T101820,CUST2176,2023-02-11 14:55:00,2023-02-01,18.42,0,Legitimate,0.0,Food,Debit Card,POS,Kolkata,0,44,394.12,207,14,5,2,11,1,0.21309399653372155,0,17.047519722697725,Low,0,False,NO_ALERT
T101821,CUST3073,2023-05-30 07:16:00,2023-05-01,10.35,0,Legitimate,0.0,Electronics,PayPal,Mobile,Bengaluru,0,187,47.72,1983,7,1,5,30,0,0.21719550122567002,0,17.375640098053605,Low,0,False,NO_ALERT
T101822,CUST9813,2023-08-12 01:08:00,2023-08-01,76.36,0,Legitimate,0.0,Grocery,Credit Card,POS,Pune,1,128,230.04,585,1,5,8,12,1,0.7799609437888813,0,62.39687550311051,High,1,True,HIGH
T101823,CUST8314,2023-03-17 18:41:00,2023-03-01,119.2,0,Legitimate,0.0,Food,NetBanking,Mobile,Pune,0,23,214.76,1125,18,4,3,17,0,0.1959845010297405,0,15.67876008237924,Low,0,False,NO_ALERT
T101824,CUST3907,2023-05-02 17:09:00,2023-05-01,82.6,0,Legitimate,0.0,Travel,Debit Card,POS,Kolkata,0,190,98.89,1953,17,1,5,2,0,0.24863838064380225,0,19.89107045150418,Low,0,False,NO_ALERT
T101825,CUST8657,2023-03-06 05:15:00,2023-03-01,60.45,1,Fraudulent,60.45,Food,NetBanking,POS,Chennai,0,23,483.77,1561,5,0,3,6,0,0.7921032992825567,0,63.36826394260454,High,1,True,HIGH
T101826,CUST5372,2024-01-12 11:55:00,2024-01-01,3.43,0,Legitimate,0.0,Food,NetBanking,POS,Chennai,0,186,305.83,1275,11,4,1,12,0,0.19566249938851654,0,15.652999951081325,Low,0,False,NO_ALERT
T101827,CUST5807,2023-12-24 11:23:00,2023-12-01,276.59,0,Legitimate,0.0,Travel,PayPal,Desktop,Chennai,0,55,408.62,977,11,6,12,24,1,0.2612210031234843,1,40.897680249878746,Medium,0,False,NO_ALERT
T101828,CUST7972,2023-04-02 21:30:00,2023-04-01,128.24,1,Fraudulent,128.24,Health,Debit Card,Desktop,Chennai,0,161,253.11,852,21,6,4,2,1,0.3560359539077227,0,28.48287631261782,Medium,0,False,NO_ALERT
T101829,CUST3475,2023-02-22 09:34:00,2023-02-01,27.72,0,Legitimate,0.0,Travel,Debit Card,Mobile,Delhi,0,77,364.18,257,9,2,2,22,0,0.22063797169542185,0,17.651037735633746,Low,0,False,NO_ALERT
T101830,CUST6598,2023-07-03 07:46:00,2023-07-01,312.84,0,Legitimate,0.0,Entertainment,NetBanking,Mobile,Delhi,0,63,485.19,1894,7,0,7,3,0,0.24078622263850435,0,19.26289781108035,Low,0,False,NO_ALERT
T101831,CUST4372,2023-03-23 19:22:00,2023-03-01,73.68,0,Legitimate,0.0,Food,Debit Card,Desktop,Kolkata,0,103,180.72,1286,19,3,3,23,0,0.24220419912560423,0,19.37633593004834,Low,0,False,NO_ALERT
T101832,CUST1987,2023-11-22 18:34:00,2023-11-01,69.86,0,Legitimate,0.0,Utilities,Debit Card,Mobile,Pune,0,60,257.09,1321,18,2,11,22,0,0.21399680122006942,0,17.119744097605555,Low,0,False,NO_ALERT
T101833,CUST1339,2023-02-28 13:14:00,2023-02-01,110.29,0,Legitimate,0.0,Travel,PayPal,Mobile,Hyderabad,0,189,262.12,1963,13,1,2,28,0,0.25665625863164915,0,20.532500690531933,Low,0,False,NO_ALERT
T101834,CUST2474,2023-04-28 04:02:00,2023-04-01,133.61,0,Legitimate,0.0,Health,UPI,Desktop,Mumbai,1,80,496.08,283,4,4,4,28,0,0.6454387232526666,0,51.635097860213335,High,1,True,HIGH
T101835,CUST4468,2023-12-04 05:13:00,2023-12-01,85.48,0,Legitimate,0.0,Entertainment,Credit Card,Desktop,Bengaluru,0,189,124.22,704,5,0,12,4,0,0.5937203242720072,0,47.497625941760575,Medium,0,False,NO_ALERT
T101836,CUST1169,2023-11-12 14:29:00,2023-11-01,10.97,0,Legitimate,0.0,Utilities,UPI,Desktop,Hyderabad,0,95,340.9,35,14,6,11,12,1,0.19711487939937805,0,15.769190351950243,Low,0,False,NO_ALERT
T101837,CUST7873,2023-09-11 11:01:00,2023-09-01,33.03,0,Legitimate,0.0,Utilities,Debit Card,Desktop,Delhi,0,69,77.73,76,11,0,9,11,0,0.21606504976355612,0,17.28520398108449,Low,0,False,NO_ALERT
T101838,CUST1636,2024-01-13 09:42:00,2024-01-01,210.58,1,Fraudulent,210.58,Electronics,NetBanking,POS,Delhi,1,114,464.27,1460,9,5,1,13,1,0.7416761404961663,0,59.33409123969331,High,1,True,HIGH
T101839,CUST2746,2023-08-11 05:27:00,2023-08-01,20.35,0,Legitimate,0.0,Travel,Credit Card,Desktop,Delhi,0,104,299.29,912,5,4,8,11,0,0.6007268656953758,0,48.05814925563007,Medium,0,False,NO_ALERT
T101840,CUST2517,2023-08-24 16:36:00,2023-08-01,37.24,0,Legitimate,0.0,Travel,Credit Card,Mobile,Hyderabad,0,108,431.11,609,16,3,8,24,0,0.26122191941140177,0,20.897753552912143,Low,0,False,NO_ALERT
T101841,CUST2536,2023-06-04 09:55:00,2023-06-01,45.26,0,Legitimate,0.0,Food,NetBanking,POS,Delhi,0,89,448.67,283,9,6,6,4,1,0.23932271528668683,0,19.145817222934948,Low,0,False,NO_ALERT
T101842,CUST2487,2023-02-05 12:23:00,2023-02-01,46.3,0,Legitimate,0.0,Entertainment,Credit Card,POS,Hyderabad,0,21,282.98,1502,12,6,2,5,1,0.24705468484435625,0,19.7643747875485,Low,0,False,NO_ALERT
T101843,CUST6072,2023-06-16 15:56:00,2023-06-01,75.93,0,Legitimate,0.0,Electronics,NetBanking,Mobile,Delhi,0,131,344.18,88,15,4,6,16,0,0.1691985512678233,0,13.535884101425864,Low,0,False,NO_ALERT
T101844,CUST9770,2023-08-21 20:29:00,2023-08-01,229.28,0,Legitimate,0.0,Fashion,Credit Card,POS,Chennai,0,176,352.37,1446,20,0,8,21,0,0.2755780152099039,0,22.04624121679231,Low,0,False,NO_ALERT
T101845,CUST2974,2023-09-14 09:31:00,2023-09-01,22.03,0,Legitimate,0.0,Fashion,UPI,Mobile,Chennai,0,10,235.64,1684,9,3,9,14,0,0.2542337441161788,0,20.338699529294303,Low,0,False,NO_ALERT
T101846,CUST4483,2023-04-28 01:15:00,2023-04-01,10.36,1,Fraudulent,10.36,Grocery,Credit Card,POS,Mumbai,0,87,223.07,1751,1,4,4,28,0,0.6737553924967261,0,53.900431399738096,High,1,True,HIGH
T101847,CUST2328,2023-07-22 00:43:00,2023-07-01,17.6,1,Fraudulent,17.6,Travel,PayPal,POS,Delhi,0,170,101.23,589,0,5,7,22,1,0.6535387603811347,0,52.28310083049078,High,1,True,HIGH
T101848,CUST8545,2023-07-09 08:18:00,2023-07-01,174.38,0,Legitimate,0.0,Travel,NetBanking,Mobile,Kolkata,1,194,198.12,1044,8,6,7,9,1,0.5238843010816833,0,41.91074408653466,Medium,0,False,NO_ALERT
T101849,CUST8918,2023-07-09 18:54:00,2023-07-01,83.03,0,Legitimate,0.0,Electronics,Credit Card,Mobile,Mumbai,0,91,495.47,1244,18,6,7,9,1,0.22754427950826395,0,18.203542360661114,Low,0,False,NO_ALERT
T101850,CUST1782,2023-10-20 00:19:00,2023-10-01,26.94,0,Legitimate,0.0,Health,NetBanking,Mobile,Hyderabad,0,174,142.23,294,0,4,10,20,0,0.5752150939154543,0,46.01720751323635,Medium,0,False,NO_ALERT
T101851,CUST2852,2023-11-15 05:09:00,2023-11-01,135.4,0,Legitimate,0.0,Fashion,PayPal,Mobile,Mumbai,0,137,383.6,1737,5,2,11,15,0,0.6271516932394297,0,50.172135459154376,High,1,True,HIGH
T101852,CUST5231,2023-05-27 23:10:00,2023-05-01,158.08,0,Legitimate,0.0,Grocery,Credit Card,Desktop,Delhi,0,123,39.08,1611,23,5,5,27,1,0.27073950314555295,1,41.65916025164424,Medium,0,False,NO_ALERT
T101853,CUST9478,2023-01-16 02:48:00,2023-01-01,149.93,0,Legitimate,0.0,Electronics,Credit Card,Desktop,Hyderabad,0,177,239.06,1196,2,0,1,16,0,0.5652216726121813,0,45.21773380897451,Medium,0,False,NO_ALERT
T101854,CUST7080,2023-04-20 04:53:00,2023-04-01,200.99,0,Legitimate,0.0,Travel,PayPal,Mobile,Kolkata,0,4,38.62,275,4,3,4,20,0,0.5409944675920909,1,63.27955740736728,High,1,True,HIGH
T101855,CUST2949,2023-10-04 22:47:00,2023-10-01,23.25,0,Legitimate,0.0,Fashion,PayPal,Desktop,Hyderabad,0,188,243.14,1269,22,2,10,4,0,0.2509139611888783,0,20.073116895110267,Low,0,False,NO_ALERT
T101856,CUST3181,2024-02-05 02:43:00,2024-02-01,112.53,1,Fraudulent,112.53,Entertainment,PayPal,Mobile,Chennai,0,90,23.5,466,2,0,2,5,0,0.8357206147123201,1,86.8576491769856,Critical,1,True,CRITICAL
T101857,CUST9843,2023-11-05 02:10:00,2023-11-01,49.37,0,Legitimate,0.0,Grocery,NetBanking,Mobile,Hyderabad,0,96,310.51,717,2,6,11,5,1,0.5555558469490758,0,44.44446775592607,Medium,0,False,NO_ALERT
T101858,CUST8734,2024-01-12 13:27:00,2024-01-01,147.61,0,Legitimate,0.0,Food,PayPal,POS,Hyderabad,0,29,297.39,1893,13,4,1,12,0,0.24719468492044644,0,19.775574793635716,Low,0,False,NO_ALERT
T101859,CUST6146,2023-11-03 01:11:00,2023-11-01,104.3,0,Legitimate,0.0,Fashion,NetBanking,Mobile,Mumbai,0,86,400.94,505,1,4,11,3,0,0.6096129103600194,0,48.769032828801556,Medium,0,False,NO_ALERT
T101860,CUST4552,2023-02-24 17:22:00,2023-02-01,119.85,0,Legitimate,0.0,Grocery,UPI,Mobile,Kolkata,0,47,295.81,1437,17,4,2,24,0,0.21326375546351165,0,17.061100437080935,Low,0,False,NO_ALERT
T101861,CUST2071,2023-03-07 01:23:00,2023-03-01,85.41,0,Legitimate,0.0,Electronics,Credit Card,Mobile,Pune,0,77,463.74,967,1,1,3,7,0,0.6385236416850704,0,51.08189133480563,High,1,True,HIGH
T101862,CUST9914,2023-04-19 17:56:00,2023-04-01,15.63,0,Legitimate,0.0,Food,Credit Card,Mobile,Hyderabad,0,87,393.72,907,17,2,4,19,0,0.23214586273982643,0,18.571669019186114,Low,0,False,NO_ALERT
T101863,CUST8611,2023-01-25 06:50:00,2023-01-01,63.0,0,Legitimate,0.0,Grocery,Debit Card,POS,Bengaluru,0,191,75.0,686,6,2,1,25,0,0.25093609248090176,0,20.074887398472143,Low,0,False,NO_ALERT
T101864,CUST8930,2023-08-05 03:30:00,2023-08-01,334.23,1,Fraudulent,334.23,Grocery,UPI,Mobile,Pune,0,31,140.08,576,3,5,8,5,1,0.688998285069865,1,75.11986280558921,Critical,1,True,CRITICAL
T101865,CUST6839,2023-09-09 09:01:00,2023-09-01,221.66,1,Fraudulent,221.66,Utilities,PayPal,POS,Chennai,1,51,22.85,444,9,5,9,9,1,0.8077606388442014,1,84.62085110753611,Critical,1,True,CRITICAL
T101866,CUST4906,2023-03-22 23:43:00,2023-03-01,3.53,0,Legitimate,0.0,Utilities,PayPal,Mobile,Kolkata,0,169,199.21,1185,23,2,3,22,0,0.2061512320606404,0,16.492098564851233,Low,0,False,NO_ALERT
T101867,CUST8946,2023-08-15 19:54:00,2023-08-01,14.41,0,Legitimate,0.0,Utilities,UPI,POS,Kolkata,0,36,259.67,1869,19,1,8,15,0,0.21531637367072753,0,17.225309893658203,Low,0,False,NO_ALERT
T101868,CUST6553,2023-07-02 03:02:00,2023-07-01,11.3,1,Fraudulent,11.3,Travel,PayPal,Desktop,Chennai,0,168,473.51,427,3,6,7,2,1,0.6824481831703926,0,54.59585465363141,High,1,True,HIGH
T101869,CUST5742,2023-03-31 17:11:00,2023-03-01,103.56,0,Legitimate,0.0,Health,Debit Card,POS,Hyderabad,0,95,265.91,1560,17,4,3,31,0,0.22654162991644877,0,18.123330393315904,Low,0,False,NO_ALERT
T101870,CUST4321,2023-12-19 01:52:00,2023-12-01,136.21,0,Legitimate,0.0,Fashion,NetBanking,POS,Mumbai,0,188,392.7,1206,1,1,12,19,0,0.55744020615842,0,44.59521649267361,Medium,0,False,NO_ALERT
T101871,CUST6925,2024-01-15 18:28:00,2024-01-01,19.21,0,Legitimate,0.0,Travel,Credit Card,Mobile,Pune,0,15,141.33,1867,18,0,1,15,0,0.23986319260240052,0,19.189055408192043,Low,0,False,NO_ALERT
T101872,CUST6106,2024-01-29 07:10:00,2024-01-01,56.39,0,Legitimate,0.0,Entertainment,UPI,POS,Chennai,0,78,85.05,1613,7,0,1,29,0,0.2097320870945336,0,16.77856696756269,Low,0,False,NO_ALERT
T101873,CUST1073,2023-11-25 04:33:00,2023-11-01,146.96,1,Fraudulent,146.96,Food,Credit Card,POS,Chennai,0,158,407.31,197,4,5,11,25,1,0.6837816966437107,0,54.70253573149686,High,1,True,HIGH
T101874,CUST2134,2023-05-30 17:55:00,2023-05-01,105.58,0,Legitimate,0.0,Health,NetBanking,Mobile,Bengaluru,0,158,131.24,1743,17,1,5,30,0,0.212624747671338,0,17.00997981370704,Low,0,False,NO_ALERT
T101875,CUST8604,2023-02-17 15:03:00,2023-02-01,62.51,0,Legitimate,0.0,Grocery,UPI,Desktop,Hyderabad,0,155,436.95,1828,15,4,2,17,0,0.22993780852551332,0,18.395024682041065,Low,0,False,NO_ALERT
T101876,CUST9055,2023-11-27 17:37:00,2023-11-01,71.4,0,Legitimate,0.0,Travel,NetBanking,Desktop,Pune,0,40,93.23,1660,17,0,11,27,0,0.1765484965683766,0,14.123879725470127,Low,0,False,NO_ALERT
T101877,CUST5223,2023-11-15 07:58:00,2023-11-01,56.8,0,Legitimate,0.0,Utilities,PayPal,Desktop,Chennai,0,45,427.28,1881,7,2,11,15,0,0.22705497876585273,0,18.164398301268218,Low,0,False,NO_ALERT
T101878,CUST7397,2023-09-04 02:40:00,2023-09-01,28.25,0,Legitimate,0.0,Health,PayPal,POS,Kolkata,0,175,388.7,832,2,0,9,4,0,0.6222677698615556,0,49.78142158892445,Medium,0,False,NO_ALERT
T101879,CUST2687,2023-05-30 08:10:00,2023-05-01,66.6,0,Legitimate,0.0,Entertainment,PayPal,Mobile,Chennai,0,90,309.5,259,8,1,5,30,0,0.2517277263034299,0,20.13821810427439,Low,0,False,NO_ALERT
T101880,CUST2580,2023-01-06 15:39:00,2023-01-01,93.41,0,Legitimate,0.0,Fashion,NetBanking,Desktop,Chennai,0,56,426.61,732,15,4,1,6,0,0.20170455591479977,0,16.136364473183985,Low,0,False,NO_ALERT
T101881,CUST2623,2023-11-21 19:18:00,2023-11-01,165.29,0,Legitimate,0.0,Entertainment,NetBanking,Desktop,Chennai,0,54,172.05,1457,19,1,11,21,0,0.21825571125491108,0,17.460456900392888,Low,0,False,NO_ALERT
T101882,CUST4196,2023-09-23 07:03:00,2023-09-01,80.91,0,Legitimate,0.0,Food,NetBanking,Desktop,Mumbai,0,85,91.36,173,7,5,9,23,1,0.20113013637574245,0,16.090410910059397,Low,0,False,NO_ALERT
T101883,CUST3037,2023-02-24 17:52:00,2023-02-01,114.54,0,Legitimate,0.0,Electronics,Credit Card,Desktop,Delhi,0,9,86.95,1971,17,4,2,24,0,0.19538735923394232,1,35.63098873871539,Medium,0,False,NO_ALERT
T101884,CUST4547,2023-10-20 16:33:00,2023-10-01,13.96,0,Legitimate,0.0,Travel,NetBanking,Mobile,Bengaluru,0,118,142.48,1729,16,4,10,20,0,0.22159166551628953,0,17.727333241303164,Low,0,False,NO_ALERT
T101885,CUST6195,2023-08-10 02:45:00,2023-08-01,49.53,0,Legitimate,0.0,Utilities,PayPal,Desktop,Kolkata,0,65,228.65,1584,2,3,8,10,0,0.6419789168582141,0,51.35831334865713,High,1,True,HIGH
T101886,CUST7804,2023-08-03 00:38:00,2023-08-01,0.75,0,Legitimate,0.0,Food,Debit Card,POS,Mumbai,0,108,439.25,1951,0,3,8,3,0,0.49672849403104313,0,39.73827952248345,Medium,0,False,NO_ALERT
T101887,CUST2944,2024-01-02 21:21:00,2024-01-01,22.66,0,Legitimate,0.0,Electronics,NetBanking,POS,Bengaluru,0,198,53.87,97,21,1,1,2,0,0.2533042432645666,0,20.264339461165328,Low,0,False,NO_ALERT
T101888,CUST3564,2023-09-03 09:11:00,2023-09-01,103.71,0,Legitimate,0.0,Utilities,Debit Card,Mobile,Chennai,0,129,458.47,1047,9,6,9,3,1,0.22963320491756833,0,18.370656393405465,Low,0,False,NO_ALERT
T101889,CUST1825,2024-01-01 05:05:00,2024-01-01,384.39,0,Legitimate,0.0,Utilities,PayPal,Desktop,Bengaluru,0,141,463.49,127,5,0,1,1,0,0.589514754245888,0,47.161180339671034,Medium,0,False,NO_ALERT
T101890,CUST4937,2023-09-19 18:50:00,2023-09-01,8.36,0,Legitimate,0.0,Utilities,NetBanking,Desktop,Hyderabad,1,38,366.35,36,18,1,9,19,0,0.49707163751126515,0,39.76573100090121,Medium,0,False,NO_ALERT
T101891,CUST2582,2023-05-04 22:05:00,2023-05-01,41.07,0,Legitimate,0.0,Travel,Credit Card,POS,Hyderabad,0,173,451.14,844,22,3,5,4,0,0.27784669156839165,0,22.227735325471333,Low,0,False,NO_ALERT
T101892,CUST4762,2023-02-21 05:02:00,2023-02-01,128.78,0,Legitimate,0.0,Food,Credit Card,Mobile,Delhi,0,105,387.29,206,5,1,2,21,0,0.5975504668857914,0,47.80403735086332,Medium,0,False,NO_ALERT
T101893,CUST4640,2023-04-29 08:51:00,2023-04-01,18.26,0,Legitimate,0.0,Utilities,Debit Card,POS,Delhi,0,40,268.87,1259,8,5,4,29,1,0.2066360835394577,0,16.530886683156616,Low,0,False,NO_ALERT
T101894,CUST1318,2023-11-06 03:52:00,2023-11-01,64.79,0,Legitimate,0.0,Entertainment,Credit Card,Mobile,Bengaluru,0,143,304.37,328,3,0,11,6,0,0.6420016535942085,0,51.360132287536686,High,1,True,HIGH
T101895,CUST3706,2023-04-27 18:23:00,2023-04-01,105.66,0,Legitimate,0.0,Food,Credit Card,Mobile,Mumbai,0,178,317.83,1853,18,3,4,27,0,0.27696934512261784,0,22.157547609809427,Low,0,False,NO_ALERT
T101896,CUST9468,2024-01-19 02:42:00,2024-01-01,76.57,0,Legitimate,0.0,Health,Credit Card,Mobile,Mumbai,0,130,72.18,1966,2,4,1,19,0,0.6035985310925951,0,48.287882487407614,Medium,0,False,NO_ALERT
T101897,CUST4311,2023-07-25 23:03:00,2023-07-01,16.66,0,Legitimate,0.0,Entertainment,PayPal,POS,Chennai,0,181,104.6,258,23,1,7,25,0,0.24129814128701438,0,19.30385130296115,Low,0,False,NO_ALERT
T101898,CUST8998,2023-11-02 18:53:00,2023-11-01,35.13,0,Legitimate,0.0,Travel,Credit Card,Mobile,Mumbai,1,154,266.45,925,18,3,11,2,0,0.6211027708275947,0,49.688221666207575,Medium,0,False,NO_ALERT
T101899,CUST9142,2023-12-28 15:40:00,2023-12-01,122.52,0,Legitimate,0.0,Utilities,UPI,POS,Delhi,0,194,66.46,660,15,3,12,28,0,0.1740433731787352,0,13.923469854298816,Low,0,False,NO_ALERT
T101900,CUST1340,2023-07-20 12:25:00,2023-07-01,64.64,0,Legitimate,0.0,Food,NetBanking,POS,Mumbai,0,75,482.84,299,12,3,7,20,0,0.23356886844341448,0,18.68550947547316,Low,0,False,NO_ALERT
T101901,CUST4169,2023-01-23 05:45:00,2023-01-01,0.42,0,Legitimate,0.0,Grocery,Credit Card,Desktop,Chennai,0,33,258.49,110,5,0,1,23,0,0.44734444997220174,0,35.78755599777614,Medium,0,False,NO_ALERT
T101902,CUST8636,2023-11-17 21:23:00,2023-11-01,114.5,0,Legitimate,0.0,Travel,Credit Card,POS,Hyderabad,0,85,196.24,1725,21,4,11,17,0,0.22836597093426228,0,18.269277674740984,Low,0,False,NO_ALERT
T101903,CUST8256,2023-04-05 22:38:00,2023-04-01,2.88,0,Legitimate,0.0,Food,Credit Card,POS,Mumbai,0,59,87.19,1241,22,2,4,5,0,0.2506246235969583,0,20.049969887756667,Low,0,False,NO_ALERT
T101904,CUST3782,2024-02-04 05:15:00,2024-02-01,109.55,1,Fraudulent,109.55,Health,UPI,Desktop,Mumbai,0,95,214.1,1753,5,6,2,4,1,0.7024507375696812,0,56.196059005574504,High,1,True,HIGH
T101905,CUST8421,2023-01-27 01:55:00,2023-01-01,18.1,0,Legitimate,0.0,Utilities,Credit Card,Desktop,Delhi,0,26,158.19,849,1,4,1,27,0,0.5713597633442763,0,45.708781067542105,Medium,0,False,NO_ALERT
T101906,CUST8649,2024-01-05 11:33:00,2024-01-01,253.75,0,Legitimate,0.0,Electronics,Credit Card,Desktop,Bengaluru,0,103,53.08,530,11,4,1,5,0,0.28477198418752425,1,42.781758735001944,Medium,0,False,NO_ALERT
T101907,CUST9323,2023-06-07 11:05:00,2023-06-01,36.7,0,Legitimate,0.0,Utilities,NetBanking,Mobile,Hyderabad,0,21,483.83,735,11,2,6,7,0,0.22956777302832407,0,18.365421842265928,Low,0,False,NO_ALERT
T101908,CUST7016,2024-01-05 06:29:00,2024-01-01,31.67,0,Legitimate,0.0,Electronics,UPI,Mobile,Bengaluru,0,177,139.84,1540,6,4,1,5,0,0.2764004504086098,0,22.112036032688785,Low,0,False,NO_ALERT
T101909,CUST8833,2023-01-04 09:25:00,2023-01-01,12.9,0,Legitimate,0.0,Grocery,UPI,Desktop,Chennai,0,80,348.33,1825,9,2,1,4,0,0.23108564567868828,0,18.486851654295062,Low,0,False,NO_ALERT
T101910,CUST5253,2023-04-26 03:19:00,2023-04-01,29.18,0,Legitimate,0.0,Travel,Credit Card,Mobile,Chennai,0,71,54.75,1541,3,2,4,26,0,0.6038264098351867,0,48.306112786814936,Medium,0,False,NO_ALERT
T101911,CUST7551,2023-07-23 04:50:00,2023-07-01,167.42,0,Legitimate,0.0,Health,UPI,Desktop,Bengaluru,0,199,457.45,1019,4,6,7,23,1,0.5463637224930217,0,43.709097799441736,Medium,0,False,NO_ALERT
T101912,CUST4317,2023-11-14 10:01:00,2023-11-01,448.7,0,Legitimate,0.0,Food,Debit Card,Mobile,Delhi,0,66,299.47,1531,10,1,11,14,0,0.35561161465863306,1,48.44892917269065,Medium,0,False,NO_ALERT
T101913,CUST4090,2023-08-03 05:49:00,2023-08-01,36.75,0,Legitimate,0.0,Food,UPI,POS,Pune,0,37,331.87,732,5,3,8,3,0,0.6408951956099905,0,51.27161564879924,High,1,True,HIGH
T101914,CUST1253,2023-04-21 14:57:00,2023-04-01,47.63,0,Legitimate,0.0,Electronics,UPI,Mobile,Delhi,0,14,393.07,1342,14,4,4,21,0,0.2000276005285219,0,16.00220804228175,Low,0,False,NO_ALERT
T101915,CUST8885,2023-01-29 21:08:00,2023-01-01,102.43,0,Legitimate,0.0,Health,UPI,Mobile,Pune,0,108,306.9,135,21,6,1,29,1,0.20408070406781584,0,16.326456325425266,Low,0,False,NO_ALERT
T101916,CUST9136,2023-02-03 23:10:00,2023-02-01,173.86,0,Legitimate,0.0,Entertainment,PayPal,POS,Pune,0,135,44.74,670,23,4,2,3,0,0.21240560377737747,1,36.9924483021902,Medium,0,False,NO_ALERT
T101917,CUST1540,2023-04-05 18:01:00,2023-04-01,71.92,0,Legitimate,0.0,Grocery,PayPal,Desktop,Delhi,0,166,220.5,638,18,2,4,5,0,0.26074466011842107,0,20.859572809473686,Low,0,False,NO_ALERT
T101918,CUST9977,2023-04-23 10:39:00,2023-04-01,39.74,0,Legitimate,0.0,Electronics,PayPal,Mobile,Pune,0,173,138.39,1025,10,6,4,23,1,0.22292470441253215,0,17.833976353002573,Low,0,False,NO_ALERT
T101919,CUST9520,2023-06-24 05:52:00,2023-06-01,42.57,0,Legitimate,0.0,Electronics,UPI,Mobile,Pune,0,150,248.49,1038,5,5,6,24,1,0.5734726513879189,0,45.87781211103351,Medium,0,False,NO_ALERT
T101920,CUST1930,2023-06-30 16:55:00,2023-06-01,95.16,0,Legitimate,0.0,Grocery,Debit Card,POS,Pune,0,172,208.12,1629,16,4,6,30,0,0.22210605769351857,0,17.768484615481487,Low,0,False,NO_ALERT
T101921,CUST5446,2023-04-27 01:12:00,2023-04-01,0.26,0,Legitimate,0.0,Travel,UPI,POS,Hyderabad,0,81,415.0,1693,1,3,4,27,0,0.474790674911957,0,37.98325399295656,Medium,0,False,NO_ALERT
T101922,CUST7633,2023-12-25 12:45:00,2023-12-01,77.32,0,Legitimate,0.0,Food,Credit Card,POS,Chennai,0,80,131.05,1276,12,0,12,25,0,0.2041926396517608,0,16.335411172140862,Low,0,False,NO_ALERT
T101923,CUST4060,2023-11-28 08:24:00,2023-11-01,35.14,0,Legitimate,0.0,Travel,Debit Card,POS,Pune,0,103,108.64,1858,8,1,11,28,0,0.20381096110968547,0,16.30487688877484,Low,0,False,NO_ALERT
T101924,CUST9055,2023-02-17 10:35:00,2023-02-01,126.47,0,Legitimate,0.0,Health,PayPal,Desktop,Chennai,0,35,479.46,411,10,4,2,17,0,0.21659401898323172,0,17.32752151865854,Low,0,False,NO_ALERT
T101925,CUST2012,2023-01-06 15:39:00,2023-01-01,7.81,0,Legitimate,0.0,Entertainment,NetBanking,Mobile,Kolkata,0,102,475.26,867,15,4,1,6,0,0.222697435956945,0,17.8157948765556,Low,0,False,NO_ALERT
T101926,CUST7303,2023-11-01 02:52:00,2023-11-01,70.98,0,Legitimate,0.0,Utilities,Debit Card,Mobile,Chennai,0,188,496.8,1956,2,2,11,1,0,0.5198912072198162,0,41.5912965775853,Medium,0,False,NO_ALERT
T101927,CUST7602,2023-01-31 17:33:00,2023-01-01,52.46,0,Legitimate,0.0,Fashion,PayPal,Mobile,Kolkata,0,131,288.51,133,17,1,1,31,0,0.22767829925129335,0,18.214263940103468,Low,0,False,NO_ALERT
T101928,CUST9218,2023-10-21 05:34:00,2023-10-01,82.25,0,Legitimate,0.0,Fashion,Debit Card,Mobile,Hyderabad,0,118,65.44,693,5,5,10,21,1,0.5238970234854441,0,41.911761878835534,Medium,0,False,NO_ALERT
T101929,CUST1248,2023-09-08 19:41:00,2023-09-01,5.36,0,Legitimate,0.0,Fashion,Debit Card,Desktop,Chennai,0,195,441.28,1167,19,4,9,8,0,0.23126667393624661,0,18.50133391489973,Low,0,False,NO_ALERT
T101930,CUST9121,2023-12-08 21:09:00,2023-12-01,69.4,0,Legitimate,0.0,Grocery,UPI,Mobile,Bengaluru,0,95,81.11,1561,21,4,12,8,0,0.2208457272771703,0,17.667658182173625,Low,0,False,NO_ALERT
T101931,CUST5179,2023-11-24 17:07:00,2023-11-01,65.95,0,Legitimate,0.0,Electronics,Credit Card,Desktop,Mumbai,0,55,86.24,1108,17,4,11,24,0,0.1785724065877438,0,14.285792527019504,Low,0,False,NO_ALERT
T101932,CUST3624,2024-01-14 10:59:00,2024-01-01,65.8,0,Legitimate,0.0,Entertainment,NetBanking,Desktop,Hyderabad,0,9,104.76,150,10,6,1,14,1,0.2686298406005895,0,21.49038724804716,Low,0,False,NO_ALERT
T101933,CUST6303,2023-06-18 17:46:00,2023-06-01,74.0,0,Legitimate,0.0,Travel,PayPal,POS,Mumbai,0,69,330.18,1270,17,6,6,18,1,0.22348132387129652,0,17.878505909703723,Low,0,False,NO_ALERT
T101934,CUST4614,2023-05-13 13:08:00,2023-05-01,90.28,0,Legitimate,0.0,Utilities,Debit Card,POS,Bengaluru,0,28,62.53,1688,13,5,5,13,1,0.21259166938460938,0,17.007333550768752,Low,0,False,NO_ALERT
T101935,CUST5436,2023-12-29 11:28:00,2023-12-01,130.78,0,Legitimate,0.0,Food,NetBanking,Mobile,Delhi,0,143,391.36,1056,11,4,12,29,0,0.20127290205231893,0,16.101832164185517,Low,0,False,NO_ALERT
T101936,CUST3162,2024-01-13 06:40:00,2024-01-01,25.16,0,Legitimate,0.0,Fashion,Debit Card,Desktop,Delhi,0,113,38.54,1145,6,5,1,13,1,0.27308061378517784,0,21.84644910281423,Low,0,False,NO_ALERT
T101937,CUST6181,2023-05-26 15:06:00,2023-05-01,139.46,0,Legitimate,0.0,Travel,Credit Card,POS,Pune,0,31,64.12,436,15,4,5,26,0,0.2218200734393448,0,17.745605875147586,Low,0,False,NO_ALERT
T101938,CUST4017,2023-04-16 17:28:00,2023-04-01,55.17,0,Legitimate,0.0,Fashion,NetBanking,Desktop,Delhi,0,59,222.9,705,17,6,4,16,1,0.20294546423287327,0,16.235637138629862,Low,0,False,NO_ALERT
T101939,CUST8175,2023-07-03 16:26:00,2023-07-01,6.42,0,Legitimate,0.0,Entertainment,PayPal,POS,Hyderabad,1,82,195.79,470,16,0,7,3,0,0.6107186322145408,0,48.85749057716327,Medium,0,False,NO_ALERT
T101940,CUST7568,2023-11-04 04:58:00,2023-11-01,4.83,0,Legitimate,0.0,Fashion,Debit Card,Desktop,Delhi,0,54,494.96,1684,4,5,11,4,1,0.5356929336101044,0,42.85543468880835,Medium,0,False,NO_ALERT
T101941,CUST3824,2023-03-11 20:03:00,2023-03-01,32.55,0,Legitimate,0.0,Food,Credit Card,Mobile,Hyderabad,0,196,483.76,461,20,5,3,11,1,0.2804563960854438,0,22.436511686835505,Low,0,False,NO_ALERT
T101942,CUST2923,2024-01-13 23:05:00,2024-01-01,122.93,0,Legitimate,0.0,Utilities,NetBanking,Mobile,Hyderabad,0,175,102.94,938,23,5,1,13,1,0.17814136479964118,0,14.251309183971296,Low,0,False,NO_ALERT
T101943,CUST9320,2024-02-12 08:45:00,2024-02-01,98.39,0,Legitimate,0.0,Health,Debit Card,Desktop,Mumbai,0,42,473.87,90,8,0,2,12,0,0.27316074335479923,0,21.85285946838394,Low,0,False,NO_ALERT
T101944,CUST5978,2023-08-23 09:47:00,2023-08-01,124.33,0,Legitimate,0.0,Health,Debit Card,POS,Delhi,0,23,349.21,755,9,2,8,23,0,0.2374822659656637,0,18.9985812772531,Low,0,False,NO_ALERT
T101945,CUST1111,2023-06-22 07:37:00,2023-06-01,58.26,0,Legitimate,0.0,Entertainment,PayPal,POS,Chennai,0,109,210.33,1526,7,3,6,22,0,0.22945309082283757,0,18.356247265827005,Low,0,False,NO_ALERT
T101946,CUST3306,2023-07-28 16:26:00,2023-07-01,46.41,0,Legitimate,0.0,Health,Credit Card,Mobile,Kolkata,0,86,372.42,1300,16,4,7,28,0,0.22146919814191254,0,17.717535851353002,Low,0,False,NO_ALERT
T101947,CUST1674,2023-06-28 13:29:00,2023-06-01,12.76,0,Legitimate,0.0,Grocery,UPI,Mobile,Delhi,0,65,451.07,1800,13,2,6,28,0,0.21437460309262327,0,17.149968247409863,Low,0,False,NO_ALERT
T101948,CUST2683,2023-10-10 08:30:00,2023-10-01,31.82,0,Legitimate,0.0,Electronics,Debit Card,Mobile,Delhi,0,89,98.27,1973,8,1,10,10,0,0.2203905829221188,0,17.631246633769504,Low,0,False,NO_ALERT
T101949,CUST7794,2024-01-17 15:27:00,2024-01-01,45.54,0,Legitimate,0.0,Grocery,NetBanking,POS,Delhi,0,54,106.03,968,15,2,1,17,0,0.2116983369053742,0,16.935866952429937,Low,0,False,NO_ALERT
T101950,CUST2524,2023-08-09 22:43:00,2023-08-01,7.42,0,Legitimate,0.0,Travel,PayPal,POS,Pune,0,118,210.27,898,22,2,8,9,0,0.21615515082335895,0,17.292412065868717,Low,0,False,NO_ALERT
T101951,CUST2933,2023-06-27 02:03:00,2023-06-01,19.94,0,Legitimate,0.0,Grocery,PayPal,Mobile,Chennai,0,105,92.91,1425,2,1,6,27,0,0.6155174841360664,0,49.24139873088532,Medium,0,False,NO_ALERT
T101952,CUST9258,2023-04-13 02:23:00,2023-04-01,72.95,1,Fraudulent,72.95,Travel,Debit Card,Desktop,Chennai,0,11,186.59,1342,2,3,4,13,0,0.7457903377686983,0,59.66322702149587,High,1,True,HIGH
T101953,CUST1537,2023-06-08 23:59:00,2023-06-01,106.44,0,Legitimate,0.0,Travel,Debit Card,POS,Hyderabad,0,63,326.39,1643,23,3,6,8,0,0.24540318858372212,0,19.63225508669777,Low,0,False,NO_ALERT
T101954,CUST9095,2023-12-18 03:30:00,2023-12-01,512.44,1,Fraudulent,512.44,Electronics,Debit Card,Mobile,Chennai,1,22,408.28,1077,3,0,12,18,0,0.8283361668950251,1,86.26689335160201,Critical,1,True,CRITICAL
T101955,CUST4588,2023-12-26 02:53:00,2023-12-01,216.38,0,Legitimate,0.0,Food,UPI,Desktop,Hyderabad,0,182,157.95,435,2,1,12,26,0,0.522111691529468,0,41.76893532235744,Medium,0,False,NO_ALERT
T101956,CUST3973,2024-01-23 18:52:00,2024-01-01,82.3,0,Legitimate,0.0,Utilities,Debit Card,POS,Kolkata,0,117,148.05,1361,18,1,1,23,0,0.214444337025108,0,17.15554696200864,Low,0,False,NO_ALERT
T101957,CUST5261,2023-07-08 15:37:00,2023-07-01,43.75,0,Legitimate,0.0,Entertainment,Credit Card,Desktop,Mumbai,0,164,392.07,642,15,5,7,8,1,0.2719048100916513,0,21.752384807332106,Low,0,False,NO_ALERT
T101958,CUST6866,2023-06-14 08:31:00,2023-06-01,80.89,0,Legitimate,0.0,Electronics,NetBanking,Desktop,Hyderabad,0,58,196.7,1425,8,2,6,14,0,0.20982243569561423,0,16.78579485564914,Low,0,False,NO_ALERT
T101959,CUST5111,2023-11-10 02:14:00,2023-11-01,123.21,0,Legitimate,0.0,Entertainment,Debit Card,POS,Delhi,0,20,411.05,1816,2,4,11,10,0,0.6359736645481406,0,50.877893163851255,High,1,True,HIGH
T101960,CUST3301,2023-05-02 03:53:00,2023-05-01,10.08,0,Legitimate,0.0,Health,UPI,Mobile,Bengaluru,0,144,496.76,1688,3,1,5,2,0,0.5716286609912011,0,45.730292879296094,Medium,0,False,NO_ALERT
T101961,CUST9921,2024-02-08 21:21:00,2024-02-01,42.2,0,Legitimate,0.0,Health,NetBanking,Desktop,Bengaluru,0,184,490.04,244,21,3,2,8,0,0.20353673619721188,0,16.28293889577695,Low,0,False,NO_ALERT
T101962,CUST5372,2023-02-03 04:33:00,2023-02-01,146.51,0,Legitimate,0.0,Grocery,PayPal,Mobile,Pune,0,93,334.72,291,4,4,2,3,0,0.5969734820352846,0,47.75787856282277,Medium,0,False,NO_ALERT
T101963,CUST7707,2023-09-27 23:30:00,2023-09-01,38.74,0,Legitimate,0.0,Travel,Debit Card,POS,Delhi,0,50,193.85,944,23,2,9,27,0,0.23391756641782738,0,18.71340531342619,Low,0,False,NO_ALERT
T101964,CUST3863,2024-02-06 02:15:00,2024-02-01,67.87,0,Legitimate,0.0,Fashion,NetBanking,Desktop,Hyderabad,0,90,42.09,1897,2,1,2,6,0,0.5776645383031689,0,46.213163064253514,Medium,0,False,NO_ALERT
T101965,CUST7203,2023-06-07 04:29:00,2023-06-01,70.89,1,Fraudulent,70.89,Fashion,PayPal,Desktop,Delhi,0,104,371.64,1399,4,2,6,7,0,0.6784898703375244,0,54.279189627001955,High,1,True,HIGH
T101966,CUST2644,2023-01-03 06:29:00,2023-01-01,16.31,0,Legitimate,0.0,Entertainment,UPI,Desktop,Pune,0,194,489.2,1466,6,1,1,3,0,0.2536288814956512,0,20.2903105196521,Low,0,False,NO_ALERT
T101967,CUST1351,2023-06-16 17:04:00,2023-06-01,35.98,0,Legitimate,0.0,Travel,Credit Card,Desktop,Chennai,0,127,43.31,152,17,4,6,16,0,0.22726412096009863,0,18.181129676807892,Low,0,False,NO_ALERT
T101968,CUST2072,2023-01-11 19:24:00,2023-01-01,32.58,0,Legitimate,0.0,Entertainment,Debit Card,Desktop,Hyderabad,0,113,13.02,793,19,2,1,11,0,0.2187048051047561,0,17.49638440838049,Low,0,False,NO_ALERT
T101969,CUST2958,2024-01-09 02:46:00,2024-01-01,2.12,1,Fraudulent,2.12,Electronics,Credit Card,POS,Kolkata,0,74,417.57,349,2,1,1,9,0,0.6973285047771608,0,55.78628038217287,High,1,True,HIGH
T101970,CUST9746,2023-04-06 08:11:00,2023-04-01,1.96,0,Legitimate,0.0,Food,UPI,Desktop,Delhi,0,13,60.11,1963,8,3,4,6,0,0.21004929929167132,0,16.803943943333707,Low,0,False,NO_ALERT
T101971,CUST8137,2023-09-03 12:26:00,2023-09-01,142.56,1,Fraudulent,142.56,Utilities,NetBanking,POS,Chennai,0,15,50.0,1390,12,6,9,3,1,0.5439627838163507,1,63.51702270530805,High,1,True,HIGH
T101972,CUST1123,2024-02-07 12:09:00,2024-02-01,25.51,0,Legitimate,0.0,Electronics,NetBanking,Mobile,Pune,0,73,456.06,187,12,2,2,7,0,0.21446392424101002,0,17.1571139392808,Low,0,False,NO_ALERT
T101973,CUST5397,2023-03-10 00:01:00,2023-03-01,58.4,0,Legitimate,0.0,Travel,UPI,POS,Chennai,1,27,48.98,1380,0,4,3,10,0,0.7384995970356678,1,79.07996776285343,Critical,1,True,CRITICAL
T101974,CUST7056,2023-09-21 13:35:00,2023-09-01,28.39,0,Legitimate,0.0,Travel,UPI,Desktop,Hyderabad,0,136,65.87,1714,13,3,9,21,0,0.2190736264651661,0,17.52589011721329,Low,0,False,NO_ALERT
T101975,CUST6814,2023-03-12 02:50:00,2023-03-01,225.98,0,Legitimate,0.0,Food,Debit Card,Mobile,Pune,0,198,289.09,1118,2,6,3,12,1,0.5552225711865024,0,44.4178056949202,Medium,0,False,NO_ALERT
T101976,CUST1781,2024-02-15 18:55:00,2024-02-01,24.01,0,Legitimate,0.0,Entertainment,PayPal,POS,Pune,0,178,380.84,398,18,3,2,15,0,0.216841010727478,0,17.347280858198243,Low,0,False,NO_ALERT
T101977,CUST7535,2023-09-20 13:00:00,2023-09-01,44.92,1,Fraudulent,44.92,Grocery,Credit Card,POS,Pune,1,88,205.79,899,13,2,9,20,0,0.7388697310334982,0,59.10957848267986,High,1,True,HIGH
T101978,CUST7105,2023-10-25 01:51:00,2023-10-01,164.92,0,Legitimate,0.0,Grocery,Credit Card,POS,Mumbai,0,195,216.09,1057,1,2,10,25,0,0.6046712524393377,0,48.37370019514702,Medium,0,False,NO_ALERT
T101979,CUST2770,2023-10-25 05:04:00,2023-10-01,147.58,1,Fraudulent,147.58,Food,NetBanking,Desktop,Pune,0,154,319.99,715,5,2,10,25,0,0.6734295177682736,0,53.87436142146189,High,1,True,HIGH
T101980,CUST3500,2023-01-06 17:52:00,2023-01-01,16.47,0,Legitimate,0.0,Grocery,NetBanking,Desktop,Mumbai,0,36,257.66,1701,17,4,1,6,0,0.1993085067595498,0,15.944680540763986,Low,0,False,NO_ALERT
T101981,CUST6879,2024-01-05 07:50:00,2024-01-01,129.82,0,Legitimate,0.0,Fashion,Debit Card,POS,Chennai,0,149,19.13,943,7,4,1,5,0,0.4018118835160054,1,52.144950681280434,High,1,True,HIGH
T101982,CUST3521,2023-09-27 17:11:00,2023-09-01,49.03,0,Legitimate,0.0,Grocery,UPI,POS,Kolkata,0,52,65.66,1809,17,2,9,27,0,0.22859996081762318,0,18.287996865409855,Low,0,False,NO_ALERT
T101983,CUST6188,2023-02-16 11:39:00,2023-02-01,52.77,0,Legitimate,0.0,Grocery,Credit Card,Mobile,Mumbai,0,139,294.98,1113,11,3,2,16,0,0.2682613375585609,0,21.460907004684874,Low,0,False,NO_ALERT
T101984,CUST2171,2023-10-20 07:31:00,2023-10-01,11.46,0,Legitimate,0.0,Grocery,Debit Card,Desktop,Chennai,0,8,398.89,1098,7,4,10,20,0,0.21333474083449475,0,17.06677926675958,Low,0,False,NO_ALERT
T101985,CUST7257,2024-02-17 03:06:00,2024-02-01,6.72,0,Legitimate,0.0,Fashion,NetBanking,Desktop,Mumbai,0,57,383.92,613,3,5,2,17,1,0.5628535664114803,0,45.02828531291843,Medium,0,False,NO_ALERT
T101986,CUST4005,2023-06-11 11:17:00,2023-06-01,104.14,0,Legitimate,0.0,Entertainment,NetBanking,Mobile,Chennai,0,110,372.63,1660,11,6,6,11,1,0.25185142118973103,0,20.148113695178484,Low,0,False,NO_ALERT
T101987,CUST3492,2023-07-19 08:32:00,2023-07-01,54.89,0,Legitimate,0.0,Grocery,Credit Card,POS,Chennai,0,174,387.92,572,8,2,7,19,0,0.2473672154111195,0,19.789377232889564,Low,0,False,NO_ALERT
T101988,CUST1020,2024-01-15 06:44:00,2024-01-01,45.94,0,Legitimate,0.0,Health,NetBanking,POS,Kolkata,0,130,31.78,185,6,0,1,15,0,0.2171451910852016,0,17.37161528681613,Low,0,False,NO_ALERT
T101989,CUST4330,2023-01-25 11:06:00,2023-01-01,104.6,0,Legitimate,0.0,Fashion,NetBanking,Mobile,Pune,0,64,448.6,917,11,2,1,25,0,0.20015866431856744,0,16.012693145485397,Low,0,False,NO_ALERT
T101990,CUST5998,2023-06-28 00:07:00,2023-06-01,116.03,0,Legitimate,0.0,Food,PayPal,POS,Kolkata,0,180,445.75,781,0,2,6,28,0,0.6261727479482648,0,50.09381983586119,High,1,True,HIGH
T101991,CUST8117,2023-03-01 08:29:00,2023-03-01,13.84,0,Legitimate,0.0,Electronics,UPI,POS,Kolkata,0,193,270.64,93,8,2,3,1,0,0.1965844747618848,0,15.726757980950783,Low,0,False,NO_ALERT
T101992,CUST6126,2023-11-14 06:03:00,2023-11-01,75.37,0,Legitimate,0.0,Food,NetBanking,Mobile,Pune,0,11,131.81,450,6,1,11,14,0,0.20033329918592224,0,16.026663934873778,Low,0,False,NO_ALERT
T101993,CUST4144,2023-07-13 05:33:00,2023-07-01,11.63,0,Legitimate,0.0,Electronics,PayPal,Mobile,Chennai,0,134,300.17,352,5,3,7,13,0,0.5746667003582369,0,45.97333602865895,Medium,0,False,NO_ALERT
T101994,CUST8189,2023-04-16 23:21:00,2023-04-01,111.34,0,Legitimate,0.0,Utilities,Debit Card,Mobile,Pune,0,96,283.36,1162,23,6,4,16,1,0.21028562289410907,0,16.822849831528725,Low,0,False,NO_ALERT
T101995,CUST9394,2023-07-30 14:13:00,2023-07-01,85.59,0,Legitimate,0.0,Food,NetBanking,POS,Chennai,0,76,119.25,1516,14,6,7,30,1,0.20190768316726082,0,16.152614653380866,Low,0,False,NO_ALERT
T101996,CUST8330,2023-02-05 18:00:00,2023-02-01,251.01,0,Legitimate,0.0,Health,Debit Card,Mobile,Pune,0,64,305.53,1633,18,6,2,5,1,0.2665428425915564,1,41.323427407324516,Medium,0,False,NO_ALERT
T101997,CUST9613,2023-03-20 07:21:00,2023-03-01,5.72,0,Legitimate,0.0,Electronics,NetBanking,POS,Bengaluru,0,101,400.67,576,7,0,3,20,0,0.23715226238786397,0,18.972180991029116,Low,0,False,NO_ALERT
T101998,CUST3172,2023-08-11 19:16:00,2023-08-01,4.7,0,Legitimate,0.0,Electronics,Credit Card,Desktop,Mumbai,1,93,404.99,280,19,4,8,11,0,0.5631035250804787,1,65.0482820064383,High,1,True,HIGH
T101999,CUST9390,2023-10-30 06:46:00,2023-10-01,26.52,0,Legitimate,0.0,Travel,PayPal,Desktop,Kolkata,0,183,39.25,895,6,0,10,30,0,0.23719859235533594,0,18.975887388426877,Low,0,False,NO_ALERT
T102000,CUST1895,2024-01-23 20:50:00,2024-01-01,24.27,0,Legitimate,0.0,Electronics,PayPal,Mobile,Chennai,0,44,106.61,539,20,1,1,23,0,0.19965821775713263,0,15.972657420570611,Low,0,False,NO_ALERT
T102001,CUST3943,2023-09-10 16:33:00,2023-09-01,22.69,0,Legitimate,0.0,Electronics,Credit Card,POS,Delhi,0,142,337.43,1601,16,6,9,10,1,0.22255554067153244,0,17.804443253722596,Low,0,False,NO_ALERT
T102002,CUST4224,2023-09-22 01:08:00,2023-09-01,189.37,0,Legitimate,0.0,Travel,UPI,POS,Pune,0,83,431.32,470,1,4,9,22,0,0.5813144522527322,0,46.50515618021858,Medium,0,False,NO_ALERT
T102003,CUST2832,2023-08-28 16:26:00,2023-08-01,22.97,0,Legitimate,0.0,Grocery,PayPal,POS,Pune,0,133,265.4,483,16,0,8,28,0,0.22535138987951156,0,18.028111190360928,Low,0,False,NO_ALERT
T102004,CUST2641,2023-03-03 06:24:00,2023-03-01,25.39,0,Legitimate,0.0,Grocery,Debit Card,Mobile,Hyderabad,0,99,356.69,673,6,4,3,3,0,0.22120662357293563,0,17.696529885834853,Low,0,False,NO_ALERT
T102005,CUST2618,2024-02-10 00:01:00,2024-02-01,113.97,0,Legitimate,0.0,Travel,PayPal,POS,Delhi,0,25,20.33,846,0,5,2,10,1,0.5638612034175111,1,65.10889627340089,High,1,True,HIGH
T102006,CUST8728,2023-09-03 20:21:00,2023-09-01,47.79,0,Legitimate,0.0,Fashion,UPI,POS,Delhi,0,178,308.13,1787,20,6,9,3,1,0.2364617543611002,0,18.916940348888016,Low,0,False,NO_ALERT
T102007,CUST7623,2024-01-07 17:42:00,2024-01-01,119.94,0,Legitimate,0.0,Utilities,Debit Card,POS,Kolkata,0,102,481.34,708,17,6,1,7,1,0.22752599619438107,0,18.202079695550488,Low,0,False,NO_ALERT
T102008,CUST7576,2023-09-13 08:28:00,2023-09-01,5.41,0,Legitimate,0.0,Electronics,Debit Card,Desktop,Bengaluru,0,73,333.9,303,8,2,9,13,0,0.2500743421870556,0,20.00594737496445,Low,0,False,NO_ALERT
T102009,CUST2897,2023-04-15 02:06:00,2023-04-01,53.49,1,Fraudulent,53.49,Electronics,Credit Card,POS,Mumbai,0,122,461.92,89,2,5,4,15,1,0.6889848288737808,0,55.11878630990247,High,1,True,HIGH
T102010,CUST8631,2023-07-14 13:02:00,2023-07-01,2.74,0,Legitimate,0.0,Travel,NetBanking,Desktop,Bengaluru,0,71,287.34,371,13,4,7,14,0,0.2117477284475202,0,16.939818275801617,Low,0,False,NO_ALERT
T102011,CUST6467,2023-08-30 08:45:00,2023-08-01,5.18,0,Legitimate,0.0,Travel,Credit Card,POS,Mumbai,0,117,423.26,1447,8,2,8,30,0,0.29915537217661287,0,23.93242977412903,Low,0,False,NO_ALERT
T102012,CUST8938,2023-10-23 09:18:00,2023-10-01,189.53,0,Legitimate,0.0,Fashion,NetBanking,POS,Chennai,0,82,70.84,142,9,0,10,23,0,0.22362307113777874,0,17.8898456910223,Low,0,False,NO_ALERT
T102013,CUST4503,2023-01-17 09:19:00,2023-01-01,12.0,0,Legitimate,0.0,Health,Credit Card,POS,Kolkata,0,130,70.52,1274,9,1,1,17,0,0.23744635461864905,0,18.995708369491926,Low,0,False,NO_ALERT
T102014,CUST6311,2023-08-14 18:13:00,2023-08-01,60.81,0,Legitimate,0.0,Grocery,NetBanking,Desktop,Bengaluru,0,116,68.89,1844,18,0,8,14,0,0.21088052183515946,0,16.870441746812755,Low,0,False,NO_ALERT
T102015,CUST2035,2023-11-09 19:56:00,2023-11-01,42.36,0,Legitimate,0.0,Food,PayPal,POS,Hyderabad,0,10,249.54,97,19,3,11,9,0,0.23245555921494354,0,18.596444737195483,Low,0,False,NO_ALERT
T102016,CUST3730,2023-08-12 13:58:00,2023-08-01,34.14,0,Legitimate,0.0,Health,Debit Card,Mobile,Mumbai,0,130,171.83,1368,13,5,8,12,1,0.2355037894979661,0,18.840303159837287,Low,0,False,NO_ALERT
T102017,CUST3099,2023-10-22 14:55:00,2023-10-01,184.07,0,Legitimate,0.0,Entertainment,NetBanking,POS,Bengaluru,0,60,362.4,496,14,6,10,22,1,0.24774304953916598,0,19.81944396313328,Low,0,False,NO_ALERT
T102018,CUST1292,2023-10-13 02:01:00,2023-10-01,1.77,1,Fraudulent,1.77,Grocery,PayPal,Desktop,Kolkata,0,45,452.28,887,2,4,10,13,0,0.6808371775070353,0,54.466974200562824,High,1,True,HIGH
T102019,CUST1495,2023-05-25 00:10:00,2023-05-01,87.2,1,Fraudulent,87.2,Electronics,UPI,Desktop,Hyderabad,0,136,313.49,292,0,3,5,25,0,0.6767906681312483,0,54.14325345049987,High,1,True,HIGH
T102020,CUST1990,2023-08-24 15:25:00,2023-08-01,264.6,0,Legitimate,0.0,Entertainment,Credit Card,Mobile,Kolkata,0,186,114.47,1834,15,3,8,24,0,0.20304658143224968,1,36.243726514579976,Medium,0,False,NO_ALERT
T102021,CUST3085,2023-03-26 18:11:00,2023-03-01,65.71,0,Legitimate,0.0,Health,UPI,Mobile,Delhi,0,119,466.13,1184,18,6,3,26,1,0.2136808591013282,0,17.094468728106257,Low,0,False,NO_ALERT
T102022,CUST4951,2023-08-26 21:43:00,2023-08-01,220.94,0,Legitimate,0.0,Travel,PayPal,Mobile,Pune,0,7,268.65,453,21,5,8,26,1,0.2634500798784714,1,41.07600639027771,Medium,0,False,NO_ALERT
T102023,CUST7870,2023-01-11 16:43:00,2023-01-01,4.29,0,Legitimate,0.0,Fashion,UPI,Desktop,Chennai,0,72,362.77,1320,16,2,1,11,0,0.22430022699042002,0,17.944018159233604,Low,0,False,NO_ALERT
T102024,CUST5322,2023-05-07 09:02:00,2023-05-01,43.41,0,Legitimate,0.0,Grocery,UPI,POS,Kolkata,0,21,446.35,749,9,6,5,7,1,0.22814301731205042,0,18.251441384964036,Low,0,False,NO_ALERT
T102025,CUST5162,2023-02-27 20:46:00,2023-02-01,24.11,0,Legitimate,0.0,Fashion,PayPal,POS,Chennai,0,97,495.02,1265,20,0,2,27,0,0.25563458783887044,0,20.450767027109634,Low,0,False,NO_ALERT
T102026,CUST3744,2024-01-25 18:37:00,2024-01-01,104.99,0,Legitimate,0.0,Entertainment,Debit Card,Mobile,Kolkata,0,47,257.97,592,18,3,1,25,0,0.2366719831047943,0,18.93375864838354,Low,0,False,NO_ALERT
T102027,CUST1572,2024-01-27 19:43:00,2024-01-01,318.33,0,Legitimate,0.0,Grocery,NetBanking,Mobile,Delhi,0,1,405.95,1012,19,5,1,27,1,0.22481914519129698,1,37.985531615303756,Medium,0,False,NO_ALERT
T102028,CUST4864,2023-05-10 09:33:00,2023-05-01,23.71,0,Legitimate,0.0,Utilities,Credit Card,POS,Kolkata,0,140,287.76,948,9,2,5,10,0,0.24310745022411528,0,19.448596017929223,Low,0,False,NO_ALERT
T102029,CUST7648,2023-05-26 16:52:00,2023-05-01,84.95,0,Legitimate,0.0,Utilities,NetBanking,Mobile,Kolkata,0,176,248.36,317,16,4,5,26,0,0.1965735847257094,0,15.725886778056754,Low,0,False,NO_ALERT
T102030,CUST5416,2023-09-03 21:14:00,2023-09-01,17.66,0,Legitimate,0.0,Health,Credit Card,POS,Bengaluru,0,128,273.48,454,21,6,9,3,1,0.2615368283394055,0,20.92294626715244,Low,0,False,NO_ALERT
T102031,CUST4445,2023-03-13 14:57:00,2023-03-01,66.65,0,Legitimate,0.0,Electronics,NetBanking,POS,Pune,0,94,247.29,583,14,0,3,13,0,0.18924742557967744,0,15.139794046374195,Low,0,False,NO_ALERT
T102032,CUST8423,2023-04-24 10:43:00,2023-04-01,49.88,0,Legitimate,0.0,Utilities,UPI,POS,Delhi,0,132,216.3,788,10,0,4,24,0,0.21382579813240274,0,17.106063850592218,Low,0,False,NO_ALERT
T102033,CUST2645,2023-06-18 09:43:00,2023-06-01,286.06,0,Legitimate,0.0,Utilities,Debit Card,POS,Hyderabad,0,34,364.62,1987,9,6,6,18,1,0.23863717653420077,0,19.090974122736064,Low,0,False,NO_ALERT
T102034,CUST3585,2023-07-22 00:01:00,2023-07-01,75.03,0,Legitimate,0.0,Food,UPI,Desktop,Pune,0,87,132.34,1760,0,5,7,22,1,0.5964518137494238,0,47.716145099953906,Medium,0,False,NO_ALERT
T102035,CUST1798,2023-09-07 23:46:00,2023-09-01,34.4,0,Legitimate,0.0,Fashion,Debit Card,POS,Mumbai,0,32,312.03,273,23,3,9,7,0,0.22975419760162427,0,18.380335808129942,Low,0,False,NO_ALERT
T102036,CUST2752,2023-01-31 21:45:00,2023-01-01,9.69,0,Legitimate,0.0,Fashion,PayPal,Mobile,Bengaluru,0,3,359.35,1765,21,1,1,31,0,0.24181781390608076,0,19.345425112486463,Low,0,False,NO_ALERT
T102037,CUST7819,2023-05-27 05:05:00,2023-05-01,13.12,0,Legitimate,0.0,Utilities,Credit Card,Mobile,Pune,0,68,447.12,1923,5,5,5,27,1,0.5575451085298139,0,44.603608682385115,Medium,0,False,NO_ALERT
T102038,CUST5201,2023-04-21 17:48:00,2023-04-01,20.42,0,Legitimate,0.0,Food,Credit Card,Mobile,Mumbai,0,57,172.62,1686,17,4,4,21,0,0.25462497747002166,0,20.369998197601735,Low,0,False,NO_ALERT
T102039,CUST4514,2023-06-21 18:49:00,2023-06-01,23.12,0,Legitimate,0.0,Fashion,PayPal,Mobile,Delhi,0,114,431.69,1029,18,2,6,21,0,0.22864150219448537,0,18.29132017555883,Low,0,False,NO_ALERT
T102040,CUST8958,2023-01-08 17:14:00,2023-01-01,152.1,0,Legitimate,0.0,Fashion,NetBanking,Desktop,Kolkata,0,152,473.19,1387,17,6,1,8,1,0.2579789113956403,0,20.638312911651223,Low,0,False,NO_ALERT
T102041,CUST1269,2023-01-18 13:53:00,2023-01-01,65.9,0,Legitimate,0.0,Grocery,PayPal,POS,Chennai,0,33,327.85,357,13,2,1,18,0,0.2246276882054457,0,17.97021505643566,Low,0,False,NO_ALERT
T102042,CUST1311,2023-05-27 09:18:00,2023-05-01,59.28,0,Legitimate,0.0,Grocery,PayPal,POS,Pune,1,131,388.0,744,9,5,5,27,1,0.6177398727332228,0,49.41918981865783,Medium,0,False,NO_ALERT
T102043,CUST8494,2023-10-25 18:56:00,2023-10-01,9.75,0,Legitimate,0.0,Food,Debit Card,Mobile,Pune,0,132,208.8,1159,18,2,10,25,0,0.21427156633930955,0,17.141725307144764,Low,0,False,NO_ALERT
T102044,CUST5712,2023-05-17 08:09:00,2023-05-01,157.37,0,Legitimate,0.0,Entertainment,PayPal,Mobile,Mumbai,1,30,476.55,1815,8,2,5,17,0,0.560082336674734,1,64.80658693397872,High,1,True,HIGH
T102045,CUST5469,2023-06-21 12:45:00,2023-06-01,102.65,0,Legitimate,0.0,Electronics,Credit Card,Mobile,Mumbai,0,70,338.72,1940,12,2,6,21,0,0.22777785987008453,0,18.222228789606763,Low,0,False,NO_ALERT
T102046,CUST2078,2023-10-22 13:27:00,2023-10-01,5.61,0,Legitimate,0.0,Health,UPI,POS,Chennai,0,49,161.98,1991,13,6,10,22,1,0.25302096584235395,0,20.24167726738832,Low,0,False,NO_ALERT
T102047,CUST6087,2023-10-09 22:32:00,2023-10-01,98.43,0,Legitimate,0.0,Utilities,Debit Card,Desktop,Mumbai,0,30,208.09,1992,22,0,10,9,0,0.2707373593387268,0,21.658988747098142,Low,0,False,NO_ALERT
T102048,CUST8538,2023-08-23 07:32:00,2023-08-01,62.74,0,Legitimate,0.0,Utilities,Debit Card,Desktop,Mumbai,1,82,312.7,830,7,2,8,23,0,0.6230270150974778,0,49.84216120779823,Medium,0,False,NO_ALERT
T102049,CUST9763,2024-02-19 19:33:00,2024-02-01,6.82,0,Legitimate,0.0,Health,NetBanking,Desktop,Pune,0,144,124.73,1132,19,0,2,19,0,0.1856022078798741,0,14.84817663038993,Low,0,False,NO_ALERT
T102050,CUST4589,2023-08-01 05:36:00,2023-08-01,49.04,0,Legitimate,0.0,Utilities,UPI,Desktop,Chennai,0,181,379.42,1218,5,1,8,1,0,0.6220779741863408,0,49.76623793490727,Medium,0,False,NO_ALERT
T102051,CUST5837,2023-08-05 06:07:00,2023-08-01,53.04,0,Legitimate,0.0,Utilities,Debit Card,Mobile,Chennai,0,134,120.1,1899,6,5,8,5,1,0.2518275792432857,0,20.146206339462857,Low,0,False,NO_ALERT
T102052,CUST3101,2023-12-20 16:44:00,2023-12-01,14.5,0,Legitimate,0.0,Entertainment,PayPal,POS,Kolkata,0,24,299.98,660,16,2,12,20,0,0.2287018868567899,0,18.296150948543193,Low,0,False,NO_ALERT
T102053,CUST2060,2023-11-23 05:36:00,2023-11-01,233.06,0,Legitimate,0.0,Fashion,Debit Card,Mobile,Pune,0,115,351.53,1110,5,3,11,23,0,0.6392582850134633,0,51.14066280107706,High,1,True,HIGH
T102054,CUST5117,2024-01-18 06:12:00,2024-01-01,151.76,0,Legitimate,0.0,Electronics,Debit Card,Desktop,Kolkata,0,92,431.28,989,6,3,1,18,0,0.22794292268202196,0,18.235433814561755,Low,0,False,NO_ALERT
T102055,CUST4578,2023-04-08 10:16:00,2023-04-01,88.46,1,Fraudulent,88.46,Utilities,Debit Card,Mobile,Delhi,1,156,369.61,989,10,5,4,8,1,0.7419879318617604,0,59.359034548940826,High,1,True,HIGH
T102056,CUST6379,2024-01-30 13:26:00,2024-01-01,49.64,0,Legitimate,0.0,Food,NetBanking,Desktop,Delhi,0,21,401.42,1241,13,1,1,30,0,0.2003395829771836,0,16.027166638174688,Low,0,False,NO_ALERT
T102057,CUST4556,2023-02-01 16:11:00,2023-02-01,42.45,0,Legitimate,0.0,Entertainment,Debit Card,POS,Pune,0,8,457.34,1105,16,2,2,1,0,0.2578000957886172,0,20.624007663089376,Low,0,False,NO_ALERT
T102058,CUST6984,2024-01-28 12:05:00,2024-01-01,84.21,0,Legitimate,0.0,Utilities,Debit Card,Desktop,Mumbai,0,36,302.91,1125,12,6,1,28,1,0.22768286818385122,0,18.2146294547081,Low,0,False,NO_ALERT
T102059,CUST2525,2023-11-02 23:28:00,2023-11-01,63.07,0,Legitimate,0.0,Food,NetBanking,Mobile,Bengaluru,0,124,424.68,782,23,3,11,2,0,0.23480844827780767,0,18.784675862224613,Low,0,False,NO_ALERT
T102060,CUST1037,2023-03-25 11:38:00,2023-03-01,5.14,0,Legitimate,0.0,Grocery,UPI,POS,Delhi,0,9,123.62,353,11,5,3,25,1,0.21786263547920495,0,17.429010838336396,Low,0,False,NO_ALERT
T102061,CUST5290,2023-11-07 11:22:00,2023-11-01,57.48,0,Legitimate,0.0,Fashion,Credit Card,Desktop,Delhi,0,40,409.22,1665,11,1,11,7,0,0.247813428858094,0,19.82507430864752,Low,0,False,NO_ALERT
T102062,CUST6869,2023-04-30 07:15:00,2023-04-01,131.36,0,Legitimate,0.0,Travel,NetBanking,Desktop,Pune,0,179,118.63,1391,7,6,4,30,1,0.2216935345524255,0,17.735482764194042,Low,0,False,NO_ALERT
T102063,CUST2384,2023-10-24 00:18:00,2023-10-01,49.18,0,Legitimate,0.0,Utilities,NetBanking,POS,Kolkata,0,129,467.97,184,0,1,10,24,0,0.6436101189151823,0,51.48880951321459,High,1,True,HIGH
T102064,CUST7343,2023-05-13 10:28:00,2023-05-01,4.27,0,Legitimate,0.0,Food,Debit Card,Mobile,Pune,0,191,171.69,88,10,5,5,13,1,0.2230168863409261,0,17.841350907274087,Low,0,False,NO_ALERT
T102065,CUST6347,2024-02-01 00:27:00,2024-02-01,123.45,0,Legitimate,0.0,Entertainment,Debit Card,POS,Bengaluru,1,117,94.2,1328,0,3,2,1,0,0.7432920243010502,1,79.46336194408403,Critical,1,True,CRITICAL
T102066,CUST7353,2023-09-04 07:25:00,2023-09-01,17.99,0,Legitimate,0.0,Fashion,Credit Card,Mobile,Bengaluru,0,68,82.6,1824,7,0,9,4,0,0.25829890341173234,0,20.66391227293859,Low,0,False,NO_ALERT
T102067,CUST9854,2023-07-22 12:18:00,2023-07-01,23.94,0,Legitimate,0.0,Electronics,Debit Card,Desktop,Chennai,1,154,101.76,230,12,5,7,22,1,0.626113473505859,0,50.08907788046872,High,1,True,HIGH
T102068,CUST7621,2023-07-08 11:14:00,2023-07-01,14.4,0,Legitimate,0.0,Entertainment,PayPal,Desktop,Pune,0,168,229.29,324,11,5,7,8,1,0.2152734218378329,0,17.22187374702663,Low,0,False,NO_ALERT
T102069,CUST6106,2024-02-08 16:35:00,2024-02-01,32.06,0,Legitimate,0.0,Grocery,Debit Card,POS,Delhi,0,3,265.85,1375,16,3,2,8,0,0.23713515993314335,0,18.97081279465147,Low,0,False,NO_ALERT
T102070,CUST7527,2024-01-01 23:00:00,2024-01-01,113.09,0,Legitimate,0.0,Health,Debit Card,Desktop,Kolkata,0,108,457.76,1382,23,0,1,1,0,0.2770574472615986,0,22.16459578092789,Low,0,False,NO_ALERT
T102071,CUST3077,2023-03-05 11:38:00,2023-03-01,58.62,0,Legitimate,0.0,Utilities,PayPal,POS,Kolkata,0,122,196.7,1443,11,6,3,5,1,0.2286386300649346,0,18.29109040519477,Low,0,False,NO_ALERT
T102072,CUST2970,2023-09-25 02:15:00,2023-09-01,18.34,0,Legitimate,0.0,Electronics,Credit Card,Desktop,Hyderabad,0,9,116.57,1027,2,0,9,25,0,0.5767064101978516,0,46.136512815828134,Medium,0,False,NO_ALERT
T102073,CUST6471,2023-10-29 03:36:00,2023-10-01,168.19,0,Legitimate,0.0,Food,PayPal,Desktop,Hyderabad,0,160,374.47,1337,3,6,10,29,1,0.6294739488394514,0,50.35791590715611,High,1,True,HIGH
T102074,CUST2926,2023-05-08 21:42:00,2023-05-01,169.34,0,Legitimate,0.0,Utilities,NetBanking,Mobile,Mumbai,0,195,75.98,1229,21,0,5,8,0,0.16943768353417607,0,13.555014682734086,Low,0,False,NO_ALERT
T102075,CUST2182,2023-01-19 00:10:00,2023-01-01,163.57,0,Legitimate,0.0,Food,PayPal,POS,Delhi,0,4,447.22,639,0,3,1,19,0,0.6321535604392686,0,50.57228483514149,High,1,True,HIGH
T102076,CUST7728,2023-01-13 11:59:00,2023-01-01,21.83,0,Legitimate,0.0,Electronics,UPI,POS,Hyderabad,0,6,210.61,378,11,4,1,13,0,0.24785457986647505,0,19.828366389318006,Low,0,False,NO_ALERT
T102077,CUST3900,2023-01-30 05:00:00,2023-01-01,48.01,0,Legitimate,0.0,Food,NetBanking,Desktop,Kolkata,0,73,310.78,1485,5,0,1,30,0,0.5939276390903335,0,47.51421112722669,Medium,0,False,NO_ALERT
T102078,CUST3883,2023-11-10 09:27:00,2023-11-01,335.92,0,Legitimate,0.0,Entertainment,Debit Card,Mobile,Delhi,0,26,101.23,992,9,4,11,10,0,0.24363503942594328,1,39.490803154075465,Medium,0,False,NO_ALERT
T102079,CUST4526,2024-01-01 06:34:00,2024-01-01,118.28,0,Legitimate,0.0,Fashion,NetBanking,Mobile,Pune,0,130,81.31,1747,6,0,1,1,0,0.22148308477335862,0,17.718646781868692,Low,0,False,NO_ALERT
T102080,CUST3478,2023-06-17 21:23:00,2023-06-01,2.2,0,Legitimate,0.0,Food,Credit Card,POS,Delhi,0,194,401.43,411,21,5,6,17,1,0.26830982980742657,0,21.464786384594127,Low,0,False,NO_ALERT
T102081,CUST5194,2023-12-28 14:12:00,2023-12-01,5.39,0,Legitimate,0.0,Grocery,Credit Card,POS,Hyderabad,0,114,220.55,1325,14,3,12,28,0,0.21557046507656552,0,17.24563720612524,Low,0,False,NO_ALERT
T102082,CUST5564,2023-07-09 12:01:00,2023-07-01,49.88,0,Legitimate,0.0,Fashion,PayPal,Desktop,Kolkata,0,85,493.5,521,12,6,7,9,1,0.21781327967395042,0,17.425062373916035,Low,0,False,NO_ALERT
T102083,CUST7040,2023-01-06 22:54:00,2023-01-01,191.95,0,Legitimate,0.0,Entertainment,NetBanking,POS,Delhi,0,86,266.91,1600,22,4,1,6,0,0.22188011230112217,0,17.750408984089773,Low,0,False,NO_ALERT
T102084,CUST3633,2023-08-07 09:48:00,2023-08-01,61.9,0,Legitimate,0.0,Utilities,Debit Card,Desktop,Bengaluru,0,131,424.37,360,9,0,8,7,0,0.2627234522909784,0,21.017876183278272,Low,0,False,NO_ALERT
T102085,CUST2539,2023-07-13 03:40:00,2023-07-01,55.1,0,Legitimate,0.0,Travel,Credit Card,Mobile,Mumbai,0,35,490.18,904,3,3,7,13,0,0.6059616218768865,0,48.47692975015092,Medium,0,False,NO_ALERT
T102086,CUST4530,2024-02-08 22:05:00,2024-02-01,8.92,0,Legitimate,0.0,Utilities,Debit Card,POS,Chennai,0,114,147.76,1652,22,3,2,8,0,0.21687796286709818,0,17.350237029367857,Low,0,False,NO_ALERT
T102087,CUST3346,2023-09-18 22:03:00,2023-09-01,85.55,0,Legitimate,0.0,Food,UPI,Mobile,Kolkata,0,59,402.43,187,22,0,9,18,0,0.2555200330446143,0,20.441602643569144,Low,0,False,NO_ALERT
T102088,CUST1266,2023-05-10 22:17:00,2023-05-01,138.12,0,Legitimate,0.0,Food,Credit Card,Mobile,Hyderabad,0,38,20.78,461,22,2,5,10,0,0.2891639381207455,1,43.13311504965964,Medium,0,False,NO_ALERT
T102089,CUST9174,2023-03-06 21:24:00,2023-03-01,38.3,0,Legitimate,0.0,Grocery,PayPal,Desktop,Pune,0,33,343.08,1378,21,0,3,6,0,0.23567991877073424,0,18.85439350165874,Low,0,False,NO_ALERT
T102090,CUST6241,2024-02-18 14:52:00,2024-02-01,119.55,0,Legitimate,0.0,Entertainment,UPI,Mobile,Chennai,0,121,375.15,1169,14,6,2,18,1,0.23503083585123172,0,18.802466868098538,Low,0,False,NO_ALERT
T102091,CUST6285,2023-04-20 04:43:00,2023-04-01,267.01,1,Fraudulent,267.01,Grocery,NetBanking,Desktop,Mumbai,0,143,243.91,1573,4,3,4,20,0,0.6857772862745085,0,54.862182901960686,High,1,True,HIGH
T102092,CUST8038,2023-10-17 09:02:00,2023-10-01,18.23,0,Legitimate,0.0,Health,Debit Card,Desktop,Kolkata,0,100,89.43,648,9,1,10,17,0,0.22764427216921881,0,18.211541773537505,Low,0,False,NO_ALERT
T102093,CUST2031,2023-12-11 02:46:00,2023-12-01,59.27,0,Legitimate,0.0,Entertainment,Credit Card,Mobile,Kolkata,0,142,312.19,648,2,0,12,11,0,0.6105600497209716,0,48.84480397767773,Medium,0,False,NO_ALERT
T102094,CUST8712,2023-01-26 18:11:00,2023-01-01,27.08,0,Legitimate,0.0,Electronics,UPI,Mobile,Bengaluru,1,194,449.79,655,18,3,1,26,0,0.5895942978775547,0,47.16754383020438,Medium,0,False,NO_ALERT
T102095,CUST3956,2023-02-28 05:56:00,2023-02-01,125.95,0,Legitimate,0.0,Electronics,UPI,Desktop,Bengaluru,0,45,466.35,464,5,1,2,28,0,0.6132729347471363,0,49.061834779770905,Medium,0,False,NO_ALERT
T102096,CUST6946,2023-10-31 15:34:00,2023-10-01,68.94,0,Legitimate,0.0,Electronics,Credit Card,Desktop,Bengaluru,0,48,375.59,1575,15,1,10,31,0,0.22628716780526736,0,18.10297342442139,Low,0,False,NO_ALERT
T102097,CUST4152,2023-08-23 13:15:00,2023-08-01,80.54,0,Legitimate,0.0,Grocery,NetBanking,Mobile,Bengaluru,0,172,139.22,825,13,2,8,23,0,0.19733091163550598,0,15.786472930840478,Low,0,False,NO_ALERT
T102098,CUST1034,2024-02-09 04:09:00,2024-02-01,127.93,1,Fraudulent,127.93,Electronics,NetBanking,Desktop,Hyderabad,0,118,436.46,961,4,4,2,9,0,0.6712507430771162,0,53.70005944616929,High,1,True,HIGH
T102099,CUST7034,2023-11-26 17:30:00,2023-11-01,40.33,0,Legitimate,0.0,Entertainment,PayPal,Desktop,Kolkata,0,165,445.52,601,17,6,11,26,1,0.26646113127558624,0,21.316890502046903,Low,0,False,NO_ALERT
T102100,CUST9515,2023-03-27 16:07:00,2023-03-01,197.29,0,Legitimate,0.0,Electronics,NetBanking,POS,Hyderabad,0,29,189.95,295,16,0,3,27,0,0.18968439705743317,0,15.174751764594655,Low,0,False,NO_ALERT
T102101,CUST1560,2023-10-29 10:00:00,2023-10-01,60.92,0,Legitimate,0.0,Travel,PayPal,POS,Delhi,0,84,99.66,1451,10,6,10,29,1,0.19800738372258436,0,15.84059069780675,Low,0,False,NO_ALERT
T102102,CUST4378,2023-01-15 10:32:00,2023-01-01,13.75,0,Legitimate,0.0,Electronics,UPI,POS,Pune,0,162,438.58,131,10,6,1,15,1,0.27231416039827233,0,21.785132831861787,Low,0,False,NO_ALERT
T102103,CUST5125,2023-07-15 13:56:00,2023-07-01,95.23,0,Legitimate,0.0,Food,Credit Card,POS,Delhi,0,187,443.7,1116,13,5,7,15,1,0.2600280031971372,0,20.80224025577098,Low,0,False,NO_ALERT
T102104,CUST4258,2023-03-05 22:34:00,2023-03-01,126.1,0,Legitimate,0.0,Health,NetBanking,POS,Pune,0,113,59.44,1026,22,6,3,5,1,0.21717868406834204,1,37.374294725467365,Medium,0,False,NO_ALERT
T102105,CUST9722,2023-11-23 11:14:00,2023-11-01,30.47,0,Legitimate,0.0,Grocery,PayPal,Desktop,Mumbai,1,117,483.82,1740,11,3,11,23,0,0.6190801499497581,0,49.52641199598065,Medium,0,False,NO_ALERT
T102106,CUST5863,2024-01-13 15:55:00,2024-01-01,155.69,0,Legitimate,0.0,Fashion,UPI,Desktop,Delhi,0,43,271.21,738,15,5,1,13,1,0.22659311182261002,1,38.12744894580881,Medium,0,False,NO_ALERT
T102107,CUST2317,2023-07-31 05:30:00,2023-07-01,189.28,0,Legitimate,0.0,Health,NetBanking,POS,Mumbai,0,161,496.93,1044,5,0,7,31,0,0.5706509290477042,0,45.65207432381634,Medium,0,False,NO_ALERT
T102108,CUST9691,2023-02-23 15:59:00,2023-02-01,25.94,0,Legitimate,0.0,Travel,Debit Card,Mobile,Mumbai,0,19,228.05,853,15,3,2,23,0,0.23883507520886596,0,19.106806016709278,Low,0,False,NO_ALERT
T102109,CUST2194,2023-03-21 22:59:00,2023-03-01,328.46,0,Legitimate,0.0,Grocery,UPI,POS,Mumbai,0,8,271.31,1955,22,1,3,21,0,0.3195614332030469,0,25.564914656243754,Medium,0,False,NO_ALERT
T102110,CUST9461,2023-03-07 23:28:00,2023-03-01,12.13,0,Legitimate,0.0,Entertainment,NetBanking,Mobile,Bengaluru,0,159,140.38,1564,23,1,3,7,0,0.22954251278850982,0,18.363401023080787,Low,0,False,NO_ALERT
T102111,CUST3362,2023-05-22 11:58:00,2023-05-01,18.05,1,Fraudulent,18.05,Utilities,UPI,Desktop,Chennai,1,11,450.48,251,11,0,5,22,0,0.7604359293935679,0,60.83487435148543,High,1,True,HIGH
T102112,CUST7944,2024-01-18 02:53:00,2024-01-01,16.29,0,Legitimate,0.0,Grocery,Credit Card,Mobile,Chennai,0,8,227.42,944,2,3,1,18,0,0.5862284456138904,0,46.89827564911124,Medium,0,False,NO_ALERT
T102113,CUST6424,2023-10-24 02:06:00,2023-10-01,179.54,0,Legitimate,0.0,Food,Credit Card,Desktop,Hyderabad,0,153,409.16,465,2,1,10,24,0,0.6318182148131475,0,50.5454571850518,High,1,True,HIGH
T102114,CUST9306,2023-11-20 19:26:00,2023-11-01,84.97,0,Legitimate,0.0,Entertainment,Credit Card,Mobile,Mumbai,0,113,49.07,1243,19,0,11,20,0,0.19998508428938325,0,15.998806743150661,Low,0,False,NO_ALERT
T102115,CUST3735,2024-01-01 23:07:00,2024-01-01,13.2,0,Legitimate,0.0,Health,Debit Card,Desktop,Bengaluru,0,148,396.24,669,23,0,1,1,0,0.2781362233510357,0,22.25089786808286,Low,0,False,NO_ALERT
T102116,CUST2080,2023-07-13 06:32:00,2023-07-01,46.43,1,Fraudulent,46.43,Health,Credit Card,Desktop,Delhi,1,38,250.22,974,6,3,7,13,0,0.7637359791915701,1,81.09887833532561,Critical,1,True,CRITICAL
T102117,CUST7872,2023-03-19 05:29:00,2023-03-01,76.42,0,Legitimate,0.0,Electronics,Debit Card,POS,Delhi,0,135,12.65,363,5,6,3,19,1,0.5927059491057648,0,47.41647592846118,Medium,0,False,NO_ALERT
T102118,CUST2888,2024-02-05 17:48:00,2024-02-01,6.97,0,Legitimate,0.0,Entertainment,Credit Card,Desktop,Hyderabad,0,117,120.87,936,17,0,2,5,0,0.23628079571813665,0,18.902463657450934,Low,0,False,NO_ALERT
T102119,CUST3928,2024-01-09 05:50:00,2024-01-01,171.25,0,Legitimate,0.0,Utilities,UPI,POS,Hyderabad,0,167,104.93,1611,5,1,1,9,0,0.5248760986047935,0,41.99008788838348,Medium,0,False,NO_ALERT
T102120,CUST8928,2023-08-25 11:37:00,2023-08-01,130.21,0,Legitimate,0.0,Food,NetBanking,POS,Mumbai,0,74,378.36,1634,11,4,8,25,0,0.22490997263463494,0,17.992797810770796,Low,0,False,NO_ALERT
T102121,CUST5723,2023-03-28 04:09:00,2023-03-01,56.29,0,Legitimate,0.0,Electronics,NetBanking,POS,Mumbai,0,72,243.83,1354,4,1,3,28,0,0.5932976869628311,0,47.46381495702649,Medium,0,False,NO_ALERT
T102122,CUST8594,2023-04-29 02:42:00,2023-04-01,273.21,0,Legitimate,0.0,Electronics,Credit Card,Mobile,Delhi,1,106,88.26,380,2,5,4,29,1,0.636500914794382,1,70.92007318355056,High,1,True,HIGH
T102123,CUST1242,2023-06-11 00:30:00,2023-06-01,43.27,0,Legitimate,0.0,Utilities,NetBanking,Mobile,Delhi,0,118,135.83,1929,0,6,6,11,1,0.5858707522643993,0,46.86966018115195,Medium,0,False,NO_ALERT
T102124,CUST7634,2024-01-22 20:08:00,2024-01-01,331.37,0,Legitimate,0.0,Grocery,Credit Card,Desktop,Delhi,0,20,257.0,599,20,0,1,22,0,0.2644285451887582,1,41.15428361510065,Medium,0,False,NO_ALERT
T102125,CUST5990,2023-06-28 11:43:00,2023-06-01,88.19,0,Legitimate,0.0,Health,Credit Card,POS,Delhi,0,11,19.62,1981,11,2,6,28,0,0.3311253398303979,1,46.49002718643183,Medium,0,False,NO_ALERT
T102126,CUST3666,2023-07-26 12:17:00,2023-07-01,80.56,0,Legitimate,0.0,Electronics,PayPal,POS,Chennai,0,144,217.82,757,12,2,7,26,0,0.2295413419045647,0,18.36330735236518,Low,0,False,NO_ALERT
T102127,CUST4715,2023-04-25 09:36:00,2023-04-01,14.52,0,Legitimate,0.0,Travel,PayPal,Desktop,Mumbai,1,42,342.25,144,9,1,4,25,0,0.5767761120450592,1,66.14208896360475,High,1,True,HIGH
T102128,CUST5085,2024-02-07 22:36:00,2024-02-01,170.92,0,Legitimate,0.0,Travel,PayPal,POS,Mumbai,0,90,263.7,1575,22,2,2,7,0,0.26287962234332235,0,21.030369787465787,Low,0,False,NO_ALERT
T102129,CUST8830,2023-04-15 23:09:00,2023-04-01,44.62,0,Legitimate,0.0,Health,Debit Card,Desktop,Delhi,0,52,303.07,938,23,5,4,15,1,0.21924940743182716,0,17.539952594546175,Low,0,False,NO_ALERT
T102130,CUST9486,2023-10-11 16:34:00,2023-10-01,14.16,0,Legitimate,0.0,Travel,PayPal,POS,Bengaluru,0,165,170.04,396,16,2,10,11,0,0.2763597546035443,0,22.108780368283544,Low,0,False,NO_ALERT
T102131,CUST7574,2023-11-25 01:45:00,2023-11-01,1.02,0,Legitimate,0.0,Utilities,Credit Card,Mobile,Delhi,0,52,99.71,1322,1,5,11,25,1,0.47188203656745886,0,37.75056292539671,Medium,0,False,NO_ALERT
T102132,CUST7545,2023-05-16 06:56:00,2023-05-01,65.63,0,Legitimate,0.0,Grocery,UPI,Desktop,Pune,0,137,406.77,833,6,1,5,16,0,0.22193434061543113,0,17.75474724923449,Low,0,False,NO_ALERT
T102133,CUST3915,2023-10-29 00:58:00,2023-10-01,59.96,1,Fraudulent,59.96,Food,PayPal,Desktop,Kolkata,0,163,453.76,1139,0,6,10,29,1,0.7192793558946187,0,57.5423484715695,High,1,True,HIGH
T102134,CUST8614,2023-03-02 12:31:00,2023-03-01,101.65,1,Fraudulent,101.65,Fashion,PayPal,Mobile,Kolkata,1,195,260.26,925,12,3,3,2,0,0.6894726769962455,0,55.15781415969964,High,1,True,HIGH
T102135,CUST8748,2023-12-01 06:32:00,2023-12-01,176.77,0,Legitimate,0.0,Electronics,UPI,Desktop,Hyderabad,0,95,159.47,998,6,4,12,1,0,0.20179481552726297,0,16.14358524218104,Low,0,False,NO_ALERT
T102136,CUST8731,2023-03-26 15:10:00,2023-03-01,6.62,0,Legitimate,0.0,Fashion,Credit Card,Mobile,Pune,0,135,260.49,407,15,6,3,26,1,0.2303348321885025,0,18.4267865750802,Low,0,False,NO_ALERT
T102137,CUST8219,2023-01-29 22:21:00,2023-01-01,105.19,0,Legitimate,0.0,Food,Debit Card,POS,Bengaluru,0,2,440.7,1200,22,6,1,29,1,0.24800765078215226,0,19.84061206257218,Low,0,False,NO_ALERT
T102138,CUST2377,2023-09-06 08:53:00,2023-09-01,16.6,0,Legitimate,0.0,Food,PayPal,Mobile,Hyderabad,0,25,348.79,1041,8,2,9,6,0,0.2208490929837022,0,17.66792743869618,Low,0,False,NO_ALERT
T102139,CUST8329,2024-02-15 07:40:00,2024-02-01,156.25,0,Legitimate,0.0,Utilities,UPI,Mobile,Kolkata,0,76,430.72,147,7,3,2,15,0,0.22366658153805363,0,17.89332652304429,Low,0,False,NO_ALERT
T102140,CUST7074,2023-11-09 08:23:00,2023-11-01,136.77,0,Legitimate,0.0,Grocery,Credit Card,Desktop,Bengaluru,0,94,170.91,1043,8,3,11,9,0,0.248733748553474,0,19.89869988427792,Low,0,False,NO_ALERT
T102141,CUST2674,2023-11-29 15:19:00,2023-11-01,62.26,0,Legitimate,0.0,Travel,NetBanking,POS,Hyderabad,0,94,358.87,1188,15,2,11,29,0,0.1977199486719861,0,15.81759589375889,Low,0,False,NO_ALERT
T102142,CUST5891,2023-08-08 00:52:00,2023-08-01,99.1,0,Legitimate,0.0,Travel,Debit Card,Mobile,Delhi,0,41,329.99,556,0,1,8,8,0,0.648389955832858,0,51.87119646662864,High,1,True,HIGH
T102143,CUST5987,2023-11-03 04:43:00,2023-11-01,30.19,0,Legitimate,0.0,Utilities,UPI,POS,Delhi,0,180,290.09,1902,4,4,11,3,0,0.5760270192839729,0,46.08216154271784,Medium,0,False,NO_ALERT
T102144,CUST1760,2023-06-17 15:09:00,2023-06-01,50.97,0,Legitimate,0.0,Food,UPI,Mobile,Bengaluru,0,87,268.83,843,15,5,6,17,1,0.24885760147753808,0,19.90860811820305,Low,0,False,NO_ALERT
T102145,CUST2798,2023-06-28 02:22:00,2023-06-01,137.91,0,Legitimate,0.0,Grocery,UPI,Desktop,Hyderabad,0,81,279.98,235,2,2,6,28,0,0.61067781535068,0,48.8542252280544,Medium,0,False,NO_ALERT
T102146,CUST4927,2023-11-30 02:26:00,2023-11-01,49.19,0,Legitimate,0.0,Grocery,PayPal,Mobile,Chennai,0,193,426.34,1286,2,3,11,30,0,0.596487943980565,0,47.7190355184452,Medium,0,False,NO_ALERT
T102147,CUST8047,2023-08-20 22:02:00,2023-08-01,35.43,0,Legitimate,0.0,Health,NetBanking,Mobile,Bengaluru,0,124,458.84,845,22,6,8,20,1,0.24972813706410174,0,19.97825096512814,Low,0,False,NO_ALERT
T102148,CUST7587,2023-10-23 03:27:00,2023-10-01,54.53,1,Fraudulent,54.53,Entertainment,Debit Card,POS,Bengaluru,0,77,65.3,95,3,0,10,23,0,0.6901225663767372,0,55.209805310138975,High,1,True,HIGH
T102149,CUST8644,2023-11-28 05:50:00,2023-11-01,140.94,0,Legitimate,0.0,Electronics,Credit Card,Mobile,Pune,0,38,288.7,33,5,1,11,28,0,0.4894305043444009,0,39.154440347552075,Medium,0,False,NO_ALERT
T102150,CUST5470,2023-03-23 17:44:00,2023-03-01,32.66,0,Legitimate,0.0,Utilities,Credit Card,Desktop,Mumbai,0,195,460.02,32,17,3,3,23,0,0.2465596154049466,0,19.72476923239573,Low,0,False,NO_ALERT
T102151,CUST4184,2023-09-17 22:59:00,2023-09-01,15.27,0,Legitimate,0.0,Entertainment,NetBanking,Desktop,Bengaluru,0,42,76.02,1312,22,6,9,17,1,0.250557220958387,0,20.04457767667096,Low,0,False,NO_ALERT
T102152,CUST6165,2024-01-18 06:00:00,2024-01-01,99.59,0,Legitimate,0.0,Utilities,UPI,Mobile,Chennai,1,199,212.3,1768,6,3,1,18,0,0.5998554406623797,0,47.98843525299038,Medium,0,False,NO_ALERT
T102153,CUST5666,2023-02-08 17:22:00,2023-02-01,139.89,0,Legitimate,0.0,Travel,UPI,Mobile,Delhi,0,182,53.65,354,17,2,2,8,0,0.19158422212802662,0,15.326737770242131,Low,0,False,NO_ALERT
T102154,CUST9668,2023-07-18 04:27:00,2023-07-01,8.49,1,Fraudulent,8.49,Food,UPI,POS,Hyderabad,0,195,65.6,1293,4,1,7,18,0,0.6772234576602655,0,54.177876612821244,High,1,True,HIGH
T102155,CUST2892,2023-07-20 06:53:00,2023-07-01,21.94,0,Legitimate,0.0,Utilities,UPI,POS,Mumbai,1,78,453.01,634,6,3,7,20,0,0.6622967479092908,0,52.98373983274327,High,1,True,HIGH
T102156,CUST9089,2023-06-14 03:20:00,2023-06-01,12.25,1,Fraudulent,12.25,Utilities,UPI,Desktop,Hyderabad,0,64,228.63,825,3,2,6,14,0,0.6584184138730577,0,52.673473109844615,High,1,True,HIGH
T102157,CUST7962,2024-01-14 03:50:00,2024-01-01,34.21,0,Legitimate,0.0,Health,NetBanking,POS,Delhi,1,132,347.48,564,3,6,1,14,1,0.723627059419386,1,77.89016475355089,Critical,1,True,CRITICAL
T102158,CUST4225,2023-12-19 22:42:00,2023-12-01,47.88,0,Legitimate,0.0,Fashion,PayPal,Mobile,Bengaluru,0,159,78.07,1851,22,1,12,19,0,0.23758134308305967,0,19.006507446644772,Low,0,False,NO_ALERT
T102159,CUST3973,2023-08-10 17:13:00,2023-08-01,110.53,0,Legitimate,0.0,Travel,Debit Card,Desktop,Pune,0,125,20.75,1371,17,3,8,10,0,0.31065365377789045,0,24.852292302231238,Low,0,False,NO_ALERT
T102160,CUST8777,2023-09-27 13:55:00,2023-09-01,84.25,0,Legitimate,0.0,Electronics,UPI,POS,Chennai,0,141,446.34,628,13,2,9,27,0,0.2185176939202709,0,17.481415513621673,Low,0,False,NO_ALERT
T102161,CUST1769,2023-10-15 20:17:00,2023-10-01,77.6,0,Legitimate,0.0,Grocery,PayPal,Desktop,Mumbai,0,27,291.53,1104,20,6,10,15,1,0.2334527566087924,0,18.676220528703393,Low,0,False,NO_ALERT
T102162,CUST5287,2023-02-28 21:20:00,2023-02-01,34.76,0,Legitimate,0.0,Food,Credit Card,Mobile,Chennai,0,59,19.79,1862,21,1,2,28,0,0.18218143504414058,1,34.574514803531244,Medium,0,False,NO_ALERT
T102163,CUST4348,2023-07-10 10:33:00,2023-07-01,147.33,0,Legitimate,0.0,Travel,NetBanking,POS,Kolkata,0,65,496.25,1523,10,0,7,10,0,0.24395393471587873,0,19.5163147772703,Low,0,False,NO_ALERT
T102164,CUST6175,2023-04-10 07:17:00,2023-04-01,50.98,0,Legitimate,0.0,Fashion,PayPal,Mobile,Chennai,0,192,251.17,861,7,0,4,10,0,0.24441830610385584,0,19.553464488308467,Low,0,False,NO_ALERT
T102165,CUST4952,2023-06-06 06:05:00,2023-06-01,309.46,0,Legitimate,0.0,Utilities,UPI,Mobile,Chennai,0,25,243.18,1096,6,1,6,6,0,0.2943269455034505,0,23.54615564027604,Low,0,False,NO_ALERT
T102166,CUST7925,2023-10-17 17:30:00,2023-10-01,80.44,0,Legitimate,0.0,Electronics,UPI,Desktop,Chennai,0,37,314.25,1257,17,1,10,17,0,0.21104413117921353,0,16.883530494337084,Low,0,False,NO_ALERT
T102167,CUST3930,2023-05-16 03:06:00,2023-05-01,10.8,0,Legitimate,0.0,Utilities,UPI,Desktop,Delhi,0,124,13.87,376,3,1,5,16,0,0.5981711203244222,0,47.853689625953784,Medium,0,False,NO_ALERT
T102168,CUST9649,2023-05-28 06:42:00,2023-05-01,90.2,0,Legitimate,0.0,Electronics,PayPal,Desktop,Chennai,0,71,288.88,1111,6,6,5,28,1,0.24380177179171458,0,19.50414174333717,Low,0,False,NO_ALERT
T102169,CUST5698,2023-04-01 22:59:00,2023-04-01,31.46,0,Legitimate,0.0,Health,UPI,POS,Pune,0,142,318.45,88,22,5,4,1,1,0.2189811349680555,0,17.51849079744444,Low,0,False,NO_ALERT
T102170,CUST7031,2023-08-06 19:50:00,2023-08-01,92.75,0,Legitimate,0.0,Utilities,PayPal,POS,Chennai,0,94,155.51,709,19,6,8,6,1,0.2183170525914206,0,17.465364207313648,Low,0,False,NO_ALERT
T102171,CUST3108,2023-05-16 21:09:00,2023-05-01,5.77,0,Legitimate,0.0,Travel,UPI,Desktop,Delhi,0,152,366.16,1739,21,1,5,16,0,0.21684809149436418,0,17.347847319549135,Low,0,False,NO_ALERT
T102172,CUST2741,2023-01-27 12:45:00,2023-01-01,15.38,0,Legitimate,0.0,Fashion,Credit Card,POS,Hyderabad,0,67,194.94,540,12,4,1,27,0,0.2275105873855773,0,18.200846990846184,Low,0,False,NO_ALERT
T102173,CUST1193,2023-11-21 08:26:00,2023-11-01,154.89,0,Legitimate,0.0,Electronics,Credit Card,POS,Delhi,0,176,361.71,1371,8,1,11,21,0,0.21423051455669168,0,17.138441164535333,Low,0,False,NO_ALERT
T102174,CUST3916,2023-04-06 20:10:00,2023-04-01,20.62,0,Legitimate,0.0,Food,Debit Card,Desktop,Kolkata,1,103,80.47,1486,20,3,4,6,0,0.6826265026127412,1,74.6101202090193,High,1,True,HIGH
T102175,CUST7306,2023-08-28 12:10:00,2023-08-01,145.14,0,Legitimate,0.0,Electronics,UPI,Mobile,Kolkata,0,91,457.71,1425,12,0,8,28,0,0.21188988573834092,0,16.951190859067275,Low,0,False,NO_ALERT
T102176,CUST3386,2023-10-13 06:41:00,2023-10-01,26.2,0,Legitimate,0.0,Fashion,UPI,POS,Pune,0,193,440.93,236,6,4,10,13,0,0.25004264289745864,0,20.003411431796692,Low,0,False,NO_ALERT
T102177,CUST3110,2023-04-17 02:33:00,2023-04-01,82.38,0,Legitimate,0.0,Grocery,PayPal,POS,Pune,0,166,83.81,140,2,0,4,17,0,0.6043663646828203,0,48.34930917462563,Medium,0,False,NO_ALERT
T102178,CUST9585,2023-11-03 03:40:00,2023-11-01,94.77,0,Legitimate,0.0,Grocery,PayPal,Mobile,Bengaluru,0,90,469.84,52,3,4,11,3,0,0.5369080725892701,0,42.95264580714161,Medium,0,False,NO_ALERT
T102179,CUST8462,2023-09-02 22:01:00,2023-09-01,57.5,0,Legitimate,0.0,Health,UPI,Mobile,Delhi,0,70,283.31,1481,22,5,9,2,1,0.23926612808286246,0,19.141290246628998,Low,0,False,NO_ALERT
T102180,CUST5506,2023-07-19 08:28:00,2023-07-01,29.14,0,Legitimate,0.0,Travel,Debit Card,Mobile,Hyderabad,1,59,353.81,1798,8,2,7,19,0,0.575170690549883,0,46.01365524399064,Medium,0,False,NO_ALERT
T102181,CUST5694,2023-02-17 17:15:00,2023-02-01,19.13,0,Legitimate,0.0,Fashion,UPI,Desktop,Bengaluru,0,12,421.74,1993,17,4,2,17,0,0.24672579204109849,0,19.73806336328788,Low,0,False,NO_ALERT
T102182,CUST3056,2023-08-03 13:34:00,2023-08-01,2.7,0,Legitimate,0.0,Health,PayPal,Mobile,Bengaluru,0,182,50.95,816,13,3,8,3,0,0.21813364052998863,0,17.450691242399092,Low,0,False,NO_ALERT
T102183,CUST5112,2023-09-18 02:20:00,2023-09-01,28.99,0,Legitimate,0.0,Entertainment,UPI,Desktop,Mumbai,0,51,92.95,1737,2,0,9,18,0,0.6410180520931225,0,51.2814441674498,High,1,True,HIGH
T102184,CUST7493,2023-01-20 08:24:00,2023-01-01,84.71,0,Legitimate,0.0,Electronics,PayPal,Mobile,Chennai,0,166,152.29,1064,8,4,1,20,0,0.18777227648745431,0,15.021782118996345,Low,0,False,NO_ALERT
T102185,CUST8018,2023-04-04 19:45:00,2023-04-01,222.84,0,Legitimate,0.0,Entertainment,UPI,Mobile,Bengaluru,0,174,243.83,601,19,1,4,4,0,0.2537019331415015,0,20.296154651320123,Low,0,False,NO_ALERT
T102186,CUST2719,2023-02-25 02:04:00,2023-02-01,163.96,0,Legitimate,0.0,Electronics,NetBanking,Desktop,Bengaluru,0,10,179.57,1987,2,5,2,25,1,0.5956803853571908,1,67.65443082857527,High,1,True,HIGH
T102187,CUST1029,2023-11-16 04:29:00,2023-11-01,116.22,1,Fraudulent,116.22,Grocery,PayPal,Desktop,Pune,0,9,257.86,1797,4,3,11,16,0,0.7347612579604149,0,58.780900636833195,High,1,True,HIGH
T102188,CUST8005,2023-01-05 19:51:00,2023-01-01,124.26,0,Legitimate,0.0,Health,Debit Card,Mobile,Hyderabad,0,87,101.1,776,19,3,1,5,0,0.20402305240509755,0,16.321844192407806,Low,0,False,NO_ALERT
T102189,CUST8529,2023-10-16 12:27:00,2023-10-01,87.49,0,Legitimate,0.0,Grocery,NetBanking,Mobile,Bengaluru,0,94,344.26,544,12,0,10,16,0,0.21918318247215662,0,17.53465459777253,Low,0,False,NO_ALERT
T102190,CUST8127,2023-01-14 20:32:00,2023-01-01,24.12,0,Legitimate,0.0,Food,UPI,Mobile,Kolkata,0,52,37.31,173,20,5,1,14,1,0.21528726629647896,0,17.222981303718317,Low,0,False,NO_ALERT
T102191,CUST4601,2023-11-10 01:33:00,2023-11-01,190.18,0,Legitimate,0.0,Entertainment,PayPal,POS,Hyderabad,0,179,187.11,1021,1,4,11,10,0,0.6285324899610634,0,50.28259919688507,High,1,True,HIGH
T102192,CUST7584,2023-08-29 11:38:00,2023-08-01,88.87,0,Legitimate,0.0,Entertainment,NetBanking,Mobile,Chennai,0,22,97.73,1795,11,1,8,29,0,0.26104531512316714,0,20.883625209853374,Low,0,False,NO_ALERT
T102193,CUST3938,2023-09-21 05:59:00,2023-09-01,65.76,0,Legitimate,0.0,Grocery,Debit Card,Desktop,Kolkata,0,73,367.67,1574,5,3,9,21,0,0.6272082821128305,0,50.17666256902645,High,1,True,HIGH
T102194,CUST6047,2023-12-13 23:58:00,2023-12-01,9.41,0,Legitimate,0.0,Food,PayPal,POS,Pune,0,83,442.99,838,23,2,12,13,0,0.24565250613055542,0,19.652200490444436,Low,0,False,NO_ALERT
T102195,CUST8931,2023-12-22 14:16:00,2023-12-01,47.4,0,Legitimate,0.0,Electronics,NetBanking,Desktop,Kolkata,0,72,48.61,323,14,4,12,22,0,0.15471203812346673,0,12.37696304987734,Low,0,False,NO_ALERT
T102196,CUST6596,2023-05-28 02:00:00,2023-05-01,49.35,0,Legitimate,0.0,Health,NetBanking,POS,Mumbai,0,118,394.67,354,2,6,5,28,1,0.6070300404862669,0,48.562403238901354,Medium,0,False,NO_ALERT
T102197,CUST7492,2024-02-09 08:50:00,2024-02-01,159.94,0,Legitimate,0.0,Food,NetBanking,POS,Mumbai,0,68,448.9,222,8,4,2,9,0,0.22812912053084894,0,18.250329642467914,Low,0,False,NO_ALERT
T102198,CUST5593,2023-11-09 02:50:00,2023-11-01,63.29,0,Legitimate,0.0,Health,Credit Card,Desktop,Chennai,0,5,487.25,1344,2,3,11,9,0,0.6411060564182174,0,51.28848451345739,High,1,True,HIGH
T102199,CUST5661,2023-05-12 18:16:00,2023-05-01,38.29,0,Legitimate,0.0,Entertainment,UPI,POS,Chennai,0,83,293.9,1692,18,4,5,12,0,0.2169022203490085,0,17.35217762792068,Low,0,False,NO_ALERT
T102200,CUST6245,2023-07-10 15:51:00,2023-07-01,301.09,0,Legitimate,0.0,Health,PayPal,Desktop,Kolkata,0,121,170.42,1472,15,0,7,10,0,0.23921922599450382,0,19.137538079560308,Low,0,False,NO_ALERT
T102201,CUST9967,2023-05-10 16:16:00,2023-05-01,9.39,0,Legitimate,0.0,Entertainment,PayPal,Mobile,Pune,0,157,167.77,489,16,2,5,10,0,0.22223249231814599,0,17.77859938545168,Low,0,False,NO_ALERT
T102202,CUST1257,2023-10-28 13:08:00,2023-10-01,43.93,0,Legitimate,0.0,Food,PayPal,POS,Pune,0,6,195.7,1101,13,5,10,28,1,0.23181714015110227,0,18.54537121208818,Low,0,False,NO_ALERT
T102203,CUST2240,2023-03-17 15:35:00,2023-03-01,3.43,0,Legitimate,0.0,Entertainment,NetBanking,Desktop,Delhi,0,69,310.21,1160,15,4,3,17,0,0.19113509184928884,0,15.290807347943108,Low,0,False,NO_ALERT
T102204,CUST4910,2023-10-01 00:15:00,2023-10-01,107.74,0,Legitimate,0.0,Utilities,UPI,POS,Bengaluru,0,58,250.21,1317,0,6,10,1,1,0.6200293038064965,0,49.60234430451972,Medium,0,False,NO_ALERT
T102205,CUST1177,2023-08-31 10:43:00,2023-08-01,200.16,0,Legitimate,0.0,Travel,Debit Card,Desktop,Bengaluru,0,43,330.28,1306,10,3,8,31,0,0.24129428915713544,0,19.303543132570837,Low,0,False,NO_ALERT
T102206,CUST7756,2023-08-24 09:31:00,2023-08-01,26.28,0,Legitimate,0.0,Entertainment,PayPal,Mobile,Bengaluru,0,197,29.26,1592,9,3,8,24,0,0.24656175434033245,0,19.724940347226596,Low,0,False,NO_ALERT
T102207,CUST1612,2023-04-26 20:38:00,2023-04-01,156.35,0,Legitimate,0.0,Grocery,UPI,Mobile,Hyderabad,0,72,61.88,1574,20,2,4,26,0,0.224893988947605,0,17.9915191158084,Low,0,False,NO_ALERT
T102208,CUST1827,2023-06-07 19:44:00,2023-06-01,27.65,0,Legitimate,0.0,Food,UPI,POS,Delhi,0,91,488.5,1785,19,2,6,7,0,0.22376875650321681,0,17.901500520257347,Low,0,False,NO_ALERT
T102209,CUST2963,2023-08-23 23:16:00,2023-08-01,193.32,0,Legitimate,0.0,Utilities,Credit Card,POS,Kolkata,0,37,497.74,1211,23,2,8,23,0,0.24403280834950472,0,19.52262466796038,Low,0,False,NO_ALERT
T102210,CUST9322,2023-09-21 01:11:00,2023-09-01,112.18,0,Legitimate,0.0,Electronics,PayPal,Desktop,Bengaluru,0,58,375.86,555,1,3,9,21,0,0.5952444150542251,0,47.61955320433801,Medium,0,False,NO_ALERT
T102211,CUST3479,2023-11-26 13:26:00,2023-11-01,130.74,0,Legitimate,0.0,Health,NetBanking,Desktop,Hyderabad,0,127,135.63,948,13,6,11,26,1,0.18080235545475545,0,14.464188436380438,Low,0,False,NO_ALERT
T102212,CUST2550,2024-01-06 09:19:00,2024-01-01,1.45,0,Legitimate,0.0,Utilities,UPI,POS,Hyderabad,0,37,477.16,58,9,5,1,6,1,0.199273972554472,1,35.94191780435776,Medium,0,False,NO_ALERT
T102213,CUST2313,2023-12-19 05:30:00,2023-12-01,263.34,0,Legitimate,0.0,Fashion,UPI,Desktop,Mumbai,0,154,114.71,567,5,1,12,19,0,0.5208260024725688,0,41.66608019780551,Medium,0,False,NO_ALERT
T102214,CUST4014,2024-02-06 20:49:00,2024-02-01,103.77,0,Legitimate,0.0,Utilities,Debit Card,Desktop,Hyderabad,0,170,368.4,1779,20,1,2,6,0,0.2338635537172455,0,18.70908429737964,Low,0,False,NO_ALERT
T102215,CUST8684,2023-11-12 10:12:00,2023-11-01,29.08,0,Legitimate,0.0,Food,Credit Card,Desktop,Chennai,0,16,66.48,172,10,6,11,12,1,0.2518420021803528,1,40.14736017442823,Medium,0,False,NO_ALERT
T102216,CUST3401,2023-11-04 16:36:00,2023-11-01,141.47,0,Legitimate,0.0,Utilities,UPI,POS,Pune,0,150,327.96,656,16,5,11,4,1,0.21640141490807213,0,17.31211319264577,Low,0,False,NO_ALERT
T102217,CUST4628,2023-09-08 09:01:00,2023-09-01,26.45,0,Legitimate,0.0,Utilities,UPI,Mobile,Hyderabad,0,110,382.16,870,9,4,9,8,0,0.20848616861621952,0,16.67889348929756,Low,0,False,NO_ALERT
T102218,CUST7659,2023-06-07 13:13:00,2023-06-01,164.93,0,Legitimate,0.0,Grocery,NetBanking,Mobile,Chennai,0,151,431.22,247,13,2,6,7,0,0.23534270257673762,0,18.82741620613901,Low,0,False,NO_ALERT
T102219,CUST8698,2023-07-02 09:04:00,2023-07-01,9.55,0,Legitimate,0.0,Entertainment,NetBanking,Desktop,Chennai,0,175,369.81,622,9,6,7,2,1,0.23389371337621448,0,18.71149707009716,Low,0,False,NO_ALERT
T102220,CUST2591,2023-10-05 16:12:00,2023-10-01,97.31,0,Legitimate,0.0,Health,Debit Card,POS,Mumbai,1,195,462.51,742,16,3,10,5,0,0.5671495213340143,0,45.37196170672115,Medium,0,False,NO_ALERT
T102221,CUST4997,2023-11-12 08:43:00,2023-11-01,62.24,0,Legitimate,0.0,Travel,Debit Card,Desktop,Kolkata,0,131,265.25,96,8,6,11,12,1,0.23582422816341556,0,18.865938253073246,Low,0,False,NO_ALERT
T102222,CUST2053,2023-02-02 10:43:00,2023-02-01,8.12,0,Legitimate,0.0,Electronics,Debit Card,Mobile,Mumbai,0,12,341.94,790,10,3,2,2,0,0.21975570091691551,0,17.580456073353243,Low,0,False,NO_ALERT
T102223,CUST8689,2023-08-05 19:53:00,2023-08-01,22.15,1,Fraudulent,22.15,Travel,NetBanking,Desktop,Hyderabad,1,23,191.08,173,19,5,8,5,1,0.7205631086948565,0,57.64504869558853,High,1,True,HIGH
T102224,CUST1337,2023-03-05 17:13:00,2023-03-01,1.0,0,Legitimate,0.0,Utilities,NetBanking,Mobile,Mumbai,0,111,15.09,1194,17,6,3,5,1,0.2510455452530982,0,20.083643620247855,Low,0,False,NO_ALERT
T102225,CUST1889,2023-12-25 19:28:00,2023-12-01,50.6,0,Legitimate,0.0,Fashion,Credit Card,POS,Mumbai,0,139,380.78,1399,19,0,12,25,0,0.25993243329849103,0,20.794594663879284,Low,0,False,NO_ALERT
T102226,CUST1934,2023-09-30 22:11:00,2023-09-01,28.68,0,Legitimate,0.0,Food,PayPal,Desktop,Kolkata,0,52,436.23,494,22,5,9,30,1,0.22105164676954558,0,17.684131741563647,Low,0,False,NO_ALERT
T102227,CUST9174,2024-02-17 03:53:00,2024-02-01,72.98,0,Legitimate,0.0,Health,PayPal,POS,Pune,0,178,95.22,125,3,5,2,17,1,0.5712611611938871,0,45.700892895510975,Medium,0,False,NO_ALERT
T102228,CUST1416,2023-02-25 07:39:00,2023-02-01,28.22,0,Legitimate,0.0,Food,Credit Card,Desktop,Bengaluru,0,185,24.03,437,7,5,2,25,1,0.2894333001903975,0,23.154664015231802,Low,0,False,NO_ALERT
T102229,CUST7213,2024-02-10 04:03:00,2024-02-01,28.52,0,Legitimate,0.0,Grocery,PayPal,Desktop,Hyderabad,0,192,90.61,1171,4,5,2,10,1,0.5656930128938374,0,45.255441031507,Medium,0,False,NO_ALERT
T102230,CUST7345,2023-07-20 18:34:00,2023-07-01,108.75,0,Legitimate,0.0,Food,NetBanking,Desktop,Kolkata,0,127,448.69,1883,18,3,7,20,0,0.1860760393632857,0,14.886083149062856,Low,0,False,NO_ALERT
T102231,CUST1732,2023-01-30 23:41:00,2023-01-01,3.95,0,Legitimate,0.0,Electronics,PayPal,Desktop,Hyderabad,0,174,154.8,1750,23,0,1,30,0,0.21779588997040414,0,17.42367119763233,Low,0,False,NO_ALERT
T102232,CUST8371,2023-10-15 04:30:00,2023-10-01,186.56,0,Legitimate,0.0,Fashion,NetBanking,Desktop,Hyderabad,0,29,124.52,833,4,6,10,15,1,0.4839951720009097,1,58.719613760072775,High,1,True,HIGH
T102233,CUST1609,2023-06-14 02:16:00,2023-06-01,152.99,1,Fraudulent,152.99,Travel,Credit Card,POS,Mumbai,0,121,17.15,1497,2,2,6,14,0,0.8122280677746586,1,84.97824542197269,Critical,1,True,CRITICAL
T102234,CUST5942,2023-03-15 17:57:00,2023-03-01,88.16,0,Legitimate,0.0,Utilities,Debit Card,POS,Pune,0,198,155.56,786,17,2,3,15,0,0.2418326570112704,0,19.346612560901633,Low,0,False,NO_ALERT
T102235,CUST2874,2023-04-06 12:10:00,2023-04-01,71.96,0,Legitimate,0.0,Utilities,Credit Card,Mobile,Mumbai,0,174,360.66,1433,12,3,4,6,0,0.2552660698802213,0,20.421285590417707,Low,0,False,NO_ALERT
T102236,CUST3459,2023-04-10 20:07:00,2023-04-01,178.27,1,Fraudulent,178.27,Fashion,PayPal,Desktop,Chennai,1,144,479.95,742,20,0,4,10,0,0.7531224949323995,0,60.24979959459196,High,1,True,HIGH
T102237,CUST8876,2023-02-21 17:55:00,2023-02-01,16.4,0,Legitimate,0.0,Health,NetBanking,Mobile,Delhi,0,179,163.24,307,17,1,2,21,0,0.1959398044323976,0,15.67518435459181,Low,0,False,NO_ALERT
T102238,CUST5002,2023-07-25 21:23:00,2023-07-01,6.58,0,Legitimate,0.0,Food,PayPal,POS,Delhi,0,101,127.94,390,21,1,7,25,0,0.21718284062908372,0,17.374627250326697,Low,0,False,NO_ALERT
T102239,CUST6288,2023-05-21 20:59:00,2023-05-01,21.9,0,Legitimate,0.0,Health,PayPal,Mobile,Kolkata,0,11,445.15,1423,20,6,5,21,1,0.2506198424462006,1,40.04958739569605,Medium,0,False,NO_ALERT
T102240,CUST8871,2023-10-13 21:19:00,2023-10-01,126.62,0,Legitimate,0.0,Travel,Debit Card,POS,Delhi,0,139,427.73,1675,21,4,10,13,0,0.2352729940324049,0,18.821839522592395,Low,0,False,NO_ALERT
T102241,CUST5171,2023-07-28 03:53:00,2023-07-01,2.82,0,Legitimate,0.0,Health,PayPal,Desktop,Kolkata,0,191,170.8,241,3,4,7,28,0,0.4658058375276394,0,37.26446700221115,Medium,0,False,NO_ALERT
T102242,CUST5145,2023-12-14 17:00:00,2023-12-01,69.94,0,Legitimate,0.0,Grocery,Debit Card,Mobile,Bengaluru,0,181,43.71,1312,17,3,12,14,0,0.1968742273162432,0,15.749938185299456,Low,0,False,NO_ALERT
T102243,CUST2552,2023-05-28 11:17:00,2023-05-01,431.19,0,Legitimate,0.0,Fashion,NetBanking,Mobile,Mumbai,0,89,496.07,1729,11,6,5,28,1,0.27015766808253167,1,41.61261344660254,Medium,0,False,NO_ALERT
T102244,CUST4136,2023-09-20 21:50:00,2023-09-01,154.87,0,Legitimate,0.0,Travel,NetBanking,Mobile,Chennai,0,58,343.55,1150,21,2,9,20,0,0.23469025784674835,0,18.775220627739866,Low,0,False,NO_ALERT
T102245,CUST1814,2023-09-11 05:17:00,2023-09-01,58.96,1,Fraudulent,58.96,Travel,Debit Card,Mobile,Chennai,1,19,464.02,1263,5,0,9,11,0,0.867390371823911,1,89.39122974591288,Critical,1,True,CRITICAL
T102246,CUST7681,2023-10-25 07:41:00,2023-10-01,5.26,0,Legitimate,0.0,Entertainment,Credit Card,Desktop,Delhi,0,160,177.52,1601,7,2,10,25,0,0.226883069401029,0,18.15064555208232,Low,0,False,NO_ALERT
T102247,CUST9518,2023-11-30 05:12:00,2023-11-01,142.41,0,Legitimate,0.0,Travel,NetBanking,POS,Pune,0,50,327.37,807,5,3,11,30,0,0.5940088846905907,0,47.52071077524726,Medium,0,False,NO_ALERT
T102248,CUST3533,2023-11-04 23:47:00,2023-11-01,73.1,0,Legitimate,0.0,Entertainment,Credit Card,POS,Bengaluru,0,122,340.5,1665,23,5,11,4,1,0.2825610267508499,0,22.604882140067993,Low,0,False,NO_ALERT
T102249,CUST7377,2023-11-22 19:10:00,2023-11-01,9.77,0,Legitimate,0.0,Electronics,NetBanking,Desktop,Kolkata,1,72,437.72,50,19,2,11,22,0,0.548237699269416,0,43.85901594155328,Medium,0,False,NO_ALERT
T102250,CUST7298,2023-06-11 16:12:00,2023-06-01,7.88,0,Legitimate,0.0,Utilities,NetBanking,POS,Bengaluru,0,55,496.6,758,16,6,6,11,1,0.25971447263170966,0,20.777157810536774,Low,0,False,NO_ALERT
T102251,CUST6870,2024-01-17 23:55:00,2024-01-01,192.3,0,Legitimate,0.0,Entertainment,UPI,Mobile,Delhi,0,169,63.25,1486,23,2,1,17,0,0.20342731890383817,1,36.27418551230706,Medium,0,False,NO_ALERT
T102252,CUST2676,2023-08-28 16:43:00,2023-08-01,88.5,0,Legitimate,0.0,Fashion,PayPal,Desktop,Kolkata,0,99,319.25,645,16,0,8,28,0,0.2422958038517066,0,19.38366430813653,Low,0,False,NO_ALERT
T102253,CUST6643,2023-03-08 02:40:00,2023-03-01,141.42,0,Legitimate,0.0,Health,PayPal,POS,Kolkata,0,70,174.86,400,2,2,3,8,0,0.6550230117219423,0,52.401840937755395,High,1,True,HIGH
T102254,CUST6108,2023-07-22 15:09:00,2023-07-01,168.94,0,Legitimate,0.0,Entertainment,Credit Card,Desktop,Delhi,0,149,407.71,1446,15,5,7,22,1,0.23703715278550874,0,18.9629722228407,Low,0,False,NO_ALERT
T102255,CUST2303,2023-04-26 17:12:00,2023-04-01,67.85,0,Legitimate,0.0,Travel,PayPal,Desktop,Mumbai,0,117,379.53,653,17,2,4,26,0,0.23971680364349393,0,19.177344291479514,Low,0,False,NO_ALERT
T102256,CUST4933,2023-02-19 21:42:00,2023-02-01,58.29,0,Legitimate,0.0,Fashion,Credit Card,POS,Pune,0,26,447.33,1272,21,6,2,19,1,0.23761881699385726,0,19.00950535950858,Low,0,False,NO_ALERT
T102257,CUST7025,2023-12-31 05:44:00,2023-12-01,45.03,0,Legitimate,0.0,Entertainment,NetBanking,POS,Bengaluru,0,129,178.41,1557,5,6,12,31,1,0.5826847763208997,0,46.61478210567198,Medium,0,False,NO_ALERT
T102258,CUST8975,2023-12-26 09:28:00,2023-12-01,30.49,0,Legitimate,0.0,Entertainment,UPI,Desktop,Chennai,0,155,100.42,661,9,1,12,26,0,0.22343234996680678,0,17.874587997344545,Low,0,False,NO_ALERT
T102259,CUST1357,2023-11-14 09:46:00,2023-11-01,45.62,0,Legitimate,0.0,Travel,UPI,Desktop,Delhi,0,178,20.68,790,9,1,11,14,0,0.23310055610557484,0,18.648044488445986,Low,0,False,NO_ALERT
T102260,CUST9558,2023-01-26 11:45:00,2023-01-01,118.94,0,Legitimate,0.0,Grocery,NetBanking,POS,Mumbai,0,114,135.2,876,11,3,1,26,0,0.20125874638910551,0,16.100699711128442,Low,0,False,NO_ALERT
T102261,CUST2026,2023-04-07 02:45:00,2023-04-01,73.69,0,Legitimate,0.0,Grocery,Debit Card,Desktop,Chennai,0,194,189.91,977,2,4,4,7,0,0.5956053839801808,0,47.64843071841447,Medium,0,False,NO_ALERT
T102262,CUST4363,2023-08-15 00:37:00,2023-08-01,178.44,0,Legitimate,0.0,Entertainment,Debit Card,POS,Bengaluru,0,65,473.57,1149,0,1,8,15,0,0.6333119471010088,0,50.66495576808071,High,1,True,HIGH
T102263,CUST1022,2023-09-07 00:43:00,2023-09-01,46.87,0,Legitimate,0.0,Grocery,PayPal,Desktop,Delhi,0,10,250.77,1485,0,3,9,7,0,0.6850472936369676,0,54.80378349095741,High,1,True,HIGH
T102264,CUST5510,2023-01-19 19:22:00,2023-01-01,74.73,0,Legitimate,0.0,Food,Credit Card,Desktop,Kolkata,0,95,282.66,217,19,3,1,19,0,0.2603775901609417,0,20.830207212875337,Low,0,False,NO_ALERT
T102265,CUST1631,2023-03-20 09:46:00,2023-03-01,79.82,0,Legitimate,0.0,Travel,UPI,Desktop,Pune,0,121,441.26,530,9,0,3,20,0,0.22802895077960975,0,18.242316062368783,Low,0,False,NO_ALERT
T102266,CUST7637,2023-02-02 22:42:00,2023-02-01,71.66,0,Legitimate,0.0,Food,PayPal,POS,Delhi,0,126,443.68,905,22,3,2,2,0,0.2235999209400703,0,17.887993675205625,Low,0,False,NO_ALERT
T102267,CUST4484,2023-04-06 16:48:00,2023-04-01,97.02,0,Legitimate,0.0,Fashion,NetBanking,Mobile,Pune,0,37,268.68,404,16,3,4,6,0,0.19964335591294355,0,15.971468473035484,Low,0,False,NO_ALERT
T102268,CUST7604,2023-10-15 07:51:00,2023-10-01,21.69,0,Legitimate,0.0,Food,UPI,POS,Mumbai,0,69,65.71,463,7,6,10,15,1,0.2510850920333231,0,20.086807362665848,Low,0,False,NO_ALERT
T102269,CUST1672,2024-01-02 06:08:00,2024-01-01,57.45,0,Legitimate,0.0,Fashion,Credit Card,Desktop,Mumbai,0,41,142.55,1476,6,1,1,2,0,0.30092501800709087,0,24.074001440567272,Low,0,False,NO_ALERT
T102270,CUST5955,2023-03-09 15:43:00,2023-03-01,8.81,0,Legitimate,0.0,Entertainment,Credit Card,Mobile,Bengaluru,0,174,233.88,1197,15,3,3,9,0,0.25038271738962825,0,20.030617391170264,Low,0,False,NO_ALERT
T102271,CUST3726,2023-08-28 04:41:00,2023-08-01,38.83,0,Legitimate,0.0,Fashion,Debit Card,Mobile,Pune,0,45,378.07,1593,4,0,8,28,0,0.6100316964422993,0,48.80253571538395,Medium,0,False,NO_ALERT
T102272,CUST4370,2023-08-20 07:01:00,2023-08-01,53.5,0,Legitimate,0.0,Fashion,PayPal,Desktop,Delhi,0,123,358.72,528,7,6,8,20,1,0.20351526457779515,0,16.281221166223613,Low,0,False,NO_ALERT
T102273,CUST4505,2023-12-07 16:41:00,2023-12-01,84.5,0,Legitimate,0.0,Health,NetBanking,POS,Mumbai,0,126,324.93,35,16,3,12,7,0,0.18650720741091498,0,14.920576592873198,Low,0,False,NO_ALERT
T102274,CUST6137,2023-01-07 21:59:00,2023-01-01,240.51,0,Legitimate,0.0,Food,UPI,Mobile,Delhi,0,27,441.32,1370,21,5,1,7,1,0.24287724481092884,1,39.43017958487431,Medium,0,False,NO_ALERT
T102275,CUST3413,2023-02-20 02:59:00,2023-02-01,73.43,0,Legitimate,0.0,Health,Credit Card,Mobile,Bengaluru,0,193,403.3,1827,2,0,2,20,0,0.5455263165510538,0,43.642105324084305,Medium,0,False,NO_ALERT
T102276,CUST5278,2023-08-24 09:00:00,2023-08-01,108.88,0,Legitimate,0.0,Entertainment,UPI,POS,Pune,0,84,491.24,1283,9,3,8,24,0,0.22034145379541784,0,17.627316303633428,Low,0,False,NO_ALERT
T102277,CUST1490,2023-10-16 23:31:00,2023-10-01,56.46,0,Legitimate,0.0,Travel,NetBanking,POS,Delhi,0,136,445.69,1175,23,0,10,16,0,0.2255818179144191,0,18.04654543315353,Low,0,False,NO_ALERT
T102278,CUST3474,2023-04-12 01:31:00,2023-04-01,80.43,0,Legitimate,0.0,Food,UPI,Mobile,Chennai,0,195,105.87,1548,1,2,4,12,0,0.6095367149378863,0,48.76293719503091,Medium,0,False,NO_ALERT
T102279,CUST2707,2023-11-18 18:39:00,2023-11-01,5.89,0,Legitimate,0.0,Travel,PayPal,POS,Delhi,0,49,38.23,1759,18,5,11,18,1,0.21916083868426625,0,17.532867094741302,Low,0,False,NO_ALERT
T102280,CUST6765,2023-06-10 05:54:00,2023-06-01,23.48,0,Legitimate,0.0,Travel,Debit Card,Mobile,Hyderabad,0,96,213.11,646,5,5,6,10,1,0.6052962308708144,0,48.423698469665155,Medium,0,False,NO_ALERT
T102281,CUST2615,2023-04-07 15:30:00,2023-04-01,35.93,0,Legitimate,0.0,Fashion,UPI,Desktop,Hyderabad,0,121,312.58,1989,15,4,4,7,0,0.20861979078019519,0,16.689583262415617,Low,0,False,NO_ALERT
T102282,CUST7800,2023-06-06 07:06:00,2023-06-01,51.17,0,Legitimate,0.0,Utilities,Debit Card,POS,Kolkata,0,114,325.12,740,7,1,6,6,0,0.20847369732171714,0,16.677895785737373,Low,0,False,NO_ALERT
T102283,CUST3336,2023-05-30 02:59:00,2023-05-01,3.74,0,Legitimate,0.0,Food,NetBanking,Mobile,Bengaluru,1,14,141.08,504,2,1,5,30,0,0.674946754328014,1,73.99574034624112,High,1,True,HIGH
T102284,CUST9812,2023-09-08 02:53:00,2023-09-01,12.07,0,Legitimate,0.0,Travel,Debit Card,POS,Bengaluru,0,62,431.34,603,2,4,9,8,0,0.6143533068081435,0,49.14826454465148,Medium,0,False,NO_ALERT
T102285,CUST2414,2023-01-15 09:57:00,2023-01-01,25.93,0,Legitimate,0.0,Utilities,UPI,POS,Bengaluru,0,43,171.33,825,9,6,1,15,1,0.22572819834052849,0,18.058255867242277,Low,0,False,NO_ALERT
T102286,CUST3914,2023-01-16 23:27:00,2023-01-01,284.72,0,Legitimate,0.0,Grocery,UPI,Mobile,Chennai,0,155,460.37,537,23,0,1,16,0,0.2567769098370271,0,20.54215278696217,Low,0,False,NO_ALERT
T102287,CUST7262,2023-05-09 18:00:00,2023-05-01,32.2,0,Legitimate,0.0,Travel,Credit Card,Desktop,Pune,0,96,241.08,621,18,1,5,9,0,0.23167124466495043,0,18.533699573196035,Low,0,False,NO_ALERT
T102288,CUST1574,2023-05-17 03:47:00,2023-05-01,52.63,0,Legitimate,0.0,Grocery,UPI,Mobile,Chennai,0,27,15.09,204,3,2,5,17,0,0.5665216793541357,1,65.32173434833086,High,1,True,HIGH
T102289,CUST3226,2023-02-23 07:57:00,2023-02-01,17.46,0,Legitimate,0.0,Food,Debit Card,POS,Kolkata,0,68,89.4,1574,7,3,2,23,0,0.20179090067956323,0,16.14327205436506,Low,0,False,NO_ALERT
T102290,CUST8050,2023-12-03 11:14:00,2023-12-01,75.49,0,Legitimate,0.0,Entertainment,Credit Card,Mobile,Delhi,0,127,60.14,721,11,6,12,3,1,0.22872343230328693,0,18.297874584262953,Low,0,False,NO_ALERT
T102291,CUST6529,2023-08-22 12:05:00,2023-08-01,26.36,0,Legitimate,0.0,Health,UPI,POS,Mumbai,0,48,31.57,1324,12,1,8,22,0,0.24983580451037418,0,19.986864360829937,Low,0,False,NO_ALERT
T102292,CUST3350,2023-02-07 19:34:00,2023-02-01,18.55,0,Legitimate,0.0,Food,UPI,Mobile,Pune,0,67,359.87,1727,19,1,2,7,0,0.2179110409953036,0,17.43288327962429,Low,0,False,NO_ALERT
T102293,CUST9938,2023-02-25 07:10:00,2023-02-01,58.15,0,Legitimate,0.0,Health,NetBanking,Desktop,Hyderabad,0,25,104.23,817,7,5,2,25,1,0.22408365228792923,0,17.92669218303434,Low,0,False,NO_ALERT
T102294,CUST1136,2023-09-15 14:12:00,2023-09-01,0.44,0,Legitimate,0.0,Health,Credit Card,Desktop,Hyderabad,0,192,420.92,1771,14,4,9,15,0,0.19195146758426102,0,15.356117406740882,Low,0,False,NO_ALERT
T102295,CUST6003,2023-05-07 22:58:00,2023-05-01,0.62,0,Legitimate,0.0,Food,NetBanking,Desktop,Kolkata,0,119,139.59,601,22,6,5,7,1,0.17898907132127118,0,14.319125705701694,Low,0,False,NO_ALERT
T102296,CUST8978,2023-12-31 23:23:00,2023-12-01,19.78,0,Legitimate,0.0,Travel,NetBanking,Desktop,Hyderabad,0,152,25.84,215,23,6,12,31,1,0.22540037281746897,1,38.032029825397515,Medium,0,False,NO_ALERT
T102297,CUST1023,2023-02-20 09:38:00,2023-02-01,2.99,0,Legitimate,0.0,Electronics,NetBanking,Mobile,Kolkata,0,9,412.13,616,9,0,2,20,0,0.20493891088094196,0,16.395112870475355,Low,0,False,NO_ALERT
T102298,CUST3994,2023-09-19 04:47:00,2023-09-01,9.15,0,Legitimate,0.0,Travel,PayPal,Desktop,Delhi,0,136,238.41,1147,4,1,9,19,0,0.6288965882671478,0,50.311727061371826,High,1,True,HIGH
T102299,CUST2544,2023-02-21 17:07:00,2023-02-01,33.1,0,Legitimate,0.0,Travel,NetBanking,Mobile,Delhi,0,95,303.76,1632,17,1,2,21,0,0.1850065181565572,0,14.800521452524576,Low,0,False,NO_ALERT
T102300,CUST3501,2023-04-07 16:25:00,2023-04-01,129.8,0,Legitimate,0.0,Entertainment,Debit Card,POS,Bengaluru,1,59,174.75,543,16,4,4,7,0,0.6473612372454728,0,51.78889897963783,High,1,True,HIGH
T102301,CUST4974,2023-09-28 11:32:00,2023-09-01,67.9,0,Legitimate,0.0,Fashion,UPI,POS,Mumbai,0,17,32.56,1231,11,3,9,28,0,0.21387052608154883,0,17.109642086523905,Low,0,False,NO_ALERT
T102302,CUST5534,2023-01-04 17:50:00,2023-01-01,57.5,0,Legitimate,0.0,Fashion,PayPal,POS,Bengaluru,0,171,191.39,683,17,2,1,4,0,0.2936410804250459,0,23.491286434003673,Low,0,False,NO_ALERT
T102303,CUST5022,2023-02-08 14:36:00,2023-02-01,27.79,0,Legitimate,0.0,Travel,NetBanking,Desktop,Delhi,0,95,263.96,585,14,2,2,8,0,0.19200426755068783,0,15.360341404055028,Low,0,False,NO_ALERT
T102304,CUST9055,2023-03-28 05:10:00,2023-03-01,214.77,1,Fraudulent,214.77,Grocery,UPI,Desktop,Chennai,0,196,15.73,1739,5,1,3,28,0,0.7759778372550546,1,82.07822698040437,Critical,1,True,CRITICAL
T102305,CUST3400,2023-10-06 06:45:00,2023-10-01,40.47,0,Legitimate,0.0,Entertainment,Credit Card,Desktop,Bengaluru,0,132,291.4,1955,6,4,10,6,0,0.28576287124283956,0,22.861029699427164,Low,0,False,NO_ALERT
T102306,CUST6152,2023-03-05 10:43:00,2023-03-01,7.29,0,Legitimate,0.0,Health,Credit Card,POS,Pune,0,101,447.59,1957,10,6,3,5,1,0.23556191506784457,0,18.84495320542757,Low,0,False,NO_ALERT
T102307,CUST2209,2023-07-15 16:36:00,2023-07-01,76.79,0,Legitimate,0.0,Utilities,UPI,POS,Delhi,0,136,116.74,324,16,5,7,15,1,0.1846506145621402,0,14.772049164971216,Low,0,False,NO_ALERT
T102308,CUST9598,2023-11-12 04:53:00,2023-11-01,9.67,0,Legitimate,0.0,Fashion,Debit Card,POS,Delhi,0,42,464.12,1284,4,6,11,12,1,0.5863228510645832,0,46.905828085166654,Medium,0,False,NO_ALERT
T102309,CUST8209,2023-01-06 04:03:00,2023-01-01,33.88,0,Legitimate,0.0,Travel,UPI,POS,Chennai,0,49,57.83,1289,4,4,1,6,0,0.6229463042366246,0,49.835704338929965,Medium,0,False,NO_ALERT
T102310,CUST4060,2023-02-13 07:06:00,2023-02-01,56.65,0,Legitimate,0.0,Entertainment,UPI,Mobile,Chennai,0,6,414.46,1146,7,0,2,13,0,0.27162530295128606,0,21.730024236102885,Low,0,False,NO_ALERT
T102311,CUST9454,2023-04-22 13:55:00,2023-04-01,165.86,0,Legitimate,0.0,Electronics,PayPal,Mobile,Chennai,1,73,421.76,1540,13,5,4,22,1,0.5561861398860435,1,64.4948911908835,High,1,True,HIGH
T102312,CUST9121,2023-02-12 02:36:00,2023-02-01,54.43,0,Legitimate,0.0,Grocery,Credit Card,Desktop,Mumbai,0,170,136.3,73,2,6,2,12,1,0.5709909723763751,0,45.67927779011001,Medium,0,False,NO_ALERT
T102313,CUST5906,2024-02-10 10:03:00,2024-02-01,96.92,0,Legitimate,0.0,Food,Credit Card,Desktop,Pune,0,32,479.34,568,10,5,2,10,1,0.21621887321185837,0,17.297509856948672,Low,0,False,NO_ALERT
T102314,CUST6537,2023-04-20 04:25:00,2023-04-01,394.88,0,Legitimate,0.0,Travel,NetBanking,POS,Delhi,0,143,214.13,1837,4,3,4,20,0,0.5215454401309997,0,41.723635210479976,Medium,0,False,NO_ALERT
T102315,CUST4846,2024-01-09 16:00:00,2024-01-01,11.28,0,Legitimate,0.0,Entertainment,UPI,Mobile,Chennai,0,82,79.22,1528,16,1,1,9,0,0.22010328478744398,0,17.60826278299552,Low,0,False,NO_ALERT
T102316,CUST4541,2023-04-25 16:11:00,2023-04-01,25.7,0,Legitimate,0.0,Travel,UPI,Mobile,Mumbai,0,69,299.94,68,16,1,4,25,0,0.2481689255930563,0,19.853514047444506,Low,0,False,NO_ALERT
T102317,CUST7517,2023-05-03 08:58:00,2023-05-01,40.15,0,Legitimate,0.0,Utilities,Debit Card,Desktop,Hyderabad,0,114,498.34,1438,8,2,5,3,0,0.23081868786891632,0,18.465495029513306,Low,0,False,NO_ALERT
T102318,CUST4907,2023-06-09 01:42:00,2023-06-01,43.83,0,Legitimate,0.0,Health,Credit Card,Mobile,Pune,0,27,450.65,1488,1,4,6,9,0,0.6079965916960903,0,48.639727335687226,Medium,0,False,NO_ALERT
T102319,CUST3935,2023-04-18 06:26:00,2023-04-01,42.35,0,Legitimate,0.0,Grocery,Debit Card,Desktop,Kolkata,0,66,146.52,318,6,1,4,18,0,0.2320585608071155,0,18.56468486456924,Low,0,False,NO_ALERT
T102320,CUST7509,2024-01-22 07:34:00,2024-01-01,190.54,0,Legitimate,0.0,Fashion,PayPal,POS,Kolkata,0,187,292.72,277,7,0,1,22,0,0.2495988403620898,0,19.967907228967185,Low,0,False,NO_ALERT
T102321,CUST1568,2023-11-15 06:33:00,2023-11-01,100.15,0,Legitimate,0.0,Fashion,NetBanking,POS,Hyderabad,0,156,66.53,1615,6,2,11,15,0,0.18466604139890402,0,14.773283311912323,Low,0,False,NO_ALERT
T102322,CUST6619,2023-01-01 11:34:00,2023-01-01,74.9,0,Legitimate,0.0,Fashion,Debit Card,Desktop,Hyderabad,0,152,236.3,388,11,6,1,1,1,0.26606058029200846,0,21.284846423360676,Low,0,False,NO_ALERT
T102323,CUST8827,2023-01-30 20:25:00,2023-01-01,29.61,0,Legitimate,0.0,Utilities,Credit Card,POS,Delhi,0,51,266.3,1491,20,0,1,30,0,0.22592256706161554,0,18.073805364929243,Low,0,False,NO_ALERT
T102324,CUST2811,2023-10-29 17:56:00,2023-10-01,138.89,0,Legitimate,0.0,Food,PayPal,POS,Mumbai,0,149,164.49,1848,17,6,10,29,1,0.24307482587871518,0,19.445986070297216,Low,0,False,NO_ALERT
T102325,CUST7949,2023-06-03 02:43:00,2023-06-01,248.2,0,Legitimate,0.0,Entertainment,UPI,Mobile,Mumbai,0,159,247.25,238,2,5,6,3,1,0.6106240961140711,0,48.84992768912569,Medium,0,False,NO_ALERT
T102326,CUST7479,2023-05-22 08:59:00,2023-05-01,137.72,0,Legitimate,0.0,Grocery,PayPal,Mobile,Hyderabad,0,75,460.77,153,8,0,5,22,0,0.2370412741119871,0,18.96330192895897,Low,0,False,NO_ALERT
T102327,CUST1351,2023-11-06 11:49:00,2023-11-01,0.13,0,Legitimate,0.0,Grocery,Debit Card,Mobile,Pune,0,50,255.07,1004,11,0,11,6,0,0.2195271524351034,0,17.562172194808273,Low,0,False,NO_ALERT
T102328,CUST4388,2024-01-06 19:37:00,2024-01-01,80.94,0,Legitimate,0.0,Fashion,Credit Card,Mobile,Bengaluru,0,92,417.19,1907,19,5,1,6,1,0.2609452752151463,0,20.875622017211708,Low,0,False,NO_ALERT
T102329,CUST8681,2023-08-10 20:24:00,2023-08-01,4.2,0,Legitimate,0.0,Fashion,Debit Card,Mobile,Hyderabad,0,112,165.52,1814,20,3,8,10,0,0.21952903489958586,0,17.56232279196687,Low,0,False,NO_ALERT
T102330,CUST9074,2024-01-19 12:09:00,2024-01-01,23.83,0,Legitimate,0.0,Health,UPI,Desktop,Delhi,0,168,485.99,432,12,4,1,19,0,0.2171146133961899,0,17.369169071695193,Low,0,False,NO_ALERT
T102331,CUST8744,2023-07-30 08:03:00,2023-07-01,4.91,0,Legitimate,0.0,Utilities,UPI,Desktop,Hyderabad,0,68,55.8,313,8,6,7,30,1,0.20930170489605904,0,16.744136391684723,Low,0,False,NO_ALERT
T102332,CUST2082,2023-09-06 12:24:00,2023-09-01,74.07,0,Legitimate,0.0,Electronics,Credit Card,Mobile,Pune,0,106,296.94,692,12,2,9,6,0,0.2149163926222204,0,17.193311409777632,Low,0,False,NO_ALERT
T102333,CUST1655,2023-05-09 09:34:00,2023-05-01,92.82,0,Legitimate,0.0,Electronics,NetBanking,POS,Pune,0,144,397.05,605,9,1,5,9,0,0.18344615442473022,0,14.675692353978418,Low,0,False,NO_ALERT
T102334,CUST7889,2023-11-11 02:25:00,2023-11-01,9.73,0,Legitimate,0.0,Travel,PayPal,POS,Hyderabad,0,76,408.88,270,2,5,11,11,1,0.5952271796000046,0,47.618174368000375,Medium,0,False,NO_ALERT
T102335,CUST4299,2023-09-05 10:19:00,2023-09-01,38.74,0,Legitimate,0.0,Travel,PayPal,Desktop,Mumbai,0,86,107.16,196,10,1,9,5,0,0.2605087584318527,0,20.84070067454822,Low,0,False,NO_ALERT
T102336,CUST9398,2023-02-10 03:00:00,2023-02-01,48.74,0,Legitimate,0.0,Grocery,UPI,Desktop,Hyderabad,0,107,206.81,1805,3,4,2,10,0,0.6095718837009274,0,48.76575069607419,Medium,0,False,NO_ALERT
T102337,CUST1731,2023-06-21 00:26:00,2023-06-01,36.84,0,Legitimate,0.0,Grocery,Debit Card,Desktop,Chennai,0,191,315.86,590,0,2,6,21,0,0.5847731272965534,0,46.78185018372427,Medium,0,False,NO_ALERT
T102338,CUST6802,2023-05-14 06:54:00,2023-05-01,10.32,0,Legitimate,0.0,Food,Debit Card,POS,Chennai,0,56,164.78,1752,6,6,5,14,1,0.25611136302308135,0,20.48890904184651,Low,0,False,NO_ALERT
T102339,CUST2833,2023-01-31 13:20:00,2023-01-01,43.43,0,Legitimate,0.0,Food,NetBanking,Desktop,Bengaluru,0,80,332.57,177,13,1,1,31,0,0.23361399576521918,0,18.689119661217536,Low,0,False,NO_ALERT
T102340,CUST1410,2023-09-26 02:19:00,2023-09-01,111.28,0,Legitimate,0.0,Electronics,Debit Card,POS,Delhi,0,24,195.6,730,2,1,9,26,0,0.5649334893580373,0,45.19467914864299,Medium,0,False,NO_ALERT
T102341,CUST3490,2023-01-17 07:34:00,2023-01-01,5.89,0,Legitimate,0.0,Utilities,PayPal,Desktop,Delhi,0,28,181.92,652,7,1,1,17,0,0.21811046746184,0,17.4488373969472,Low,0,False,NO_ALERT
T102342,CUST4005,2024-02-19 08:10:00,2024-02-01,6.69,0,Legitimate,0.0,Travel,Debit Card,POS,Kolkata,0,121,62.95,1949,8,0,2,19,0,0.22456765981424986,0,17.96541278513999,Low,0,False,NO_ALERT
T102343,CUST9421,2024-02-14 21:46:00,2024-02-01,35.05,0,Legitimate,0.0,Electronics,NetBanking,Desktop,Mumbai,0,93,29.23,294,21,2,2,14,0,0.2317783256498578,0,18.542266051988626,Low,0,False,NO_ALERT
T102344,CUST4017,2023-08-17 00:08:00,2023-08-01,227.41,0,Legitimate,0.0,Utilities,PayPal,Desktop,Delhi,0,85,419.28,530,0,3,8,17,0,0.6196748602849812,0,49.5739888227985,Medium,0,False,NO_ALERT
T102345,CUST3051,2023-03-31 17:41:00,2023-03-01,88.35,0,Legitimate,0.0,Electronics,Debit Card,POS,Bengaluru,0,112,249.88,308,17,4,3,31,0,0.23968905198505502,0,19.175124158804405,Low,0,False,NO_ALERT
T102346,CUST2609,2023-07-07 21:40:00,2023-07-01,90.82,0,Legitimate,0.0,Travel,PayPal,Desktop,Chennai,0,122,285.81,778,21,4,7,7,0,0.23089008154063312,0,18.47120652325065,Low,0,False,NO_ALERT
T102347,CUST1347,2023-11-18 17:45:00,2023-11-01,35.94,0,Legitimate,0.0,Entertainment,UPI,Mobile,Mumbai,0,89,192.39,932,17,5,11,18,1,0.24813677560502895,0,19.850942048402317,Low,0,False,NO_ALERT
T102348,CUST2730,2024-02-15 23:40:00,2024-02-01,72.05,0,Legitimate,0.0,Food,UPI,POS,Pune,0,31,77.0,188,23,3,2,15,0,0.21302609706410539,0,17.042087765128432,Low,0,False,NO_ALERT
T102349,CUST3243,2023-12-31 00:54:00,2023-12-01,0.81,1,Fraudulent,0.81,Health,UPI,Desktop,Chennai,1,143,230.29,1113,0,6,12,31,1,0.8282027319065974,0,66.2562185525278,High,1,True,HIGH
T102350,CUST8758,2023-11-02 05:34:00,2023-11-01,80.87,1,Fraudulent,80.87,Health,Debit Card,POS,Bengaluru,0,111,122.19,528,5,3,11,2,0,0.6725179285509734,0,53.80143428407787,High,1,True,HIGH
T102351,CUST5372,2023-11-23 11:59:00,2023-11-01,195.61,0,Legitimate,0.0,Health,NetBanking,Desktop,Mumbai,0,42,420.46,1370,11,3,11,23,0,0.22911807499005035,0,18.32944599920403,Low,0,False,NO_ALERT
T102352,CUST2473,2023-10-10 09:38:00,2023-10-01,75.86,0,Legitimate,0.0,Travel,PayPal,Mobile,Hyderabad,0,102,493.53,1640,9,1,10,10,0,0.2268542484543758,0,18.148339876350065,Low,0,False,NO_ALERT
T102353,CUST9977,2023-09-19 22:05:00,2023-09-01,165.53,0,Legitimate,0.0,Fashion,Credit Card,Desktop,Delhi,0,50,445.66,517,22,1,9,19,0,0.2521291217229841,0,20.170329737838728,Low,0,False,NO_ALERT
T102354,CUST6786,2023-12-20 13:13:00,2023-12-01,102.98,0,Legitimate,0.0,Fashion,UPI,Desktop,Bengaluru,0,124,268.85,494,13,2,12,20,0,0.23253829648376334,0,18.60306371870107,Low,0,False,NO_ALERT
T102355,CUST9309,2023-04-13 23:42:00,2023-04-01,10.28,0,Legitimate,0.0,Fashion,UPI,Mobile,Mumbai,0,133,317.78,257,23,3,4,13,0,0.23327854066684367,0,18.662283253347493,Low,0,False,NO_ALERT
T102356,CUST5464,2023-04-17 13:16:00,2023-04-01,186.19,0,Legitimate,0.0,Grocery,Credit Card,POS,Chennai,0,176,474.58,695,13,0,4,17,0,0.27591080270976165,0,22.072864216780932,Low,0,False,NO_ALERT
T102357,CUST4155,2023-11-13 15:29:00,2023-11-01,5.5,0,Legitimate,0.0,Food,Credit Card,Desktop,Mumbai,0,13,273.95,1409,15,0,11,13,0,0.24043216969801373,0,19.2345735758411,Low,0,False,NO_ALERT
T102358,CUST5007,2023-10-03 17:22:00,2023-10-01,61.08,0,Legitimate,0.0,Food,Debit Card,Desktop,Hyderabad,0,32,322.91,1519,17,1,10,3,0,0.26959804520202707,0,21.567843616162165,Low,0,False,NO_ALERT
T102359,CUST8067,2024-01-20 06:03:00,2024-01-01,12.26,0,Legitimate,0.0,Entertainment,PayPal,Mobile,Bengaluru,0,195,318.32,851,6,5,1,20,1,0.27626367698908494,0,22.1010941591268,Low,0,False,NO_ALERT
T102360,CUST6272,2023-04-18 05:58:00,2023-04-01,0.94,0,Legitimate,0.0,Entertainment,UPI,POS,Mumbai,0,79,356.98,828,5,1,4,18,0,0.44104046359162835,0,35.28323708733027,Medium,0,False,NO_ALERT
T102361,CUST1049,2023-11-09 01:17:00,2023-11-01,43.86,0,Legitimate,0.0,Grocery,NetBanking,POS,Pune,0,91,323.74,782,1,3,11,9,0,0.5981457404040653,0,47.85165923232523,Medium,0,False,NO_ALERT
T102362,CUST4642,2023-03-04 14:22:00,2023-03-01,27.97,0,Legitimate,0.0,Electronics,Debit Card,Mobile,Bengaluru,0,158,338.65,1280,14,5,3,4,1,0.25981731817206627,0,20.7853854537653,Low,0,False,NO_ALERT
T102363,CUST7092,2023-01-21 10:59:00,2023-01-01,53.24,0,Legitimate,0.0,Utilities,Debit Card,Mobile,Bengaluru,0,6,365.69,1222,10,5,1,21,1,0.27006329581392147,0,21.60506366511372,Low,0,False,NO_ALERT
T102364,CUST6041,2023-05-11 07:47:00,2023-05-01,68.87,0,Legitimate,0.0,Entertainment,NetBanking,Desktop,Chennai,0,25,406.46,1337,7,3,5,11,0,0.23938509177266198,0,19.15080734181296,Low,0,False,NO_ALERT
T102365,CUST5282,2023-05-31 13:01:00,2023-05-01,3.58,0,Legitimate,0.0,Health,NetBanking,Mobile,Kolkata,0,156,207.5,1911,13,2,5,31,0,0.1907341461385014,0,15.258731691080113,Low,0,False,NO_ALERT
T102366,CUST3996,2023-12-01 23:21:00,2023-12-01,10.5,0,Legitimate,0.0,Fashion,NetBanking,Mobile,Delhi,0,190,375.46,291,23,4,12,1,0,0.23348798154328962,0,18.67903852346317,Low,0,False,NO_ALERT
T102367,CUST5995,2023-06-12 01:57:00,2023-06-01,65.43,1,Fraudulent,65.43,Health,Credit Card,Mobile,Kolkata,0,150,59.1,1855,1,0,6,12,0,0.6785207407621295,0,54.28165926097037,High,1,True,HIGH
T102368,CUST4556,2023-10-18 18:47:00,2023-10-01,33.63,0,Legitimate,0.0,Fashion,UPI,POS,Pune,0,68,439.33,889,18,2,10,18,0,0.24529703170272435,0,19.62376253621795,Low,0,False,NO_ALERT
T102369,CUST8960,2023-02-23 10:57:00,2023-02-01,104.5,0,Legitimate,0.0,Health,Credit Card,Mobile,Hyderabad,0,143,152.12,393,10,3,2,23,0,0.23297287264652639,0,18.63782981172211,Low,0,False,NO_ALERT
T102370,CUST5522,2023-05-11 04:44:00,2023-05-01,84.51,1,Fraudulent,84.51,Electronics,UPI,Desktop,Mumbai,0,26,207.7,1574,4,3,5,11,0,0.7449810278269066,0,59.59848222615253,High,1,True,HIGH
T102371,CUST8432,2023-06-17 04:28:00,2023-06-01,149.46,0,Legitimate,0.0,Utilities,Credit Card,Desktop,Kolkata,0,191,403.77,1914,4,5,6,17,1,0.5148122303422613,0,41.18497842738091,Medium,0,False,NO_ALERT
T102372,CUST3300,2023-05-26 22:23:00,2023-05-01,94.34,0,Legitimate,0.0,Health,PayPal,Desktop,Delhi,0,18,322.12,127,22,4,5,26,0,0.24565572379383152,0,19.652457903506523,Low,0,False,NO_ALERT
T102373,CUST8563,2024-02-06 16:42:00,2024-02-01,44.96,0,Legitimate,0.0,Health,UPI,Mobile,Chennai,0,73,161.23,1065,16,1,2,6,0,0.25723403607772005,0,20.578722886217605,Low,0,False,NO_ALERT
T102374,CUST8732,2023-04-02 11:37:00,2023-04-01,89.42,0,Legitimate,0.0,Travel,Debit Card,POS,Delhi,0,191,120.45,813,11,6,4,2,1,0.22659426382364242,0,18.127541105891392,Low,0,False,NO_ALERT
T102375,CUST2973,2023-09-03 14:00:00,2023-09-01,25.77,0,Legitimate,0.0,Utilities,UPI,Mobile,Bengaluru,0,62,479.28,612,14,6,9,3,1,0.2394391502078205,0,19.15513201662564,Low,0,False,NO_ALERT
T102376,CUST3037,2023-05-27 22:42:00,2023-05-01,29.26,0,Legitimate,0.0,Health,UPI,Mobile,Bengaluru,0,68,53.01,956,22,5,5,27,1,0.2047074948951866,0,16.37659959161493,Low,0,False,NO_ALERT
T102377,CUST6273,2023-11-02 11:58:00,2023-11-01,124.47,0,Legitimate,0.0,Travel,UPI,Desktop,Hyderabad,0,48,12.12,1470,11,3,11,2,0,0.3468871077636927,1,47.75096862109542,Medium,0,False,NO_ALERT
T102378,CUST8720,2023-03-15 12:23:00,2023-03-01,47.31,0,Legitimate,0.0,Food,PayPal,Mobile,Pune,0,178,339.74,1554,12,2,3,15,0,0.2189264634456319,0,17.514117075650553,Low,0,False,NO_ALERT
T102379,CUST6040,2023-08-05 10:19:00,2023-08-01,128.11,0,Legitimate,0.0,Utilities,Credit Card,POS,Mumbai,0,63,311.09,164,10,5,8,5,1,0.25810007070511465,0,20.648005656409172,Low,0,False,NO_ALERT
T102380,CUST5363,2023-01-19 16:54:00,2023-01-01,138.27,0,Legitimate,0.0,Grocery,Debit Card,Desktop,Mumbai,0,197,371.43,288,16,3,1,19,0,0.2602801649482113,0,20.822413195856907,Low,0,False,NO_ALERT
T102381,CUST3855,2023-12-25 07:41:00,2023-12-01,155.91,0,Legitimate,0.0,Utilities,Credit Card,POS,Chennai,0,134,368.5,945,7,0,12,25,0,0.23953536636048128,0,19.162829308838504,Low,0,False,NO_ALERT
T102382,CUST7708,2023-08-08 09:50:00,2023-08-01,198.76,0,Legitimate,0.0,Utilities,Credit Card,POS,Hyderabad,0,186,433.0,546,9,1,8,8,0,0.29482645627181664,0,23.586116501745334,Low,0,False,NO_ALERT
T102383,CUST1515,2023-01-30 11:09:00,2023-01-01,45.11,0,Legitimate,0.0,Health,NetBanking,POS,Mumbai,0,51,461.83,1804,11,0,1,30,0,0.25540003595528,0,20.432002876422402,Low,0,False,NO_ALERT
T102384,CUST6370,2023-01-04 02:26:00,2023-01-01,30.72,1,Fraudulent,30.72,Food,PayPal,Mobile,Pune,0,12,389.76,1347,2,2,1,4,0,0.7534444051315482,0,60.27555241052386,High,1,True,HIGH
T102385,CUST4170,2023-06-08 09:23:00,2023-06-01,69.82,0,Legitimate,0.0,Utilities,NetBanking,Mobile,Bengaluru,0,175,123.82,1900,9,3,6,8,0,0.19694133440108616,0,15.755306752086893,Low,0,False,NO_ALERT
T102386,CUST8925,2023-12-20 22:46:00,2023-12-01,37.11,0,Legitimate,0.0,Entertainment,PayPal,Mobile,Hyderabad,0,126,237.11,1664,22,2,12,20,0,0.23198054885077815,0,18.558443908062255,Low,0,False,NO_ALERT
T102387,CUST1070,2023-09-21 22:05:00,2023-09-01,73.52,0,Legitimate,0.0,Entertainment,Credit Card,Mobile,Delhi,0,9,324.44,1493,22,3,9,21,0,0.24988977026937978,0,19.991181621550382,Low,0,False,NO_ALERT
T102388,CUST1960,2023-10-04 20:42:00,2023-10-01,97.82,0,Legitimate,0.0,Travel,Credit Card,Desktop,Kolkata,0,7,274.29,180,20,2,10,4,0,0.2943113487663319,0,23.544907901306555,Low,0,False,NO_ALERT
T102389,CUST1988,2023-10-20 08:30:00,2023-10-01,93.28,0,Legitimate,0.0,Health,PayPal,Mobile,Kolkata,0,157,87.86,1534,8,4,10,20,0,0.20680423119857058,0,16.544338495885647,Low,0,False,NO_ALERT
T102390,CUST2577,2023-01-24 07:46:00,2023-01-01,37.54,0,Legitimate,0.0,Health,Credit Card,Desktop,Hyderabad,0,179,298.74,1311,7,1,1,24,0,0.23301007069563728,0,18.640805655650983,Low,0,False,NO_ALERT
T102391,CUST5358,2023-10-19 05:01:00,2023-10-01,14.6,0,Legitimate,0.0,Utilities,Credit Card,POS,Hyderabad,0,183,444.4,897,5,3,10,19,0,0.5896979075643258,0,47.17583260514607,Medium,0,False,NO_ALERT
T102392,CUST1551,2023-03-26 15:50:00,2023-03-01,45.04,1,Fraudulent,45.04,Electronics,Debit Card,Desktop,Pune,1,187,215.07,1202,15,6,3,26,1,0.7339424105440951,0,58.71539284352762,High,1,True,HIGH
T102393,CUST9071,2023-07-28 08:51:00,2023-07-01,12.31,0,Legitimate,0.0,Food,NetBanking,Mobile,Pune,0,184,337.78,1003,8,4,7,28,0,0.1992296689529389,0,15.938373516235112,Low,0,False,NO_ALERT
T102394,CUST9431,2023-09-13 05:26:00,2023-09-01,176.65,0,Legitimate,0.0,Fashion,NetBanking,Desktop,Mumbai,0,150,311.81,171,5,2,9,13,0,0.6035368984684049,0,48.28295187747239,Medium,0,False,NO_ALERT
T102395,CUST1739,2023-11-11 15:46:00,2023-11-01,33.96,0,Legitimate,0.0,Fashion,NetBanking,Mobile,Kolkata,0,146,194.75,280,15,5,11,11,1,0.19581897985575078,0,15.665518388460065,Low,0,False,NO_ALERT
T102396,CUST1560,2023-09-21 00:13:00,2023-09-01,13.42,1,Fraudulent,13.42,Electronics,UPI,Mobile,Chennai,0,58,286.98,987,0,3,9,21,0,0.6622243047002364,0,52.97794437601891,High,1,True,HIGH
T102397,CUST1053,2023-05-02 03:41:00,2023-05-01,2.06,0,Legitimate,0.0,Travel,Debit Card,Desktop,Chennai,0,40,113.0,1799,3,1,5,2,0,0.603195076710242,0,48.25560613681936,Medium,0,False,NO_ALERT
T102398,CUST9007,2023-01-25 14:42:00,2023-01-01,83.04,0,Legitimate,0.0,Fashion,NetBanking,Desktop,Pune,0,89,277.59,936,14,2,1,25,0,0.20813765907743298,0,16.65101272619464,Low,0,False,NO_ALERT
T102399,CUST7924,2023-07-21 08:47:00,2023-07-01,81.05,0,Legitimate,0.0,Utilities,NetBanking,POS,Mumbai,0,31,401.43,673,8,4,7,21,0,0.20857161011408734,0,16.68572880912699,Low,0,False,NO_ALERT
T102400,CUST7573,2023-07-15 12:13:00,2023-07-01,33.31,0,Legitimate,0.0,Fashion,Debit Card,POS,Mumbai,0,184,381.88,1100,12,5,7,15,1,0.2678079814535592,0,21.42463851628474,Low,0,False,NO_ALERT
T102401,CUST4123,2024-01-23 10:02:00,2024-01-01,5.95,0,Legitimate,0.0,Entertainment,Credit Card,POS,Mumbai,0,163,185.4,1425,10,1,1,23,0,0.28635412056131704,0,22.908329644905365,Low,0,False,NO_ALERT
T102402,CUST5712,2023-08-08 01:24:00,2023-08-01,42.16,0,Legitimate,0.0,Entertainment,NetBanking,POS,Pune,0,26,64.92,123,1,1,8,8,0,0.6517125655626258,0,52.137005245010066,High,1,True,HIGH
T102403,CUST6817,2024-02-13 16:18:00,2024-02-01,29.83,0,Legitimate,0.0,Grocery,Credit Card,POS,Chennai,0,196,401.97,790,16,1,2,13,0,0.26247643685047856,0,20.998114948038285,Low,0,False,NO_ALERT
T102404,CUST6846,2023-06-29 00:25:00,2023-06-01,90.44,0,Legitimate,0.0,Food,NetBanking,Desktop,Mumbai,1,106,139.87,385,0,3,6,29,0,0.7710375706667447,0,61.683005653339585,High,1,True,HIGH
T102405,CUST7099,2023-01-27 19:13:00,2023-01-01,74.47,0,Legitimate,0.0,Travel,PayPal,POS,Pune,0,84,35.99,561,19,4,1,27,0,0.22160541604460188,1,37.72843328356815,Medium,0,False,NO_ALERT
T102406,CUST2380,2023-05-07 02:28:00,2023-05-01,36.28,0,Legitimate,0.0,Health,UPI,Desktop,Delhi,0,162,228.14,721,2,6,5,7,1,0.5833200564279603,0,46.665604514236826,Medium,0,False,NO_ALERT
T102407,CUST7030,2023-06-21 07:11:00,2023-06-01,19.66,0,Legitimate,0.0,Food,NetBanking,POS,Delhi,0,76,372.34,1325,7,2,6,21,0,0.18807521887667328,0,15.046017510133863,Low,0,False,NO_ALERT
T102408,CUST5352,2024-01-01 16:50:00,2024-01-01,354.07,0,Legitimate,0.0,Travel,PayPal,Mobile,Bengaluru,0,144,406.16,1482,16,0,1,1,0,0.28621515890939375,0,22.8972127127515,Low,0,False,NO_ALERT
T102409,CUST8150,2023-05-09 13:17:00,2023-05-01,48.41,0,Legitimate,0.0,Fashion,Debit Card,POS,Delhi,0,123,491.28,677,13,1,5,9,0,0.23239993064644943,0,18.591994451715955,Low,0,False,NO_ALERT
T102410,CUST3536,2024-01-10 02:05:00,2024-01-01,93.25,0,Legitimate,0.0,Grocery,PayPal,Mobile,Hyderabad,0,42,102.81,1802,2,2,1,10,0,0.636706124345001,0,50.93648994760008,High,1,True,HIGH
T102411,CUST1995,2023-08-18 22:45:00,2023-08-01,12.12,1,Fraudulent,12.12,Food,Debit Card,Desktop,Bengaluru,0,133,153.96,731,22,4,8,18,0,0.3222555964600756,0,25.78044771680605,Medium,0,False,NO_ALERT
T102412,CUST8195,2023-07-14 13:26:00,2023-07-01,53.18,0,Legitimate,0.0,Fashion,NetBanking,POS,Delhi,0,61,308.65,753,13,4,7,14,0,0.19078749937352857,0,15.262999949882285,Low,0,False,NO_ALERT
T102413,CUST2211,2024-01-22 06:39:00,2024-01-01,2.23,0,Legitimate,0.0,Travel,Debit Card,Desktop,Hyderabad,0,44,407.56,946,6,0,1,22,0,0.27080054777422646,0,21.66404382193812,Low,0,False,NO_ALERT
T102414,CUST2976,2023-08-02 13:45:00,2023-08-01,56.33,0,Legitimate,0.0,Food,PayPal,POS,Delhi,0,35,124.7,93,13,2,8,2,0,0.2512769534248875,0,20.102156273991,Low,0,False,NO_ALERT
T102415,CUST5637,2023-01-03 16:34:00,2023-01-01,265.98,1,Fraudulent,265.98,Health,UPI,Desktop,Pune,1,108,210.86,1925,16,1,1,3,0,0.7147454495907926,0,57.17963596726341,High,1,True,HIGH
T102416,CUST4545,2023-05-18 20:27:00,2023-05-01,38.79,1,Fraudulent,38.79,Food,Credit Card,POS,Kolkata,1,91,210.12,955,20,3,5,18,0,0.7369263017293284,0,58.954104138346274,High,1,True,HIGH
T102417,CUST7180,2023-11-30 06:54:00,2023-11-01,3.18,0,Legitimate,0.0,Fashion,Credit Card,POS,Hyderabad,0,128,388.74,1217,6,3,11,30,0,0.2605692808636282,0,20.845542469090255,Low,0,False,NO_ALERT
T102418,CUST7256,2023-10-05 21:58:00,2023-10-01,2.52,0,Legitimate,0.0,Utilities,UPI,Mobile,Mumbai,0,1,128.06,1442,21,3,10,5,0,0.22317505074690608,0,17.854004059752487,Low,0,False,NO_ALERT
T102419,CUST1211,2023-04-17 13:51:00,2023-04-01,39.28,0,Legitimate,0.0,Utilities,Credit Card,Desktop,Pune,0,43,484.69,1522,13,0,4,17,0,0.25753887988450685,0,20.60311039076055,Low,0,False,NO_ALERT
T102420,CUST8716,2023-01-07 01:53:00,2023-01-01,13.95,0,Legitimate,0.0,Food,NetBanking,Desktop,Kolkata,0,32,260.13,1603,1,5,1,7,1,0.5945899005174653,0,47.56719204139723,Medium,0,False,NO_ALERT
T102421,CUST1652,2023-07-31 15:45:00,2023-07-01,1.89,0,Legitimate,0.0,Health,NetBanking,Desktop,Hyderabad,0,103,148.21,756,15,0,7,31,0,0.17563582492455748,0,14.0508659939646,Low,0,False,NO_ALERT
T102422,CUST5284,2023-04-15 06:49:00,2023-04-01,112.92,0,Legitimate,0.0,Grocery,PayPal,Desktop,Pune,0,191,149.3,1584,6,5,4,15,1,0.21642569170902207,0,17.314055336721765,Low,0,False,NO_ALERT
T102423,CUST3230,2024-02-03 23:01:00,2024-02-01,49.08,0,Legitimate,0.0,Grocery,PayPal,Desktop,Mumbai,0,33,18.97,795,23,5,2,3,1,0.25269031188176605,1,40.215224950541284,Medium,0,False,NO_ALERT
T102424,CUST4985,2024-01-06 18:19:00,2024-01-01,27.31,0,Legitimate,0.0,Utilities,Debit Card,Mobile,Hyderabad,0,95,349.29,1639,18,5,1,6,1,0.2129412683763382,0,17.035301470107054,Low,0,False,NO_ALERT
T102425,CUST8816,2023-09-30 00:18:00,2023-09-01,184.27,0,Legitimate,0.0,Fashion,PayPal,POS,Hyderabad,0,109,390.21,952,0,5,9,30,1,0.6271232976663197,0,50.169863813305575,High,1,True,HIGH
T102426,CUST2297,2023-09-25 20:14:00,2023-09-01,9.88,0,Legitimate,0.0,Travel,NetBanking,Mobile,Kolkata,0,66,25.89,682,20,0,9,25,0,0.1986320420860025,0,15.8905633668802,Low,0,False,NO_ALERT
T102427,CUST7866,2023-08-05 15:10:00,2023-08-01,249.74,0,Legitimate,0.0,Fashion,PayPal,Desktop,Pune,0,30,297.11,934,15,5,8,5,1,0.2636810808885926,1,41.09448647108741,Medium,0,False,NO_ALERT
T102428,CUST4527,2023-04-25 06:30:00,2023-04-01,30.15,0,Legitimate,0.0,Grocery,Credit Card,Desktop,Delhi,0,10,393.02,1070,6,1,4,25,0,0.24506530219051373,0,19.6052241752411,Low,0,False,NO_ALERT
T102429,CUST2580,2023-02-26 23:10:00,2023-02-01,175.43,0,Legitimate,0.0,Electronics,Debit Card,POS,Hyderabad,0,23,194.36,636,23,6,2,26,1,0.24820940393533775,0,19.85675231482702,Low,0,False,NO_ALERT
T102430,CUST9330,2023-05-29 22:56:00,2023-05-01,73.89,0,Legitimate,0.0,Electronics,Debit Card,Mobile,Delhi,0,97,222.04,775,22,0,5,29,0,0.22117568136625831,0,17.694054509300667,Low,0,False,NO_ALERT
T102431,CUST6615,2024-01-25 15:35:00,2024-01-01,140.22,0,Legitimate,0.0,Food,NetBanking,POS,Hyderabad,0,39,187.2,969,15,3,1,25,0,0.20876834802922986,0,16.70146784233839,Low,0,False,NO_ALERT
T102432,CUST5480,2023-11-19 03:06:00,2023-11-01,330.88,0,Legitimate,0.0,Health,PayPal,POS,Chennai,0,173,164.67,1354,3,6,11,19,1,0.5278013805430284,1,62.22411044344227,High,1,True,HIGH
T102433,CUST5865,2023-01-24 08:43:00,2023-01-01,27.22,0,Legitimate,0.0,Utilities,Credit Card,Mobile,Bengaluru,0,123,250.66,117,8,1,1,24,0,0.24996788640513048,0,19.99743091241044,Low,0,False,NO_ALERT
T102434,CUST1605,2023-12-28 17:23:00,2023-12-01,259.81,0,Legitimate,0.0,Entertainment,PayPal,POS,Delhi,0,157,91.39,1863,17,3,12,28,0,0.19327855424436455,1,35.462284339549164,Medium,0,False,NO_ALERT
T102435,CUST9597,2024-01-01 10:01:00,2024-01-01,39.48,0,Legitimate,0.0,Entertainment,UPI,Mobile,Delhi,0,158,225.94,592,10,0,1,1,0,0.22614720227165264,0,18.09177618173221,Low,0,False,NO_ALERT
T102436,CUST5150,2023-05-07 14:03:00,2023-05-01,38.96,0,Legitimate,0.0,Entertainment,PayPal,Mobile,Kolkata,0,162,471.49,1298,14,6,5,7,1,0.26482825591978676,0,21.18626047358294,Low,0,False,NO_ALERT
T102437,CUST6989,2023-04-26 06:14:00,2023-04-01,33.29,1,Fraudulent,33.29,Food,NetBanking,Desktop,Mumbai,0,180,23.43,1520,6,2,4,26,0,0.523381532277001,0,41.870522582160085,Medium,0,False,NO_ALERT
T102438,CUST1835,2023-05-28 23:33:00,2023-05-01,62.37,0,Legitimate,0.0,Electronics,PayPal,POS,Chennai,0,103,90.72,1495,23,6,5,28,1,0.1774728596821025,0,14.197828774568201,Low,0,False,NO_ALERT
T102439,CUST4416,2023-10-21 15:07:00,2023-10-01,13.39,0,Legitimate,0.0,Grocery,Debit Card,Desktop,Mumbai,0,22,391.07,1166,15,5,10,21,1,0.2216057242155111,0,17.72845793724089,Low,0,False,NO_ALERT
T102440,CUST4213,2024-02-17 03:24:00,2024-02-01,64.54,1,Fraudulent,64.54,Food,Credit Card,POS,Chennai,1,5,74.71,471,3,5,2,17,1,0.8210762956892321,1,85.68610365513858,Critical,1,True,CRITICAL
T102441,CUST5699,2023-06-01 13:32:00,2023-06-01,62.42,0,Legitimate,0.0,Entertainment,NetBanking,POS,Chennai,0,139,142.93,1979,13,3,6,1,0,0.2436242264896249,0,19.48993811916999,Low,0,False,NO_ALERT
T102442,CUST3711,2023-03-06 16:02:00,2023-03-01,114.81,0,Legitimate,0.0,Entertainment,UPI,Desktop,Pune,0,160,232.87,1954,16,0,3,6,0,0.24689091029250176,0,19.751272823400143,Low,0,False,NO_ALERT
T102443,CUST9550,2023-01-29 23:56:00,2023-01-01,143.49,0,Legitimate,0.0,Utilities,Credit Card,Desktop,Pune,0,152,472.15,1061,23,6,1,29,1,0.24658747470732378,0,19.726997976585906,Low,0,False,NO_ALERT
T102444,CUST3159,2024-01-10 19:24:00,2024-01-01,46.45,0,Legitimate,0.0,Fashion,Credit Card,Desktop,Pune,0,139,99.92,1602,19,2,1,10,0,0.2256450664966258,0,18.051605319730065,Low,0,False,NO_ALERT
T102445,CUST7148,2023-12-27 23:20:00,2023-12-01,28.8,0,Legitimate,0.0,Entertainment,Debit Card,Mobile,Hyderabad,0,139,462.31,588,23,2,12,27,0,0.22636089777401946,0,18.108871821921557,Low,0,False,NO_ALERT
T102446,CUST8562,2023-05-29 16:17:00,2023-05-01,24.02,0,Legitimate,0.0,Health,Debit Card,POS,Kolkata,0,145,362.08,1153,16,0,5,29,0,0.2460722772274005,0,19.685782178192042,Low,0,False,NO_ALERT
T102447,CUST6633,2023-04-05 13:03:00,2023-04-01,17.32,0,Legitimate,0.0,Entertainment,Debit Card,Mobile,Mumbai,0,160,338.86,1398,13,2,4,5,0,0.26570578672222733,0,21.25646293777819,Low,0,False,NO_ALERT
T102448,CUST1240,2023-12-13 22:27:00,2023-12-01,4.75,0,Legitimate,0.0,Fashion,NetBanking,POS,Bengaluru,0,83,364.54,1738,22,2,12,13,0,0.20999500638072863,0,16.79960051045829,Low,0,False,NO_ALERT
T102449,CUST5202,2023-11-02 14:29:00,2023-11-01,33.54,0,Legitimate,0.0,Entertainment,PayPal,POS,Chennai,0,155,25.31,782,14,3,11,2,0,0.27662909801256474,0,22.130327841005183,Low,0,False,NO_ALERT
T102450,CUST6447,2023-12-26 17:36:00,2023-12-01,25.2,0,Legitimate,0.0,Health,Credit Card,Mobile,Chennai,0,32,58.46,930,17,1,12,26,0,0.19995254085014455,0,15.996203268011564,Low,0,False,NO_ALERT
T102451,CUST8407,2023-01-08 02:59:00,2023-01-01,271.5,0,Legitimate,0.0,Grocery,PayPal,Mobile,Kolkata,0,61,174.07,510,2,6,1,8,1,0.5886354818190934,1,67.09083854552748,High,1,True,HIGH
T102452,CUST7296,2023-01-10 19:43:00,2023-01-01,65.26,0,Legitimate,0.0,Food,PayPal,POS,Delhi,0,25,46.24,732,19,1,1,10,0,0.22266686528519572,1,37.81334922281566,Medium,0,False,NO_ALERT
T102453,CUST8297,2023-11-11 12:05:00,2023-11-01,34.13,0,Legitimate,0.0,Health,Debit Card,Desktop,Hyderabad,0,64,493.92,1395,12,5,11,11,1,0.2197227669280149,0,17.57782135424119,Low,0,False,NO_ALERT
T102454,CUST8676,2024-02-06 23:16:00,2024-02-01,69.49,0,Legitimate,0.0,Fashion,PayPal,Desktop,Bengaluru,0,192,294.4,972,23,1,2,6,0,0.2659957629528872,0,21.279661036230976,Low,0,False,NO_ALERT
T102455,CUST9354,2023-10-29 03:49:00,2023-10-01,11.99,1,Fraudulent,11.99,Food,Credit Card,Desktop,Pune,1,156,248.8,1287,3,6,10,29,1,0.8658935828820786,0,69.27148663056629,High,1,True,HIGH
T102456,CUST4657,2024-02-12 20:37:00,2024-02-01,46.97,0,Legitimate,0.0,Food,Credit Card,Desktop,Chennai,0,168,394.9,822,20,0,2,12,0,0.273563499212709,0,21.885079937016723,Low,0,False,NO_ALERT
T102457,CUST2068,2023-12-13 09:29:00,2023-12-01,78.73,0,Legitimate,0.0,Fashion,UPI,POS,Delhi,0,91,488.71,1288,9,2,12,13,0,0.23335219713661687,0,18.66817577092935,Low,0,False,NO_ALERT
T102458,CUST8337,2023-02-23 15:05:00,2023-02-01,53.69,0,Legitimate,0.0,Utilities,NetBanking,Desktop,Mumbai,0,142,478.01,155,15,3,2,23,0,0.22634329234829578,0,18.107463387863664,Low,0,False,NO_ALERT
T102459,CUST3443,2023-05-16 22:12:00,2023-05-01,41.1,0,Legitimate,0.0,Electronics,PayPal,Desktop,Chennai,0,42,398.6,719,22,1,5,16,0,0.20317693110341775,0,16.25415448827342,Low,0,False,NO_ALERT
T102460,CUST4311,2023-12-15 19:22:00,2023-12-01,407.28,0,Legitimate,0.0,Entertainment,NetBanking,Desktop,Delhi,0,39,194.82,506,19,4,12,15,0,0.23665690499766207,1,38.93255239981296,Medium,0,False,NO_ALERT
T102461,CUST2989,2023-06-05 16:30:00,2023-06-01,169.83,0,Legitimate,0.0,Health,NetBanking,POS,Mumbai,0,2,42.32,714,16,0,6,5,0,0.30035488285344125,1,44.028390628275304,Medium,0,False,NO_ALERT
T102462,CUST1085,2023-01-26 02:33:00,2023-01-01,78.13,0,Legitimate,0.0,Fashion,NetBanking,Mobile,Hyderabad,0,81,58.2,401,2,3,1,26,0,0.5640645653642848,0,45.125165229142794,Medium,0,False,NO_ALERT
T102463,CUST5496,2023-12-31 12:42:00,2023-12-01,67.4,0,Legitimate,0.0,Grocery,NetBanking,Desktop,Pune,0,1,10.56,1173,12,6,12,31,1,0.2736605077599863,1,41.89284062079891,Medium,0,False,NO_ALERT
T102464,CUST5304,2023-01-06 23:09:00,2023-01-01,77.55,1,Fraudulent,77.55,Travel,Credit Card,POS,Kolkata,1,109,10.93,571,23,4,1,6,0,0.7781564819339576,1,82.2525185547166,Critical,1,True,CRITICAL
T102465,CUST2815,2023-01-21 08:15:00,2023-01-01,17.98,0,Legitimate,0.0,Fashion,PayPal,POS,Mumbai,0,160,468.85,589,8,5,1,21,1,0.28072699620644065,0,22.458159696515253,Low,0,False,NO_ALERT
T102466,CUST4848,2023-01-19 20:20:00,2023-01-01,40.22,0,Legitimate,0.0,Entertainment,UPI,Desktop,Chennai,0,125,464.24,208,20,3,1,19,0,0.23091684878274132,0,18.473347902619306,Low,0,False,NO_ALERT
T102467,CUST3236,2023-11-25 04:40:00,2023-11-01,3.22,0,Legitimate,0.0,Entertainment,NetBanking,Mobile,Bengaluru,0,64,337.1,1147,4,5,11,25,1,0.5042728782522836,0,40.34183026018269,Medium,0,False,NO_ALERT
T102468,CUST2056,2023-11-19 14:40:00,2023-11-01,51.63,0,Legitimate,0.0,Food,UPI,Mobile,Mumbai,0,159,366.07,596,14,6,11,19,1,0.28289960369018147,0,22.63196829521452,Low,0,False,NO_ALERT
T102469,CUST1725,2023-10-01 23:12:00,2023-10-01,62.65,0,Legitimate,0.0,Food,Credit Card,Mobile,Bengaluru,0,186,261.47,777,23,6,10,1,1,0.28107142504421206,0,22.485714003536966,Low,0,False,NO_ALERT
T102470,CUST8133,2023-03-18 22:02:00,2023-03-01,20.68,0,Legitimate,0.0,Fashion,Credit Card,POS,Bengaluru,0,82,126.54,980,22,5,3,18,1,0.2387804924164073,0,19.102439393312586,Low,0,False,NO_ALERT
T102471,CUST5704,2024-02-04 07:20:00,2024-02-01,266.0,0,Legitimate,0.0,Travel,Debit Card,Desktop,Mumbai,0,78,458.05,331,7,6,2,4,1,0.24357268847363578,0,19.485815077890862,Low,0,False,NO_ALERT
T102472,CUST9534,2024-02-02 13:43:00,2024-02-01,192.15,0,Legitimate,0.0,Utilities,NetBanking,Desktop,Kolkata,0,111,146.07,1852,13,4,2,2,0,0.1845719901104913,0,14.765759208839306,Low,0,False,NO_ALERT
T102473,CUST1205,2023-03-23 23:04:00,2023-03-01,102.45,0,Legitimate,0.0,Fashion,Debit Card,POS,Kolkata,0,142,372.44,1471,23,3,3,23,0,0.2303353667929076,0,18.42682934343261,Low,0,False,NO_ALERT
T102474,CUST5831,2023-01-15 05:40:00,2023-01-01,60.98,1,Fraudulent,60.98,Travel,UPI,Desktop,Hyderabad,1,197,130.26,1913,5,6,1,15,1,0.8090831713145028,1,84.72665370516022,Critical,1,True,CRITICAL
T102475,CUST1543,2023-05-06 03:33:00,2023-05-01,163.2,0,Legitimate,0.0,Utilities,PayPal,Desktop,Kolkata,0,16,436.37,615,3,5,5,6,1,0.5840139278617887,0,46.7211142289431,Medium,0,False,NO_ALERT
T102476,CUST1660,2023-10-19 19:12:00,2023-10-01,11.2,0,Legitimate,0.0,Travel,Debit Card,Mobile,Mumbai,0,197,329.11,1505,19,3,10,19,0,0.24217659448609002,0,19.374127558887203,Low,0,False,NO_ALERT
T102477,CUST5985,2023-09-21 15:31:00,2023-09-01,125.05,1,Fraudulent,125.05,Entertainment,Credit Card,Desktop,Kolkata,1,54,324.92,1470,15,3,9,21,0,0.7233127235728104,0,57.865017885824834,High,1,True,HIGH
T102478,CUST2437,2024-02-03 01:22:00,2024-02-01,10.67,0,Legitimate,0.0,Entertainment,NetBanking,Desktop,Delhi,0,141,57.71,1877,1,5,2,3,1,0.6204356381286348,0,49.634851050290784,Medium,0,False,NO_ALERT
T102479,CUST1787,2023-11-17 10:11:00,2023-11-01,126.47,0,Legitimate,0.0,Entertainment,UPI,POS,Pune,0,124,215.54,1175,10,4,11,17,0,0.21782245893023902,0,17.42579671441912,Low,0,False,NO_ALERT
T102480,CUST1468,2023-03-12 13:06:00,2023-03-01,25.81,0,Legitimate,0.0,Grocery,Credit Card,POS,Bengaluru,0,80,267.21,86,13,6,3,12,1,0.25310529872853355,0,20.248423898282685,Low,0,False,NO_ALERT
T102481,CUST9776,2024-02-20 03:25:00,2024-02-01,167.7,0,Legitimate,0.0,Entertainment,PayPal,Mobile,Pune,0,79,154.08,1838,3,1,2,20,0,0.6088463333659382,0,48.70770666927506,Medium,0,False,NO_ALERT
T102482,CUST9689,2023-04-15 10:19:00,2023-04-01,230.65,0,Legitimate,0.0,Health,NetBanking,POS,Chennai,0,159,441.68,1053,10,5,4,15,1,0.28333417293685037,0,22.666733834948033,Low,0,False,NO_ALERT
T102483,CUST2572,2023-04-06 17:02:00,2023-04-01,12.89,0,Legitimate,0.0,Food,PayPal,Mobile,Bengaluru,0,197,420.46,1192,17,3,4,6,0,0.238285881922222,0,19.06287055377776,Low,0,False,NO_ALERT
T102484,CUST3218,2024-02-08 22:30:00,2024-02-01,49.69,0,Legitimate,0.0,Food,PayPal,Mobile,Chennai,0,149,251.87,1252,22,3,2,8,0,0.25494649240318307,0,20.395719392254648,Low,0,False,NO_ALERT
T102485,CUST6293,2023-01-28 13:03:00,2023-01-01,317.01,0,Legitimate,0.0,Travel,NetBanking,Desktop,Delhi,0,127,176.62,750,13,5,1,28,1,0.2330649395991347,0,18.645195167930776,Low,0,False,NO_ALERT
T102486,CUST3476,2024-01-01 12:01:00,2024-01-01,52.84,0,Legitimate,0.0,Food,NetBanking,Mobile,Delhi,0,158,402.76,1838,12,0,1,1,0,0.21968777082346536,0,17.575021665877227,Low,0,False,NO_ALERT
T102487,CUST5337,2023-04-14 17:02:00,2023-04-01,159.34,0,Legitimate,0.0,Electronics,PayPal,Desktop,Pune,0,23,106.48,1414,17,4,4,14,0,0.23521777829688328,0,18.817422263750665,Low,0,False,NO_ALERT
T102488,CUST8974,2023-09-13 03:02:00,2023-09-01,71.08,0,Legitimate,0.0,Utilities,UPI,Mobile,Delhi,0,38,45.04,1703,3,2,9,13,0,0.5589468679782282,0,44.71574943825826,Medium,0,False,NO_ALERT
T102489,CUST7347,2023-12-02 21:45:00,2023-12-01,37.64,0,Legitimate,0.0,Travel,NetBanking,POS,Mumbai,0,157,32.4,439,21,5,12,2,1,0.23521944259917518,0,18.817555407934016,Low,0,False,NO_ALERT
T102490,CUST2146,2023-10-11 17:16:00,2023-10-01,26.93,0,Legitimate,0.0,Food,Credit Card,POS,Bengaluru,0,77,28.95,675,17,2,10,11,0,0.27734118374083555,0,22.187294699266843,Low,0,False,NO_ALERT
T102491,CUST1425,2023-01-04 06:57:00,2023-01-01,18.17,0,Legitimate,0.0,Electronics,Debit Card,POS,Chennai,0,32,249.56,1902,6,2,1,4,0,0.2540747337594402,0,20.325978700755215,Low,0,False,NO_ALERT
T102492,CUST7393,2023-08-07 22:41:00,2023-08-01,114.77,0,Legitimate,0.0,Utilities,UPI,Mobile,Kolkata,0,112,135.1,1581,22,0,8,7,0,0.20585452560216713,0,16.468362048173372,Low,0,False,NO_ALERT
T102493,CUST5329,2023-03-01 06:37:00,2023-03-01,39.09,1,Fraudulent,39.09,Grocery,NetBanking,Mobile,Pune,1,190,348.28,1668,6,2,3,1,0,0.728310331663494,0,58.26482653307952,High,1,True,HIGH
T102494,CUST9691,2023-12-28 10:20:00,2023-12-01,57.28,0,Legitimate,0.0,Food,NetBanking,Desktop,Pune,0,106,330.41,1296,10,3,12,28,0,0.18455496300270802,0,14.764397040216643,Low,0,False,NO_ALERT
T102495,CUST3254,2023-11-04 13:03:00,2023-11-01,54.23,0,Legitimate,0.0,Electronics,UPI,Desktop,Delhi,0,91,275.59,1143,13,5,11,4,1,0.22753566141454834,0,18.202852913163866,Low,0,False,NO_ALERT
T102496,CUST2609,2023-08-05 14:46:00,2023-08-01,68.88,0,Legitimate,0.0,Fashion,Debit Card,Desktop,Delhi,0,98,182.89,1569,14,5,8,5,1,0.24528235198066842,0,19.622588158453475,Low,0,False,NO_ALERT
T102497,CUST8719,2023-02-23 08:49:00,2023-02-01,160.54,0,Legitimate,0.0,Health,PayPal,Desktop,Chennai,0,45,426.72,91,8,3,2,23,0,0.23085651905023788,0,18.46852152401903,Low,0,False,NO_ALERT
T102498,CUST7015,2023-03-01 14:26:00,2023-03-01,315.98,0,Legitimate,0.0,Fashion,Credit Card,Mobile,Bengaluru,0,49,357.75,1265,14,2,3,1,0,0.28967547827012713,0,23.17403826161017,Low,0,False,NO_ALERT
T102499,CUST9304,2023-06-14 16:11:00,2023-06-01,41.88,0,Legitimate,0.0,Electronics,NetBanking,Mobile,Bengaluru,0,161,143.05,277,16,2,6,14,0,0.2167132826932016,0,17.33706261545613,Low,0,False,NO_ALERT
T102500,CUST6473,2023-02-02 15:22:00,2023-02-01,140.6,0,Legitimate,0.0,Travel,Debit Card,Desktop,Pune,0,4,255.83,1757,15,3,2,2,0,0.32743910058787995,0,26.195128047030398,Medium,0,False,NO_ALERT
T102501,CUST5363,2023-04-23 09:06:00,2023-04-01,115.69,0,Legitimate,0.0,Entertainment,Credit Card,Mobile,Chennai,0,146,86.57,526,9,6,4,23,1,0.18064684414324536,0,14.45174753145963,Low,0,False,NO_ALERT
T102502,CUST6446,2023-07-13 06:12:00,2023-07-01,68.18,0,Legitimate,0.0,Entertainment,UPI,Mobile,Pune,0,198,171.1,85,6,3,7,13,0,0.24538321204059405,0,19.630656963247525,Low,0,False,NO_ALERT
T102503,CUST1542,2024-02-12 12:56:00,2024-02-01,249.97,0,Legitimate,0.0,Entertainment,NetBanking,Mobile,Kolkata,0,64,498.6,488,12,0,2,12,0,0.24226575536521236,0,19.38126042921699,Low,0,False,NO_ALERT
T102504,CUST6050,2023-10-08 19:58:00,2023-10-01,17.9,0,Legitimate,0.0,Utilities,PayPal,Mobile,Hyderabad,0,156,119.68,948,19,6,10,8,1,0.24012851855640288,0,19.210281484512233,Low,0,False,NO_ALERT
T102505,CUST7322,2023-01-28 06:12:00,2023-01-01,9.26,0,Legitimate,0.0,Travel,UPI,Desktop,Bengaluru,0,108,352.17,1342,6,5,1,28,1,0.2501291536223156,0,20.01033228978525,Low,0,False,NO_ALERT
T102506,CUST6478,2023-11-18 19:57:00,2023-11-01,153.91,0,Legitimate,0.0,Utilities,NetBanking,Desktop,Chennai,0,121,126.83,1596,19,5,11,18,1,0.16091764044590465,0,12.873411235672373,Low,0,False,NO_ALERT
T102507,CUST8546,2023-07-17 04:32:00,2023-07-01,46.26,0,Legitimate,0.0,Food,Debit Card,Mobile,Kolkata,0,186,469.69,1956,4,0,7,17,0,0.5259247503634746,0,42.07398002907797,Medium,0,False,NO_ALERT
T102508,CUST9323,2023-05-02 07:30:00,2023-05-01,150.17,0,Legitimate,0.0,Entertainment,Credit Card,POS,Chennai,0,90,161.97,1523,7,1,5,2,0,0.30252189297804555,0,24.201751438243647,Low,0,False,NO_ALERT
T102509,CUST6693,2023-05-12 08:17:00,2023-05-01,178.86,0,Legitimate,0.0,Fashion,Credit Card,Desktop,Pune,0,56,179.88,1442,8,4,5,12,0,0.2392623827738275,0,19.1409906219062,Low,0,False,NO_ALERT
T102510,CUST7545,2023-05-21 07:56:00,2023-05-01,5.16,0,Legitimate,0.0,Travel,NetBanking,Desktop,Delhi,0,20,300.99,1474,7,6,5,21,1,0.20599809811822228,0,16.479847849457784,Low,0,False,NO_ALERT
T102511,CUST1257,2023-09-25 07:02:00,2023-09-01,171.96,0,Legitimate,0.0,Travel,UPI,POS,Chennai,0,77,298.17,1566,7,0,9,25,0,0.24520841145798086,0,19.61667291663847,Low,0,False,NO_ALERT
T102512,CUST7934,2023-09-16 13:11:00,2023-09-01,47.58,0,Legitimate,0.0,Entertainment,PayPal,Desktop,Pune,0,162,293.75,1763,13,5,9,16,1,0.25106359268717704,0,20.085087414974165,Low,0,False,NO_ALERT
T102513,CUST9371,2023-10-12 15:28:00,2023-10-01,57.14,1,Fraudulent,57.14,Fashion,Debit Card,POS,Mumbai,1,87,290.89,586,15,3,10,12,0,0.7263543822177931,0,58.10835057742345,High,1,True,HIGH
T102514,CUST5109,2023-04-26 04:14:00,2023-04-01,78.81,0,Legitimate,0.0,Grocery,NetBanking,POS,Delhi,0,138,162.97,1612,4,2,4,26,0,0.6111870599542958,0,48.894964796343665,Medium,0,False,NO_ALERT
T102515,CUST5795,2023-04-13 05:43:00,2023-04-01,208.71,0,Legitimate,0.0,Travel,Debit Card,Mobile,Delhi,0,115,222.86,993,5,3,4,13,0,0.6476891705476758,0,51.81513364381407,High,1,True,HIGH
T102516,CUST9982,2024-01-12 14:19:00,2024-01-01,1.54,0,Legitimate,0.0,Entertainment,Credit Card,Desktop,Bengaluru,0,94,300.78,1787,14,4,1,12,0,0.2151236096665428,0,17.209888773323424,Low,0,False,NO_ALERT
T102517,CUST1353,2023-10-05 07:40:00,2023-10-01,51.83,0,Legitimate,0.0,Health,PayPal,POS,Hyderabad,0,150,338.92,1851,7,3,10,5,0,0.24075587662795125,0,19.2604701302361,Low,0,False,NO_ALERT
T102518,CUST2049,2024-01-05 10:49:00,2024-01-01,93.11,0,Legitimate,0.0,Electronics,Debit Card,Mobile,Bengaluru,0,133,134.03,1134,10,4,1,5,0,0.18783344429206508,0,15.026675543365208,Low,0,False,NO_ALERT
T102519,CUST1125,2023-07-29 03:54:00,2023-07-01,102.61,1,Fraudulent,102.61,Utilities,NetBanking,Desktop,Mumbai,0,172,353.72,473,3,5,7,29,1,0.679224319966752,0,54.337945597340166,High,1,True,HIGH
T102520,CUST9799,2023-02-14 21:27:00,2023-02-01,94.35,0,Legitimate,0.0,Food,PayPal,Mobile,Pune,0,114,462.41,821,21,1,2,14,0,0.21180055035223816,0,16.944044028179054,Low,0,False,NO_ALERT
T102521,CUST8704,2023-07-29 14:17:00,2023-07-01,11.55,0,Legitimate,0.0,Travel,UPI,Mobile,Delhi,0,9,381.38,1340,14,5,7,29,1,0.19575450594670182,0,15.660360475736148,Low,0,False,NO_ALERT
T102522,CUST1541,2023-04-22 00:51:00,2023-04-01,28.46,1,Fraudulent,28.46,Health,NetBanking,POS,Delhi,0,43,51.27,1337,0,5,4,22,1,0.6526056626398633,0,52.20845301118907,High,1,True,HIGH
T102523,CUST4822,2023-10-09 08:44:00,2023-10-01,35.54,1,Fraudulent,35.54,Health,Debit Card,Desktop,Kolkata,1,4,239.87,1994,8,0,10,9,0,0.7526780213797274,1,80.21424171037819,Critical,1,True,CRITICAL
T102524,CUST1584,2023-05-24 01:38:00,2023-05-01,130.55,0,Legitimate,0.0,Travel,PayPal,Mobile,Chennai,0,170,223.28,520,1,2,5,24,0,0.61616658623606,0,49.2933268988848,Medium,0,False,NO_ALERT
T102525,CUST2076,2023-08-30 10:15:00,2023-08-01,26.14,0,Legitimate,0.0,Grocery,NetBanking,POS,Hyderabad,0,65,174.89,1441,10,2,8,30,0,0.2024715641497685,0,16.197725131981482,Low,0,False,NO_ALERT
T102526,CUST8205,2023-02-24 03:35:00,2023-02-01,18.93,0,Legitimate,0.0,Electronics,PayPal,POS,Hyderabad,0,98,250.75,1754,3,4,2,24,0,0.5325712380084433,0,42.60569904067547,Medium,0,False,NO_ALERT
T102527,CUST2518,2023-09-24 14:08:00,2023-09-01,252.56,0,Legitimate,0.0,Food,PayPal,Mobile,Chennai,0,169,225.42,1604,14,6,9,24,1,0.2609479011687819,0,20.875832093502552,Low,0,False,NO_ALERT
T102528,CUST1404,2023-02-19 20:29:00,2023-02-01,0.71,0,Legitimate,0.0,Travel,PayPal,Mobile,Mumbai,0,192,13.02,624,20,6,2,19,1,0.24292042673293895,0,19.433634138635117,Low,0,False,NO_ALERT
T102529,CUST5751,2023-03-22 19:07:00,2023-03-01,490.31,0,Legitimate,0.0,Utilities,Debit Card,POS,Hyderabad,0,55,125.91,437,19,2,3,22,0,0.36395801042967485,0,29.11664083437399,Medium,0,False,NO_ALERT
T102530,CUST1719,2023-07-20 22:58:00,2023-07-01,90.36,0,Legitimate,0.0,Food,NetBanking,Mobile,Delhi,0,146,114.75,356,22,3,7,20,0,0.17231810421210017,0,13.785448336968015,Low,0,False,NO_ALERT
T102531,CUST4491,2023-11-07 00:06:00,2023-11-01,141.04,1,Fraudulent,141.04,Fashion,Credit Card,Mobile,Mumbai,0,144,181.14,971,0,1,11,7,0,0.6859214432040502,0,54.87371545632402,High,1,True,HIGH
T102532,CUST1096,2023-02-20 00:42:00,2023-02-01,27.92,0,Legitimate,0.0,Health,Credit Card,Desktop,Bengaluru,0,87,95.48,978,0,0,2,20,0,0.6118224192801373,0,48.94579354241098,Medium,0,False,NO_ALERT
T102533,CUST1626,2023-04-04 13:41:00,2023-04-01,1.15,0,Legitimate,0.0,Health,Debit Card,POS,Bengaluru,0,174,43.22,1229,13,1,4,4,0,0.21026723029866848,0,16.821378423893478,Low,0,False,NO_ALERT
T102534,CUST1835,2023-04-08 17:19:00,2023-04-01,107.11,0,Legitimate,0.0,Travel,Debit Card,Mobile,Mumbai,0,164,106.34,1574,17,5,4,8,1,0.21599085757580905,0,17.279268606064726,Low,0,False,NO_ALERT
T102535,CUST5639,2024-01-16 15:27:00,2024-01-01,143.73,0,Legitimate,0.0,Travel,PayPal,POS,Delhi,0,90,428.55,1843,15,1,1,16,0,0.2271866107136964,0,18.17492885709571,Low,0,False,NO_ALERT
T102536,CUST4194,2023-08-20 18:38:00,2023-08-01,107.91,0,Legitimate,0.0,Utilities,NetBanking,Desktop,Kolkata,1,194,400.55,412,18,6,8,20,1,0.5327173404134676,0,42.61738723307741,Medium,0,False,NO_ALERT
T102537,CUST2920,2024-02-13 04:06:00,2024-02-01,12.33,0,Legitimate,0.0,Fashion,NetBanking,POS,Bengaluru,0,44,226.63,1043,4,1,2,13,0,0.6228057647888192,0,49.82446118310554,Medium,0,False,NO_ALERT
T102538,CUST6034,2023-02-12 00:34:00,2023-02-01,112.01,0,Legitimate,0.0,Grocery,UPI,POS,Pune,0,5,440.13,1311,0,6,2,12,1,0.6151607194352475,0,49.212857554819806,Medium,0,False,NO_ALERT
T102539,CUST7400,2023-01-11 21:03:00,2023-01-01,117.2,0,Legitimate,0.0,Travel,UPI,POS,Delhi,0,29,124.01,376,21,2,1,11,0,0.21665692523961236,0,17.33255401916899,Low,0,False,NO_ALERT
T102540,CUST3819,2023-11-07 08:20:00,2023-11-01,85.96,0,Legitimate,0.0,Health,Credit Card,Desktop,Chennai,0,126,296.26,301,8,1,11,7,0,0.26024175809522837,0,20.819340647618272,Low,0,False,NO_ALERT
T102541,CUST4061,2023-06-17 18:12:00,2023-06-01,116.23,0,Legitimate,0.0,Food,UPI,Desktop,Hyderabad,0,4,80.03,1314,18,5,6,17,1,0.19998027657498274,0,15.99842212599862,Low,0,False,NO_ALERT
T102542,CUST3894,2024-01-08 11:22:00,2024-01-01,149.62,0,Legitimate,0.0,Electronics,UPI,POS,Kolkata,0,99,418.37,425,11,0,1,8,0,0.2498075478506842,0,19.984603828054738,Low,0,False,NO_ALERT
T102543,CUST8780,2023-08-18 02:02:00,2023-08-01,76.07,0,Legitimate,0.0,Entertainment,Credit Card,POS,Kolkata,0,49,73.98,1745,2,4,8,18,0,0.6258469711206183,0,50.06775768964946,High,1,True,HIGH
T102544,CUST1019,2024-01-03 09:27:00,2024-01-01,7.42,0,Legitimate,0.0,Food,Credit Card,Desktop,Mumbai,0,85,25.61,183,9,2,1,3,0,0.28645638656443173,0,22.91651092515454,Low,0,False,NO_ALERT
T102545,CUST2482,2023-01-15 18:42:00,2023-01-01,53.5,0,Legitimate,0.0,Grocery,UPI,Mobile,Hyderabad,0,136,143.99,1580,18,6,1,15,1,0.21265003920092185,0,17.012003136073748,Low,0,False,NO_ALERT
T102546,CUST6368,2023-04-07 00:53:00,2023-04-01,6.47,0,Legitimate,0.0,Electronics,NetBanking,Desktop,Chennai,0,122,451.46,1120,0,4,4,7,0,0.5924067283253216,0,47.39253826602573,Medium,0,False,NO_ALERT
T102547,CUST1947,2023-02-27 02:26:00,2023-02-01,41.88,0,Legitimate,0.0,Food,UPI,POS,Bengaluru,0,180,73.43,870,2,0,2,27,0,0.5866658829742739,0,46.93327063794192,Medium,0,False,NO_ALERT
T102548,CUST7111,2023-05-12 09:40:00,2023-05-01,41.82,0,Legitimate,0.0,Food,PayPal,Mobile,Kolkata,0,116,172.03,1752,9,4,5,12,0,0.21111618749837707,0,16.889294999870167,Low,0,False,NO_ALERT
T102549,CUST1960,2023-03-22 02:43:00,2023-03-01,5.46,0,Legitimate,0.0,Fashion,PayPal,Mobile,Pune,0,197,165.04,377,2,2,3,22,0,0.5961503447157157,0,47.69202757725726,Medium,0,False,NO_ALERT
T102550,CUST7998,2023-03-22 07:41:00,2023-03-01,34.32,0,Legitimate,0.0,Entertainment,PayPal,Mobile,Delhi,0,149,402.81,1988,7,2,3,22,0,0.21829684036584848,0,17.463747229267877,Low,0,False,NO_ALERT
T102551,CUST4163,2023-07-13 12:32:00,2023-07-01,9.41,0,Legitimate,0.0,Utilities,Debit Card,Desktop,Kolkata,1,155,216.55,1116,12,3,7,13,0,0.7067220388463673,0,56.53776310770939,High,1,True,HIGH
T102552,CUST8439,2023-03-08 12:35:00,2023-03-01,132.12,0,Legitimate,0.0,Grocery,PayPal,Desktop,Kolkata,0,166,309.67,385,12,2,3,8,0,0.23825689127946348,0,19.06055130235708,Low,0,False,NO_ALERT
T102553,CUST3614,2023-11-02 06:48:00,2023-11-01,236.04,0,Legitimate,0.0,Health,NetBanking,Desktop,Delhi,0,133,208.15,1334,6,3,11,2,0,0.24809455545029477,0,19.847564436023582,Low,0,False,NO_ALERT
T102554,CUST7806,2023-06-27 00:58:00,2023-06-01,6.01,0,Legitimate,0.0,Fashion,Debit Card,Desktop,Chennai,0,85,280.21,1094,0,1,6,27,0,0.6304985068334584,0,50.439880546676676,High,1,True,HIGH
T102555,CUST9681,2023-08-24 11:59:00,2023-08-01,248.29,1,Fraudulent,248.29,Electronics,Debit Card,POS,Mumbai,0,61,40.6,1593,11,3,8,24,0,0.5644292326288024,1,65.1543386103042,High,1,True,HIGH
T102556,CUST3623,2023-08-28 17:39:00,2023-08-01,59.15,0,Legitimate,0.0,Entertainment,PayPal,Mobile,Kolkata,0,136,193.27,396,17,0,8,28,0,0.23417702524094172,0,18.734162019275338,Low,0,False,NO_ALERT
T102557,CUST7060,2023-02-23 23:58:00,2023-02-01,28.48,1,Fraudulent,28.48,Health,UPI,POS,Kolkata,1,86,429.0,1044,23,3,2,23,0,0.7175816560516891,1,77.40653248413514,Critical,1,True,CRITICAL
T102558,CUST5379,2023-05-07 09:57:00,2023-05-01,6.4,0,Legitimate,0.0,Fashion,Credit Card,Desktop,Hyderabad,0,18,348.62,306,9,6,5,7,1,0.178797694593768,0,14.30381556750144,Low,0,False,NO_ALERT
T102559,CUST3647,2024-01-23 05:32:00,2024-01-01,55.55,0,Legitimate,0.0,Entertainment,UPI,Desktop,Pune,0,132,491.1,250,5,1,1,23,0,0.632224243463,0,50.577939477040005,High,1,True,HIGH
T102560,CUST2708,2024-01-05 17:47:00,2024-01-01,126.59,0,Legitimate,0.0,Utilities,UPI,POS,Bengaluru,0,4,396.08,1782,17,4,1,5,0,0.2565464039426261,0,20.52371231541009,Low,0,False,NO_ALERT
T102561,CUST9105,2023-07-03 20:30:00,2023-07-01,98.23,0,Legitimate,0.0,Grocery,Debit Card,Mobile,Mumbai,0,165,231.24,1787,20,0,7,3,0,0.27565399357742587,0,22.052319486194072,Low,0,False,NO_ALERT
T102562,CUST9987,2023-09-11 15:46:00,2023-09-01,4.12,0,Legitimate,0.0,Travel,Debit Card,Mobile,Pune,0,127,341.38,90,15,0,9,11,0,0.2608430017986301,0,20.867440143890413,Low,0,False,NO_ALERT
T102563,CUST4728,2023-07-10 19:46:00,2023-07-01,6.06,0,Legitimate,0.0,Utilities,Debit Card,Desktop,Pune,0,143,390.2,1156,19,0,7,10,0,0.24174754565267972,0,19.33980365221438,Low,0,False,NO_ALERT
T102564,CUST9257,2023-03-19 05:11:00,2023-03-01,41.25,0,Legitimate,0.0,Travel,NetBanking,Desktop,Chennai,0,166,142.14,1238,5,6,3,19,1,0.6150797009110205,0,49.206376072881646,Medium,0,False,NO_ALERT
T102565,CUST9806,2023-06-19 09:13:00,2023-06-01,28.0,0,Legitimate,0.0,Electronics,NetBanking,Desktop,Chennai,0,155,39.41,1960,9,0,6,19,0,0.20936671798887319,0,16.749337439109855,Low,0,False,NO_ALERT
T102566,CUST7964,2023-07-30 14:04:00,2023-07-01,21.16,0,Legitimate,0.0,Travel,Credit Card,Desktop,Delhi,0,48,208.87,1200,14,6,7,30,1,0.199200076990127,0,15.93600615921016,Low,0,False,NO_ALERT
T102567,CUST5759,2023-03-17 14:00:00,2023-03-01,26.39,1,Fraudulent,26.39,Fashion,Debit Card,Mobile,Bengaluru,1,46,80.89,104,14,4,3,17,0,0.7221768133489637,1,77.77414506791709,Critical,1,True,CRITICAL
T102568,CUST8376,2023-05-24 13:05:00,2023-05-01,130.16,0,Legitimate,0.0,Electronics,PayPal,POS,Mumbai,0,46,145.85,502,13,2,5,24,0,0.21654872981327913,0,17.323898385062332,Low,0,False,NO_ALERT
T102569,CUST8739,2023-05-11 15:31:00,2023-05-01,211.86,0,Legitimate,0.0,Health,Debit Card,Mobile,Delhi,0,48,473.95,1054,15,3,5,11,0,0.23082736676064727,0,18.46618934085178,Low,0,False,NO_ALERT
T102570,CUST2076,2024-01-16 15:25:00,2024-01-01,41.55,0,Legitimate,0.0,Utilities,NetBanking,POS,Kolkata,0,187,425.07,445,15,1,1,16,0,0.22180213481774033,0,17.744170785419225,Low,0,False,NO_ALERT
T102571,CUST2108,2023-10-27 09:03:00,2023-10-01,189.25,0,Legitimate,0.0,Utilities,Debit Card,Desktop,Bengaluru,0,120,300.31,1522,9,4,10,27,0,0.2259308681098525,0,18.0744694487882,Low,0,False,NO_ALERT
T102572,CUST6454,2023-03-10 08:41:00,2023-03-01,31.03,0,Legitimate,0.0,Grocery,NetBanking,Desktop,Hyderabad,0,132,206.62,1418,8,4,3,10,0,0.18833173928231775,0,15.066539142585421,Low,0,False,NO_ALERT
T102573,CUST7930,2023-09-26 11:10:00,2023-09-01,51.77,0,Legitimate,0.0,Electronics,Debit Card,POS,Hyderabad,0,19,139.52,1898,11,1,9,26,0,0.25567657304148766,0,20.454125843319016,Low,0,False,NO_ALERT
T102574,CUST8883,2023-03-18 22:34:00,2023-03-01,20.5,0,Legitimate,0.0,Health,PayPal,Desktop,Delhi,0,185,290.01,1727,22,5,3,18,1,0.24651788555135717,0,19.721430844108575,Low,0,False,NO_ALERT
T102575,CUST8006,2023-02-06 17:22:00,2023-02-01,81.84,0,Legitimate,0.0,Utilities,Credit Card,Mobile,Mumbai,0,19,271.25,46,17,0,2,6,0,0.2515030747438669,0,20.120245979509352,Low,0,False,NO_ALERT
T102576,CUST5258,2023-12-13 02:56:00,2023-12-01,308.99,0,Legitimate,0.0,Electronics,PayPal,Desktop,Bengaluru,0,42,392.58,1563,2,2,12,13,0,0.5294000662334704,0,42.35200529867763,Medium,0,False,NO_ALERT
T102577,CUST1201,2023-12-19 07:12:00,2023-12-01,74.0,0,Legitimate,0.0,Food,NetBanking,Desktop,Hyderabad,0,92,464.73,1808,7,1,12,19,0,0.20222539308409787,0,16.17803144672783,Low,0,False,NO_ALERT
T102578,CUST1159,2023-01-19 11:11:00,2023-01-01,35.43,0,Legitimate,0.0,Food,UPI,Desktop,Hyderabad,0,5,171.18,1492,11,3,1,19,0,0.2371956197780158,0,18.975649582241264,Low,0,False,NO_ALERT
T102579,CUST5383,2023-06-10 08:53:00,2023-06-01,83.49,0,Legitimate,0.0,Electronics,PayPal,Desktop,Mumbai,0,48,111.09,1932,8,5,6,10,1,0.21086003809940773,0,16.86880304795262,Low,0,False,NO_ALERT
T102580,CUST9147,2023-10-02 08:26:00,2023-10-01,10.49,0,Legitimate,0.0,Utilities,Debit Card,Mobile,Delhi,0,153,207.37,1584,8,0,10,2,0,0.2503965795633737,0,20.031726365069897,Low,0,False,NO_ALERT
T102581,CUST8645,2023-01-21 02:43:00,2023-01-01,175.61,0,Legitimate,0.0,Entertainment,Credit Card,POS,Chennai,0,195,224.4,1895,2,5,1,21,1,0.549804584480786,1,63.984366758462876,High,1,True,HIGH
T102582,CUST8266,2023-04-08 07:09:00,2023-04-01,55.95,0,Legitimate,0.0,Travel,Debit Card,Desktop,Kolkata,0,26,29.54,1991,7,5,4,8,1,0.24716953902195093,1,39.77356312175608,Medium,0,False,NO_ALERT
T102583,CUST3752,2023-09-17 21:02:00,2023-09-01,47.73,0,Legitimate,0.0,Food,Debit Card,Desktop,Pune,0,74,432.23,1112,21,6,9,17,1,0.21529317886953603,0,17.223454309562882,Low,0,False,NO_ALERT
T102584,CUST8952,2023-07-20 12:59:00,2023-07-01,70.53,0,Legitimate,0.0,Entertainment,PayPal,Mobile,Kolkata,0,190,497.84,1766,12,3,7,20,0,0.2119633286709759,0,16.95706629367807,Low,0,False,NO_ALERT
T102585,CUST4829,2024-01-24 12:03:00,2024-01-01,78.42,0,Legitimate,0.0,Entertainment,Credit Card,Mobile,Bengaluru,0,109,462.37,1168,12,2,1,24,0,0.28120625962943885,0,22.49650077035511,Low,0,False,NO_ALERT
T102586,CUST4507,2023-10-16 16:45:00,2023-10-01,5.96,0,Legitimate,0.0,Grocery,UPI,Mobile,Hyderabad,0,135,431.73,232,16,0,10,16,0,0.2722448963793743,0,21.779591710349948,Low,0,False,NO_ALERT
T102587,CUST6051,2023-07-25 02:16:00,2023-07-01,91.81,0,Legitimate,0.0,Health,Debit Card,Desktop,Pune,0,172,496.37,1859,2,1,7,25,0,0.5453431521315824,0,43.627452170526595,Medium,0,False,NO_ALERT
T102588,CUST4069,2023-04-19 23:54:00,2023-04-01,22.16,0,Legitimate,0.0,Fashion,Credit Card,POS,Pune,0,87,454.83,1596,23,2,4,19,0,0.2502339161837453,0,20.018713294699623,Low,0,False,NO_ALERT
T102589,CUST9032,2024-01-08 09:04:00,2024-01-01,100.13,0,Legitimate,0.0,Food,UPI,Mobile,Chennai,0,155,347.3,1247,9,0,1,8,0,0.2501558102186833,0,20.012464817494667,Low,0,False,NO_ALERT
T102590,CUST2641,2023-09-13 20:16:00,2023-09-01,138.32,0,Legitimate,0.0,Electronics,Debit Card,Mobile,Pune,0,170,91.71,501,20,2,9,13,0,0.16129401853598552,0,12.903521482878842,Low,0,False,NO_ALERT
T102591,CUST9460,2023-08-04 08:19:00,2023-08-01,130.35,0,Legitimate,0.0,Travel,Credit Card,Mobile,Mumbai,0,73,86.61,1159,8,4,8,4,0,0.22876040372072495,0,18.300832297657998,Low,0,False,NO_ALERT
T102592,CUST5677,2023-08-30 18:04:00,2023-08-01,64.33,0,Legitimate,0.0,Fashion,PayPal,POS,Delhi,0,56,33.9,908,18,2,8,30,0,0.20525200980644212,0,16.42016078451537,Low,0,False,NO_ALERT
T102593,CUST6356,2023-01-29 18:51:00,2023-01-01,58.75,0,Legitimate,0.0,Health,Debit Card,Desktop,Bengaluru,0,131,211.8,994,18,6,1,29,1,0.2614603953369446,0,20.91683162695557,Low,0,False,NO_ALERT
T102594,CUST8960,2023-11-23 12:01:00,2023-11-01,12.33,0,Legitimate,0.0,Entertainment,Debit Card,Desktop,Mumbai,0,126,406.32,847,12,3,11,23,0,0.23292627732886698,0,18.63410218630936,Low,0,False,NO_ALERT
T102595,CUST5147,2023-05-13 10:57:00,2023-05-01,119.46,1,Fraudulent,119.46,Health,Credit Card,Desktop,Delhi,0,141,250.25,1179,10,5,5,13,1,0.3234940598343093,0,25.879524786744742,Medium,0,False,NO_ALERT
T102596,CUST8984,2024-01-06 16:35:00,2024-01-01,25.33,0,Legitimate,0.0,Utilities,Debit Card,Mobile,Mumbai,0,198,189.5,443,16,5,1,6,1,0.24926836112890183,0,19.941468890312148,Low,0,False,NO_ALERT
T102597,CUST7694,2023-06-10 19:57:00,2023-06-01,54.92,0,Legitimate,0.0,Food,UPI,Desktop,Hyderabad,0,59,63.53,1668,19,5,6,10,1,0.2112906082921199,0,16.90324866336959,Low,0,False,NO_ALERT
T102598,CUST5665,2023-09-10 23:00:00,2023-09-01,26.76,0,Legitimate,0.0,Health,Debit Card,Mobile,Hyderabad,0,38,35.36,1728,23,6,9,10,1,0.21970032896060337,1,37.57602631684827,Medium,0,False,NO_ALERT
T102599,CUST8392,2023-02-19 14:04:00,2023-02-01,11.49,0,Legitimate,0.0,Health,NetBanking,POS,Chennai,0,85,205.6,1563,14,6,2,19,1,0.20942685551698614,0,16.75414844135889,Low,0,False,NO_ALERT
T102600,CUST3613,2023-09-24 17:19:00,2023-09-01,79.44,0,Legitimate,0.0,Travel,UPI,POS,Mumbai,0,83,58.96,530,17,6,9,24,1,0.19309643176125985,0,15.447714540900789,Low,0,False,NO_ALERT
T102601,CUST4250,2023-01-23 07:40:00,2023-01-01,4.47,0,Legitimate,0.0,Utilities,Credit Card,Desktop,Kolkata,0,196,60.74,1880,7,0,1,23,0,0.20034952079543142,0,16.027961663634514,Low,0,False,NO_ALERT
T102602,CUST3235,2024-01-15 08:36:00,2024-01-01,110.47,0,Legitimate,0.0,Utilities,UPI,Mobile,Pune,0,86,203.72,150,8,0,1,15,0,0.2250300017194075,0,18.002400137552602,Low,0,False,NO_ALERT
T102603,CUST9884,2023-05-27 07:32:00,2023-05-01,30.57,0,Legitimate,0.0,Entertainment,NetBanking,Mobile,Hyderabad,0,197,256.39,1805,7,5,5,27,1,0.2272158780942946,0,18.17727024754357,Low,0,False,NO_ALERT
T102604,CUST3818,2023-03-25 10:57:00,2023-03-01,0.01,0,Legitimate,0.0,Travel,NetBanking,Desktop,Delhi,0,1,101.47,1966,10,5,3,25,1,0.21712542595706694,1,37.37003407656536,Medium,0,False,NO_ALERT
T102605,CUST2384,2023-12-30 19:21:00,2023-12-01,57.25,0,Legitimate,0.0,Travel,Debit Card,POS,Chennai,0,178,345.47,636,19,5,12,30,1,0.22844225561513437,0,18.27538044921075,Low,0,False,NO_ALERT
T102606,CUST1939,2023-12-26 17:00:00,2023-12-01,3.84,0,Legitimate,0.0,Electronics,Debit Card,POS,Pune,0,137,215.16,1261,17,1,12,26,0,0.20570400740635197,0,16.45632059250816,Low,0,False,NO_ALERT
T102607,CUST8401,2024-01-22 02:05:00,2024-01-01,25.86,1,Fraudulent,25.86,Health,PayPal,POS,Bengaluru,1,128,55.04,1714,2,0,1,22,0,0.8436736993509366,1,87.49389594807494,Critical,1,True,CRITICAL
T102608,CUST7687,2023-01-21 12:04:00,2023-01-01,98.2,0,Legitimate,0.0,Health,UPI,POS,Mumbai,0,53,322.15,379,12,5,1,21,1,0.2510825881201892,0,20.086607049615136,Low,0,False,NO_ALERT
T102609,CUST6871,2024-01-18 00:06:00,2024-01-01,5.18,0,Legitimate,0.0,Utilities,PayPal,POS,Kolkata,0,88,184.9,849,0,3,1,18,0,0.6033356225164433,0,48.26684980131547,Medium,0,False,NO_ALERT
T102610,CUST9868,2023-03-25 16:15:00,2023-03-01,146.28,0,Legitimate,0.0,Health,NetBanking,Desktop,Hyderabad,0,138,35.64,1246,16,5,3,25,1,0.27001609396985754,1,41.6012875175886,Medium,0,False,NO_ALERT
T102611,CUST1029,2023-12-31 19:10:00,2023-12-01,0.31,0,Legitimate,0.0,Grocery,Debit Card,Desktop,Kolkata,0,84,474.51,683,19,6,12,31,1,0.20340865167578218,0,16.272692134062577,Low,0,False,NO_ALERT
T102612,CUST7792,2023-03-30 05:50:00,2023-03-01,22.68,0,Legitimate,0.0,Travel,Debit Card,Desktop,Pune,0,77,289.89,813,5,3,3,30,0,0.6275056837079755,0,50.20045469663805,High,1,True,HIGH
T102613,CUST1028,2023-11-13 17:41:00,2023-11-01,108.04,0,Legitimate,0.0,Fashion,Debit Card,POS,Delhi,1,29,244.08,1876,17,0,11,13,0,0.625423196930872,1,70.03385575446976,High,1,True,HIGH
T102614,CUST1209,2023-09-07 15:45:00,2023-09-01,30.42,0,Legitimate,0.0,Utilities,Credit Card,POS,Mumbai,0,36,430.98,1446,15,3,9,7,0,0.2583273211753203,0,20.66618569402563,Low,0,False,NO_ALERT
T102615,CUST4157,2023-02-17 09:43:00,2023-02-01,8.6,0,Legitimate,0.0,Food,NetBanking,Desktop,Kolkata,0,27,469.0,526,9,4,2,17,0,0.207834566361219,0,16.62676530889752,Low,0,False,NO_ALERT
T102616,CUST1233,2023-04-01 13:59:00,2023-04-01,35.73,0,Legitimate,0.0,Utilities,Debit Card,Desktop,Delhi,0,146,117.96,421,13,5,4,1,1,0.22841914881172987,0,18.27353190493839,Low,0,False,NO_ALERT
T102617,CUST7398,2023-02-16 17:44:00,2023-02-01,25.22,0,Legitimate,0.0,Entertainment,NetBanking,POS,Chennai,0,18,406.97,1766,17,3,2,16,0,0.230190147319471,0,18.41521178555768,Low,0,False,NO_ALERT
T102618,CUST3419,2023-10-16 22:12:00,2023-10-01,147.97,0,Legitimate,0.0,Fashion,Debit Card,Mobile,Hyderabad,0,118,417.23,1727,22,0,10,16,0,0.2538680822431909,0,20.309446579455273,Low,0,False,NO_ALERT
T102619,CUST3350,2023-12-29 11:35:00,2023-12-01,30.07,0,Legitimate,0.0,Entertainment,UPI,Desktop,Hyderabad,0,137,36.66,1162,11,4,12,29,0,0.21513040567786607,0,17.210432454229288,Low,0,False,NO_ALERT
T102620,CUST2503,2024-01-28 09:02:00,2024-01-01,124.45,0,Legitimate,0.0,Electronics,NetBanking,POS,Chennai,0,67,358.85,958,9,6,1,28,1,0.24076230874760068,0,19.260984699808056,Low,0,False,NO_ALERT
T102621,CUST2772,2024-02-15 07:50:00,2024-02-01,177.96,0,Legitimate,0.0,Electronics,PayPal,POS,Delhi,0,135,40.85,499,7,3,2,15,0,0.2910434883738953,0,23.28347906991163,Low,0,False,NO_ALERT
T102622,CUST8819,2023-06-08 08:20:00,2023-06-01,45.51,0,Legitimate,0.0,Entertainment,Credit Card,Desktop,Kolkata,0,58,301.39,379,8,3,6,8,0,0.23968510236508828,0,19.174808189207063,Low,0,False,NO_ALERT
T102623,CUST2521,2023-10-13 06:00:00,2023-10-01,192.59,0,Legitimate,0.0,Health,PayPal,Mobile,Mumbai,0,30,337.93,804,6,4,10,13,0,0.25770691575934807,0,20.616553260747846,Low,0,False,NO_ALERT
T102624,CUST9708,2023-12-17 13:58:00,2023-12-01,37.9,0,Legitimate,0.0,Fashion,NetBanking,POS,Delhi,0,73,189.86,1775,13,6,12,17,1,0.19923962284174512,0,15.93916982733961,Low,0,False,NO_ALERT
T102625,CUST7829,2023-11-23 19:59:00,2023-11-01,266.11,0,Legitimate,0.0,Health,Debit Card,Desktop,Mumbai,0,123,441.59,178,19,3,11,23,0,0.24033583364799788,0,19.22686669183983,Low,0,False,NO_ALERT
T102626,CUST5000,2024-01-05 12:37:00,2024-01-01,7.48,0,Legitimate,0.0,Utilities,NetBanking,POS,Pune,0,189,402.25,285,12,4,1,5,0,0.23559930203092067,0,18.847944162473652,Low,0,False,NO_ALERT
T102627,CUST4904,2024-02-04 06:02:00,2024-02-01,92.93,0,Legitimate,0.0,Grocery,Credit Card,POS,Chennai,0,82,463.72,1442,6,6,2,4,1,0.2695371454416351,0,21.56297163533081,Low,0,False,NO_ALERT
T102628,CUST7283,2023-02-10 22:15:00,2023-02-01,54.47,0,Legitimate,0.0,Electronics,NetBanking,POS,Bengaluru,0,17,164.3,1252,22,4,2,10,0,0.2608681896922814,0,20.869455175382516,Low,0,False,NO_ALERT
T102629,CUST5672,2023-05-18 03:54:00,2023-05-01,39.24,0,Legitimate,0.0,Electronics,Debit Card,POS,Mumbai,0,181,20.55,1961,3,3,5,18,0,0.5301510561611305,0,42.41208449289044,Medium,0,False,NO_ALERT
T102630,CUST5075,2023-09-02 08:57:00,2023-09-01,80.13,0,Legitimate,0.0,Fashion,PayPal,Mobile,Hyderabad,0,134,407.62,1496,8,5,9,2,1,0.2285462765035013,0,18.283702120280104,Low,0,False,NO_ALERT
T102631,CUST8450,2023-10-18 00:58:00,2023-10-01,97.35,0,Legitimate,0.0,Electronics,UPI,Desktop,Pune,0,39,119.26,1902,0,2,10,18,0,0.5518106820032559,0,44.14485456026048,Medium,0,False,NO_ALERT
T102632,CUST7883,2023-01-18 23:06:00,2023-01-01,0.35,0,Legitimate,0.0,Grocery,PayPal,Desktop,Hyderabad,0,153,238.91,1239,23,2,1,18,0,0.1653827120447093,0,13.230616963576745,Low,0,False,NO_ALERT
T102633,CUST1686,2023-06-16 09:08:00,2023-06-01,14.61,0,Legitimate,0.0,Grocery,Debit Card,Desktop,Pune,1,170,410.49,373,9,4,6,16,0,0.6611488628155086,0,52.891909025240686,High,1,True,HIGH
T102634,CUST2029,2023-03-16 08:54:00,2023-03-01,99.87,0,Legitimate,0.0,Grocery,Debit Card,Desktop,Hyderabad,1,170,115.91,706,8,3,3,16,0,0.5571056861871234,0,44.568454894969875,Medium,0,False,NO_ALERT
T102635,CUST5511,2023-12-21 18:14:00,2023-12-01,87.82,0,Legitimate,0.0,Food,Credit Card,Desktop,Delhi,0,59,162.84,137,18,3,12,21,0,0.23689308988120727,0,18.951447190496584,Low,0,False,NO_ALERT
T102636,CUST7723,2023-02-07 13:42:00,2023-02-01,270.62,0,Legitimate,0.0,Grocery,NetBanking,Mobile,Kolkata,0,102,225.15,624,13,1,2,7,0,0.19905940628675933,0,15.924752502940747,Low,0,False,NO_ALERT
T102637,CUST7322,2023-01-31 14:56:00,2023-01-01,114.52,0,Legitimate,0.0,Grocery,NetBanking,POS,Delhi,0,38,143.19,1866,14,1,1,31,0,0.19309648013725322,1,35.44771841098026,Medium,0,False,NO_ALERT
T102638,CUST2300,2023-11-06 02:33:00,2023-11-01,240.9,1,Fraudulent,240.9,Food,PayPal,POS,Delhi,0,159,236.05,1133,2,0,11,6,0,0.7287667477866353,0,58.30133982293083,High,1,True,HIGH
T102639,CUST5952,2023-07-17 13:52:00,2023-07-01,97.0,0,Legitimate,0.0,Health,UPI,Desktop,Kolkata,0,157,14.7,1306,13,0,7,17,0,0.3077338949485928,1,44.618711595887426,Medium,0,False,NO_ALERT
T102640,CUST2511,2023-07-14 10:20:00,2023-07-01,28.31,0,Legitimate,0.0,Utilities,UPI,POS,Pune,0,104,113.97,54,10,4,7,14,0,0.21090512432375796,0,16.87240994590064,Low,0,False,NO_ALERT
T102641,CUST9174,2023-08-04 05:13:00,2023-08-01,8.91,0,Legitimate,0.0,Travel,Credit Card,POS,Pune,0,9,417.95,312,5,4,8,4,0,0.5643168861436351,0,45.14535089149081,Medium,0,False,NO_ALERT
T102642,CUST6986,2023-11-19 14:51:00,2023-11-01,121.8,0,Legitimate,0.0,Electronics,Debit Card,POS,Kolkata,1,1,212.61,1616,14,6,11,19,1,0.5080479107265756,1,60.64383285812605,High,1,True,HIGH
T102643,CUST2725,2023-10-08 07:44:00,2023-10-01,82.66,0,Legitimate,0.0,Grocery,Credit Card,Desktop,Hyderabad,0,102,321.84,916,7,6,10,8,1,0.23879087434343002,0,19.103269947474402,Low,0,False,NO_ALERT
T102644,CUST5315,2023-07-03 00:39:00,2023-07-01,3.95,1,Fraudulent,3.95,Electronics,NetBanking,Desktop,Mumbai,0,87,123.82,967,0,0,7,3,0,0.7118443888257873,0,56.94755110606299,High,1,True,HIGH
T102645,CUST9708,2023-09-17 02:50:00,2023-09-01,35.71,0,Legitimate,0.0,Fashion,Debit Card,Mobile,Pune,0,123,328.44,649,2,6,9,17,1,0.5597268822586308,0,44.778150580690465,Medium,0,False,NO_ALERT
T102646,CUST6493,2023-11-07 10:24:00,2023-11-01,251.35,0,Legitimate,0.0,Electronics,Credit Card,Desktop,Hyderabad,0,47,499.99,267,10,1,11,7,0,0.22021012555268796,0,17.61681004421504,Low,0,False,NO_ALERT
T102647,CUST5635,2023-08-01 00:34:00,2023-08-01,55.52,0,Legitimate,0.0,Entertainment,PayPal,Mobile,Mumbai,0,76,301.69,967,0,1,8,1,0,0.6415558921897789,0,51.32447137518232,High,1,True,HIGH
T102648,CUST6069,2023-03-06 07:20:00,2023-03-01,45.35,0,Legitimate,0.0,Health,NetBanking,Desktop,Kolkata,1,10,317.9,345,7,0,3,6,0,0.5833608290205641,1,66.66886632164513,High,1,True,HIGH
T102649,CUST2540,2023-06-26 03:21:00,2023-06-01,48.95,0,Legitimate,0.0,Utilities,UPI,POS,Delhi,0,144,64.64,869,3,0,6,26,0,0.5766750380849409,0,46.13400304679527,Medium,0,False,NO_ALERT
T102650,CUST4460,2023-10-05 11:46:00,2023-10-01,18.74,0,Legitimate,0.0,Food,Credit Card,Mobile,Pune,0,175,207.66,492,11,3,10,5,0,0.2590453714350241,0,20.72362971480193,Low,0,False,NO_ALERT
T102651,CUST3937,2023-12-20 23:30:00,2023-12-01,36.8,0,Legitimate,0.0,Electronics,NetBanking,Mobile,Bengaluru,0,43,431.76,1751,23,2,12,20,0,0.21314502327573792,0,17.051601862059034,Low,0,False,NO_ALERT
T102652,CUST5481,2023-05-03 15:13:00,2023-05-01,36.94,0,Legitimate,0.0,Electronics,NetBanking,Mobile,Delhi,0,152,418.79,621,15,2,5,3,0,0.2287934787616538,0,18.303478300932305,Low,0,False,NO_ALERT
T102653,CUST8399,2023-04-23 18:19:00,2023-04-01,4.3,0,Legitimate,0.0,Electronics,UPI,Desktop,Chennai,0,136,265.98,869,18,6,4,23,1,0.18895784369143295,0,15.116627495314638,Low,0,False,NO_ALERT
T102654,CUST2985,2023-05-25 03:26:00,2023-05-01,116.73,1,Fraudulent,116.73,Travel,UPI,Mobile,Mumbai,1,75,452.69,1025,3,3,5,25,0,0.8139226423071699,0,65.1138113845736,High,1,True,HIGH
T102655,CUST2293,2024-01-13 00:49:00,2024-01-01,43.1,0,Legitimate,0.0,Travel,UPI,Desktop,Bengaluru,0,105,80.04,1661,0,5,1,13,1,0.5965911140724923,0,47.72728912579939,Medium,0,False,NO_ALERT
T102656,CUST2699,2023-04-05 06:39:00,2023-04-01,138.16,0,Legitimate,0.0,Fashion,Credit Card,Mobile,Delhi,0,26,332.51,1435,6,2,4,5,0,0.30868470430341555,0,24.694776344273244,Low,0,False,NO_ALERT
T102657,CUST8745,2023-06-15 03:10:00,2023-06-01,151.96,0,Legitimate,0.0,Food,UPI,Desktop,Pune,1,7,131.95,1518,3,3,6,15,0,0.7079002956166345,0,56.63202364933076,High,1,True,HIGH
T102658,CUST5631,2023-10-25 09:03:00,2023-10-01,19.06,0,Legitimate,0.0,Electronics,PayPal,Mobile,Bengaluru,0,79,326.33,179,9,2,10,25,0,0.21702965926495735,0,17.36237274119659,Low,0,False,NO_ALERT
T102659,CUST6814,2023-08-25 05:00:00,2023-08-01,85.68,0,Legitimate,0.0,Electronics,NetBanking,POS,Hyderabad,0,15,52.83,381,5,4,8,25,0,0.4631256082244209,0,37.050048657953674,Medium,0,False,NO_ALERT
T102660,CUST4969,2023-06-30 06:55:00,2023-06-01,51.14,0,Legitimate,0.0,Electronics,UPI,POS,Mumbai,1,176,472.37,471,6,4,6,30,0,0.5690565452096532,0,45.52452361677226,Medium,0,False,NO_ALERT
T102661,CUST5724,2023-08-31 14:02:00,2023-08-01,169.73,0,Legitimate,0.0,Electronics,NetBanking,Mobile,Chennai,0,131,395.3,424,14,3,8,31,0,0.1828831996602501,0,14.630655972820009,Low,0,False,NO_ALERT
T102662,CUST9790,2023-06-18 01:15:00,2023-06-01,19.44,0,Legitimate,0.0,Travel,Debit Card,Desktop,Hyderabad,0,144,108.47,1418,1,6,6,18,1,0.6152420454730388,0,49.21936363784311,Medium,0,False,NO_ALERT
T102663,CUST1571,2023-12-23 11:33:00,2023-12-01,90.61,0,Legitimate,0.0,Health,Debit Card,Desktop,Bengaluru,0,89,322.27,35,11,5,12,23,1,0.21447967053805286,0,17.15837364304423,Low,0,False,NO_ALERT
T102664,CUST9586,2023-08-31 04:32:00,2023-08-01,74.87,0,Legitimate,0.0,Health,UPI,Desktop,Delhi,0,97,381.98,563,4,3,8,31,0,0.5928533107007186,0,47.42826485605749,Medium,0,False,NO_ALERT
T102665,CUST3155,2023-08-05 22:47:00,2023-08-01,28.0,0,Legitimate,0.0,Fashion,NetBanking,POS,Mumbai,0,142,112.63,249,22,5,8,5,1,0.2367991291950957,0,18.943930335607657,Low,0,False,NO_ALERT
T102666,CUST4215,2023-05-15 15:43:00,2023-05-01,11.75,0,Legitimate,0.0,Entertainment,Debit Card,POS,Pune,0,3,55.73,900,15,0,5,15,0,0.20980520318549178,0,16.784416254839343,Low,0,False,NO_ALERT
T102667,CUST6813,2023-06-08 22:55:00,2023-06-01,84.36,0,Legitimate,0.0,Grocery,UPI,POS,Chennai,0,73,182.37,41,22,3,6,8,0,0.23046718525674728,0,18.437374820539784,Low,0,False,NO_ALERT
T102668,CUST2694,2024-01-02 06:23:00,2024-01-01,107.34,0,Legitimate,0.0,Food,NetBanking,Desktop,Delhi,0,198,76.52,824,6,1,1,2,0,0.21394026745483838,0,17.11522139638707,Low,0,False,NO_ALERT
T102669,CUST9505,2023-09-14 21:22:00,2023-09-01,30.34,0,Legitimate,0.0,Health,UPI,Desktop,Chennai,0,31,287.2,1438,21,3,9,14,0,0.23152645259075455,0,18.522116207260364,Low,0,False,NO_ALERT
T102670,CUST9889,2023-11-11 12:55:00,2023-11-01,82.81,0,Legitimate,0.0,Entertainment,NetBanking,Desktop,Pune,0,119,217.82,733,12,5,11,11,1,0.2069529154457181,0,16.556233235657448,Low,0,False,NO_ALERT
T102671,CUST6347,2023-12-29 15:46:00,2023-12-01,40.22,0,Legitimate,0.0,Utilities,Debit Card,Mobile,Kolkata,0,75,236.59,487,15,4,12,29,0,0.22250294933160678,0,17.80023594652854,Low,0,False,NO_ALERT
T102672,CUST4978,2023-06-07 18:31:00,2023-06-01,99.92,0,Legitimate,0.0,Utilities,UPI,Mobile,Mumbai,0,17,276.0,254,18,2,6,7,0,0.23501178180640472,0,18.800942544512377,Low,0,False,NO_ALERT
T102673,CUST3207,2023-07-29 05:27:00,2023-07-01,17.77,1,Fraudulent,17.77,Electronics,Debit Card,Mobile,Bengaluru,0,177,491.21,365,5,5,7,29,1,0.6661887758058634,0,53.29510206446908,High,1,True,HIGH
T102674,CUST6368,2023-01-12 13:44:00,2023-01-01,176.74,0,Legitimate,0.0,Utilities,UPI,POS,Chennai,0,3,398.39,196,13,3,1,12,0,0.2510913062510529,0,20.087304500084233,Low,0,False,NO_ALERT
T102675,CUST2526,2023-01-19 16:13:00,2023-01-01,27.11,0,Legitimate,0.0,Health,Credit Card,POS,Mumbai,0,123,318.44,1369,16,3,1,19,0,0.28687742727505766,0,22.950194182004616,Low,0,False,NO_ALERT
T102676,CUST9792,2023-04-13 21:52:00,2023-04-01,36.68,0,Legitimate,0.0,Fashion,Debit Card,Desktop,Chennai,0,55,188.22,1169,21,3,4,13,0,0.23920455409125957,0,19.136364327300765,Low,0,False,NO_ALERT
T102677,CUST7730,2023-04-08 12:14:00,2023-04-01,4.79,0,Legitimate,0.0,Grocery,Debit Card,Mobile,Delhi,0,111,23.26,1891,12,5,4,8,1,0.25672795851291996,0,20.5382366810336,Low,0,False,NO_ALERT
T102678,CUST2842,2023-09-19 06:51:00,2023-09-01,9.46,0,Legitimate,0.0,Health,PayPal,Desktop,Chennai,0,100,67.1,1974,6,1,9,19,0,0.2472064288558595,0,19.776514308468762,Low,0,False,NO_ALERT
T102679,CUST4456,2023-11-11 02:09:00,2023-11-01,58.03,0,Legitimate,0.0,Fashion,Debit Card,Mobile,Kolkata,0,40,368.12,527,2,5,11,11,1,0.6191330840710824,0,49.530646725686594,Medium,0,False,NO_ALERT
T102680,CUST3042,2023-02-10 21:41:00,2023-02-01,24.91,1,Fraudulent,24.91,Utilities,NetBanking,Mobile,Delhi,1,122,190.91,177,21,4,2,10,0,0.7279295843716472,0,58.234366749731784,High,1,True,HIGH
T102681,CUST9237,2023-09-02 20:25:00,2023-09-01,144.38,0,Legitimate,0.0,Travel,UPI,Desktop,Delhi,0,194,173.87,65,20,5,9,2,1,0.22252527602986003,0,17.802022082388802,Low,0,False,NO_ALERT
T102682,CUST5535,2023-01-02 22:53:00,2023-01-01,1.18,0,Legitimate,0.0,Grocery,Credit Card,Desktop,Mumbai,1,40,445.6,1460,22,0,1,2,0,0.5102221135205267,1,60.81776908164214,High,1,True,HIGH
T102683,CUST5928,2023-11-10 22:54:00,2023-11-01,38.13,0,Legitimate,0.0,Fashion,NetBanking,Mobile,Hyderabad,0,30,247.41,1438,22,4,11,10,0,0.2130354490580437,0,17.042835924643494,Low,0,False,NO_ALERT
T102684,CUST6288,2023-02-26 09:57:00,2023-02-01,32.92,1,Fraudulent,32.92,Entertainment,NetBanking,Mobile,Pune,0,25,450.79,1810,9,6,2,26,1,0.4158335589195871,0,33.26668471356697,Medium,0,False,NO_ALERT
T102685,CUST2261,2023-05-02 06:18:00,2023-05-01,1.56,0,Legitimate,0.0,Health,NetBanking,POS,Chennai,0,7,444.45,1019,6,1,5,2,0,0.26984178033095296,0,21.58734242647624,Low,0,False,NO_ALERT
T102686,CUST8373,2023-08-05 13:59:00,2023-08-01,10.62,0,Legitimate,0.0,Travel,NetBanking,Desktop,Bengaluru,0,92,49.29,1464,13,5,8,5,1,0.2563687310565196,0,20.50949848452157,Low,0,False,NO_ALERT
T102687,CUST6640,2023-06-03 13:35:00,2023-06-01,42.71,0,Legitimate,0.0,Entertainment,Credit Card,Desktop,Delhi,0,105,473.23,337,13,5,6,3,1,0.27145421790068613,0,21.716337432054893,Low,0,False,NO_ALERT
T102688,CUST6543,2023-01-01 18:05:00,2023-01-01,54.32,0,Legitimate,0.0,Fashion,PayPal,Desktop,Hyderabad,0,178,47.71,671,18,6,1,1,1,0.2532599360890484,0,20.260794887123872,Low,0,False,NO_ALERT
T102689,CUST9285,2023-08-31 01:45:00,2023-08-01,41.44,0,Legitimate,0.0,Fashion,Debit Card,Desktop,Delhi,0,123,482.12,269,1,3,8,31,0,0.5676523907259539,0,45.41219125807631,Medium,0,False,NO_ALERT
T102690,CUST1518,2023-12-20 01:33:00,2023-12-01,60.56,0,Legitimate,0.0,Utilities,NetBanking,Mobile,Hyderabad,0,81,231.78,946,1,2,12,20,0,0.5749738637394143,0,45.99790909915315,Medium,0,False,NO_ALERT
T102691,CUST2152,2023-08-20 06:59:00,2023-08-01,72.34,0,Legitimate,0.0,Entertainment,Debit Card,POS,Hyderabad,0,96,382.82,934,6,6,8,20,1,0.2681849434692936,0,21.45479547754349,Low,0,False,NO_ALERT
T102692,CUST1642,2023-07-10 02:43:00,2023-07-01,0.8,0,Legitimate,0.0,Health,Debit Card,Desktop,Bengaluru,0,1,356.01,1420,2,0,7,10,0,0.6131538202581568,0,49.05230562065255,Medium,0,False,NO_ALERT
T102693,CUST9611,2023-09-29 07:42:00,2023-09-01,49.9,0,Legitimate,0.0,Grocery,NetBanking,Mobile,Hyderabad,0,91,264.06,885,7,4,9,29,0,0.19818637691625285,0,15.854910153300228,Low,0,False,NO_ALERT
T102694,CUST6880,2023-10-26 16:42:00,2023-10-01,264.83,0,Legitimate,0.0,Travel,PayPal,Mobile,Bengaluru,0,172,313.53,333,16,3,10,26,0,0.24679373606538857,0,19.743498885231087,Low,0,False,NO_ALERT
T102695,CUST6537,2023-07-11 14:06:00,2023-07-01,58.56,0,Legitimate,0.0,Utilities,Debit Card,Mobile,Mumbai,0,177,475.46,646,14,1,7,11,0,0.23570139310740082,0,18.856111448592067,Low,0,False,NO_ALERT
T102696,CUST9835,2023-07-13 23:20:00,2023-07-01,90.54,1,Fraudulent,90.54,Electronics,UPI,Mobile,Delhi,1,7,464.4,1220,23,3,7,13,0,0.7253127812777171,0,58.025022502217375,High,1,True,HIGH
T102697,CUST9322,2023-10-13 09:56:00,2023-10-01,29.9,0,Legitimate,0.0,Food,Debit Card,Mobile,Bengaluru,0,120,330.62,583,9,4,10,13,0,0.2384115081490174,0,19.072920651921393,Low,0,False,NO_ALERT
T102698,CUST1198,2023-07-31 14:26:00,2023-07-01,118.97,0,Legitimate,0.0,Grocery,NetBanking,Desktop,Pune,0,131,332.28,795,14,0,7,31,0,0.18849257492741153,0,15.079405994192923,Low,0,False,NO_ALERT
T102699,CUST9996,2023-05-10 15:40:00,2023-05-01,118.6,0,Legitimate,0.0,Utilities,Credit Card,Desktop,Kolkata,0,94,131.0,1915,15,2,5,10,0,0.21894327580643339,0,17.515462064514672,Low,0,False,NO_ALERT
T102700,CUST9847,2024-01-31 12:19:00,2024-01-01,58.93,0,Legitimate,0.0,Travel,Debit Card,POS,Delhi,0,129,416.03,1354,12,2,1,31,0,0.22176673985706977,0,17.741339188565583,Low,0,False,NO_ALERT
T102701,CUST3034,2024-01-23 11:09:00,2024-01-01,298.42,0,Legitimate,0.0,Entertainment,PayPal,Desktop,Kolkata,0,179,319.98,927,11,1,1,23,0,0.24477105083234144,0,19.581684066587314,Low,0,False,NO_ALERT
T102702,CUST5131,2023-11-07 13:17:00,2023-11-01,10.73,0,Legitimate,0.0,Fashion,UPI,Mobile,Pune,0,98,414.86,1001,13,1,11,7,0,0.2332147791011737,0,18.657182328093896,Low,0,False,NO_ALERT
T102703,CUST7461,2023-11-25 06:50:00,2023-11-01,1.37,0,Legitimate,0.0,Entertainment,UPI,POS,Chennai,0,166,332.35,1258,6,5,11,25,1,0.20913591714056587,0,16.73087337124527,Low,0,False,NO_ALERT
T102704,CUST2535,2023-04-18 06:17:00,2023-04-01,117.63,0,Legitimate,0.0,Utilities,Credit Card,Mobile,Pune,0,43,156.67,224,6,1,4,18,0,0.2519479749513656,0,20.155837996109252,Low,0,False,NO_ALERT
T102705,CUST8499,2023-08-07 13:30:00,2023-08-01,131.67,0,Legitimate,0.0,Travel,Credit Card,Mobile,Mumbai,0,183,102.85,1224,13,0,8,7,0,0.20275815312150872,0,16.220652249720697,Low,0,False,NO_ALERT
T102706,CUST7196,2023-05-23 01:00:00,2023-05-01,10.25,0,Legitimate,0.0,Entertainment,Debit Card,Desktop,Chennai,0,185,47.71,1815,1,1,5,23,0,0.5749088153046575,0,45.99270522437261,Medium,0,False,NO_ALERT
T102707,CUST1358,2023-12-15 13:57:00,2023-12-01,24.69,0,Legitimate,0.0,Entertainment,NetBanking,Mobile,Chennai,0,53,297.14,1669,13,4,12,15,0,0.20943732951572458,0,16.754986361257966,Low,0,False,NO_ALERT
T102708,CUST6178,2023-12-31 17:22:00,2023-12-01,1.42,0,Legitimate,0.0,Food,PayPal,Desktop,Hyderabad,0,161,149.19,1928,17,6,12,31,1,0.1835411017611177,0,14.683288140889417,Low,0,False,NO_ALERT
T102709,CUST4034,2023-06-01 12:53:00,2023-06-01,27.77,0,Legitimate,0.0,Health,UPI,Mobile,Pune,0,190,318.95,1455,12,3,6,1,0,0.21882707076043637,0,17.50616566083491,Low,0,False,NO_ALERT
T102710,CUST4029,2023-07-07 09:47:00,2023-07-01,118.67,0,Legitimate,0.0,Utilities,Credit Card,POS,Hyderabad,0,102,38.74,1092,9,4,7,7,0,0.25818842515732227,0,20.655074012585782,Low,0,False,NO_ALERT
T102711,CUST4750,2023-03-17 15:13:00,2023-03-01,58.38,0,Legitimate,0.0,Food,PayPal,Mobile,Pune,1,139,194.07,1801,15,4,3,17,0,0.6760931450413843,0,54.08745160331074,High,1,True,HIGH
T102712,CUST4333,2023-01-03 01:03:00,2023-01-01,34.23,1,Fraudulent,34.23,Utilities,NetBanking,Desktop,Chennai,0,180,137.67,675,1,1,1,3,0,0.6894476171908391,0,55.15580937526713,High,1,True,HIGH
T102713,CUST6553,2023-12-27 13:19:00,2023-12-01,37.18,0,Legitimate,0.0,Electronics,UPI,Mobile,Hyderabad,0,1,191.46,281,13,2,12,27,0,0.21190815142717764,0,16.95265211417421,Low,0,False,NO_ALERT
T102714,CUST9869,2023-06-14 14:27:00,2023-06-01,0.11,0,Legitimate,0.0,Electronics,UPI,Desktop,Kolkata,0,14,36.6,1735,14,2,6,14,0,0.20855208805226702,0,16.68416704418136,Low,0,False,NO_ALERT
T102715,CUST1410,2023-11-29 15:06:00,2023-11-01,28.51,0,Legitimate,0.0,Food,NetBanking,Desktop,Delhi,0,122,364.85,1336,15,2,11,29,0,0.19146569376840586,0,15.317255501472468,Low,0,False,NO_ALERT
T102716,CUST4585,2023-05-09 15:21:00,2023-05-01,83.18,0,Legitimate,0.0,Grocery,UPI,POS,Pune,0,21,67.18,236,15,1,5,9,0,0.24654745010848023,0,19.72379600867842,Low,0,False,NO_ALERT
T102717,CUST2805,2023-09-05 10:05:00,2023-09-01,292.57,0,Legitimate,0.0,Grocery,NetBanking,Desktop,Pune,0,34,17.06,529,10,1,9,5,0,0.3423409472406845,1,47.387275779254765,Medium,0,False,NO_ALERT
T102718,CUST2872,2023-10-01 08:59:00,2023-10-01,150.22,1,Fraudulent,150.22,Entertainment,UPI,POS,Hyderabad,1,105,473.68,1196,8,6,10,1,1,0.7462963408494174,1,79.7037072679534,Critical,1,True,CRITICAL
T102719,CUST7491,2023-12-31 18:15:00,2023-12-01,1.91,0,Legitimate,0.0,Entertainment,Debit Card,POS,Pune,0,14,104.51,48,18,6,12,31,1,0.18524558807661717,0,14.819647046129374,Low,0,False,NO_ALERT
T102720,CUST6804,2023-10-04 20:17:00,2023-10-01,183.06,0,Legitimate,0.0,Fashion,NetBanking,Mobile,Chennai,0,168,415.75,1755,20,2,10,4,0,0.2513581812414332,0,20.10865449931466,Low,0,False,NO_ALERT
T102721,CUST5593,2023-10-21 11:30:00,2023-10-01,122.3,0,Legitimate,0.0,Electronics,PayPal,POS,Hyderabad,0,122,482.59,1629,11,5,10,21,1,0.19483350111350767,0,15.586680089080614,Low,0,False,NO_ALERT
T102722,CUST5137,2023-11-10 18:42:00,2023-11-01,121.27,0,Legitimate,0.0,Utilities,Debit Card,Desktop,Hyderabad,0,163,271.72,1795,18,4,11,10,0,0.2176289214938236,0,17.41031371950589,Low,0,False,NO_ALERT
T102723,CUST4919,2023-09-05 21:06:00,2023-09-01,49.0,0,Legitimate,0.0,Fashion,PayPal,Desktop,Bengaluru,0,170,267.8,848,21,1,9,5,0,0.2711368383578179,0,21.690947068625434,Low,0,False,NO_ALERT
T102724,CUST9036,2023-05-14 12:24:00,2023-05-01,40.6,0,Legitimate,0.0,Electronics,UPI,POS,Kolkata,0,82,190.03,716,12,6,5,14,1,0.22035419765568712,0,17.62833581245497,Low,0,False,NO_ALERT
T102725,CUST4337,2023-11-14 22:31:00,2023-11-01,28.87,0,Legitimate,0.0,Food,PayPal,Mobile,Kolkata,0,148,218.54,1878,22,1,11,14,0,0.24919113254448436,0,19.93529060355875,Low,0,False,NO_ALERT
T102726,CUST7569,2023-01-12 12:07:00,2023-01-01,5.44,0,Legitimate,0.0,Grocery,Debit Card,POS,Bengaluru,0,60,246.22,49,12,3,1,12,0,0.2231726465133345,0,17.85381172106676,Low,0,False,NO_ALERT
T102727,CUST4592,2023-01-18 19:28:00,2023-01-01,20.73,0,Legitimate,0.0,Entertainment,NetBanking,POS,Chennai,0,137,84.53,1841,19,2,1,18,0,0.21044935590835087,0,16.835948472668072,Low,0,False,NO_ALERT
T102728,CUST6232,2023-05-11 12:04:00,2023-05-01,22.65,0,Legitimate,0.0,Grocery,Credit Card,Desktop,Delhi,0,115,188.72,1903,12,3,5,11,0,0.22150357409326416,0,17.72028592746113,Low,0,False,NO_ALERT
T102729,CUST4048,2024-01-06 05:34:00,2024-01-01,52.94,0,Legitimate,0.0,Food,PayPal,Mobile,Pune,0,33,409.89,477,5,5,1,6,1,0.6133068834742699,0,49.06455067794159,Medium,0,False,NO_ALERT
T102730,CUST5838,2023-11-10 06:19:00,2023-11-01,110.09,0,Legitimate,0.0,Fashion,Credit Card,Mobile,Mumbai,0,49,99.38,1279,6,4,11,10,0,0.2435850659890869,0,19.486805279126955,Low,0,False,NO_ALERT
T102731,CUST2922,2023-04-13 19:20:00,2023-04-01,51.37,0,Legitimate,0.0,Fashion,PayPal,Mobile,Pune,0,196,367.63,1796,19,3,4,13,0,0.23435103248456537,0,18.748082598765233,Low,0,False,NO_ALERT
T102732,CUST7940,2023-06-11 16:21:00,2023-06-01,4.77,0,Legitimate,0.0,Travel,PayPal,Mobile,Mumbai,0,4,329.28,1154,16,6,6,11,1,0.19687648423355145,0,15.750118738684117,Low,0,False,NO_ALERT
T102733,CUST5940,2023-07-03 18:30:00,2023-07-01,253.21,0,Legitimate,0.0,Entertainment,NetBanking,Desktop,Kolkata,0,123,38.08,768,18,0,7,3,0,0.24607006485232588,1,39.685605188186074,Medium,0,False,NO_ALERT
T102734,CUST6829,2023-11-26 13:27:00,2023-11-01,228.79,0,Legitimate,0.0,Entertainment,UPI,Mobile,Chennai,0,176,20.99,323,13,6,11,26,1,0.33028466413489743,1,46.422773130791796,Medium,0,False,NO_ALERT
T102735,CUST5992,2023-03-01 16:35:00,2023-03-01,123.04,0,Legitimate,0.0,Utilities,Debit Card,Mobile,Delhi,0,16,182.74,1603,16,2,3,1,0,0.2989062593854265,0,23.91250075083412,Low,0,False,NO_ALERT
T102736,CUST1386,2023-08-19 06:29:00,2023-08-01,379.81,0,Legitimate,0.0,Entertainment,Debit Card,Mobile,Delhi,0,175,349.16,94,6,5,8,19,1,0.2436476512614713,0,19.491812100917706,Low,0,False,NO_ALERT
T102737,CUST6131,2023-08-10 19:13:00,2023-08-01,62.91,0,Legitimate,0.0,Electronics,Debit Card,Desktop,Delhi,0,26,171.9,528,19,3,8,10,0,0.21686410245348908,0,17.34912819627913,Low,0,False,NO_ALERT
T102738,CUST3825,2023-10-08 06:08:00,2023-10-01,263.25,0,Legitimate,0.0,Fashion,UPI,Desktop,Bengaluru,0,70,337.19,105,6,6,10,8,1,0.24187492921808476,0,19.349994337446784,Low,0,False,NO_ALERT
T102739,CUST2774,2023-04-11 01:29:00,2023-04-01,6.29,1,Fraudulent,6.29,Food,Credit Card,Mobile,Chennai,0,37,336.07,930,1,1,4,11,0,0.6906220757143113,0,55.24976605714491,High,1,True,HIGH
T102740,CUST7114,2023-03-12 02:00:00,2023-03-01,36.42,0,Legitimate,0.0,Fashion,Debit Card,Desktop,Mumbai,0,150,405.21,1757,2,6,3,12,1,0.6424991122960328,0,51.39992898368263,High,1,True,HIGH
T102741,CUST7491,2023-10-10 04:15:00,2023-10-01,20.43,1,Fraudulent,20.43,Grocery,Credit Card,POS,Delhi,0,7,58.75,664,4,1,10,10,0,0.7421986400782274,0,59.3758912062582,High,1,True,HIGH
T102742,CUST9075,2023-04-17 01:34:00,2023-04-01,17.44,0,Legitimate,0.0,Electronics,UPI,Mobile,Chennai,0,170,292.79,1178,1,0,4,17,0,0.545397605010447,0,43.63180840083576,Medium,0,False,NO_ALERT
T102743,CUST8323,2023-10-20 21:25:00,2023-10-01,12.14,1,Fraudulent,12.14,Entertainment,UPI,Desktop,Pune,1,30,40.62,56,21,4,10,20,0,0.7480577583867621,1,79.84462067094097,Critical,1,True,CRITICAL
T102744,CUST5392,2023-09-11 01:59:00,2023-09-01,77.92,0,Legitimate,0.0,Utilities,NetBanking,Mobile,Mumbai,0,74,96.21,1668,1,0,9,11,0,0.6221388766691462,0,49.7711101335317,Medium,0,False,NO_ALERT
T102745,CUST2490,2023-04-19 04:13:00,2023-04-01,121.61,1,Fraudulent,121.61,Utilities,Debit Card,Mobile,Kolkata,1,121,169.5,1329,4,2,4,19,0,0.8440421222023446,0,67.52336977618758,High,1,True,HIGH
T102746,CUST4059,2023-09-26 21:42:00,2023-09-01,69.08,0,Legitimate,0.0,Utilities,NetBanking,Desktop,Bengaluru,0,6,356.62,1625,21,1,9,26,0,0.25118896620542297,0,20.09511729643384,Low,0,False,NO_ALERT
T102747,CUST6718,2023-12-31 07:45:00,2023-12-01,12.72,0,Legitimate,0.0,Health,Debit Card,POS,Hyderabad,0,24,487.2,709,7,6,12,31,1,0.22965578433977082,1,38.37246274718167,Medium,0,False,NO_ALERT
T102748,CUST1794,2023-08-31 20:54:00,2023-08-01,133.33,0,Legitimate,0.0,Travel,UPI,Mobile,Mumbai,0,194,177.84,112,20,3,8,31,0,0.20921201770745892,0,16.736961416596714,Low,0,False,NO_ALERT
T102749,CUST7476,2023-04-02 16:10:00,2023-04-01,80.84,0,Legitimate,0.0,Electronics,UPI,POS,Kolkata,0,168,265.36,515,16,6,4,2,1,0.2693561712067144,0,21.548493696537154,Low,0,False,NO_ALERT
T102750,CUST2546,2023-07-30 23:24:00,2023-07-01,39.3,0,Legitimate,0.0,Grocery,PayPal,Desktop,Kolkata,0,121,136.94,1516,23,6,7,30,1,0.20891533100388673,0,16.71322648031094,Low,0,False,NO_ALERT
T102751,CUST8574,2024-01-08 23:31:00,2024-01-01,89.7,0,Legitimate,0.0,Entertainment,PayPal,Mobile,Kolkata,0,143,340.99,35,23,0,1,8,0,0.21113815567406793,0,16.891052453925436,Low,0,False,NO_ALERT
T102752,CUST8515,2023-05-31 14:08:00,2023-05-01,24.08,0,Legitimate,0.0,Grocery,UPI,Desktop,Pune,0,181,189.63,998,14,2,5,31,0,0.22081513765244953,0,17.665211012195964,Low,0,False,NO_ALERT
T102753,CUST9447,2023-02-13 17:01:00,2023-02-01,33.87,0,Legitimate,0.0,Grocery,UPI,Desktop,Mumbai,0,85,245.98,1729,17,0,2,13,0,0.2539361256492064,0,20.314890051936516,Low,0,False,NO_ALERT
T102754,CUST8316,2023-06-30 21:17:00,2023-06-01,199.58,0,Legitimate,0.0,Entertainment,Credit Card,Desktop,Mumbai,0,133,288.23,397,21,4,6,30,0,0.2466650578009634,0,19.733204624077075,Low,0,False,NO_ALERT
T102755,CUST2275,2023-11-01 09:10:00,2023-11-01,27.46,0,Legitimate,0.0,Grocery,Credit Card,Desktop,Hyderabad,0,89,346.26,500,9,2,11,1,0,0.25200501599311614,0,20.160401279449292,Low,0,False,NO_ALERT
T102756,CUST8679,2023-07-27 12:09:00,2023-07-01,50.79,0,Legitimate,0.0,Utilities,NetBanking,Mobile,Delhi,0,36,39.43,1767,12,3,7,27,0,0.1761583091215499,0,14.092664729723992,Low,0,False,NO_ALERT
T102757,CUST9193,2023-11-05 14:48:00,2023-11-01,176.68,0,Legitimate,0.0,Food,PayPal,POS,Pune,0,174,281.9,1502,14,6,11,5,1,0.27403055733561116,0,21.922444586848894,Low,0,False,NO_ALERT
T102758,CUST8554,2023-05-27 09:19:00,2023-05-01,98.4,0,Legitimate,0.0,Travel,PayPal,POS,Kolkata,1,151,221.27,1960,9,5,5,27,1,0.5720386229059375,0,45.763089832475,Medium,0,False,NO_ALERT
T102759,CUST8460,2023-02-20 19:03:00,2023-02-01,5.14,0,Legitimate,0.0,Health,UPI,Mobile,Hyderabad,0,88,75.54,718,19,0,2,20,0,0.22629383753366883,0,18.103507002693508,Low,0,False,NO_ALERT
T102760,CUST8352,2024-01-02 22:12:00,2024-01-01,12.75,0,Legitimate,0.0,Grocery,UPI,Mobile,Mumbai,0,45,111.94,399,22,1,1,2,0,0.2316830637682683,0,18.534645101461464,Low,0,False,NO_ALERT
T102761,CUST5213,2024-02-10 14:16:00,2024-02-01,0.63,0,Legitimate,0.0,Grocery,NetBanking,POS,Pune,0,10,443.11,1393,14,5,2,10,1,0.2116740462026944,1,36.93392369621556,Medium,0,False,NO_ALERT
T102762,CUST4498,2024-02-06 22:06:00,2024-02-01,79.74,0,Legitimate,0.0,Fashion,PayPal,POS,Bengaluru,0,54,437.17,1721,22,1,2,6,0,0.25732147593403026,0,20.585718074722422,Low,0,False,NO_ALERT
T102763,CUST6225,2023-03-16 18:21:00,2023-03-01,47.49,0,Legitimate,0.0,Travel,Credit Card,Mobile,Mumbai,0,70,26.33,307,18,3,3,16,0,0.22745967587272514,0,18.196774069818012,Low,0,False,NO_ALERT
T102764,CUST8205,2023-09-14 00:52:00,2023-09-01,11.54,0,Legitimate,0.0,Electronics,Debit Card,Desktop,Bengaluru,0,85,347.81,369,0,3,9,14,0,0.5990548704186599,0,47.924389633492794,Medium,0,False,NO_ALERT
T102765,CUST3789,2023-01-14 14:48:00,2023-01-01,253.48,0,Legitimate,0.0,Travel,NetBanking,Mobile,Chennai,0,32,281.55,844,14,5,1,14,1,0.22807111030885266,1,38.24568882470821,Medium,0,False,NO_ALERT
T102766,CUST9517,2023-05-29 01:58:00,2023-05-01,60.34,0,Legitimate,0.0,Travel,Debit Card,POS,Bengaluru,0,43,470.51,643,1,0,5,29,0,0.6413652330364202,0,51.30921864291362,High,1,True,HIGH
T102767,CUST4575,2023-11-27 00:34:00,2023-11-01,22.15,1,Fraudulent,22.15,Entertainment,Credit Card,Desktop,Mumbai,0,118,454.92,1133,0,0,11,27,0,0.7212078306159193,0,57.69662644927355,High,1,True,HIGH
T102768,CUST1000,2023-10-05 12:14:00,2023-10-01,55.55,0,Legitimate,0.0,Entertainment,Credit Card,POS,Hyderabad,0,121,293.99,1759,12,3,10,5,0,0.2811774207514942,0,22.49419366011954,Low,0,False,NO_ALERT
T102769,CUST6955,2023-06-02 19:08:00,2023-06-01,91.06,0,Legitimate,0.0,Entertainment,Debit Card,Desktop,Mumbai,0,15,78.09,822,19,4,6,2,0,0.2320765279394298,0,18.566122235154385,Low,0,False,NO_ALERT
T102770,CUST9207,2023-12-14 18:07:00,2023-12-01,6.34,0,Legitimate,0.0,Health,NetBanking,POS,Mumbai,0,66,235.31,632,18,3,12,14,0,0.20140482977969923,0,16.11238638237594,Low,0,False,NO_ALERT
T102771,CUST7474,2023-01-13 12:19:00,2023-01-01,25.69,0,Legitimate,0.0,Utilities,Debit Card,Desktop,Chennai,0,143,365.33,96,12,4,1,13,0,0.22014922813613338,0,17.61193825089067,Low,0,False,NO_ALERT
T102772,CUST6810,2023-07-13 05:01:00,2023-07-01,131.59,0,Legitimate,0.0,Travel,NetBanking,Mobile,Kolkata,0,115,476.35,244,5,3,7,13,0,0.5771791618684619,0,46.17433294947695,Medium,0,False,NO_ALERT
T102773,CUST3108,2023-11-27 17:38:00,2023-11-01,49.25,0,Legitimate,0.0,Health,NetBanking,Mobile,Delhi,0,81,188.28,445,17,0,11,27,0,0.1965187320791703,0,15.721498566333626,Low,0,False,NO_ALERT
T102774,CUST4411,2023-04-18 20:46:00,2023-04-01,63.27,0,Legitimate,0.0,Grocery,UPI,Desktop,Mumbai,0,20,394.49,1198,20,1,4,18,0,0.2339089671603775,0,18.712717372830202,Low,0,False,NO_ALERT
T102775,CUST8166,2023-10-16 12:03:00,2023-10-01,45.37,0,Legitimate,0.0,Entertainment,PayPal,Desktop,Chennai,0,178,344.84,581,12,0,10,16,0,0.2413786038585948,0,19.310288308687586,Low,0,False,NO_ALERT
T102776,CUST4631,2024-01-11 15:31:00,2024-01-01,3.59,0,Legitimate,0.0,Grocery,PayPal,Mobile,Hyderabad,0,6,48.36,1777,15,3,1,11,0,0.20488591176610677,0,16.390872941288542,Low,0,False,NO_ALERT
T102777,CUST3120,2023-10-02 03:36:00,2023-10-01,14.5,1,Fraudulent,14.5,Entertainment,Credit Card,Mobile,Chennai,0,79,283.41,1339,3,0,10,2,0,0.7174396528711118,0,57.395172229688946,High,1,True,HIGH
T102778,CUST8174,2023-05-31 10:00:00,2023-05-01,47.18,0,Legitimate,0.0,Food,UPI,Desktop,Chennai,0,125,99.92,600,10,2,5,31,0,0.2176559056204554,0,17.412472449636432,Low,0,False,NO_ALERT
T102779,CUST9948,2023-06-22 07:06:00,2023-06-01,18.78,0,Legitimate,0.0,Health,PayPal,Desktop,Bengaluru,0,145,344.94,569,7,3,6,22,0,0.22658873802399884,0,18.12709904191991,Low,0,False,NO_ALERT
T102780,CUST5519,2023-11-21 11:15:00,2023-11-01,4.1,0,Legitimate,0.0,Health,NetBanking,Mobile,Delhi,0,120,308.94,1100,11,1,11,21,0,0.16967096883372063,0,13.57367750669765,Low,0,False,NO_ALERT
T102781,CUST4170,2023-10-25 04:08:00,2023-10-01,148.45,0,Legitimate,0.0,Utilities,NetBanking,POS,Delhi,0,26,486.79,1290,4,2,10,25,0,0.6399997025117028,0,51.19997620093623,High,1,True,HIGH
T102782,CUST1020,2023-09-11 02:42:00,2023-09-01,317.88,0,Legitimate,0.0,Electronics,Debit Card,Mobile,Pune,0,22,468.34,146,2,0,9,11,0,0.6277815766594775,0,50.222526132758205,High,1,True,HIGH
T102783,CUST3519,2023-03-03 00:05:00,2023-03-01,126.06,1,Fraudulent,126.06,Fashion,Debit Card,Desktop,Kolkata,0,64,14.59,180,0,4,3,3,0,0.8201465750102435,1,85.61172600081947,Critical,1,True,CRITICAL
T102784,CUST9399,2023-11-14 16:41:00,2023-11-01,153.81,0,Legitimate,0.0,Travel,NetBanking,Desktop,Hyderabad,1,58,49.21,1136,16,1,11,14,0,0.5148940127330192,1,61.19152101864154,High,1,True,HIGH
T102785,CUST2374,2023-09-14 20:25:00,2023-09-01,22.16,0,Legitimate,0.0,Electronics,NetBanking,POS,Pune,0,37,386.88,1110,20,3,9,14,0,0.1756982554244994,0,14.055860433959953,Low,0,False,NO_ALERT
T102786,CUST5783,2023-12-29 04:21:00,2023-12-01,258.77,1,Fraudulent,258.77,Health,Debit Card,Mobile,Kolkata,0,78,345.97,1782,4,4,12,29,0,0.6968606692821895,0,55.74885354257516,High,1,True,HIGH
T102787,CUST8039,2023-12-11 11:28:00,2023-12-01,17.54,0,Legitimate,0.0,Electronics,PayPal,Desktop,Kolkata,0,121,402.46,1013,11,0,12,11,0,0.24904937583639997,0,19.923950066912,Low,0,False,NO_ALERT
T102788,CUST8111,2024-01-23 12:09:00,2024-01-01,241.98,0,Legitimate,0.0,Food,Credit Card,Mobile,Chennai,0,28,140.74,1438,12,1,1,23,0,0.264334438730344,1,41.14675509842752,Medium,0,False,NO_ALERT
T102789,CUST5669,2023-10-11 17:49:00,2023-10-01,421.03,0,Legitimate,0.0,Fashion,Debit Card,Desktop,Hyderabad,1,49,426.17,1273,17,2,10,11,0,0.5643188879122332,1,65.14551103297865,High,1,True,HIGH
T102790,CUST4041,2023-01-03 02:52:00,2023-01-01,99.51,0,Legitimate,0.0,Utilities,PayPal,POS,Kolkata,0,67,226.79,1338,2,1,1,3,0,0.6498708067059462,0,51.9896645364757,High,1,True,HIGH
T102791,CUST3537,2023-03-02 11:59:00,2023-03-01,317.67,0,Legitimate,0.0,Health,PayPal,Mobile,Hyderabad,0,103,138.34,1033,11,3,3,2,0,0.22389027906540257,0,17.911222325232206,Low,0,False,NO_ALERT
T102792,CUST3406,2023-09-30 03:57:00,2023-09-01,67.43,0,Legitimate,0.0,Health,PayPal,Mobile,Delhi,0,126,15.2,1807,3,5,9,30,1,0.5200466720019515,1,61.603733760156125,High,1,True,HIGH
T102793,CUST7280,2023-06-02 14:31:00,2023-06-01,24.04,0,Legitimate,0.0,Travel,UPI,POS,Delhi,0,93,436.97,463,14,4,6,2,0,0.2352976804197356,0,18.823814433578846,Low,0,False,NO_ALERT
T102794,CUST7575,2023-06-02 22:53:00,2023-06-01,45.96,0,Legitimate,0.0,Utilities,UPI,Desktop,Delhi,0,195,272.32,349,22,4,6,2,0,0.19086670242963977,0,15.269336194371181,Low,0,False,NO_ALERT
T102795,CUST4733,2023-11-21 11:49:00,2023-11-01,72.03,0,Legitimate,0.0,Utilities,PayPal,Desktop,Mumbai,0,169,487.94,1664,11,1,11,21,0,0.2311252337098257,0,18.49001869678606,Low,0,False,NO_ALERT
T102796,CUST4283,2023-09-29 14:02:00,2023-09-01,6.07,0,Legitimate,0.0,Entertainment,NetBanking,Mobile,Chennai,0,174,360.19,271,14,4,9,29,0,0.21094093732390237,0,16.875274985912192,Low,0,False,NO_ALERT
T102797,CUST4604,2023-10-31 10:54:00,2023-10-01,77.9,0,Legitimate,0.0,Fashion,UPI,POS,Hyderabad,0,87,49.4,494,10,1,10,31,0,0.1804127903986887,0,14.433023231895099,Low,0,False,NO_ALERT
T102798,CUST8577,2023-09-07 17:22:00,2023-09-01,317.82,0,Legitimate,0.0,Food,Debit Card,Mobile,Chennai,0,87,298.21,232,17,3,9,7,0,0.26077938610328366,0,20.862350888262696,Low,0,False,NO_ALERT
T102799,CUST2789,2023-03-14 13:59:00,2023-03-01,16.87,0,Legitimate,0.0,Grocery,UPI,Mobile,Kolkata,0,55,18.39,578,13,1,3,14,0,0.2123339714427389,0,16.986717715419115,Low,0,False,NO_ALERT
T102800,CUST7458,2023-11-06 13:03:00,2023-11-01,125.85,0,Legitimate,0.0,Electronics,NetBanking,Desktop,Hyderabad,0,139,283.31,787,13,0,11,6,0,0.1858936737330684,0,14.871493898645472,Low,0,False,NO_ALERT
T102801,CUST8128,2023-10-23 14:15:00,2023-10-01,190.79,0,Legitimate,0.0,Utilities,Credit Card,Desktop,Hyderabad,0,154,181.6,1498,14,0,10,23,0,0.23825641980674828,0,19.060513584539862,Low,0,False,NO_ALERT
T102802,CUST5233,2023-09-03 22:16:00,2023-09-01,230.17,0,Legitimate,0.0,Travel,UPI,Desktop,Pune,0,13,325.21,1693,22,6,9,3,1,0.32919614960397475,0,26.33569196831798,Medium,0,False,NO_ALERT
T102803,CUST6903,2023-03-18 00:05:00,2023-03-01,257.78,1,Fraudulent,257.78,Health,PayPal,Desktop,Hyderabad,0,164,275.37,1188,0,5,3,18,1,0.6808817177187655,0,54.47053741750124,High,1,True,HIGH
T102804,CUST5419,2023-10-24 22:12:00,2023-10-01,58.96,0,Legitimate,0.0,Grocery,PayPal,Desktop,Hyderabad,0,128,138.06,887,22,1,10,24,0,0.22966884277924088,0,18.37350742233927,Low,0,False,NO_ALERT
T102805,CUST4709,2023-06-23 10:04:00,2023-06-01,302.86,0,Legitimate,0.0,Food,PayPal,POS,Bengaluru,0,64,89.55,1908,10,4,6,23,0,0.2941885574991222,1,43.535084599929775,Medium,0,False,NO_ALERT
T102806,CUST8752,2023-05-28 06:36:00,2023-05-01,113.28,0,Legitimate,0.0,Fashion,Credit Card,Mobile,Bengaluru,1,51,208.31,1629,6,6,5,28,1,0.5771536325688958,1,66.17229060551168,High,1,True,HIGH
T102807,CUST4743,2023-06-27 00:23:00,2023-06-01,14.11,1,Fraudulent,14.11,Utilities,NetBanking,POS,Pune,0,76,493.55,815,0,1,6,27,0,0.6682965881938694,0,53.46372705550955,High,1,True,HIGH
T102808,CUST3605,2023-10-05 14:19:00,2023-10-01,51.84,0,Legitimate,0.0,Electronics,Debit Card,Mobile,Mumbai,0,22,223.49,570,14,3,10,5,0,0.24051585691151803,0,19.241268552921444,Low,0,False,NO_ALERT
T102809,CUST6803,2023-11-15 19:20:00,2023-11-01,101.36,0,Legitimate,0.0,Utilities,NetBanking,Desktop,Delhi,0,60,376.91,516,19,2,11,15,0,0.19507100519226672,0,15.605680415381338,Low,0,False,NO_ALERT
T102810,CUST8415,2023-10-24 21:28:00,2023-10-01,22.73,0,Legitimate,0.0,Travel,Credit Card,POS,Kolkata,0,130,37.92,1935,21,1,10,24,0,0.24320292920423953,0,19.456234336339165,Low,0,False,NO_ALERT
T102811,CUST9026,2023-05-11 19:19:00,2023-05-01,81.87,0,Legitimate,0.0,Utilities,PayPal,Mobile,Kolkata,0,56,195.64,1791,19,3,5,11,0,0.22885906197918804,0,18.308724958335045,Low,0,False,NO_ALERT
T102812,CUST7222,2023-08-13 09:42:00,2023-08-01,87.87,1,Fraudulent,87.87,Utilities,NetBanking,Desktop,Hyderabad,1,168,294.36,601,9,6,8,13,1,0.7401018864370608,0,59.20815091496486,High,1,True,HIGH
T102813,CUST7677,2023-03-14 00:59:00,2023-03-01,14.21,0,Legitimate,0.0,Utilities,Debit Card,Desktop,Chennai,0,156,378.09,1539,0,1,3,14,0,0.633418846325588,0,50.67350770604704,High,1,True,HIGH
T102814,CUST2028,2023-01-19 03:56:00,2023-01-01,66.61,0,Legitimate,0.0,Health,PayPal,POS,Kolkata,0,97,268.91,1619,3,3,1,19,0,0.6267462749024808,0,50.13970199219847,High,1,True,HIGH
T102815,CUST4329,2023-03-19 05:58:00,2023-03-01,118.14,0,Legitimate,0.0,Health,Debit Card,POS,Bengaluru,0,3,262.49,869,5,6,3,19,1,0.5680963932418645,0,45.44771145934916,Medium,0,False,NO_ALERT
T102816,CUST6151,2023-03-18 09:19:00,2023-03-01,55.28,0,Legitimate,0.0,Grocery,UPI,POS,Delhi,0,191,384.31,690,9,5,3,18,1,0.21621544554084499,0,17.297235643267598,Low,0,False,NO_ALERT
T102817,CUST4712,2023-11-14 22:15:00,2023-11-01,0.97,0,Legitimate,0.0,Grocery,Debit Card,Desktop,Mumbai,0,151,163.51,434,22,1,11,14,0,0.18581080137305844,0,14.864864109844675,Low,0,False,NO_ALERT
T102818,CUST5195,2023-03-06 01:01:00,2023-03-01,0.73,0,Legitimate,0.0,Electronics,PayPal,Mobile,Delhi,0,55,54.4,1623,1,0,3,6,0,0.5207617965118508,0,41.66094372094807,Medium,0,False,NO_ALERT
T102819,CUST2128,2023-10-20 04:24:00,2023-10-01,35.33,0,Legitimate,0.0,Fashion,UPI,Mobile,Hyderabad,0,160,180.1,1486,4,4,10,20,0,0.6296431480759188,0,50.37145184607351,High,1,True,HIGH
T102820,CUST2613,2023-10-12 16:02:00,2023-10-01,208.51,0,Legitimate,0.0,Food,PayPal,POS,Delhi,1,84,87.91,1601,16,3,10,12,0,0.5879722989832606,1,67.03778391866086,High,1,True,HIGH
T102821,CUST1785,2023-07-19 19:41:00,2023-07-01,20.77,0,Legitimate,0.0,Entertainment,PayPal,Mobile,Hyderabad,1,28,483.31,686,19,2,7,19,0,0.5307217777153217,1,62.457742217225736,High,1,True,HIGH
T102822,CUST4255,2023-10-15 13:59:00,2023-10-01,80.49,1,Fraudulent,80.49,Fashion,UPI,Desktop,Pune,1,124,292.98,1303,13,6,10,15,1,0.7778283513897064,0,62.226268111176516,High,1,True,HIGH
T102823,CUST3050,2023-08-24 02:50:00,2023-08-01,20.09,0,Legitimate,0.0,Fashion,Debit Card,Mobile,Bengaluru,0,8,228.83,1133,2,3,8,24,0,0.6242605166978216,0,49.94084133582572,Medium,0,False,NO_ALERT
T102824,CUST4836,2023-12-07 07:21:00,2023-12-01,31.05,0,Legitimate,0.0,Fashion,Credit Card,Desktop,Bengaluru,0,3,456.91,978,7,3,12,7,0,0.20381750867190607,0,16.305400693752485,Low,0,False,NO_ALERT
T102825,CUST8154,2023-04-08 17:58:00,2023-04-01,150.73,0,Legitimate,0.0,Entertainment,Credit Card,POS,Hyderabad,0,94,451.18,44,17,5,4,8,1,0.27941444036327434,0,22.353155229061947,Low,0,False,NO_ALERT
T102826,CUST8442,2023-05-15 21:35:00,2023-05-01,104.41,0,Legitimate,0.0,Electronics,Credit Card,Mobile,Chennai,0,89,213.69,1004,21,0,5,15,0,0.2259440200149199,0,18.075521601193593,Low,0,False,NO_ALERT
T102827,CUST5015,2023-01-10 11:21:00,2023-01-01,8.02,0,Legitimate,0.0,Entertainment,Credit Card,Desktop,Bengaluru,0,181,438.62,1093,11,1,1,10,0,0.26496888214284336,0,21.197510571427472,Low,0,False,NO_ALERT
T102828,CUST6525,2023-07-25 02:49:00,2023-07-01,44.79,0,Legitimate,0.0,Electronics,NetBanking,POS,Chennai,0,157,41.37,1134,2,1,7,25,0,0.5627750216877707,0,45.02200173502166,Medium,0,False,NO_ALERT
T102829,CUST1872,2023-06-13 11:17:00,2023-06-01,2.37,0,Legitimate,0.0,Entertainment,Credit Card,POS,Hyderabad,0,94,444.0,1563,11,1,6,13,0,0.2382168059702444,0,19.05734447761955,Low,0,False,NO_ALERT
T102830,CUST7393,2023-04-05 04:06:00,2023-04-01,52.45,0,Legitimate,0.0,Food,UPI,POS,Pune,0,89,162.19,336,4,2,4,5,0,0.6795936880135527,0,54.36749504108422,High,1,True,HIGH
T102831,CUST6789,2023-07-15 16:44:00,2023-07-01,86.88,0,Legitimate,0.0,Utilities,Credit Card,POS,Hyderabad,0,59,286.91,734,16,5,7,15,1,0.22619980845289914,0,18.095984676231932,Low,0,False,NO_ALERT
T102832,CUST1114,2024-01-19 04:48:00,2024-01-01,10.09,0,Legitimate,0.0,Fashion,PayPal,Mobile,Pune,0,152,142.15,426,4,4,1,19,0,0.5975700320346626,0,47.80560256277301,Medium,0,False,NO_ALERT
T102833,CUST5000,2024-02-01 10:32:00,2024-02-01,27.27,0,Legitimate,0.0,Utilities,Credit Card,Desktop,Kolkata,0,166,492.55,707,10,3,2,1,0,0.23546351920864017,0,18.837081536691212,Low,0,False,NO_ALERT
T102834,CUST2549,2023-01-30 12:11:00,2023-01-01,40.58,0,Legitimate,0.0,Electronics,Debit Card,Mobile,Bengaluru,0,28,45.17,999,12,0,1,30,0,0.1912277079925194,0,15.298216639401552,Low,0,False,NO_ALERT
T102835,CUST5185,2023-10-17 00:35:00,2023-10-01,201.59,0,Legitimate,0.0,Entertainment,UPI,Desktop,Chennai,0,62,229.01,894,0,1,10,17,0,0.6580558750101497,0,52.64447000081198,High,1,True,HIGH
T102836,CUST6917,2024-01-07 01:31:00,2024-01-01,399.92,1,Fraudulent,399.92,Food,UPI,POS,Hyderabad,1,51,314.28,1975,1,6,1,7,1,0.8394352820845998,1,87.15482256676799,Critical,1,True,CRITICAL
T102837,CUST6244,2023-05-30 23:41:00,2023-05-01,3.68,0,Legitimate,0.0,Entertainment,NetBanking,Mobile,Kolkata,0,7,311.65,1257,23,1,5,30,0,0.18181537476052279,0,14.545229980841823,Low,0,False,NO_ALERT
T102838,CUST1045,2023-01-12 05:43:00,2023-01-01,114.51,0,Legitimate,0.0,Utilities,PayPal,POS,Bengaluru,0,23,371.99,240,5,3,1,12,0,0.6466197075977546,0,51.72957660782037,High,1,True,HIGH
T102839,CUST1933,2023-10-15 09:01:00,2023-10-01,37.18,0,Legitimate,0.0,Health,UPI,Desktop,Kolkata,0,46,364.96,428,9,6,10,15,1,0.20928873797755002,0,16.743099038204004,Low,0,False,NO_ALERT
T102840,CUST1928,2023-06-22 04:10:00,2023-06-01,39.87,0,Legitimate,0.0,Food,Debit Card,POS,Pune,0,78,398.64,1426,4,3,6,22,0,0.6415457246319631,0,51.32365797055706,High,1,True,HIGH
T102841,CUST9842,2023-11-30 09:53:00,2023-11-01,112.28,0,Legitimate,0.0,Fashion,Credit Card,Mobile,Hyderabad,0,106,124.8,1442,9,3,11,30,0,0.1990099738106218,0,15.920797904849744,Low,0,False,NO_ALERT
T102842,CUST7206,2023-10-25 19:56:00,2023-10-01,200.5,0,Legitimate,0.0,Travel,UPI,Mobile,Kolkata,0,28,191.55,287,19,2,10,25,0,0.23020342105871516,0,18.416273684697213,Low,0,False,NO_ALERT
T102843,CUST3222,2024-01-10 21:53:00,2024-01-01,241.16,0,Legitimate,0.0,Fashion,Debit Card,Desktop,Kolkata,0,24,197.2,144,21,2,1,10,0,0.24363474173982566,0,19.490779339186055,Low,0,False,NO_ALERT
T102844,CUST4991,2023-01-21 09:27:00,2023-01-01,68.85,0,Legitimate,0.0,Travel,Credit Card,Desktop,Pune,0,7,478.36,363,9,5,1,21,1,0.23398406180390194,1,38.71872494431216,Medium,0,False,NO_ALERT
T102845,CUST5976,2023-02-12 12:57:00,2023-02-01,35.34,0,Legitimate,0.0,Food,NetBanking,Mobile,Delhi,0,112,210.56,378,12,6,2,12,1,0.21426487153819976,0,17.141189723055984,Low,0,False,NO_ALERT
T102846,CUST3189,2023-11-02 16:06:00,2023-11-01,123.92,0,Legitimate,0.0,Health,UPI,Mobile,Pune,0,79,118.72,262,16,3,11,2,0,0.21999868355159222,0,17.599894684127378,Low,0,False,NO_ALERT
T102847,CUST1411,2023-06-07 17:31:00,2023-06-01,23.12,0,Legitimate,0.0,Utilities,UPI,Mobile,Delhi,0,177,319.85,1562,17,2,6,7,0,0.19905204136958976,0,15.92416330956718,Low,0,False,NO_ALERT
T102848,CUST6711,2023-12-11 18:07:00,2023-12-01,66.42,0,Legitimate,0.0,Health,Debit Card,Mobile,Bengaluru,0,3,219.36,478,18,0,12,11,0,0.2482109142304271,0,19.856873138434167,Low,0,False,NO_ALERT
T102849,CUST4522,2024-02-21 13:38:00,2024-02-01,35.53,0,Legitimate,0.0,Electronics,PayPal,Desktop,Hyderabad,0,2,132.54,1130,13,2,2,21,0,0.21614919437080007,0,17.291935549664007,Low,0,False,NO_ALERT
T102850,CUST7231,2023-03-25 12:44:00,2023-03-01,85.52,0,Legitimate,0.0,Health,NetBanking,Mobile,Kolkata,0,7,360.42,857,12,5,3,25,1,0.21953855967719466,0,17.563084774175575,Low,0,False,NO_ALERT
T102851,CUST6598,2023-08-26 22:23:00,2023-08-01,22.0,0,Legitimate,0.0,Grocery,PayPal,Desktop,Bengaluru,0,121,104.04,637,22,5,8,26,1,0.23263377953548312,0,18.610702362838648,Low,0,False,NO_ALERT
T102852,CUST5882,2023-10-27 13:59:00,2023-10-01,17.02,0,Legitimate,0.0,Food,UPI,Mobile,Mumbai,0,21,320.34,127,13,4,10,27,0,0.23564255696646197,0,18.851404557316958,Low,0,False,NO_ALERT
T102853,CUST2397,2023-02-13 12:26:00,2023-02-01,200.32,0,Legitimate,0.0,Utilities,PayPal,Mobile,Pune,0,137,220.96,597,12,0,2,13,0,0.21901517194844758,0,17.521213755875806,Low,0,False,NO_ALERT
T102854,CUST5690,2023-11-13 03:14:00,2023-11-01,8.59,1,Fraudulent,8.59,Utilities,Credit Card,POS,Bengaluru,0,140,166.39,1683,3,0,11,13,0,0.6758066059741438,0,54.0645284779315,High,1,True,HIGH
T102855,CUST6624,2023-01-01 19:42:00,2023-01-01,56.41,0,Legitimate,0.0,Electronics,NetBanking,POS,Bengaluru,0,24,473.53,491,19,6,1,1,1,0.25871404698038053,0,20.697123758430443,Low,0,False,NO_ALERT
T102856,CUST7894,2023-10-02 17:19:00,2023-10-01,19.96,0,Legitimate,0.0,Utilities,PayPal,Mobile,Kolkata,0,33,168.96,529,17,0,10,2,0,0.22898895154199578,0,18.319116123359663,Low,0,False,NO_ALERT
T102857,CUST1270,2024-02-01 20:04:00,2024-02-01,3.18,0,Legitimate,0.0,Health,Credit Card,Desktop,Delhi,0,43,180.28,660,20,3,2,1,0,0.22303011286796579,0,17.842409029437263,Low,0,False,NO_ALERT
T102858,CUST9091,2023-05-28 14:16:00,2023-05-01,2.93,0,Legitimate,0.0,Food,Debit Card,Mobile,Pune,0,82,436.61,1091,14,6,5,28,1,0.21636433673006117,0,17.309146938404893,Low,0,False,NO_ALERT
T102859,CUST6562,2023-10-31 05:26:00,2023-10-01,15.41,0,Legitimate,0.0,Fashion,PayPal,POS,Delhi,0,118,73.23,1750,5,1,10,31,0,0.5816436258382123,0,46.531490067056986,Medium,0,False,NO_ALERT
T102860,CUST5726,2023-12-27 04:39:00,2023-12-01,161.25,0,Legitimate,0.0,Health,NetBanking,Mobile,Hyderabad,0,5,62.95,1411,4,2,12,27,0,0.5105059420755298,0,40.840475366042384,Medium,0,False,NO_ALERT
T102861,CUST4135,2023-11-10 00:32:00,2023-11-01,26.56,1,Fraudulent,26.56,Entertainment,Credit Card,POS,Bengaluru,0,123,148.53,1295,0,4,11,10,0,0.6925810715394934,0,55.40648572315948,High,1,True,HIGH
T102862,CUST8646,2023-03-26 01:05:00,2023-03-01,240.4,0,Legitimate,0.0,Travel,PayPal,Mobile,Pune,0,71,299.9,1104,1,6,3,26,1,0.5900383378433464,1,67.20306702746771,High,1,True,HIGH
T102863,CUST8065,2023-08-25 21:59:00,2023-08-01,69.71,0,Legitimate,0.0,Food,Debit Card,Mobile,Bengaluru,0,89,198.31,1478,21,4,8,25,0,0.2550640698925169,0,20.405125591401355,Low,0,False,NO_ALERT
T102864,CUST1828,2023-12-30 22:01:00,2023-12-01,45.9,0,Legitimate,0.0,Utilities,PayPal,Desktop,Hyderabad,0,142,308.19,156,22,5,12,30,1,0.198424626281258,0,15.873970102500643,Low,0,False,NO_ALERT
T102865,CUST5126,2023-09-16 19:06:00,2023-09-01,69.42,0,Legitimate,0.0,Electronics,Credit Card,POS,Chennai,0,116,88.28,1156,19,5,9,16,1,0.19787434154046163,0,15.829947323236931,Low,0,False,NO_ALERT
T102866,CUST3702,2023-08-16 06:20:00,2023-08-01,58.17,0,Legitimate,0.0,Fashion,PayPal,POS,Hyderabad,0,164,138.11,506,6,2,8,16,0,0.2429389810659826,0,19.435118485278608,Low,0,False,NO_ALERT
T102867,CUST7569,2023-02-06 07:05:00,2023-02-01,113.76,0,Legitimate,0.0,Grocery,NetBanking,POS,Delhi,0,35,286.93,1282,7,0,2,6,0,0.22483874646771948,0,17.98709971741756,Low,0,False,NO_ALERT
T102868,CUST3642,2023-08-04 16:44:00,2023-08-01,26.56,1,Fraudulent,26.56,Fashion,UPI,Desktop,Delhi,1,108,116.4,752,16,4,8,4,0,0.7447938354183247,0,59.583506833465975,High,1,True,HIGH
T102869,CUST7530,2023-05-27 08:55:00,2023-05-01,34.84,0,Legitimate,0.0,Health,Credit Card,Mobile,Bengaluru,0,178,217.17,465,8,5,5,27,1,0.24345440736149432,0,19.476352588919546,Low,0,False,NO_ALERT
T102870,CUST2017,2023-08-24 05:33:00,2023-08-01,179.62,1,Fraudulent,179.62,Travel,Credit Card,Desktop,Delhi,0,79,290.6,1438,5,3,8,24,0,0.6881563023923813,0,55.05250419139051,High,1,True,HIGH
T102871,CUST6608,2023-06-08 20:35:00,2023-06-01,234.18,0,Legitimate,0.0,Fashion,Credit Card,Mobile,Pune,0,11,487.09,114,20,3,6,8,0,0.2715304607102955,0,21.72243685682364,Low,0,False,NO_ALERT
T102872,CUST8876,2023-02-25 09:03:00,2023-02-01,178.46,0,Legitimate,0.0,Grocery,Credit Card,Desktop,Hyderabad,0,152,49.14,1412,9,5,2,25,1,0.2708494812415354,1,41.667958499322836,Medium,0,False,NO_ALERT
T102873,CUST7832,2023-04-05 00:52:00,2023-04-01,43.5,1,Fraudulent,43.5,Entertainment,PayPal,Desktop,Bengaluru,0,75,235.6,815,0,2,4,5,0,0.7014056402094404,0,56.11245121675523,High,1,True,HIGH
T102874,CUST9618,2023-10-20 06:32:00,2023-10-01,121.26,0,Legitimate,0.0,Electronics,NetBanking,POS,Hyderabad,0,44,204.17,56,6,4,10,20,0,0.15839565806889686,0,12.671652645511749,Low,0,False,NO_ALERT
T102875,CUST3304,2023-09-30 09:05:00,2023-09-01,51.75,0,Legitimate,0.0,Food,Debit Card,Desktop,Hyderabad,0,179,413.88,889,9,5,9,30,1,0.2560811294615388,0,20.486490356923106,Low,0,False,NO_ALERT
T102876,CUST7688,2023-06-08 18:20:00,2023-06-01,55.06,0,Legitimate,0.0,Travel,NetBanking,Mobile,Bengaluru,0,145,451.15,101,18,3,6,8,0,0.26203352862436025,0,20.96268228994882,Low,0,False,NO_ALERT
T102877,CUST9343,2023-09-11 08:58:00,2023-09-01,18.32,0,Legitimate,0.0,Grocery,Credit Card,Desktop,Kolkata,0,125,454.44,1148,8,0,9,11,0,0.29699950509704204,0,23.759960407763366,Low,0,False,NO_ALERT
T102878,CUST2538,2023-12-01 14:51:00,2023-12-01,71.55,0,Legitimate,0.0,Utilities,PayPal,Desktop,Chennai,0,198,193.82,617,14,4,12,1,0,0.26011800185588496,0,20.8094401484708,Low,0,False,NO_ALERT
T102879,CUST5709,2023-05-20 12:11:00,2023-05-01,16.48,0,Legitimate,0.0,Health,PayPal,Mobile,Kolkata,0,85,159.28,1479,12,5,5,20,1,0.22891003277425914,0,18.31280262194073,Low,0,False,NO_ALERT
T102880,CUST5743,2023-09-21 01:51:00,2023-09-01,32.23,0,Legitimate,0.0,Health,Credit Card,POS,Delhi,0,8,230.08,1059,1,3,9,21,0,0.6140101332694172,0,49.12081066155338,Medium,0,False,NO_ALERT
T102881,CUST5996,2023-01-04 06:30:00,2023-01-01,154.5,0,Legitimate,0.0,Health,PayPal,Mobile,Mumbai,0,79,178.55,1143,6,2,1,4,0,0.31421911201699976,0,25.137528961359983,Medium,0,False,NO_ALERT
T102882,CUST4623,2023-09-27 11:17:00,2023-09-01,18.56,0,Legitimate,0.0,Utilities,Credit Card,Mobile,Kolkata,0,118,362.24,1645,11,2,9,27,0,0.2236818095486458,0,17.894544763891666,Low,0,False,NO_ALERT
T102883,CUST8283,2023-10-12 01:52:00,2023-10-01,5.91,0,Legitimate,0.0,Utilities,NetBanking,Mobile,Mumbai,0,122,114.65,1275,1,3,10,12,0,0.6296105370644427,0,50.368842965155416,High,1,True,HIGH
T102884,CUST5187,2023-06-14 22:41:00,2023-06-01,5.72,0,Legitimate,0.0,Travel,UPI,Desktop,Mumbai,0,74,332.76,1648,22,2,6,14,0,0.2227235669295135,0,17.81788535436108,Low,0,False,NO_ALERT
T102885,CUST5265,2023-02-25 15:44:00,2023-02-01,226.13,0,Legitimate,0.0,Fashion,PayPal,Desktop,Delhi,0,28,464.22,1647,15,5,2,25,1,0.25670280569243065,0,20.536224455394454,Low,0,False,NO_ALERT
T102886,CUST9762,2023-09-11 23:13:00,2023-09-01,56.57,1,Fraudulent,56.57,Travel,Credit Card,Mobile,Chennai,0,140,147.16,181,23,0,9,11,0,0.36169400970753207,0,28.93552077660257,Medium,0,False,NO_ALERT
T102887,CUST7822,2023-08-30 13:07:00,2023-08-01,42.13,0,Legitimate,0.0,Health,Credit Card,Mobile,Hyderabad,0,171,341.68,1610,13,2,8,30,0,0.2488768408447665,0,19.910147267581323,Low,0,False,NO_ALERT
T102888,CUST5915,2023-12-31 17:27:00,2023-12-01,133.23,0,Legitimate,0.0,Entertainment,PayPal,POS,Bengaluru,0,120,80.34,1265,17,6,12,31,1,0.1864047319151656,0,14.912378553213248,Low,0,False,NO_ALERT
T102889,CUST8972,2023-11-12 06:17:00,2023-11-01,144.55,0,Legitimate,0.0,Grocery,Debit Card,Desktop,Chennai,0,165,69.48,612,6,6,11,12,1,0.2618135527049393,0,20.945084216395145,Low,0,False,NO_ALERT
T102890,CUST4128,2024-02-12 03:55:00,2024-02-01,32.3,0,Legitimate,0.0,Food,Credit Card,Desktop,Mumbai,0,108,66.67,1316,3,0,2,12,0,0.6315632634637126,0,50.52506107709701,High,1,True,HIGH
T102891,CUST4693,2023-01-31 07:47:00,2023-01-01,94.63,0,Legitimate,0.0,Food,PayPal,Desktop,Pune,0,127,77.88,1965,7,1,1,31,0,0.1946932677912607,0,15.575461423300858,Low,0,False,NO_ALERT
T102892,CUST5070,2023-04-04 23:43:00,2023-04-01,117.97,0,Legitimate,0.0,Travel,Credit Card,Desktop,Delhi,1,63,115.92,1435,23,1,4,4,0,0.5897887772093691,0,47.18310217674953,Medium,0,False,NO_ALERT
T102893,CUST8585,2024-01-15 00:49:00,2024-01-01,85.06,1,Fraudulent,85.06,Health,Debit Card,Mobile,Kolkata,1,101,285.79,1623,0,0,1,15,0,0.8710216006760401,1,89.68172805408321,Critical,1,True,CRITICAL
T102894,CUST9840,2024-02-15 07:39:00,2024-02-01,13.15,0,Legitimate,0.0,Utilities,UPI,Mobile,Delhi,0,93,385.82,86,7,3,2,15,0,0.22169155875463958,0,17.735324700371166,Low,0,False,NO_ALERT
T102895,CUST2305,2023-03-11 00:33:00,2023-03-01,166.92,0,Legitimate,0.0,Electronics,Debit Card,POS,Kolkata,0,63,72.16,455,0,5,3,11,1,0.557671064569809,1,64.61368516558471,High,1,True,HIGH
T102896,CUST6480,2023-08-26 05:56:00,2023-08-01,61.96,1,Fraudulent,61.96,Entertainment,NetBanking,Desktop,Bengaluru,1,10,436.31,1676,5,5,8,26,1,0.8287208464895628,1,86.29766771916502,Critical,1,True,CRITICAL
T102897,CUST5464,2023-05-02 08:00:00,2023-05-01,26.56,0,Legitimate,0.0,Travel,PayPal,Desktop,Pune,0,80,422.93,171,8,1,5,2,0,0.24468125976874383,0,19.57450078149951,Low,0,False,NO_ALERT
T102898,CUST7103,2024-02-10 04:53:00,2024-02-01,44.3,1,Fraudulent,44.3,Health,Debit Card,Mobile,Hyderabad,0,37,366.42,597,4,5,2,10,1,0.6715723918137634,0,53.72579134510107,High,1,True,HIGH
T102899,CUST6726,2023-06-20 22:15:00,2023-06-01,3.06,0,Legitimate,0.0,Fashion,UPI,POS,Chennai,0,11,218.72,1577,22,1,6,20,0,0.19839588829182783,0,15.871671063346227,Low,0,False,NO_ALERT
T102900,CUST8227,2023-10-27 15:42:00,2023-10-01,10.95,0,Legitimate,0.0,Food,Credit Card,Mobile,Pune,0,115,10.76,1914,15,4,10,27,0,0.22459956029612713,0,17.96796482369017,Low,0,False,NO_ALERT
T102901,CUST6713,2024-02-04 01:27:00,2024-02-01,116.04,1,Fraudulent,116.04,Food,PayPal,Desktop,Chennai,0,90,370.03,1068,1,6,2,4,1,0.700345583121463,0,56.02764664971704,High,1,True,HIGH
T102902,CUST7140,2023-06-26 05:24:00,2023-06-01,0.0,1,Fraudulent,0.0,Entertainment,Debit Card,Desktop,Chennai,0,19,440.7,1061,5,0,6,26,0,0.7044956952008419,0,56.35965561606735,High,1,True,HIGH
T102903,CUST8204,2023-11-20 02:32:00,2023-11-01,43.11,0,Legitimate,0.0,Food,UPI,POS,Hyderabad,0,52,174.29,1284,2,0,11,20,0,0.6138695038100148,0,49.10956030480119,Medium,0,False,NO_ALERT
T102904,CUST9118,2023-11-09 08:34:00,2023-11-01,59.14,0,Legitimate,0.0,Electronics,Debit Card,Mobile,Hyderabad,0,118,361.81,1239,8,3,11,9,0,0.1916768612101639,0,15.334148896813112,Low,0,False,NO_ALERT
T102905,CUST9240,2024-01-11 03:21:00,2024-01-01,4.49,0,Legitimate,0.0,Health,NetBanking,Desktop,Kolkata,0,18,40.4,1106,3,3,1,11,0,0.6296357806583573,0,50.37086245266859,High,1,True,HIGH
T102906,CUST4096,2023-11-24 03:03:00,2023-11-01,289.19,0,Legitimate,0.0,Health,PayPal,Desktop,Hyderabad,0,94,357.65,166,3,4,11,24,0,0.6093610974130533,0,48.74888779304427,Medium,0,False,NO_ALERT
T102907,CUST1335,2023-02-12 17:02:00,2023-02-01,20.51,0,Legitimate,0.0,Entertainment,Credit Card,POS,Bengaluru,0,32,43.47,203,17,6,2,12,1,0.2511162713932911,0,20.089301711463293,Low,0,False,NO_ALERT
T102908,CUST6003,2023-10-24 07:00:00,2023-10-01,29.02,0,Legitimate,0.0,Health,UPI,Desktop,Delhi,0,151,297.72,889,7,1,10,24,0,0.23022731711653452,0,18.418185369322764,Low,0,False,NO_ALERT
T102909,CUST3650,2023-12-06 02:16:00,2023-12-01,28.99,0,Legitimate,0.0,Utilities,Debit Card,Desktop,Mumbai,0,140,302.8,248,2,2,12,6,0,0.6202991167982824,0,49.6239293438626,Medium,0,False,NO_ALERT
T102910,CUST9191,2023-01-19 19:54:00,2023-01-01,20.95,0,Legitimate,0.0,Entertainment,PayPal,Mobile,Hyderabad,0,58,158.06,1316,19,3,1,19,0,0.23941814797482994,0,19.153451837986395,Low,0,False,NO_ALERT
T102911,CUST3563,2023-07-28 09:05:00,2023-07-01,0.12,0,Legitimate,0.0,Health,Debit Card,POS,Delhi,1,21,48.77,284,9,4,7,28,0,0.45175347756886275,1,56.14027820550902,High,1,True,HIGH
T102912,CUST3089,2024-01-17 00:33:00,2024-01-01,104.55,0,Legitimate,0.0,Electronics,PayPal,POS,Kolkata,0,149,475.17,841,0,2,1,17,0,0.6355782496861724,0,50.8462599748938,High,1,True,HIGH
T102913,CUST8239,2023-04-02 10:36:00,2023-04-01,272.53,0,Legitimate,0.0,Grocery,NetBanking,POS,Hyderabad,0,29,272.43,299,10,6,4,2,1,0.27831380699306485,1,42.26510455944519,Medium,0,False,NO_ALERT
T102914,CUST9503,2024-01-10 19:46:00,2024-01-01,20.32,0,Legitimate,0.0,Travel,Debit Card,Mobile,Mumbai,0,47,294.08,1640,19,2,1,10,0,0.2531970254141482,0,20.255762033131855,Low,0,False,NO_ALERT
T102915,CUST2888,2024-02-09 22:57:00,2024-02-01,87.02,0,Legitimate,0.0,Travel,NetBanking,POS,Pune,0,140,311.36,253,22,4,2,9,0,0.19972296863996494,0,15.977837491197196,Low,0,False,NO_ALERT
T102916,CUST8751,2023-10-21 05:10:00,2023-10-01,108.35,1,Fraudulent,108.35,Health,UPI,Desktop,Hyderabad,0,58,446.61,912,5,5,10,21,1,0.6664909446581534,0,53.31927557265227,High,1,True,HIGH
T102917,CUST7923,2023-01-27 17:36:00,2023-01-01,150.93,0,Legitimate,0.0,Fashion,NetBanking,POS,Delhi,0,169,39.53,633,17,4,1,27,0,0.24657394959631443,1,39.725915967705156,Medium,0,False,NO_ALERT
T102918,CUST8372,2023-12-20 12:32:00,2023-12-01,43.94,0,Legitimate,0.0,Food,PayPal,Desktop,Kolkata,0,19,447.71,1187,12,2,12,20,0,0.21046760220527538,0,16.83740817642203,Low,0,False,NO_ALERT
T102919,CUST3480,2023-08-08 08:54:00,2023-08-01,28.87,0,Legitimate,0.0,Electronics,UPI,POS,Kolkata,0,140,127.44,1216,8,1,8,8,0,0.2084842350854438,0,16.678738806835508,Low,0,False,NO_ALERT
T102920,CUST1411,2023-05-10 01:20:00,2023-05-01,31.48,1,Fraudulent,31.48,Fashion,Debit Card,POS,Bengaluru,1,23,48.2,1763,1,2,5,10,0,0.8679233941103601,1,89.43387152882882,Critical,1,True,CRITICAL
T102921,CUST7798,2023-03-12 03:00:00,2023-03-01,99.76,1,Fraudulent,99.76,Utilities,Debit Card,Mobile,Kolkata,1,133,332.06,730,3,6,3,12,1,0.8316403733130703,0,66.53122986504563,High,1,True,HIGH
T102922,CUST6605,2023-10-15 17:08:00,2023-10-01,135.77,0,Legitimate,0.0,Fashion,PayPal,POS,Pune,1,122,488.72,949,17,6,10,15,1,0.6175871243467744,1,69.40696994774196,High,1,True,HIGH
T102923,CUST3840,2023-12-03 15:46:00,2023-12-01,16.03,1,Fraudulent,16.03,Health,Credit Card,POS,Kolkata,1,154,38.05,102,15,6,12,3,1,0.7092726123546863,1,76.74180898837491,Critical,1,True,CRITICAL
T102924,CUST9094,2023-09-26 07:23:00,2023-09-01,37.08,0,Legitimate,0.0,Electronics,Credit Card,Mobile,Kolkata,0,117,218.8,927,7,1,9,26,0,0.21766321892690324,0,17.41305751415226,Low,0,False,NO_ALERT
T102925,CUST2095,2023-10-26 17:32:00,2023-10-01,185.77,0,Legitimate,0.0,Travel,Debit Card,Desktop,Pune,0,63,269.59,1771,17,3,10,26,0,0.2265067352377761,0,18.120538819022087,Low,0,False,NO_ALERT
T102926,CUST9710,2023-06-20 11:05:00,2023-06-01,131.48,0,Legitimate,0.0,Food,PayPal,POS,Pune,0,52,133.54,976,11,1,6,20,0,0.2117121496338968,0,16.936971970711745,Low,0,False,NO_ALERT
T102927,CUST3701,2023-04-10 18:34:00,2023-04-01,335.22,0,Legitimate,0.0,Travel,Credit Card,POS,Mumbai,0,10,491.61,572,18,0,4,10,0,0.27676375912435686,1,42.14110072994855,Medium,0,False,NO_ALERT
T102928,CUST4344,2023-06-18 04:02:00,2023-06-01,112.27,0,Legitimate,0.0,Fashion,NetBanking,Desktop,Delhi,0,86,324.07,1947,4,6,6,18,1,0.5952819689531633,0,47.62255751625307,Medium,0,False,NO_ALERT
T102929,CUST9540,2023-09-10 23:39:00,2023-09-01,39.96,0,Legitimate,0.0,Utilities,Debit Card,Mobile,Chennai,0,167,423.73,660,23,6,9,10,1,0.25138578310993365,0,20.110862648794694,Low,0,False,NO_ALERT
T102930,CUST3021,2023-08-16 12:29:00,2023-08-01,71.45,0,Legitimate,0.0,Food,NetBanking,POS,Kolkata,1,151,213.73,824,12,2,8,16,0,0.6845918099360739,0,54.767344794885915,High,1,True,HIGH
T102931,CUST9237,2024-01-01 02:24:00,2024-01-01,86.54,0,Legitimate,0.0,Grocery,PayPal,Mobile,Chennai,0,11,183.44,1537,2,0,1,1,0,0.7179192758241166,0,57.43354206592933,High,1,True,HIGH
T102932,CUST8876,2023-09-21 17:18:00,2023-09-01,6.54,0,Legitimate,0.0,Fashion,NetBanking,Desktop,Chennai,0,95,281.05,907,17,3,9,21,0,0.19628753407351351,0,15.703002725881081,Low,0,False,NO_ALERT
T102933,CUST1592,2023-02-08 12:46:00,2023-02-01,62.91,0,Legitimate,0.0,Travel,Credit Card,Desktop,Bengaluru,0,72,223.29,1724,12,2,2,8,0,0.2829463539645167,0,22.635708317161335,Low,0,False,NO_ALERT
T102934,CUST2497,2023-01-17 16:29:00,2023-01-01,98.84,0,Legitimate,0.0,Travel,Credit Card,Mobile,Hyderabad,0,128,360.32,1308,16,1,1,17,0,0.25629380078356073,0,20.50350406268486,Low,0,False,NO_ALERT
T102935,CUST6465,2023-04-16 14:23:00,2023-04-01,14.65,0,Legitimate,0.0,Health,UPI,Desktop,Kolkata,0,48,140.25,786,14,6,4,16,1,0.20063734524483898,0,16.05098761958712,Low,0,False,NO_ALERT
T102936,CUST2943,2024-01-03 20:17:00,2024-01-01,121.36,0,Legitimate,0.0,Travel,Debit Card,Desktop,Hyderabad,0,92,230.3,647,20,2,1,3,0,0.2562478112869347,0,20.499824902954778,Low,0,False,NO_ALERT
T102937,CUST1343,2023-01-15 00:46:00,2023-01-01,70.12,1,Fraudulent,70.12,Electronics,PayPal,POS,Hyderabad,0,16,448.62,227,0,6,1,15,1,0.7404773958803991,1,79.23819167043192,Critical,1,True,CRITICAL
T102938,CUST5642,2023-06-11 08:12:00,2023-06-01,243.29,0,Legitimate,0.0,Fashion,Debit Card,Mobile,Bengaluru,0,174,380.49,1480,8,6,6,11,1,0.2609441688149431,0,20.87553350519545,Low,0,False,NO_ALERT
T102939,CUST1076,2023-06-15 13:42:00,2023-06-01,3.47,0,Legitimate,0.0,Entertainment,NetBanking,POS,Chennai,0,175,92.35,522,13,3,6,15,0,0.2043143116682163,0,16.345144933457302,Low,0,False,NO_ALERT
T102940,CUST3999,2023-01-25 20:17:00,2023-01-01,24.67,0,Legitimate,0.0,Entertainment,PayPal,Mobile,Pune,0,95,444.56,1685,20,2,1,25,0,0.24440662125865373,0,19.5525297006923,Low,0,False,NO_ALERT
T102941,CUST8944,2023-07-28 07:31:00,2023-07-01,73.61,0,Legitimate,0.0,Utilities,PayPal,POS,Hyderabad,0,48,298.62,111,7,4,7,28,0,0.20598611534403485,0,16.47888922752279,Low,0,False,NO_ALERT
T102942,CUST6666,2023-11-17 13:14:00,2023-11-01,28.14,0,Legitimate,0.0,Food,Credit Card,Desktop,Pune,0,197,342.85,1361,13,4,11,17,0,0.25930881190212945,0,20.74470495217036,Low,0,False,NO_ALERT
T102943,CUST7883,2023-09-14 01:08:00,2023-09-01,100.26,0,Legitimate,0.0,Travel,NetBanking,Mobile,Pune,0,153,154.19,1835,1,3,9,14,0,0.5907628468013193,0,47.26102774410555,Medium,0,False,NO_ALERT
T102944,CUST7722,2023-03-05 20:34:00,2023-03-01,113.84,0,Legitimate,0.0,Health,Credit Card,Mobile,Bengaluru,0,77,226.36,1752,20,6,3,5,1,0.26956038778112495,0,21.564831022489997,Low,0,False,NO_ALERT
T102945,CUST9198,2023-03-08 13:29:00,2023-03-01,8.65,0,Legitimate,0.0,Health,Credit Card,Mobile,Bengaluru,0,93,405.34,1841,13,2,3,8,0,0.2364116984224825,0,18.9129358737986,Low,0,False,NO_ALERT
T102946,CUST4618,2023-02-09 13:11:00,2023-02-01,57.7,0,Legitimate,0.0,Travel,UPI,Mobile,Delhi,0,104,172.03,403,13,3,2,9,0,0.22974284163387287,0,18.37942733070983,Low,0,False,NO_ALERT
T102947,CUST7938,2024-01-25 00:18:00,2024-01-01,56.89,0,Legitimate,0.0,Electronics,Credit Card,Desktop,Kolkata,0,81,90.88,1617,0,3,1,25,0,0.5730993349723907,0,45.84794679779126,Medium,0,False,NO_ALERT
T102948,CUST5788,2023-09-13 23:57:00,2023-09-01,36.87,0,Legitimate,0.0,Health,Debit Card,Desktop,Hyderabad,0,37,195.37,1512,23,2,9,13,0,0.25176109258492196,0,20.14088740679376,Low,0,False,NO_ALERT
T102949,CUST6007,2023-03-30 15:35:00,2023-03-01,216.16,0,Legitimate,0.0,Entertainment,PayPal,Desktop,Chennai,0,102,43.92,530,15,3,3,30,0,0.27611943521506815,1,42.08955481720545,Medium,0,False,NO_ALERT
T102950,CUST1305,2023-08-22 02:04:00,2023-08-01,140.59,0,Legitimate,0.0,Food,Credit Card,POS,Mumbai,0,191,361.75,386,2,1,8,22,0,0.5946915496812606,0,47.575323974500854,Medium,0,False,NO_ALERT
T102951,CUST8749,2023-05-15 18:50:00,2023-05-01,95.58,0,Legitimate,0.0,Fashion,Debit Card,Desktop,Bengaluru,0,29,82.4,1349,18,0,5,15,0,0.20803144672745794,0,16.642515738196636,Low,0,False,NO_ALERT
T102952,CUST8475,2023-12-06 13:02:00,2023-12-01,100.23,0,Legitimate,0.0,Grocery,NetBanking,POS,Pune,0,58,149.71,609,13,2,12,6,0,0.20722205639003988,0,16.577764511203192,Low,0,False,NO_ALERT
T102953,CUST8161,2023-06-05 11:38:00,2023-06-01,49.55,0,Legitimate,0.0,Electronics,PayPal,POS,Delhi,0,94,441.73,329,11,0,6,5,0,0.2699026027329204,0,21.59220821863363,Low,0,False,NO_ALERT
T102954,CUST1120,2023-11-21 20:57:00,2023-11-01,203.06,0,Legitimate,0.0,Utilities,NetBanking,Desktop,Mumbai,0,159,274.84,675,20,1,11,21,0,0.21557691333772147,0,17.24615306701772,Low,0,False,NO_ALERT
T102955,CUST3663,2023-03-17 07:22:00,2023-03-01,94.89,0,Legitimate,0.0,Utilities,Debit Card,Desktop,Bengaluru,0,86,167.46,1396,7,4,3,17,0,0.21597000210796857,0,17.277600168637488,Low,0,False,NO_ALERT
T102956,CUST6238,2023-06-08 08:53:00,2023-06-01,104.45,0,Legitimate,0.0,Health,NetBanking,Desktop,Delhi,0,110,278.36,149,8,3,6,8,0,0.21495834497972013,0,17.196667598377612,Low,0,False,NO_ALERT
T102957,CUST4199,2023-07-12 21:33:00,2023-07-01,158.26,0,Legitimate,0.0,Fashion,NetBanking,POS,Pune,0,196,116.96,1622,21,2,7,12,0,0.1743220963291464,0,13.945767706331711,Low,0,False,NO_ALERT
T102958,CUST7519,2023-08-10 13:37:00,2023-08-01,25.62,0,Legitimate,0.0,Grocery,NetBanking,Mobile,Hyderabad,1,41,22.33,215,13,3,8,10,0,0.5581797500513408,1,64.65438000410727,High,1,True,HIGH
T102959,CUST8032,2024-01-06 23:53:00,2024-01-01,131.63,0,Legitimate,0.0,Utilities,Credit Card,Desktop,Kolkata,0,178,305.83,613,23,5,1,6,1,0.23887582942245944,0,19.110066353796757,Low,0,False,NO_ALERT
T102960,CUST2479,2023-03-01 18:10:00,2023-03-01,17.38,0,Legitimate,0.0,Travel,Credit Card,POS,Kolkata,0,44,359.92,1211,18,2,3,1,0,0.2677797140586917,0,21.42237712469534,Low,0,False,NO_ALERT
T102961,CUST6474,2023-08-27 15:15:00,2023-08-01,33.89,0,Legitimate,0.0,Travel,Credit Card,POS,Delhi,0,137,441.09,1281,15,6,8,27,1,0.25462069754721517,0,20.369655803777217,Low,0,False,NO_ALERT
T102962,CUST1327,2023-07-30 15:10:00,2023-07-01,32.71,0,Legitimate,0.0,Food,PayPal,Desktop,Bengaluru,0,187,388.22,337,15,6,7,30,1,0.27029031522247593,0,21.623225217798076,Low,0,False,NO_ALERT
T102963,CUST9861,2023-09-09 02:38:00,2023-09-01,307.27,0,Legitimate,0.0,Grocery,Debit Card,POS,Kolkata,0,90,464.07,263,2,5,9,9,1,0.54123363217657,0,43.2986905741256,Medium,0,False,NO_ALERT
T102964,CUST5930,2023-09-15 04:28:00,2023-09-01,155.33,0,Legitimate,0.0,Travel,Credit Card,Desktop,Kolkata,0,155,493.12,1064,4,4,9,15,0,0.5625699343949073,0,45.00559475159259,Medium,0,False,NO_ALERT
T102965,CUST7030,2023-09-11 16:13:00,2023-09-01,96.63,0,Legitimate,0.0,Utilities,NetBanking,POS,Hyderabad,0,109,375.02,204,16,0,9,11,0,0.21940753359251697,0,17.552602687401357,Low,0,False,NO_ALERT
T102966,CUST4698,2023-05-20 03:36:00,2023-05-01,103.88,0,Legitimate,0.0,Travel,NetBanking,Mobile,Pune,0,59,435.28,802,3,5,5,20,1,0.5522827118716875,0,44.18261694973501,Medium,0,False,NO_ALERT
T102967,CUST7854,2023-02-22 15:07:00,2023-02-01,66.06,0,Legitimate,0.0,Entertainment,NetBanking,POS,Chennai,0,110,340.13,672,15,2,2,22,0,0.19844110447904048,0,15.875288358323239,Low,0,False,NO_ALERT
T102968,CUST5904,2023-10-26 21:37:00,2023-10-01,235.13,0,Legitimate,0.0,Health,NetBanking,Desktop,Kolkata,0,106,93.76,940,21,3,10,26,0,0.18878770495705882,0,15.103016396564707,Low,0,False,NO_ALERT
T102969,CUST5383,2023-03-17 18:34:00,2023-03-01,54.86,0,Legitimate,0.0,Utilities,UPI,Mobile,Delhi,0,131,99.03,1951,18,4,3,17,0,0.2033059567710242,0,16.264476541681937,Low,0,False,NO_ALERT
T102970,CUST8678,2023-02-25 00:21:00,2023-02-01,38.31,0,Legitimate,0.0,Utilities,PayPal,Desktop,Mumbai,0,7,64.03,1055,0,5,2,25,1,0.6214748112589459,0,49.71798490071567,Medium,0,False,NO_ALERT
T102971,CUST1470,2023-01-01 09:06:00,2023-01-01,14.24,0,Legitimate,0.0,Utilities,Debit Card,POS,Pune,0,82,472.06,790,9,6,1,1,1,0.23068631189007005,0,18.454904951205602,Low,0,False,NO_ALERT
T102972,CUST5837,2024-01-06 12:15:00,2024-01-01,123.42,0,Legitimate,0.0,Food,Debit Card,Mobile,Hyderabad,0,16,339.65,1765,12,5,1,6,1,0.2637447172608617,0,21.099577380868936,Low,0,False,NO_ALERT
T102973,CUST9939,2023-03-04 18:10:00,2023-03-01,106.07,0,Legitimate,0.0,Fashion,Credit Card,Mobile,Pune,0,49,397.06,211,18,5,3,4,1,0.268816840778081,0,21.50534726224648,Low,0,False,NO_ALERT
T102974,CUST4387,2023-07-26 04:32:00,2023-07-01,38.81,0,Legitimate,0.0,Utilities,UPI,POS,Hyderabad,0,121,172.27,971,4,2,7,26,0,0.6163736644582941,0,49.309893156663534,Medium,0,False,NO_ALERT
T102975,CUST8911,2023-09-05 20:57:00,2023-09-01,2.04,0,Legitimate,0.0,Travel,Debit Card,Mobile,Pune,0,32,235.61,379,20,1,9,5,0,0.2005131755702026,0,16.041054045616207,Low,0,False,NO_ALERT
T102976,CUST1091,2023-02-16 18:35:00,2023-02-01,146.11,0,Legitimate,0.0,Entertainment,PayPal,Mobile,Chennai,0,89,29.49,668,18,3,2,16,0,0.341604091880441,1,47.32832735043528,Medium,0,False,NO_ALERT
T102977,CUST2250,2023-06-26 11:08:00,2023-06-01,0.92,0,Legitimate,0.0,Utilities,NetBanking,Mobile,Delhi,0,172,445.61,1435,11,0,6,26,0,0.179948047955588,0,14.39584383644704,Low,0,False,NO_ALERT
T102978,CUST3972,2023-12-12 16:03:00,2023-12-01,97.31,0,Legitimate,0.0,Electronics,Credit Card,Desktop,Mumbai,0,19,427.97,1350,16,1,12,12,0,0.251255376852686,0,20.100430148214883,Low,0,False,NO_ALERT
T102979,CUST1935,2023-10-19 05:07:00,2023-10-01,281.21,0,Legitimate,0.0,Electronics,PayPal,Desktop,Kolkata,0,3,394.56,1250,5,3,10,19,0,0.5981231108471723,1,67.84984886777379,High,1,True,HIGH
T102980,CUST9595,2023-08-24 16:03:00,2023-08-01,46.05,0,Legitimate,0.0,Fashion,Debit Card,Mobile,Chennai,0,122,38.57,1339,16,3,8,24,0,0.192837616677844,0,15.42700933422752,Low,0,False,NO_ALERT
T102981,CUST6688,2024-01-02 05:33:00,2024-01-01,21.43,1,Fraudulent,21.43,Grocery,UPI,POS,Delhi,0,60,95.38,1609,5,1,1,2,0,0.6968671724230222,0,55.749373793841784,High,1,True,HIGH
T102982,CUST2892,2023-07-19 14:54:00,2023-07-01,97.63,1,Fraudulent,97.63,Food,Credit Card,POS,Mumbai,0,163,173.74,1575,14,2,7,19,0,0.36553493725977937,0,29.24279498078235,Medium,0,False,NO_ALERT
T102983,CUST5021,2023-07-11 10:24:00,2023-07-01,135.92,0,Legitimate,0.0,Entertainment,Debit Card,Desktop,Pune,0,29,138.9,254,10,1,7,11,0,0.2290535628807047,0,18.324285030456377,Low,0,False,NO_ALERT
T102984,CUST1953,2023-05-07 05:44:00,2023-05-01,63.25,0,Legitimate,0.0,Health,Credit Card,POS,Kolkata,0,75,420.85,1781,5,6,5,7,1,0.5957677095188446,0,47.661416761507574,Medium,0,False,NO_ALERT
T102985,CUST2791,2023-10-14 21:08:00,2023-10-01,272.99,1,Fraudulent,272.99,Entertainment,Debit Card,Mobile,Mumbai,1,70,105.47,1776,21,5,10,14,1,0.697453768698294,1,75.79630149586353,Critical,1,True,CRITICAL
T102986,CUST2367,2024-01-03 06:59:00,2024-01-01,4.24,0,Legitimate,0.0,Electronics,NetBanking,POS,Bengaluru,0,83,270.74,315,6,2,1,3,0,0.25662788670700304,0,20.530230936560244,Low,0,False,NO_ALERT
T102987,CUST9522,2024-02-10 10:03:00,2024-02-01,56.22,0,Legitimate,0.0,Electronics,UPI,Desktop,Mumbai,1,101,289.98,1782,10,5,2,10,1,0.6466668574886012,0,51.733348599088096,High,1,True,HIGH
T102988,CUST9288,2023-09-02 08:23:00,2023-09-01,101.4,0,Legitimate,0.0,Fashion,NetBanking,Desktop,Delhi,0,173,218.26,1384,8,5,9,2,1,0.24562077349866507,0,19.649661879893205,Low,0,False,NO_ALERT
T102989,CUST5683,2023-12-25 16:30:00,2023-12-01,158.81,0,Legitimate,0.0,Grocery,Debit Card,Mobile,Chennai,0,155,127.94,1614,16,0,12,25,0,0.18026677767757185,0,14.42134221420575,Low,0,False,NO_ALERT
T102990,CUST9769,2023-02-26 05:12:00,2023-02-01,15.8,0,Legitimate,0.0,Grocery,PayPal,Desktop,Kolkata,0,197,480.54,1216,5,6,2,26,1,0.5375724098937034,0,43.005792791496276,Medium,0,False,NO_ALERT
T102991,CUST8591,2023-02-25 22:11:00,2023-02-01,128.76,0,Legitimate,0.0,Fashion,NetBanking,Desktop,Chennai,0,90,212.57,222,22,5,2,25,1,0.20716516365665733,0,16.573213092532587,Low,0,False,NO_ALERT
T102992,CUST2905,2023-04-22 08:43:00,2023-04-01,64.36,0,Legitimate,0.0,Utilities,PayPal,Desktop,Kolkata,1,163,366.38,1198,8,5,4,22,1,0.6446241839568535,0,51.56993471654828,High,1,True,HIGH
T102993,CUST1904,2023-03-24 21:28:00,2023-03-01,40.41,0,Legitimate,0.0,Entertainment,Debit Card,POS,Bengaluru,0,147,100.18,700,21,4,3,24,0,0.232743207178457,0,18.619456574276562,Low,0,False,NO_ALERT
T102994,CUST8348,2023-11-11 02:57:00,2023-11-01,11.3,0,Legitimate,0.0,Electronics,UPI,Desktop,Delhi,0,17,413.18,1891,2,5,11,11,1,0.5624874885638868,0,44.99899908511094,Medium,0,False,NO_ALERT
T102995,CUST9618,2023-08-28 18:40:00,2023-08-01,160.37,0,Legitimate,0.0,Entertainment,PayPal,POS,Mumbai,0,35,115.79,721,18,0,8,28,0,0.20177202308800538,0,16.14176184704043,Low,0,False,NO_ALERT
T102996,CUST6190,2023-07-04 15:06:00,2023-07-01,13.69,0,Legitimate,0.0,Entertainment,Debit Card,Desktop,Bengaluru,0,113,340.9,567,15,1,7,4,0,0.2742708867310035,0,21.941670938480286,Low,0,False,NO_ALERT
T102997,CUST4151,2024-01-06 13:26:00,2024-01-01,29.66,0,Legitimate,0.0,Food,PayPal,Desktop,Pune,0,158,258.18,641,13,5,1,6,1,0.2261737148157273,0,18.093897185258182,Low,0,False,NO_ALERT
T102998,CUST2428,2023-11-14 23:54:00,2023-11-01,27.4,0,Legitimate,0.0,Electronics,NetBanking,POS,Hyderabad,0,122,81.81,930,23,1,11,14,0,0.19044101029106192,0,15.235280823284953,Low,0,False,NO_ALERT
T102999,CUST1393,2024-01-27 06:17:00,2024-01-01,164.09,0,Legitimate,0.0,Grocery,Debit Card,POS,Pune,1,48,22.23,1676,6,5,1,27,1,0.6309062778007131,1,70.47250222405705,High,1,True,HIGH
T103000,CUST2200,2023-01-30 10:54:00,2023-01-01,89.35,0,Legitimate,0.0,Health,NetBanking,Mobile,Delhi,0,185,466.07,1323,10,0,1,30,0,0.2118340202760635,0,16.94672162208508,Low,0,False,NO_ALERT
T103001,CUST3460,2023-11-06 17:33:00,2023-11-01,127.44,0,Legitimate,0.0,Entertainment,Credit Card,Mobile,Bengaluru,0,17,71.59,80,17,0,11,6,0,0.23709683313868776,1,38.96774665109503,Medium,0,False,NO_ALERT
T103002,CUST5908,2023-02-02 05:16:00,2023-02-01,23.06,0,Legitimate,0.0,Electronics,Debit Card,POS,Chennai,0,101,355.43,1580,5,3,2,2,0,0.5701626706520044,0,45.61301365216036,Medium,0,False,NO_ALERT
T103003,CUST2371,2023-12-14 08:26:00,2023-12-01,78.44,0,Legitimate,0.0,Entertainment,PayPal,Desktop,Bengaluru,0,15,329.82,157,8,3,12,14,0,0.22592145853862342,0,18.073716683089874,Low,0,False,NO_ALERT
T103004,CUST4709,2023-05-04 15:31:00,2023-05-01,67.84,0,Legitimate,0.0,Food,Credit Card,Mobile,Hyderabad,0,128,177.44,1705,15,3,5,4,0,0.25380369822563364,0,20.304295858050693,Low,0,False,NO_ALERT
T103005,CUST6584,2023-10-12 21:56:00,2023-10-01,143.1,0,Legitimate,0.0,Utilities,NetBanking,POS,Delhi,0,112,100.84,1807,21,3,10,12,0,0.14885251692145937,0,11.90820135371675,Low,0,False,NO_ALERT
T103006,CUST1265,2023-09-29 21:05:00,2023-09-01,189.23,0,Legitimate,0.0,Travel,NetBanking,POS,Bengaluru,0,14,97.38,1099,21,4,9,29,0,0.23420549570129748,1,38.7364396561038,Medium,0,False,NO_ALERT
T103007,CUST1747,2023-01-22 08:20:00,2023-01-01,0.98,0,Legitimate,0.0,Electronics,PayPal,Desktop,Kolkata,0,142,296.81,263,8,6,1,22,1,0.17589358076775305,0,14.071486461420244,Low,0,False,NO_ALERT
T103008,CUST9732,2024-01-01 20:34:00,2024-01-01,89.67,0,Legitimate,0.0,Fashion,Credit Card,POS,Pune,0,173,277.99,477,20,0,1,1,0,0.2757612776288692,0,22.060902210309536,Low,0,False,NO_ALERT
T103009,CUST7598,2023-12-10 19:43:00,2023-12-01,4.26,0,Legitimate,0.0,Travel,UPI,Mobile,Mumbai,0,97,439.21,613,19,6,12,10,1,0.26255841709028543,0,21.004673367222836,Low,0,False,NO_ALERT
T103010,CUST7430,2023-11-16 23:26:00,2023-11-01,63.68,0,Legitimate,0.0,Entertainment,PayPal,Desktop,Pune,0,166,323.6,1496,23,3,11,16,0,0.23687214461666894,0,18.949771569333517,Low,0,False,NO_ALERT
T103011,CUST3883,2023-12-04 10:19:00,2023-12-01,27.13,0,Legitimate,0.0,Fashion,NetBanking,POS,Delhi,0,191,411.44,532,10,0,12,4,0,0.2437411819073255,0,19.49929455258604,Low,0,False,NO_ALERT
T103012,CUST7050,2023-02-07 01:24:00,2023-02-01,29.31,0,Legitimate,0.0,Fashion,Debit Card,POS,Bengaluru,0,119,25.88,636,1,1,2,7,0,0.6649533416342185,0,53.19626733073748,High,1,True,HIGH
T103013,CUST8306,2024-01-15 17:17:00,2024-01-01,34.83,0,Legitimate,0.0,Fashion,Credit Card,Desktop,Pune,0,11,338.79,951,17,0,1,15,0,0.23957018651853876,0,19.1656149214831,Low,0,False,NO_ALERT
T103014,CUST6042,2023-05-13 20:58:00,2023-05-01,77.68,0,Legitimate,0.0,Electronics,UPI,Desktop,Bengaluru,0,48,124.52,314,20,5,5,13,1,0.1820344718681027,0,14.562757749448217,Low,0,False,NO_ALERT
T103015,CUST4638,2023-10-02 21:02:00,2023-10-01,32.52,0,Legitimate,0.0,Grocery,Debit Card,Desktop,Pune,0,154,133.89,1185,21,0,10,2,0,0.24192721893808952,0,19.354177515047162,Low,0,False,NO_ALERT
T103016,CUST2532,2023-12-11 08:38:00,2023-12-01,105.55,0,Legitimate,0.0,Entertainment,Credit Card,Mobile,Delhi,1,67,363.08,1999,8,0,12,11,0,0.6629667465128618,1,73.03733972102896,High,1,True,HIGH
T103017,CUST6045,2023-07-17 13:03:00,2023-07-01,41.47,0,Legitimate,0.0,Travel,PayPal,Mobile,Chennai,0,25,398.78,1529,13,0,7,17,0,0.28225725094236465,0,22.580580075389175,Low,0,False,NO_ALERT
T103018,CUST3072,2024-01-18 08:38:00,2024-01-01,5.66,0,Legitimate,0.0,Food,PayPal,POS,Pune,0,189,192.15,1846,8,3,1,18,0,0.21664126986673046,0,17.331301589338437,Low,0,False,NO_ALERT
T103019,CUST6474,2023-07-05 11:05:00,2023-07-01,122.51,0,Legitimate,0.0,Grocery,Credit Card,POS,Mumbai,0,86,397.14,965,11,2,7,5,0,0.2850140719764672,0,22.80112575811738,Low,0,False,NO_ALERT
T103020,CUST8136,2023-04-03 18:43:00,2023-04-01,26.92,0,Legitimate,0.0,Entertainment,UPI,Desktop,Pune,0,110,227.43,573,18,0,4,3,0,0.23152174625084218,0,18.521739700067375,Low,0,False,NO_ALERT
T103021,CUST4737,2023-02-18 11:15:00,2023-02-01,45.36,0,Legitimate,0.0,Utilities,Credit Card,POS,Delhi,0,154,430.25,385,11,5,2,18,1,0.28229073063372645,0,22.583258450698118,Low,0,False,NO_ALERT
T103022,CUST1943,2024-02-14 14:08:00,2024-02-01,92.53,1,Fraudulent,92.53,Utilities,Debit Card,POS,Pune,1,162,22.2,1090,14,2,2,14,0,0.7634059936458961,1,81.07247949167169,Critical,1,True,CRITICAL
T103023,CUST1377,2023-01-23 07:27:00,2023-01-01,32.33,0,Legitimate,0.0,Electronics,Debit Card,Desktop,Mumbai,0,90,50.91,1691,7,0,1,23,0,0.20907470834016947,0,16.72597666721356,Low,0,False,NO_ALERT
T103024,CUST7480,2023-12-17 06:14:00,2023-12-01,4.66,0,Legitimate,0.0,Fashion,PayPal,Mobile,Kolkata,1,9,390.41,167,6,6,12,17,1,0.48938032253735536,1,59.15042580298843,High,1,True,HIGH
T103025,CUST8059,2023-09-28 19:33:00,2023-09-01,37.46,0,Legitimate,0.0,Food,Credit Card,Mobile,Mumbai,0,40,315.8,1475,19,3,9,28,0,0.2650386001766717,0,21.203088014133737,Low,0,False,NO_ALERT
T103026,CUST9485,2023-07-13 05:25:00,2023-07-01,231.24,1,Fraudulent,231.24,Entertainment,PayPal,Mobile,Delhi,0,7,283.92,1498,5,3,7,13,0,0.7747642626081068,0,61.98114100864855,High,1,True,HIGH
T103027,CUST2177,2023-04-23 13:23:00,2023-04-01,82.12,1,Fraudulent,82.12,Travel,UPI,POS,Bengaluru,0,158,310.85,641,13,6,4,23,1,0.34484088518502715,0,27.587270814802174,Medium,0,False,NO_ALERT
T103028,CUST2619,2023-06-20 20:53:00,2023-06-01,89.05,0,Legitimate,0.0,Entertainment,Debit Card,Desktop,Pune,0,118,465.79,1295,20,1,6,20,0,0.22333077616770436,0,17.86646209341635,Low,0,False,NO_ALERT
T103029,CUST1867,2023-09-14 15:00:00,2023-09-01,80.04,0,Legitimate,0.0,Grocery,NetBanking,Mobile,Chennai,0,194,331.21,1298,15,3,9,14,0,0.21229154037179135,0,16.98332322974331,Low,0,False,NO_ALERT
T103030,CUST9615,2023-11-23 09:55:00,2023-11-01,17.75,0,Legitimate,0.0,Utilities,NetBanking,POS,Mumbai,0,158,327.26,1592,9,3,11,23,0,0.2362084430548153,0,18.896675444385224,Low,0,False,NO_ALERT
T103031,CUST5222,2023-07-28 12:47:00,2023-07-01,43.35,0,Legitimate,0.0,Health,Credit Card,Desktop,Kolkata,0,196,382.14,1262,12,4,7,28,0,0.23466876107231793,0,18.773500885785435,Low,0,False,NO_ALERT
T103032,CUST6122,2023-11-15 03:28:00,2023-11-01,111.2,0,Legitimate,0.0,Grocery,Credit Card,Mobile,Mumbai,0,58,434.64,1956,3,2,11,15,0,0.5972305562505504,0,47.77844450004404,Medium,0,False,NO_ALERT
T103033,CUST3753,2023-06-25 12:36:00,2023-06-01,8.55,0,Legitimate,0.0,Entertainment,NetBanking,Mobile,Pune,0,55,138.34,486,12,6,6,25,1,0.19430395790361218,0,15.544316632288975,Low,0,False,NO_ALERT
T103034,CUST1596,2024-02-12 15:28:00,2024-02-01,26.04,0,Legitimate,0.0,Food,Credit Card,Desktop,Bengaluru,0,14,312.21,128,15,0,2,12,0,0.3034740381581375,0,24.277923052651,Low,0,False,NO_ALERT
T103035,CUST7786,2023-01-03 12:59:00,2023-01-01,25.87,0,Legitimate,0.0,Entertainment,Debit Card,POS,Pune,0,118,296.15,1555,12,1,1,3,0,0.2305715262696254,0,18.445722101570034,Low,0,False,NO_ALERT
T103036,CUST8075,2023-03-02 15:40:00,2023-03-01,45.25,0,Legitimate,0.0,Entertainment,UPI,POS,Kolkata,0,77,76.08,1190,15,3,3,2,0,0.2595366706270723,0,20.762933650165788,Low,0,False,NO_ALERT
T103037,CUST6024,2023-05-07 20:37:00,2023-05-01,314.45,0,Legitimate,0.0,Electronics,UPI,Mobile,Kolkata,1,165,264.96,1240,20,6,5,7,1,0.5188168521020715,1,61.505348168165725,High,1,True,HIGH
T103038,CUST9579,2023-10-28 14:19:00,2023-10-01,5.59,0,Legitimate,0.0,Travel,PayPal,Desktop,Delhi,0,124,44.08,65,14,5,10,28,1,0.202096909616904,0,16.16775276935232,Low,0,False,NO_ALERT
T103039,CUST9741,2023-11-02 16:49:00,2023-11-01,58.5,0,Legitimate,0.0,Food,Debit Card,POS,Chennai,1,172,100.63,659,16,3,11,2,0,0.6245003015699553,0,49.960024125596426,Medium,0,False,NO_ALERT
T103040,CUST9239,2023-06-14 13:36:00,2023-06-01,15.81,0,Legitimate,0.0,Entertainment,Credit Card,Desktop,Pune,0,134,457.35,699,13,2,6,14,0,0.24655066088090621,0,19.724052870472498,Low,0,False,NO_ALERT
T103041,CUST1937,2023-01-25 09:35:00,2023-01-01,282.35,0,Legitimate,0.0,Fashion,Credit Card,Desktop,Mumbai,0,26,68.43,1532,9,2,1,25,0,0.3578817096505948,1,48.630536772047584,Medium,0,False,NO_ALERT
T103042,CUST6555,2023-08-03 10:30:00,2023-08-01,9.62,0,Legitimate,0.0,Travel,PayPal,Mobile,Mumbai,0,128,293.67,816,10,3,8,3,0,0.22695458141879943,0,18.156366513503954,Low,0,False,NO_ALERT
T103043,CUST1638,2023-06-02 06:55:00,2023-06-01,41.35,0,Legitimate,0.0,Grocery,PayPal,Desktop,Delhi,0,118,168.51,710,6,4,6,2,0,0.24544201999368812,0,19.635361599495052,Low,0,False,NO_ALERT
T103044,CUST5174,2023-08-03 08:58:00,2023-08-01,107.12,0,Legitimate,0.0,Food,Credit Card,Desktop,Bengaluru,0,142,282.1,84,8,3,8,3,0,0.2794559287791848,0,22.356474302334785,Low,0,False,NO_ALERT
T103045,CUST9117,2023-11-05 01:05:00,2023-11-01,97.54,0,Legitimate,0.0,Grocery,Credit Card,Desktop,Pune,0,136,125.14,1524,1,6,11,5,1,0.6177767806877198,0,49.422142455017585,Medium,0,False,NO_ALERT
T103046,CUST4407,2023-06-22 10:47:00,2023-06-01,43.96,0,Legitimate,0.0,Utilities,Debit Card,POS,Hyderabad,0,24,227.75,1137,10,3,6,22,0,0.23599805658313325,0,18.87984452665066,Low,0,False,NO_ALERT
T103047,CUST2416,2023-03-24 07:55:00,2023-03-01,34.04,0,Legitimate,0.0,Entertainment,PayPal,Mobile,Bengaluru,0,167,434.99,1059,7,4,3,24,0,0.2649293654409939,0,21.19434923527951,Low,0,False,NO_ALERT
T103048,CUST7206,2023-12-09 07:15:00,2023-12-01,40.55,0,Legitimate,0.0,Grocery,Debit Card,Mobile,Mumbai,0,177,194.35,920,7,5,12,9,1,0.23998647297549483,0,19.198917838039588,Low,0,False,NO_ALERT
T103049,CUST6367,2023-05-17 17:28:00,2023-05-01,24.55,0,Legitimate,0.0,Grocery,Credit Card,Desktop,Kolkata,0,85,182.99,1416,17,2,5,17,0,0.2483908808231544,0,19.87127046585235,Low,0,False,NO_ALERT
T103050,CUST5066,2023-01-13 08:04:00,2023-01-01,18.39,0,Legitimate,0.0,Electronics,NetBanking,Desktop,Pune,0,63,228.6,1909,8,4,1,13,0,0.19185014497147332,0,15.348011597717866,Low,0,False,NO_ALERT
T103051,CUST5617,2023-10-08 01:11:00,2023-10-01,52.78,0,Legitimate,0.0,Grocery,NetBanking,POS,Kolkata,0,26,59.24,1036,1,6,10,8,1,0.5792020072175132,0,46.33616057740107,Medium,0,False,NO_ALERT
T103052,CUST2978,2023-12-18 09:36:00,2023-12-01,25.02,0,Legitimate,0.0,Fashion,Credit Card,Mobile,Mumbai,0,10,199.8,797,9,0,12,18,0,0.2420009466434231,0,19.36007573147385,Low,0,False,NO_ALERT
T103053,CUST9336,2023-09-02 02:38:00,2023-09-01,27.11,0,Legitimate,0.0,Fashion,PayPal,POS,Chennai,0,106,13.38,947,2,5,9,2,1,0.6059940920055742,0,48.479527360445935,Medium,0,False,NO_ALERT
T103054,CUST3310,2023-04-01 00:32:00,2023-04-01,85.55,0,Legitimate,0.0,Travel,NetBanking,Mobile,Bengaluru,0,117,256.66,1763,0,5,4,1,1,0.6061901491175717,0,48.49521192940574,Medium,0,False,NO_ALERT
T103055,CUST3697,2023-06-27 06:53:00,2023-06-01,276.72,0,Legitimate,0.0,Entertainment,PayPal,POS,Hyderabad,0,58,425.49,693,6,1,6,27,0,0.2785573451531106,0,22.28458761224885,Low,0,False,NO_ALERT
T103056,CUST1372,2023-06-30 21:16:00,2023-06-01,74.03,0,Legitimate,0.0,Health,NetBanking,Desktop,Chennai,0,14,280.52,859,21,4,6,30,0,0.22910597245524159,0,18.328477796419328,Low,0,False,NO_ALERT
T103057,CUST8210,2023-11-16 15:34:00,2023-11-01,6.41,0,Legitimate,0.0,Utilities,PayPal,POS,Hyderabad,0,73,307.79,199,15,3,11,16,0,0.1938648072116396,0,15.509184576931169,Low,0,False,NO_ALERT
T103058,CUST3438,2023-03-02 05:37:00,2023-03-01,6.29,1,Fraudulent,6.29,Grocery,NetBanking,Desktop,Chennai,0,199,24.98,1813,5,3,3,2,0,0.7785476912908207,0,62.28381530326566,High,1,True,HIGH
T103059,CUST7706,2023-12-01 02:53:00,2023-12-01,241.97,0,Legitimate,0.0,Grocery,PayPal,Mobile,Bengaluru,0,39,431.16,278,2,4,12,1,0,0.5081930566460957,0,40.655444531687664,Medium,0,False,NO_ALERT
T103060,CUST9284,2023-09-20 02:14:00,2023-09-01,28.22,1,Fraudulent,28.22,Food,Debit Card,Mobile,Mumbai,1,122,198.65,691,2,2,9,20,0,0.850026570117502,0,68.00212560940017,High,1,True,HIGH
T103061,CUST1281,2023-03-25 13:52:00,2023-03-01,7.73,0,Legitimate,0.0,Electronics,PayPal,Desktop,Hyderabad,0,159,487.68,239,13,5,3,25,1,0.22851562796373837,0,18.28125023709907,Low,0,False,NO_ALERT
T103062,CUST1170,2023-02-01 09:24:00,2023-02-01,73.11,0,Legitimate,0.0,Health,Debit Card,Mobile,Bengaluru,0,178,69.03,941,9,2,2,1,0,0.22513791735029304,0,18.011033388023446,Low,0,False,NO_ALERT
T103063,CUST6900,2023-01-19 15:30:00,2023-01-01,78.18,0,Legitimate,0.0,Travel,Debit Card,POS,Hyderabad,0,144,472.89,769,15,3,1,19,0,0.22858752585991726,0,18.28700206879338,Low,0,False,NO_ALERT
T103064,CUST3784,2023-06-16 08:26:00,2023-06-01,83.64,0,Legitimate,0.0,Utilities,Credit Card,Desktop,Bengaluru,0,72,320.8,1297,8,4,6,16,0,0.2479516255584564,0,19.836130044676512,Low,0,False,NO_ALERT
T103065,CUST7168,2024-02-14 12:31:00,2024-02-01,24.89,0,Legitimate,0.0,Health,Debit Card,Mobile,Chennai,0,112,35.65,170,12,2,2,14,0,0.2280041158987488,0,18.240329271899906,Low,0,False,NO_ALERT
T103066,CUST2525,2023-01-10 09:53:00,2023-01-01,1.22,0,Legitimate,0.0,Grocery,UPI,POS,Bengaluru,0,51,486.13,661,9,1,1,10,0,0.22134132087933944,0,17.707305670347157,Low,0,False,NO_ALERT
T103067,CUST6340,2023-10-02 22:20:00,2023-10-01,268.23,0,Legitimate,0.0,Food,Debit Card,POS,Chennai,0,143,16.8,834,22,0,10,2,0,0.2899384268287857,1,43.19507414630286,Medium,0,False,NO_ALERT
T103068,CUST4005,2023-11-22 03:21:00,2023-11-01,23.11,0,Legitimate,0.0,Entertainment,PayPal,Mobile,Mumbai,0,89,368.04,209,3,2,11,22,0,0.6115717386914077,0,48.92573909531262,Medium,0,False,NO_ALERT
T103069,CUST7718,2023-10-12 05:12:00,2023-10-01,90.17,1,Fraudulent,90.17,Electronics,Debit Card,Mobile,Chennai,1,38,445.87,949,5,3,10,12,0,0.8233506839448763,0,65.8680547155901,High,1,True,HIGH
T103070,CUST9689,2023-07-25 19:47:00,2023-07-01,98.11,0,Legitimate,0.0,Entertainment,PayPal,POS,Delhi,0,105,96.15,666,19,1,7,25,0,0.19649360829538512,0,15.71948866363081,Low,0,False,NO_ALERT
T103071,CUST5531,2023-09-14 15:14:00,2023-09-01,75.33,0,Legitimate,0.0,Travel,PayPal,Desktop,Mumbai,0,79,178.25,783,15,3,9,14,0,0.238686859270445,0,19.0949487416356,Low,0,False,NO_ALERT
T103072,CUST6581,2023-06-23 21:22:00,2023-06-01,30.02,0,Legitimate,0.0,Health,UPI,Mobile,Kolkata,0,89,285.0,1777,21,4,6,23,0,0.20853466520639344,0,16.682773216511475,Low,0,False,NO_ALERT
T103073,CUST1855,2023-05-20 19:08:00,2023-05-01,25.3,0,Legitimate,0.0,Travel,Debit Card,Mobile,Kolkata,1,71,343.11,1016,19,5,5,20,1,0.6413616396180796,0,51.30893116944637,High,1,True,HIGH
T103074,CUST3260,2023-06-29 13:56:00,2023-06-01,72.84,0,Legitimate,0.0,Grocery,Debit Card,Desktop,Kolkata,0,90,437.22,1070,13,3,6,29,0,0.22685532610223144,0,18.148426088178518,Low,0,False,NO_ALERT
T103075,CUST4521,2023-12-09 23:54:00,2023-12-01,160.85,0,Legitimate,0.0,Travel,NetBanking,Desktop,Pune,0,72,382.92,1069,23,5,12,9,1,0.19886226220644818,0,15.908980976515856,Low,0,False,NO_ALERT
T103076,CUST2123,2023-03-31 04:48:00,2023-03-01,234.6,0,Legitimate,0.0,Entertainment,NetBanking,Mobile,Pune,0,149,188.03,414,4,4,3,31,0,0.5254199616697246,0,42.03359693357797,Medium,0,False,NO_ALERT
T103077,CUST2952,2023-07-07 05:37:00,2023-07-01,8.96,0,Legitimate,0.0,Food,Credit Card,Desktop,Bengaluru,0,16,412.64,1394,5,4,7,7,0,0.6246469645834992,0,49.971757166679936,Medium,0,False,NO_ALERT
T103078,CUST4053,2023-02-22 21:25:00,2023-02-01,13.46,0,Legitimate,0.0,Travel,PayPal,POS,Bengaluru,0,111,483.38,922,21,2,2,22,0,0.23662433314462167,0,18.929946651569733,Low,0,False,NO_ALERT
T103079,CUST6276,2023-12-25 12:39:00,2023-12-01,231.65,0,Legitimate,0.0,Fashion,UPI,POS,Delhi,0,67,121.22,1016,12,0,12,25,0,0.217617599697512,0,17.40940797580096,Low,0,False,NO_ALERT
T103080,CUST2256,2023-06-14 21:51:00,2023-06-01,106.71,0,Legitimate,0.0,Food,NetBanking,POS,Bengaluru,0,65,46.31,798,21,2,6,14,0,0.24208855454601516,0,19.367084363681215,Low,0,False,NO_ALERT
T103081,CUST7428,2023-01-28 13:07:00,2023-01-01,171.64,0,Legitimate,0.0,Health,Debit Card,Mobile,Mumbai,0,13,219.04,1851,13,5,1,28,1,0.30962593094052926,0,24.770074475242343,Low,0,False,NO_ALERT
T103082,CUST1609,2023-12-25 11:42:00,2023-12-01,18.12,0,Legitimate,0.0,Electronics,Credit Card,Desktop,Mumbai,0,118,441.88,821,11,0,12,25,0,0.3163781278672745,0,25.31025022938196,Medium,0,False,NO_ALERT
T103083,CUST5047,2023-07-16 14:49:00,2023-07-01,70.86,0,Legitimate,0.0,Electronics,UPI,POS,Kolkata,0,192,83.64,75,14,6,7,16,1,0.2330801736586758,0,18.646413892694067,Low,0,False,NO_ALERT
T103084,CUST7042,2023-08-22 04:04:00,2023-08-01,96.62,0,Legitimate,0.0,Grocery,Debit Card,Desktop,Chennai,0,61,444.04,533,4,1,8,22,0,0.6522360022288436,0,52.17888017830749,High,1,True,HIGH
T103085,CUST7919,2023-01-21 00:30:00,2023-01-01,91.18,0,Legitimate,0.0,Grocery,Debit Card,POS,Hyderabad,0,32,496.18,1823,0,5,1,21,1,0.52111699731182,0,41.68935978494561,Medium,0,False,NO_ALERT
T103086,CUST5519,2023-08-04 04:44:00,2023-08-01,41.96,0,Legitimate,0.0,Fashion,PayPal,Desktop,Bengaluru,0,140,36.46,1196,4,4,8,4,0,0.6177588261205528,0,49.42070608964423,Medium,0,False,NO_ALERT
T103087,CUST4445,2023-12-02 03:42:00,2023-12-01,1.24,0,Legitimate,0.0,Health,PayPal,POS,Delhi,0,95,252.68,1338,3,5,12,2,1,0.5158962222430252,0,41.27169777944202,Medium,0,False,NO_ALERT
T103088,CUST3442,2023-11-01 06:51:00,2023-11-01,69.96,0,Legitimate,0.0,Entertainment,NetBanking,POS,Kolkata,0,41,171.15,1408,6,2,11,1,0,0.2609590209984105,0,20.876721679872844,Low,0,False,NO_ALERT
T103089,CUST9905,2023-05-17 22:17:00,2023-05-01,23.35,0,Legitimate,0.0,Electronics,NetBanking,POS,Pune,0,194,202.9,859,22,2,5,17,0,0.19619513744953132,0,15.695610995962506,Low,0,False,NO_ALERT
T103090,CUST4342,2023-04-12 07:28:00,2023-04-01,47.86,0,Legitimate,0.0,Electronics,Debit Card,POS,Mumbai,1,136,231.3,554,7,2,4,12,0,0.6671249623216585,0,53.36999698573268,High,1,True,HIGH
T103091,CUST2082,2023-11-10 10:01:00,2023-11-01,252.81,0,Legitimate,0.0,Electronics,Debit Card,POS,Mumbai,0,187,372.45,1008,10,4,11,10,0,0.20599904839097893,0,16.479923871278313,Low,0,False,NO_ALERT
T103092,CUST9668,2023-06-07 19:37:00,2023-06-01,40.74,0,Legitimate,0.0,Entertainment,NetBanking,POS,Mumbai,0,25,299.74,1886,19,2,6,7,0,0.24476018747874648,0,19.58081499829972,Low,0,False,NO_ALERT
T103093,CUST6224,2023-09-22 17:41:00,2023-09-01,146.51,0,Legitimate,0.0,Electronics,NetBanking,POS,Hyderabad,0,133,480.99,586,17,4,9,22,0,0.18572494510253154,0,14.857995608202524,Low,0,False,NO_ALERT
T103094,CUST9671,2023-11-05 18:07:00,2023-11-01,16.71,0,Legitimate,0.0,Travel,Debit Card,POS,Hyderabad,0,45,173.05,76,18,6,11,5,1,0.21890769390591347,0,17.51261551247308,Low,0,False,NO_ALERT
T103095,CUST6662,2023-07-10 10:02:00,2023-07-01,89.29,0,Legitimate,0.0,Health,UPI,POS,Bengaluru,0,130,275.34,557,10,0,7,10,0,0.2636376456246072,0,21.091011649968575,Low,0,False,NO_ALERT
T103096,CUST6375,2023-11-09 23:42:00,2023-11-01,301.81,0,Legitimate,0.0,Food,Debit Card,Desktop,Pune,0,170,408.53,1947,23,3,11,9,0,0.2567460309810235,0,20.53968247848188,Low,0,False,NO_ALERT
T103097,CUST6746,2023-07-02 07:03:00,2023-07-01,8.6,0,Legitimate,0.0,Food,UPI,Desktop,Delhi,0,166,192.78,136,7,6,7,2,1,0.2438035383092241,0,19.50428306473793,Low,0,False,NO_ALERT
T103098,CUST8763,2023-04-24 10:42:00,2023-04-01,0.67,0,Legitimate,0.0,Fashion,UPI,Mobile,Hyderabad,0,3,238.0,1056,10,0,4,24,0,0.19276674617897208,0,15.421339694317766,Low,0,False,NO_ALERT
T103099,CUST1680,2023-10-03 20:54:00,2023-10-01,45.47,0,Legitimate,0.0,Travel,Debit Card,POS,Chennai,0,174,345.64,645,20,1,10,3,0,0.243799070717311,0,19.503925657384883,Low,0,False,NO_ALERT
T103100,CUST8885,2023-07-08 08:18:00,2023-07-01,7.78,0,Legitimate,0.0,Electronics,Credit Card,Desktop,Hyderabad,0,150,431.76,995,8,5,7,8,1,0.2284619117278508,0,18.276952938228064,Low,0,False,NO_ALERT
T103101,CUST4246,2023-09-01 05:20:00,2023-09-01,110.39,0,Legitimate,0.0,Electronics,NetBanking,Desktop,Mumbai,0,104,213.68,1148,5,4,9,1,0,0.5724905298580909,0,45.79924238864727,Medium,0,False,NO_ALERT
T103102,CUST3404,2023-03-23 08:59:00,2023-03-01,196.78,0,Legitimate,0.0,Grocery,PayPal,Desktop,Delhi,0,33,270.66,1186,8,3,3,23,0,0.23181317465729687,0,18.54505397258375,Low,0,False,NO_ALERT
T103103,CUST1782,2023-02-19 11:19:00,2023-02-01,45.54,0,Legitimate,0.0,Grocery,Debit Card,Desktop,Bengaluru,0,32,487.81,1975,11,6,2,19,1,0.2306466794671581,0,18.45173435737265,Low,0,False,NO_ALERT
T103104,CUST8498,2023-10-26 04:08:00,2023-10-01,23.95,0,Legitimate,0.0,Fashion,UPI,Desktop,Hyderabad,0,111,30.81,889,4,3,10,26,0,0.6348777252913116,0,50.79021802330493,High,1,True,HIGH
T103105,CUST5824,2023-12-01 03:04:00,2023-12-01,45.59,0,Legitimate,0.0,Electronics,Debit Card,Desktop,Mumbai,0,17,229.63,1836,3,4,12,1,0,0.6125864484364439,0,49.00691587491552,Medium,0,False,NO_ALERT
T103106,CUST6955,2024-01-06 19:34:00,2024-01-01,102.83,0,Legitimate,0.0,Fashion,NetBanking,Mobile,Kolkata,0,120,321.63,230,19,5,1,6,1,0.19994958660575726,0,15.995966928460582,Low,0,False,NO_ALERT
T103107,CUST9986,2023-12-16 19:05:00,2023-12-01,0.73,0,Legitimate,0.0,Travel,UPI,Desktop,Chennai,0,82,14.13,283,19,5,12,16,1,0.1662040911935304,0,13.296327295482435,Low,0,False,NO_ALERT
T103108,CUST2653,2023-06-02 05:08:00,2023-06-01,71.22,0,Legitimate,0.0,Food,PayPal,Mobile,Chennai,0,184,302.43,212,5,4,6,2,0,0.562525374139254,0,45.00202993114032,Medium,0,False,NO_ALERT
T103109,CUST5647,2023-09-29 07:53:00,2023-09-01,76.01,0,Legitimate,0.0,Electronics,PayPal,Mobile,Kolkata,0,3,37.54,1203,7,4,9,29,0,0.1763285426112252,1,34.106283408898015,Medium,0,False,NO_ALERT
T103110,CUST7517,2023-07-14 14:45:00,2023-07-01,81.22,0,Legitimate,0.0,Health,PayPal,POS,Bengaluru,0,70,430.2,1602,14,4,7,14,0,0.24355417062951176,0,19.48433365036094,Low,0,False,NO_ALERT
T103111,CUST7285,2023-08-30 18:29:00,2023-08-01,22.17,0,Legitimate,0.0,Entertainment,Credit Card,POS,Bengaluru,0,177,405.47,1010,18,2,8,30,0,0.293315336940738,0,23.46522695525904,Low,0,False,NO_ALERT
T103112,CUST3715,2023-02-19 06:58:00,2023-02-01,100.16,0,Legitimate,0.0,Travel,UPI,POS,Hyderabad,0,183,25.81,519,6,6,2,19,1,0.30043823363225514,1,44.035058690580414,Medium,0,False,NO_ALERT
T103113,CUST8058,2024-02-18 21:26:00,2024-02-01,7.67,0,Legitimate,0.0,Electronics,UPI,Desktop,Bengaluru,0,118,33.91,534,21,6,2,18,1,0.22212673019498427,0,17.770138415598744,Low,0,False,NO_ALERT
T103114,CUST4555,2023-05-15 07:01:00,2023-05-01,17.78,0,Legitimate,0.0,Entertainment,Credit Card,POS,Pune,1,31,379.27,442,7,0,5,15,0,0.6069697505222411,0,48.55758004177929,Medium,0,False,NO_ALERT
T103115,CUST9899,2024-01-23 19:42:00,2024-01-01,167.95,0,Legitimate,0.0,Health,UPI,Desktop,Pune,0,149,191.08,1975,19,1,1,23,0,0.23702980951542155,0,18.962384761233725,Low,0,False,NO_ALERT
T103116,CUST5571,2023-04-28 17:41:00,2023-04-01,107.37,0,Legitimate,0.0,Grocery,Credit Card,Desktop,Mumbai,0,16,291.76,1891,17,4,4,28,0,0.24799650504931953,0,19.839720403945563,Low,0,False,NO_ALERT
T103117,CUST7391,2023-08-20 04:01:00,2023-08-01,1.11,1,Fraudulent,1.11,Fashion,Debit Card,POS,Mumbai,0,17,142.46,1561,4,6,8,20,1,0.7243744793025313,0,57.94995834420251,High,1,True,HIGH
T103118,CUST5141,2023-03-06 15:17:00,2023-03-01,22.84,0,Legitimate,0.0,Grocery,NetBanking,POS,Mumbai,0,96,94.75,1704,15,0,3,6,0,0.22481237451314431,0,17.984989961051546,Low,0,False,NO_ALERT
T103119,CUST6521,2023-04-09 13:29:00,2023-04-01,19.31,0,Legitimate,0.0,Food,PayPal,Mobile,Pune,0,129,155.08,1665,13,6,4,9,1,0.22376310183631176,0,17.90104814690494,Low,0,False,NO_ALERT
T103120,CUST7173,2024-01-06 11:20:00,2024-01-01,25.27,0,Legitimate,0.0,Grocery,Credit Card,Mobile,Hyderabad,1,112,130.89,433,11,5,1,6,1,0.6179524051638873,0,49.43619241311099,Medium,0,False,NO_ALERT
T103121,CUST4873,2023-01-24 12:48:00,2023-01-01,22.75,0,Legitimate,0.0,Electronics,Credit Card,Desktop,Hyderabad,0,102,229.67,265,12,1,1,24,0,0.2141166052139966,0,17.12932841711973,Low,0,False,NO_ALERT
T103122,CUST8440,2023-10-31 10:08:00,2023-10-01,5.17,0,Legitimate,0.0,Health,Credit Card,Desktop,Bengaluru,0,72,375.87,1649,10,1,10,31,0,0.2244085450447253,0,17.952683603578024,Low,0,False,NO_ALERT
T103123,CUST7285,2023-11-23 07:01:00,2023-11-01,49.14,0,Legitimate,0.0,Grocery,Debit Card,POS,Hyderabad,1,193,281.52,888,7,3,11,23,0,0.6120581205074435,0,48.96464964059548,Medium,0,False,NO_ALERT
T103124,CUST1669,2023-12-29 18:21:00,2023-12-01,105.56,0,Legitimate,0.0,Electronics,Credit Card,POS,Mumbai,0,66,308.5,995,18,4,12,29,0,0.20737228458828338,0,16.58978276706267,Low,0,False,NO_ALERT
T103125,CUST3287,2023-08-05 12:09:00,2023-08-01,74.66,0,Legitimate,0.0,Food,NetBanking,Mobile,Delhi,0,111,240.34,1598,12,5,8,5,1,0.20908901299558547,0,16.72712103964684,Low,0,False,NO_ALERT
T103126,CUST6012,2023-02-07 19:48:00,2023-02-01,89.39,0,Legitimate,0.0,Entertainment,NetBanking,POS,Mumbai,1,37,169.12,662,19,1,2,7,0,0.5736236950120646,0,45.88989560096517,Medium,0,False,NO_ALERT
T103127,CUST3595,2023-12-18 18:16:00,2023-12-01,6.77,0,Legitimate,0.0,Health,PayPal,Desktop,Pune,0,152,80.32,1595,18,0,12,18,0,0.1907992440544194,0,15.263939524353553,Low,0,False,NO_ALERT
T103128,CUST6490,2023-08-12 23:37:00,2023-08-01,242.08,0,Legitimate,0.0,Grocery,Debit Card,POS,Kolkata,0,91,183.74,1487,23,5,8,12,1,0.24455963891780802,0,19.56477111342464,Low,0,False,NO_ALERT
T103129,CUST5147,2023-05-23 02:14:00,2023-05-01,145.86,0,Legitimate,0.0,Fashion,NetBanking,Mobile,Delhi,0,84,335.95,1599,2,1,5,23,0,0.6030903571904253,0,48.247228575234026,Medium,0,False,NO_ALERT
T103130,CUST3404,2023-02-21 10:44:00,2023-02-01,130.82,0,Legitimate,0.0,Fashion,UPI,Desktop,Bengaluru,0,111,369.55,1698,10,1,2,21,0,0.2306392607286033,0,18.451140858288266,Low,0,False,NO_ALERT
T103131,CUST4509,2023-09-22 04:10:00,2023-09-01,138.52,0,Legitimate,0.0,Health,UPI,Mobile,Chennai,0,62,239.9,237,4,4,9,22,0,0.6007467634091594,0,48.059741072732756,Medium,0,False,NO_ALERT
T103132,CUST7870,2023-07-11 05:23:00,2023-07-01,215.9,0,Legitimate,0.0,Fashion,UPI,Mobile,Kolkata,0,21,326.05,169,5,1,7,11,0,0.6778900489152712,0,54.23120391322169,High,1,True,HIGH
T103133,CUST3907,2023-03-14 17:04:00,2023-03-01,62.87,0,Legitimate,0.0,Grocery,Credit Card,Desktop,Hyderabad,0,106,113.17,617,17,1,3,14,0,0.22718261259724692,0,18.174609007779754,Low,0,False,NO_ALERT
T103134,CUST5340,2023-10-07 07:29:00,2023-10-01,17.88,0,Legitimate,0.0,Grocery,Credit Card,Mobile,Hyderabad,0,37,431.43,616,7,5,10,7,1,0.27018090451268606,0,21.614472361014887,Low,0,False,NO_ALERT
T103135,CUST3608,2023-05-05 23:47:00,2023-05-01,76.73,0,Legitimate,0.0,Health,UPI,POS,Pune,0,35,434.31,1873,23,4,5,5,0,0.2224798578361712,0,17.798388626893693,Low,0,False,NO_ALERT
T103136,CUST8536,2023-11-06 09:41:00,2023-11-01,108.66,0,Legitimate,0.0,Grocery,PayPal,POS,Mumbai,0,166,166.96,1360,9,0,11,6,0,0.2377198978589278,0,19.017591828714227,Low,0,False,NO_ALERT
T103137,CUST1387,2023-07-09 13:08:00,2023-07-01,107.13,0,Legitimate,0.0,Entertainment,PayPal,Mobile,Mumbai,1,181,278.38,946,13,6,7,9,1,0.6431360190958437,0,51.450881527667505,High,1,True,HIGH
T103138,CUST6965,2023-06-04 17:42:00,2023-06-01,58.96,1,Fraudulent,58.96,Electronics,Credit Card,POS,Delhi,1,143,307.26,996,17,6,6,4,1,0.7219602405112144,0,57.75681924089716,High,1,True,HIGH
T103139,CUST8441,2023-04-16 18:06:00,2023-04-01,5.67,0,Legitimate,0.0,Food,UPI,Mobile,Hyderabad,1,114,241.49,599,18,6,4,16,1,0.6160855810699054,0,49.286846485592434,Medium,0,False,NO_ALERT
T103140,CUST4166,2023-03-13 01:05:00,2023-03-01,37.1,0,Legitimate,0.0,Entertainment,PayPal,POS,Kolkata,0,170,456.46,1151,1,0,3,13,0,0.6153116629873557,0,49.22493303898846,Medium,0,False,NO_ALERT
T103141,CUST9017,2023-07-25 12:30:00,2023-07-01,202.83,0,Legitimate,0.0,Entertainment,Credit Card,Mobile,Pune,0,94,372.46,154,12,1,7,25,0,0.25998924477684604,0,20.799139582147685,Low,0,False,NO_ALERT
T103142,CUST9910,2023-09-13 02:12:00,2023-09-01,70.25,1,Fraudulent,70.25,Fashion,UPI,POS,Kolkata,0,4,339.53,1402,2,2,9,13,0,0.7508633112179954,0,60.06906489743964,High,1,True,HIGH
T103143,CUST5510,2023-12-27 01:41:00,2023-12-01,61.83,0,Legitimate,0.0,Electronics,Debit Card,Desktop,Bengaluru,0,107,264.85,163,1,2,12,27,0,0.5631730675879271,0,45.05384540703417,Medium,0,False,NO_ALERT
T103144,CUST8899,2024-01-15 08:05:00,2024-01-01,25.05,0,Legitimate,0.0,Health,UPI,Desktop,Mumbai,0,167,51.58,1025,8,0,1,15,0,0.24135430271510647,0,19.308344217208518,Low,0,False,NO_ALERT
T103145,CUST1274,2023-03-12 05:50:00,2023-03-01,36.77,0,Legitimate,0.0,Utilities,UPI,POS,Kolkata,0,79,62.83,1279,5,6,3,12,1,0.5972027297832178,0,47.77621838265742,Medium,0,False,NO_ALERT
T103146,CUST4020,2023-03-13 05:14:00,2023-03-01,180.57,0,Legitimate,0.0,Fashion,NetBanking,Mobile,Hyderabad,0,23,156.51,1998,5,0,3,13,0,0.6042225405917873,0,48.33780324734298,Medium,0,False,NO_ALERT
T103147,CUST5863,2024-01-30 23:53:00,2024-01-01,87.84,1,Fraudulent,87.84,Electronics,NetBanking,POS,Chennai,1,105,113.65,1765,23,1,1,30,0,0.6806956593764998,0,54.45565275011999,High,1,True,HIGH
T103148,CUST7219,2024-02-10 01:32:00,2024-02-01,123.86,0,Legitimate,0.0,Grocery,Debit Card,Mobile,Pune,0,15,476.74,1602,1,5,2,10,1,0.6122463339972685,0,48.97970671978148,Medium,0,False,NO_ALERT
T103149,CUST3995,2023-01-06 03:59:00,2023-01-01,48.46,0,Legitimate,0.0,Health,Debit Card,POS,Delhi,0,140,210.81,679,3,4,1,6,0,0.6095070570535954,0,48.760564564287634,Medium,0,False,NO_ALERT
T103150,CUST3783,2023-12-07 09:34:00,2023-12-01,79.59,0,Legitimate,0.0,Utilities,UPI,POS,Mumbai,0,198,439.54,1773,9,3,12,7,0,0.24088954132308824,0,19.27116330584706,Low,0,False,NO_ALERT
T103151,CUST3249,2024-02-01 00:13:00,2024-02-01,22.84,0,Legitimate,0.0,Health,PayPal,Desktop,Mumbai,0,128,410.86,735,0,3,2,1,0,0.6343518413262261,0,50.74814730609809,High,1,True,HIGH
T103152,CUST3195,2023-02-03 10:00:00,2023-02-01,97.79,0,Legitimate,0.0,Utilities,Debit Card,Mobile,Bengaluru,0,82,408.16,597,10,4,2,3,0,0.25282209295296554,0,20.225767436237245,Low,0,False,NO_ALERT
T103153,CUST1488,2023-02-23 09:39:00,2023-02-01,44.63,0,Legitimate,0.0,Utilities,UPI,Mobile,Mumbai,0,121,115.7,368,9,3,2,23,0,0.23409670490596504,0,18.727736392477205,Low,0,False,NO_ALERT
T103154,CUST4658,2023-01-27 07:47:00,2023-01-01,46.75,0,Legitimate,0.0,Fashion,Credit Card,Mobile,Pune,0,182,229.19,868,7,4,1,27,0,0.23429094512335902,0,18.74327560986872,Low,0,False,NO_ALERT
T103155,CUST4279,2023-04-26 22:32:00,2023-04-01,83.83,0,Legitimate,0.0,Grocery,NetBanking,Mobile,Hyderabad,0,88,165.8,351,22,2,4,26,0,0.19472504384115047,0,15.578003507292038,Low,0,False,NO_ALERT
T103156,CUST3171,2023-02-03 03:19:00,2023-02-01,220.26,0,Legitimate,0.0,Fashion,PayPal,Mobile,Hyderabad,0,166,485.5,1866,3,4,2,3,0,0.5499404980186815,0,43.995239841494524,Medium,0,False,NO_ALERT
T103157,CUST5527,2023-06-08 07:45:00,2023-06-01,5.29,1,Fraudulent,5.29,Utilities,UPI,Desktop,Hyderabad,1,156,439.6,1140,7,3,6,8,0,0.7427952121352962,0,59.4236169708237,High,1,True,HIGH
T103158,CUST8481,2023-11-25 04:44:00,2023-11-01,139.32,0,Legitimate,0.0,Utilities,Credit Card,POS,Chennai,0,79,132.46,124,4,5,11,25,1,0.6066290490987447,0,48.53032392789958,Medium,0,False,NO_ALERT
T103159,CUST7757,2023-11-24 05:21:00,2023-11-01,27.67,0,Legitimate,0.0,Travel,NetBanking,Mobile,Chennai,0,19,163.62,225,5,4,11,24,0,0.5561454408342215,0,44.49163526673772,Medium,0,False,NO_ALERT
T103160,CUST4345,2024-01-06 17:25:00,2024-01-01,46.95,0,Legitimate,0.0,Electronics,Credit Card,Mobile,Mumbai,0,69,269.17,221,17,5,1,6,1,0.23101678041065601,0,18.481342432852482,Low,0,False,NO_ALERT
T103161,CUST8031,2023-09-27 17:22:00,2023-09-01,1.77,0,Legitimate,0.0,Travel,UPI,POS,Kolkata,0,192,146.52,685,17,2,9,27,0,0.19729516086026688,0,15.78361286882135,Low,0,False,NO_ALERT
T103162,CUST3710,2023-11-08 07:43:00,2023-11-01,28.65,0,Legitimate,0.0,Electronics,Debit Card,Desktop,Chennai,0,132,414.02,551,7,2,11,8,0,0.19762362191749003,0,15.809889753399203,Low,0,False,NO_ALERT
T103163,CUST7518,2023-09-19 20:41:00,2023-09-01,55.87,0,Legitimate,0.0,Food,NetBanking,Desktop,Kolkata,0,10,411.42,782,20,1,9,19,0,0.19505519606255195,0,15.604415685004156,Low,0,False,NO_ALERT
T103164,CUST4087,2023-02-08 05:24:00,2023-02-01,4.63,0,Legitimate,0.0,Entertainment,Credit Card,Desktop,Kolkata,0,140,364.93,1714,5,2,2,8,0,0.6325324488689731,0,50.602595909517845,High,1,True,HIGH
T103165,CUST5258,2023-06-02 03:06:00,2023-06-01,54.04,0,Legitimate,0.0,Health,Debit Card,POS,Chennai,0,197,347.76,1017,3,4,6,2,0,0.5593728830763639,0,44.74983064610912,Medium,0,False,NO_ALERT
T103166,CUST5979,2023-04-29 12:21:00,2023-04-01,209.5,0,Legitimate,0.0,Fashion,PayPal,POS,Bengaluru,0,135,278.18,1035,12,5,4,29,1,0.24322462983462514,0,19.457970386770015,Low,0,False,NO_ALERT
T103167,CUST2225,2023-06-22 00:26:00,2023-06-01,8.91,1,Fraudulent,8.91,Food,UPI,Desktop,Chennai,0,44,180.09,1705,0,3,6,22,0,0.67831600156476,0,54.2652801251808,High,1,True,HIGH
T103168,CUST3222,2023-01-19 15:43:00,2023-01-01,115.66,0,Legitimate,0.0,Food,UPI,Desktop,Delhi,0,151,420.1,42,15,3,1,19,0,0.21770235720738187,0,17.416188576590553,Low,0,False,NO_ALERT
T103169,CUST8900,2024-01-17 15:26:00,2024-01-01,42.17,0,Legitimate,0.0,Health,NetBanking,POS,Delhi,0,2,430.83,283,15,2,1,17,0,0.22702329165762486,0,18.16186333260999,Low,0,False,NO_ALERT
T103170,CUST4130,2023-04-16 17:46:00,2023-04-01,85.18,0,Legitimate,0.0,Health,Credit Card,Desktop,Kolkata,1,94,34.26,110,17,6,4,16,1,0.5942641903798725,1,67.54113523038981,High,1,True,HIGH
T103171,CUST9111,2023-10-23 16:45:00,2023-10-01,24.11,0,Legitimate,0.0,Electronics,PayPal,Mobile,Delhi,0,116,205.32,1775,16,0,10,23,0,0.20274937666612844,0,16.219950133290276,Low,0,False,NO_ALERT
T103172,CUST7962,2024-01-11 03:02:00,2024-01-01,13.9,1,Fraudulent,13.9,Travel,NetBanking,POS,Mumbai,1,165,23.05,402,3,3,1,11,0,0.8548970134248008,0,68.39176107398407,High,1,True,HIGH
T103173,CUST1553,2023-10-16 06:02:00,2023-10-01,13.99,0,Legitimate,0.0,Grocery,NetBanking,Desktop,Hyderabad,0,69,421.34,423,6,0,10,16,0,0.25901183782039067,0,20.720947025631254,Low,0,False,NO_ALERT
T103174,CUST8474,2023-10-21 19:59:00,2023-10-01,5.85,0,Legitimate,0.0,Electronics,Credit Card,Mobile,Bengaluru,0,148,96.78,1943,19,5,10,21,1,0.2235799626175396,0,17.88639700940317,Low,0,False,NO_ALERT
T103175,CUST4317,2023-03-24 20:14:00,2023-03-01,16.43,0,Legitimate,0.0,Grocery,PayPal,POS,Mumbai,0,172,340.19,1785,20,4,3,24,0,0.24246821200665777,0,19.397456960532622,Low,0,False,NO_ALERT
T103176,CUST3314,2023-04-23 12:53:00,2023-04-01,87.3,0,Legitimate,0.0,Food,Credit Card,POS,Hyderabad,0,108,185.11,1962,12,6,4,23,1,0.24339694926109437,0,19.47175594088755,Low,0,False,NO_ALERT
T103177,CUST7286,2023-08-09 04:18:00,2023-08-01,170.76,0,Legitimate,0.0,Grocery,UPI,Mobile,Bengaluru,0,70,409.87,447,4,2,8,9,0,0.6249351446885452,0,49.99481157508362,Medium,0,False,NO_ALERT
T103178,CUST9829,2023-06-11 20:17:00,2023-06-01,134.61,0,Legitimate,0.0,Travel,Debit Card,POS,Kolkata,0,74,259.75,1112,20,6,6,11,1,0.24686433150143164,0,19.749146520114532,Low,0,False,NO_ALERT
T103179,CUST3170,2023-06-29 02:56:00,2023-06-01,92.45,0,Legitimate,0.0,Electronics,UPI,Desktop,Bengaluru,0,179,168.96,157,2,3,6,29,0,0.5596358090903969,0,44.77086472723175,Medium,0,False,NO_ALERT
T103180,CUST6311,2023-10-15 22:29:00,2023-10-01,9.36,0,Legitimate,0.0,Utilities,UPI,POS,Bengaluru,1,80,168.7,846,22,6,10,15,1,0.6637047778554289,0,53.096382228434315,High,1,True,HIGH
T103181,CUST1703,2023-11-22 09:00:00,2023-11-01,27.31,0,Legitimate,0.0,Health,NetBanking,Desktop,Delhi,0,98,170.19,803,9,2,11,22,0,0.18372473032306036,0,14.69797842584483,Low,0,False,NO_ALERT
T103182,CUST4948,2023-07-13 18:06:00,2023-07-01,29.66,0,Legitimate,0.0,Utilities,UPI,Mobile,Delhi,0,159,396.4,1833,18,3,7,13,0,0.21456535753766745,0,17.165228603013396,Low,0,False,NO_ALERT
T103183,CUST5030,2023-04-11 07:32:00,2023-04-01,23.01,0,Legitimate,0.0,Travel,PayPal,Mobile,Delhi,0,100,358.45,1594,7,1,4,11,0,0.2206341043952191,0,17.650728351617527,Low,0,False,NO_ALERT
T103184,CUST6942,2023-01-22 06:47:00,2023-01-01,57.89,0,Legitimate,0.0,Entertainment,UPI,POS,Bengaluru,0,169,166.41,1386,6,6,1,22,1,0.28406859423139436,0,22.72548753851155,Low,0,False,NO_ALERT
T103185,CUST8574,2023-12-06 00:00:00,2023-12-01,61.35,0,Legitimate,0.0,Travel,PayPal,Mobile,Pune,0,58,250.2,921,0,2,12,6,0,0.6308454495478419,0,50.467635963827355,High,1,True,HIGH
T103186,CUST2397,2023-04-12 09:44:00,2023-04-01,35.31,0,Legitimate,0.0,Entertainment,Credit Card,Mobile,Bengaluru,0,133,47.32,311,9,2,4,12,0,0.24336068178796486,0,19.46885454303719,Low,0,False,NO_ALERT
T103187,CUST6586,2024-02-07 21:37:00,2024-02-01,34.93,0,Legitimate,0.0,Electronics,NetBanking,POS,Delhi,0,161,415.48,1633,21,2,2,7,0,0.2033373372574228,0,16.266986980593824,Low,0,False,NO_ALERT
T103188,CUST1075,2023-08-19 10:01:00,2023-08-01,141.08,0,Legitimate,0.0,Health,PayPal,Desktop,Bengaluru,0,171,140.32,236,10,5,8,19,1,0.22961155314339654,0,18.36892425147172,Low,0,False,NO_ALERT
T103189,CUST7366,2023-09-20 22:17:00,2023-09-01,124.58,0,Legitimate,0.0,Travel,UPI,POS,Delhi,0,147,445.72,1325,22,2,9,20,0,0.23190798013092492,0,18.552638410473996,Low,0,False,NO_ALERT
T103190,CUST1213,2023-05-07 22:28:00,2023-05-01,29.43,0,Legitimate,0.0,Utilities,NetBanking,POS,Delhi,0,32,302.43,1362,22,6,5,7,1,0.20180021374428814,0,16.144017099543053,Low,0,False,NO_ALERT
T103191,CUST1652,2023-05-12 16:38:00,2023-05-01,196.08,0,Legitimate,0.0,Entertainment,NetBanking,Desktop,Delhi,0,121,288.23,432,16,4,5,12,0,0.1966949402843991,0,15.735595222751929,Low,0,False,NO_ALERT
T103192,CUST9340,2024-01-08 01:27:00,2024-01-01,244.29,0,Legitimate,0.0,Health,PayPal,Desktop,Kolkata,0,3,89.73,1228,1,0,1,8,0,0.5493773329481936,1,63.95018663585549,High,1,True,HIGH
T103193,CUST6536,2023-05-11 15:34:00,2023-05-01,31.65,0,Legitimate,0.0,Fashion,PayPal,Desktop,Kolkata,0,129,44.07,247,15,3,5,11,0,0.20492764967745683,0,16.394211974196548,Low,0,False,NO_ALERT
T103194,CUST2614,2024-01-03 09:01:00,2024-01-01,35.01,0,Legitimate,0.0,Fashion,Debit Card,POS,Pune,0,169,280.78,1725,9,2,1,3,0,0.23817039446983773,0,19.05363155758702,Low,0,False,NO_ALERT
T103195,CUST6633,2023-12-26 17:59:00,2023-12-01,56.36,0,Legitimate,0.0,Fashion,Debit Card,Desktop,Hyderabad,0,48,239.31,355,17,1,12,26,0,0.21746471920574253,0,17.397177536459406,Low,0,False,NO_ALERT
T103196,CUST1412,2024-02-09 10:32:00,2024-02-01,226.58,0,Legitimate,0.0,Grocery,NetBanking,Mobile,Bengaluru,0,167,68.64,785,10,4,2,9,0,0.22922678909700142,1,38.33814312776012,Medium,0,False,NO_ALERT
T103197,CUST7680,2023-01-13 05:12:00,2023-01-01,167.2,0,Legitimate,0.0,Travel,Debit Card,Desktop,Mumbai,0,133,419.44,1306,5,4,1,13,0,0.597569036404254,0,47.80552291234032,Medium,0,False,NO_ALERT
T103198,CUST3187,2023-03-13 01:39:00,2023-03-01,8.66,0,Legitimate,0.0,Electronics,UPI,Mobile,Delhi,0,77,214.45,1507,1,0,3,13,0,0.6145943679222163,0,49.16754943377731,Medium,0,False,NO_ALERT
T103199,CUST3953,2023-01-06 17:17:00,2023-01-01,39.9,0,Legitimate,0.0,Utilities,Credit Card,Desktop,Pune,1,11,137.62,1242,17,4,1,6,0,0.5778914535920072,0,46.231316287360585,Medium,0,False,NO_ALERT
T103200,CUST7975,2023-04-22 08:01:00,2023-04-01,64.48,0,Legitimate,0.0,Electronics,NetBanking,Mobile,Mumbai,0,22,396.25,1826,8,5,4,22,1,0.255789554983674,0,20.46316439869392,Low,0,False,NO_ALERT
T103201,CUST1618,2024-01-02 03:43:00,2024-01-01,55.95,1,Fraudulent,55.95,Grocery,Credit Card,Mobile,Kolkata,0,192,457.4,1496,3,1,1,2,0,0.684720926787244,0,54.77767414297953,High,1,True,HIGH
T103202,CUST8147,2023-10-13 05:33:00,2023-10-01,17.24,0,Legitimate,0.0,Electronics,Debit Card,Mobile,Hyderabad,0,12,159.92,1951,5,4,10,13,0,0.6272414692350021,0,50.17931753880018,High,1,True,HIGH
T103203,CUST1648,2023-03-28 16:13:00,2023-03-01,156.62,1,Fraudulent,156.62,Entertainment,PayPal,Mobile,Bengaluru,0,53,390.22,1041,16,1,3,28,0,0.31104422853368857,0,24.883538282695085,Low,0,False,NO_ALERT
T103204,CUST6138,2023-09-14 17:58:00,2023-09-01,90.39,0,Legitimate,0.0,Fashion,NetBanking,Mobile,Kolkata,0,55,329.73,159,17,3,9,14,0,0.1953656118629572,0,15.629248949036578,Low,0,False,NO_ALERT
T103205,CUST9184,2023-01-21 10:04:00,2023-01-01,145.57,0,Legitimate,0.0,Utilities,Debit Card,Desktop,Pune,1,53,494.97,1538,10,5,1,21,1,0.49232299105574945,1,59.38583928445996,High,1,True,HIGH
T103206,CUST6430,2023-06-21 16:00:00,2023-06-01,156.59,0,Legitimate,0.0,Travel,UPI,POS,Delhi,0,21,109.96,32,16,2,6,21,0,0.21372233514155917,0,17.097786811324735,Low,0,False,NO_ALERT
T103207,CUST9310,2023-05-18 06:56:00,2023-05-01,110.38,0,Legitimate,0.0,Electronics,NetBanking,POS,Delhi,0,19,480.73,1404,6,3,5,18,0,0.25487880353624937,0,20.39030428289995,Low,0,False,NO_ALERT
T103208,CUST1196,2023-02-22 18:39:00,2023-02-01,46.27,0,Legitimate,0.0,Electronics,NetBanking,POS,Delhi,0,197,164.48,584,18,2,2,22,0,0.1852872928874004,0,14.822983430992032,Low,0,False,NO_ALERT
T103209,CUST1050,2023-04-06 21:19:00,2023-04-01,75.44,0,Legitimate,0.0,Food,PayPal,POS,Pune,0,88,211.86,1186,21,3,4,6,0,0.2386786614993355,0,19.09429291994684,Low,0,False,NO_ALERT
T103210,CUST4668,2023-06-28 12:45:00,2023-06-01,13.98,0,Legitimate,0.0,Food,NetBanking,POS,Kolkata,0,94,185.82,1743,12,2,6,28,0,0.20931934423835785,0,16.745547539068628,Low,0,False,NO_ALERT
T103211,CUST9144,2023-09-10 11:04:00,2023-09-01,89.58,0,Legitimate,0.0,Food,PayPal,Mobile,Mumbai,0,66,141.54,1547,11,6,9,10,1,0.22683254645682344,0,18.146603716545876,Low,0,False,NO_ALERT
T103212,CUST3323,2023-07-16 02:36:00,2023-07-01,15.8,0,Legitimate,0.0,Travel,Debit Card,Desktop,Hyderabad,0,59,349.68,295,2,6,7,16,1,0.5625326370158653,0,45.00261096126923,Medium,0,False,NO_ALERT
T103213,CUST7848,2024-01-01 17:05:00,2024-01-01,94.72,0,Legitimate,0.0,Fashion,UPI,Mobile,Bengaluru,0,177,298.68,952,17,0,1,1,0,0.28329448646483973,0,22.66355891718718,Low,0,False,NO_ALERT
T103214,CUST4570,2024-01-22 01:10:00,2024-01-01,20.87,0,Legitimate,0.0,Health,UPI,Desktop,Hyderabad,1,59,159.79,53,1,0,1,22,0,0.7414188496908413,0,59.31350797526731,High,1,True,HIGH
T103215,CUST6123,2023-02-07 13:11:00,2023-02-01,10.0,0,Legitimate,0.0,Fashion,NetBanking,Desktop,Kolkata,0,151,74.78,563,13,1,2,7,0,0.20690098745816354,0,16.552078996653083,Low,0,False,NO_ALERT
T103216,CUST5541,2023-06-12 10:15:00,2023-06-01,14.45,0,Legitimate,0.0,Utilities,NetBanking,Desktop,Delhi,0,3,165.51,1910,10,0,6,12,0,0.22194088073902193,0,17.755270459121757,Low,0,False,NO_ALERT
T103217,CUST9184,2023-08-08 10:08:00,2023-08-01,0.16,0,Legitimate,0.0,Fashion,Debit Card,Desktop,Hyderabad,0,184,196.8,32,10,1,8,8,0,0.1642829436453242,0,13.142635491625937,Low,0,False,NO_ALERT
T103218,CUST5969,2023-05-06 09:41:00,2023-05-01,101.48,0,Legitimate,0.0,Travel,PayPal,POS,Mumbai,1,116,196.52,1965,9,5,5,6,1,0.5626547451477653,0,45.012379611821224,Medium,0,False,NO_ALERT
T103219,CUST2867,2023-04-25 15:12:00,2023-04-01,105.46,0,Legitimate,0.0,Entertainment,UPI,Desktop,Chennai,0,58,185.06,1723,15,1,4,25,0,0.23282788806666152,0,18.626231045332922,Low,0,False,NO_ALERT
T103220,CUST3448,2023-03-26 11:16:00,2023-03-01,57.88,0,Legitimate,0.0,Entertainment,PayPal,Desktop,Kolkata,0,62,33.87,909,11,6,3,26,1,0.23527079254196662,1,38.821663403357334,Medium,0,False,NO_ALERT
T103221,CUST3310,2023-04-24 02:53:00,2023-04-01,14.08,0,Legitimate,0.0,Travel,Debit Card,POS,Chennai,0,146,237.38,456,2,0,4,24,0,0.5960648485480309,0,47.685187883842474,Medium,0,False,NO_ALERT
T103222,CUST1294,2023-12-25 05:43:00,2023-12-01,6.98,0,Legitimate,0.0,Food,UPI,Mobile,Bengaluru,0,189,419.74,33,5,0,12,25,0,0.4917983323295495,0,39.34386658636396,Medium,0,False,NO_ALERT
T103223,CUST9678,2023-07-11 05:01:00,2023-07-01,1.55,1,Fraudulent,1.55,Electronics,UPI,Mobile,Bengaluru,0,126,98.38,1672,5,1,7,11,0,0.6647330355426965,0,53.17864284341572,High,1,True,HIGH
T103224,CUST9899,2023-07-07 18:53:00,2023-07-01,14.5,0,Legitimate,0.0,Grocery,Credit Card,Mobile,Hyderabad,0,37,81.37,837,18,4,7,7,0,0.212563061059842,0,17.00504488478736,Low,0,False,NO_ALERT
T103225,CUST2716,2023-02-26 06:20:00,2023-02-01,177.21,0,Legitimate,0.0,Grocery,Debit Card,Mobile,Bengaluru,0,182,241.21,813,6,6,2,26,1,0.25669728356094706,0,20.535782684875766,Low,0,False,NO_ALERT
T103226,CUST7988,2023-03-11 08:19:00,2023-03-01,22.12,0,Legitimate,0.0,Health,Debit Card,Desktop,Kolkata,0,113,191.6,532,8,5,3,11,1,0.20680206526969094,0,16.544165221575277,Low,0,False,NO_ALERT
T103227,CUST9702,2023-08-08 07:58:00,2023-08-01,34.99,0,Legitimate,0.0,Electronics,Credit Card,POS,Pune,0,95,285.03,261,7,1,8,8,0,0.2237394760553496,0,17.89915808442797,Low,0,False,NO_ALERT
T103228,CUST4199,2023-05-24 23:37:00,2023-05-01,8.91,0,Legitimate,0.0,Health,PayPal,POS,Mumbai,0,78,474.07,902,23,2,5,24,0,0.24755378193631944,0,19.804302554905558,Low,0,False,NO_ALERT
T103229,CUST8454,2024-01-31 13:27:00,2024-01-01,20.12,0,Legitimate,0.0,Food,Credit Card,Mobile,Delhi,0,193,382.83,779,13,2,1,31,0,0.25919646976084193,0,20.735717580867355,Low,0,False,NO_ALERT
T103230,CUST2115,2024-01-18 17:59:00,2024-01-01,58.59,0,Legitimate,0.0,Health,Debit Card,POS,Delhi,0,142,346.66,101,17,3,1,18,0,0.2255234041967682,0,18.041872335741456,Low,0,False,NO_ALERT
T103231,CUST3591,2023-07-05 18:54:00,2023-07-01,74.87,0,Legitimate,0.0,Electronics,PayPal,Desktop,Hyderabad,0,105,213.81,117,18,2,7,5,0,0.2330115592606354,0,18.64092474085083,Low,0,False,NO_ALERT
T103232,CUST4754,2023-03-26 07:26:00,2023-03-01,22.52,0,Legitimate,0.0,Utilities,UPI,Mobile,Delhi,0,5,150.81,557,7,6,3,26,1,0.23125445434140637,0,18.50035634731251,Low,0,False,NO_ALERT
T103233,CUST3204,2023-03-05 22:37:00,2023-03-01,4.76,0,Legitimate,0.0,Electronics,Credit Card,Desktop,Hyderabad,0,95,274.73,915,22,6,3,5,1,0.192595512642003,0,15.40764101136024,Low,0,False,NO_ALERT
T103234,CUST3579,2023-05-18 12:50:00,2023-05-01,39.68,0,Legitimate,0.0,Grocery,PayPal,Desktop,Bengaluru,0,190,443.87,632,12,3,5,18,0,0.25346343101568025,0,20.27707448125442,Low,0,False,NO_ALERT
T103235,CUST6483,2023-08-30 19:33:00,2023-08-01,21.35,0,Legitimate,0.0,Entertainment,PayPal,Desktop,Bengaluru,0,129,439.6,479,19,2,8,30,0,0.25255176566168486,0,20.20414125293479,Low,0,False,NO_ALERT
T103236,CUST5868,2023-10-27 03:52:00,2023-10-01,19.83,0,Legitimate,0.0,Food,PayPal,Desktop,Pune,0,63,228.3,468,3,4,10,27,0,0.6143325530300685,0,49.14660424240549,Medium,0,False,NO_ALERT
T103237,CUST6795,2024-01-25 06:16:00,2024-01-01,257.24,0,Legitimate,0.0,Utilities,Credit Card,Desktop,Pune,0,195,130.65,1585,6,3,1,25,0,0.24794763321896976,0,19.835810657517584,Low,0,False,NO_ALERT
T103238,CUST1198,2023-06-24 16:07:00,2023-06-01,76.63,0,Legitimate,0.0,Travel,UPI,Mobile,Mumbai,0,20,120.42,1488,16,5,6,24,1,0.2333907098682737,0,18.671256789461896,Low,0,False,NO_ALERT
T103239,CUST4253,2023-05-04 21:48:00,2023-05-01,65.11,0,Legitimate,0.0,Utilities,PayPal,Desktop,Delhi,0,43,26.65,1777,21,3,5,4,0,0.22854719825333286,1,38.28377586026663,Medium,0,False,NO_ALERT
T103240,CUST5015,2023-06-02 12:14:00,2023-06-01,43.0,0,Legitimate,0.0,Utilities,Credit Card,Mobile,Kolkata,1,85,422.91,1137,12,4,6,2,0,0.6165311052482797,0,49.32248841986238,Medium,0,False,NO_ALERT
T103241,CUST1244,2023-06-10 05:07:00,2023-06-01,44.82,0,Legitimate,0.0,Health,Debit Card,POS,Pune,0,94,139.77,1392,5,5,6,10,1,0.637687456219041,0,51.014996497523285,High,1,True,HIGH
T103242,CUST8047,2024-02-13 11:09:00,2024-02-01,62.28,0,Legitimate,0.0,Grocery,Credit Card,Desktop,Mumbai,0,42,185.91,155,11,1,2,13,0,0.2508476557712955,0,20.06781246170364,Low,0,False,NO_ALERT
T103243,CUST2956,2023-08-24 03:50:00,2023-08-01,95.37,0,Legitimate,0.0,Health,Credit Card,Desktop,Chennai,0,108,406.52,592,3,3,8,24,0,0.651456648542216,0,52.11653188337728,High,1,True,HIGH
T103244,CUST7857,2023-04-13 11:21:00,2023-04-01,96.89,0,Legitimate,0.0,Health,Credit Card,POS,Pune,1,94,68.81,1071,11,3,4,13,0,0.6209702649588043,1,69.67762119670434,High,1,True,HIGH
T103245,CUST7857,2023-12-15 04:21:00,2023-12-01,15.07,1,Fraudulent,15.07,Travel,PayPal,Mobile,Mumbai,1,197,236.0,878,4,4,12,15,0,0.8277056226070889,0,66.2164498085671,High,1,True,HIGH
T103246,CUST9156,2023-03-08 05:21:00,2023-03-01,55.47,0,Legitimate,0.0,Food,Credit Card,Desktop,Hyderabad,0,74,69.95,894,5,2,3,8,0,0.6401615976451545,0,51.21292781161236,High,1,True,HIGH
T103247,CUST5781,2023-04-09 14:49:00,2023-04-01,42.48,0,Legitimate,0.0,Electronics,Debit Card,POS,Hyderabad,0,109,226.51,1682,14,6,4,9,1,0.1962455012259915,0,15.699640098079321,Low,0,False,NO_ALERT
T103248,CUST1497,2023-05-26 23:54:00,2023-05-01,163.54,0,Legitimate,0.0,Fashion,PayPal,POS,Mumbai,0,115,33.1,1689,23,4,5,26,0,0.34494220214677684,0,27.595376171742146,Medium,0,False,NO_ALERT
T103249,CUST7079,2023-05-10 06:29:00,2023-05-01,79.85,1,Fraudulent,79.85,Health,Debit Card,Desktop,Bengaluru,1,167,263.64,1593,6,2,5,10,0,0.7712767507564752,0,61.70214006051802,High,1,True,HIGH
T103250,CUST6531,2023-09-09 07:51:00,2023-09-01,60.83,0,Legitimate,0.0,Fashion,NetBanking,Mobile,Chennai,0,190,399.9,953,7,5,9,9,1,0.2105371179332182,0,16.84296943465746,Low,0,False,NO_ALERT
T103251,CUST8438,2023-02-27 06:51:00,2023-02-01,9.81,0,Legitimate,0.0,Food,Credit Card,Mobile,Mumbai,1,176,341.39,374,6,0,2,27,0,0.5688188419356759,0,45.505507354854075,Medium,0,False,NO_ALERT
T103252,CUST6708,2023-06-24 23:46:00,2023-06-01,74.44,0,Legitimate,0.0,Fashion,PayPal,Desktop,Pune,0,125,259.49,497,23,5,6,24,1,0.19719789694647258,0,15.775831755717807,Low,0,False,NO_ALERT
T103253,CUST6268,2023-10-28 20:30:00,2023-10-01,9.97,0,Legitimate,0.0,Health,PayPal,POS,Bengaluru,0,6,416.09,1010,20,5,10,28,1,0.243389399868368,0,19.47115198946944,Low,0,False,NO_ALERT
T103254,CUST7295,2023-09-10 23:44:00,2023-09-01,32.9,0,Legitimate,0.0,Travel,Credit Card,Desktop,Mumbai,0,123,121.62,170,23,6,9,10,1,0.24687446372304403,0,19.749957097843524,Low,0,False,NO_ALERT
T103255,CUST8857,2023-09-13 09:24:00,2023-09-01,12.33,0,Legitimate,0.0,Fashion,UPI,Mobile,Delhi,0,42,417.09,1059,9,2,9,13,0,0.23936491926197312,0,19.14919354095785,Low,0,False,NO_ALERT
T103256,CUST3376,2023-05-06 13:38:00,2023-05-01,94.23,1,Fraudulent,94.23,Food,UPI,POS,Pune,1,58,145.42,698,13,5,5,6,1,0.6999034116591748,0,55.99227293273399,High,1,True,HIGH
T103257,CUST6908,2023-10-07 12:00:00,2023-10-01,18.48,0,Legitimate,0.0,Food,Debit Card,Desktop,Pune,0,171,187.62,1671,12,5,10,7,1,0.22282931654555996,0,17.826345323644798,Low,0,False,NO_ALERT
T103258,CUST6815,2023-07-01 20:03:00,2023-07-01,39.79,1,Fraudulent,39.79,Entertainment,Credit Card,POS,Hyderabad,1,10,72.93,660,20,5,7,1,1,0.6873481065240569,1,74.98784852192455,High,1,True,HIGH
T103259,CUST9268,2023-02-05 03:52:00,2023-02-01,180.82,1,Fraudulent,180.82,Entertainment,Credit Card,Mobile,Delhi,0,89,59.86,1702,3,6,2,5,1,0.7037138018570118,1,76.29710414856095,Critical,1,True,CRITICAL
T103260,CUST1778,2024-01-31 10:31:00,2024-01-01,18.28,0,Legitimate,0.0,Travel,NetBanking,Mobile,Delhi,0,78,466.73,1594,10,2,1,31,0,0.20258533688717684,0,16.206826950974147,Low,0,False,NO_ALERT
T103261,CUST3758,2023-07-16 08:47:00,2023-07-01,56.71,0,Legitimate,0.0,Fashion,UPI,Mobile,Pune,0,111,103.09,1731,8,6,7,16,1,0.17870910446652113,0,14.296728357321692,Low,0,False,NO_ALERT
T103262,CUST6461,2023-03-30 22:17:00,2023-03-01,43.48,0,Legitimate,0.0,Fashion,UPI,Desktop,Chennai,0,39,173.32,1118,22,3,3,30,0,0.2322381717650335,0,18.57905374120268,Low,0,False,NO_ALERT
T103263,CUST9813,2023-08-07 03:28:00,2023-08-01,1.46,0,Legitimate,0.0,Entertainment,Credit Card,POS,Kolkata,0,141,269.28,1109,3,0,8,7,0,0.5033783737622584,0,40.27026990098067,Medium,0,False,NO_ALERT
T103264,CUST9409,2024-01-25 06:01:00,2024-01-01,125.91,0,Legitimate,0.0,Electronics,Debit Card,Desktop,Bengaluru,1,167,180.45,827,6,3,1,25,0,0.5282731807540169,0,42.26185446032135,Medium,0,False,NO_ALERT
T103265,CUST9134,2023-11-27 19:25:00,2023-11-01,5.72,0,Legitimate,0.0,Grocery,Credit Card,Desktop,Hyderabad,0,11,436.37,1935,19,0,11,27,0,0.2304501457498986,0,18.436011659991888,Low,0,False,NO_ALERT
T103266,CUST8882,2023-07-16 11:09:00,2023-07-01,51.44,0,Legitimate,0.0,Food,Debit Card,Desktop,Delhi,0,110,451.35,1149,11,6,7,16,1,0.227240015136883,0,18.17920121095064,Low,0,False,NO_ALERT
T103267,CUST4370,2023-10-17 02:23:00,2023-10-01,65.8,1,Fraudulent,65.8,Electronics,UPI,Desktop,Hyderabad,0,16,169.74,1942,2,1,10,17,0,0.7275540253754401,0,58.204322030035215,High,1,True,HIGH
T103268,CUST2566,2023-08-23 21:02:00,2023-08-01,79.2,0,Legitimate,0.0,Food,NetBanking,POS,Pune,0,33,55.09,984,21,2,8,23,0,0.16962675292320215,0,13.570140233856172,Low,0,False,NO_ALERT
T103269,CUST6771,2023-11-07 15:27:00,2023-11-01,93.34,0,Legitimate,0.0,Utilities,PayPal,POS,Bengaluru,0,188,112.98,244,15,1,11,7,0,0.22941345326522392,0,18.353076261217915,Low,0,False,NO_ALERT
T103270,CUST4548,2023-01-11 10:59:00,2023-01-01,23.36,0,Legitimate,0.0,Utilities,UPI,Desktop,Mumbai,0,59,242.45,772,10,2,1,11,0,0.23477005741441623,0,18.7816045931533,Low,0,False,NO_ALERT
T103271,CUST7263,2023-05-12 07:14:00,2023-05-01,0.8,0,Legitimate,0.0,Electronics,Debit Card,Desktop,Delhi,0,51,151.36,87,7,4,5,12,0,0.19320372233459263,0,15.456297786767411,Low,0,False,NO_ALERT
T103272,CUST1130,2023-10-27 13:56:00,2023-10-01,102.83,0,Legitimate,0.0,Utilities,Credit Card,Mobile,Bengaluru,0,15,232.2,935,13,4,10,27,0,0.21781947583969985,0,17.425558067175988,Low,0,False,NO_ALERT
T103273,CUST2027,2023-11-01 06:25:00,2023-11-01,61.37,0,Legitimate,0.0,Entertainment,UPI,Mobile,Kolkata,0,43,381.76,1545,6,2,11,1,0,0.26030826343150004,0,20.824661074520005,Low,0,False,NO_ALERT
T103274,CUST1811,2023-01-16 07:03:00,2023-01-01,144.69,0,Legitimate,0.0,Entertainment,NetBanking,POS,Hyderabad,1,27,216.11,434,7,0,1,16,0,0.5300957349422724,1,62.40765879538179,High,1,True,HIGH
T103275,CUST6990,2023-07-08 15:04:00,2023-07-01,137.8,0,Legitimate,0.0,Grocery,Debit Card,Mobile,Pune,0,56,106.53,1237,15,5,7,8,1,0.19466587774986785,0,15.573270219989428,Low,0,False,NO_ALERT
T103276,CUST2747,2023-04-02 20:41:00,2023-04-01,148.29,0,Legitimate,0.0,Electronics,Credit Card,POS,Bengaluru,0,121,185.4,1335,20,6,4,2,1,0.22255213860375608,0,17.80417108830049,Low,0,False,NO_ALERT
T103277,CUST8063,2023-10-05 18:30:00,2023-10-01,53.1,0,Legitimate,0.0,Food,PayPal,POS,Mumbai,0,113,374.06,1836,18,3,10,5,0,0.2559165860815474,0,20.473326886523793,Low,0,False,NO_ALERT
T103278,CUST3573,2024-02-08 01:49:00,2024-02-01,32.47,0,Legitimate,0.0,Fashion,Debit Card,POS,Bengaluru,0,60,217.79,750,1,3,2,8,0,0.6246200951093213,0,49.969607608745704,Medium,0,False,NO_ALERT
T103279,CUST6679,2023-06-22 22:31:00,2023-06-01,125.45,0,Legitimate,0.0,Food,Credit Card,Mobile,Pune,0,115,132.27,1216,22,3,6,22,0,0.1841686520024677,0,14.733492160197418,Low,0,False,NO_ALERT
T103280,CUST6877,2023-10-26 09:17:00,2023-10-01,48.02,0,Legitimate,0.0,Health,PayPal,Mobile,Hyderabad,0,109,219.43,1142,9,3,10,26,0,0.2320591712533691,0,18.564733700269528,Low,0,False,NO_ALERT
T103281,CUST9228,2023-07-14 04:08:00,2023-07-01,16.21,1,Fraudulent,16.21,Entertainment,Credit Card,POS,Delhi,0,198,232.86,812,4,4,7,14,0,0.657092738060234,0,52.56741904481873,High,1,True,HIGH
T103282,CUST6092,2023-09-14 06:10:00,2023-09-01,154.47,0,Legitimate,0.0,Travel,PayPal,POS,Kolkata,0,175,155.22,126,6,3,9,14,0,0.2358539122879765,0,18.86831298303812,Low,0,False,NO_ALERT
T103283,CUST7798,2023-10-19 01:29:00,2023-10-01,171.35,0,Legitimate,0.0,Travel,PayPal,Desktop,Kolkata,0,112,497.89,616,1,3,10,19,0,0.5772239243615425,0,46.1779139489234,Medium,0,False,NO_ALERT
T103284,CUST3417,2023-10-23 17:23:00,2023-10-01,50.24,0,Legitimate,0.0,Entertainment,PayPal,POS,Delhi,0,100,386.14,1141,17,0,10,23,0,0.2603300395039957,0,20.826403160319657,Low,0,False,NO_ALERT
T103285,CUST3578,2024-01-31 16:43:00,2024-01-01,6.3,0,Legitimate,0.0,Health,Credit Card,POS,Chennai,0,8,349.3,547,16,2,1,31,0,0.2071698565114177,0,16.573588520913415,Low,0,False,NO_ALERT
T103286,CUST6947,2023-04-07 22:52:00,2023-04-01,39.26,0,Legitimate,0.0,Travel,PayPal,Desktop,Hyderabad,0,191,428.88,697,22,4,4,7,0,0.2332187998892195,0,18.65750399113756,Low,0,False,NO_ALERT
T103287,CUST1958,2023-03-17 10:19:00,2023-03-01,130.18,0,Legitimate,0.0,Utilities,Debit Card,POS,Kolkata,0,135,336.55,1116,10,4,3,17,0,0.21992561204949657,0,17.594048963959725,Low,0,False,NO_ALERT
T103288,CUST1422,2023-11-14 07:46:00,2023-11-01,185.64,0,Legitimate,0.0,Entertainment,NetBanking,POS,Chennai,0,81,397.58,570,7,1,11,14,0,0.2392590082457032,0,19.140720659656257,Low,0,False,NO_ALERT
T103289,CUST6268,2024-02-09 14:00:00,2024-02-01,18.2,0,Legitimate,0.0,Travel,NetBanking,POS,Chennai,0,130,212.14,845,14,4,2,9,0,0.20468075234196892,0,16.374460187357514,Low,0,False,NO_ALERT
T103290,CUST6471,2023-12-05 21:37:00,2023-12-01,5.55,0,Legitimate,0.0,Entertainment,PayPal,Desktop,Pune,0,145,255.18,220,21,1,12,5,0,0.23008519208082856,0,18.406815366466287,Low,0,False,NO_ALERT
T103291,CUST6006,2023-11-17 21:35:00,2023-11-01,167.87,0,Legitimate,0.0,Grocery,NetBanking,Mobile,Pune,0,121,33.03,946,21,4,11,17,0,0.22225493003852714,1,37.78039440308217,Medium,0,False,NO_ALERT
T103292,CUST7305,2023-04-04 05:59:00,2023-04-01,39.47,1,Fraudulent,39.47,Fashion,NetBanking,POS,Pune,0,4,147.52,745,5,1,4,4,0,0.758216165659157,0,60.65729325273256,High,1,True,HIGH
T103293,CUST2536,2023-05-05 01:03:00,2023-05-01,62.43,1,Fraudulent,62.43,Fashion,PayPal,Desktop,Mumbai,0,26,190.33,1331,1,4,5,5,0,0.7346170476578514,0,58.769363812628114,High,1,True,HIGH
T103294,CUST1346,2023-10-28 14:36:00,2023-10-01,275.53,0,Legitimate,0.0,Food,PayPal,POS,Hyderabad,0,78,316.48,568,14,5,10,28,1,0.22570732529262444,0,18.056586023409956,Low,0,False,NO_ALERT
T103295,CUST5989,2023-08-14 16:50:00,2023-08-01,5.51,0,Legitimate,0.0,Health,Debit Card,Desktop,Delhi,0,72,237.46,114,16,0,8,14,0,0.24192851013349553,0,19.354280810679644,Low,0,False,NO_ALERT
T103296,CUST1536,2024-02-13 17:50:00,2024-02-01,83.6,0,Legitimate,0.0,Entertainment,UPI,POS,Hyderabad,0,197,307.84,1388,17,1,2,13,0,0.25526699928490226,0,20.421359942792183,Low,0,False,NO_ALERT
T103297,CUST4113,2024-01-12 04:02:00,2024-01-01,6.16,1,Fraudulent,6.16,Electronics,Credit Card,Desktop,Pune,0,133,359.53,470,4,4,1,12,0,0.6445962025521906,0,51.567696204175256,High,1,True,HIGH
T103298,CUST4301,2023-04-10 00:38:00,2023-04-01,37.66,0,Legitimate,0.0,Food,PayPal,Mobile,Mumbai,0,128,30.93,1775,0,0,4,10,0,0.649190372413106,0,51.93522979304848,High,1,True,HIGH
T103299,CUST9797,2023-07-08 01:02:00,2023-07-01,130.3,0,Legitimate,0.0,Food,PayPal,Mobile,Hyderabad,0,5,136.56,1703,1,5,7,8,1,0.6511134106750103,1,72.08907285400082,High,1,True,HIGH
T103300,CUST4765,2023-01-07 12:28:00,2023-01-01,45.46,1,Fraudulent,45.46,Entertainment,NetBanking,Mobile,Hyderabad,1,91,93.74,819,12,5,1,7,1,0.7194624745779528,0,57.556997966236224,High,1,True,HIGH
T103301,CUST5200,2023-09-10 20:08:00,2023-09-01,469.75,0,Legitimate,0.0,Entertainment,Debit Card,POS,Chennai,0,69,101.85,1225,20,6,9,10,1,0.42055409038339364,1,53.64432723067149,High,1,True,HIGH
T103302,CUST9547,2023-05-04 16:31:00,2023-05-01,65.51,0,Legitimate,0.0,Food,NetBanking,Desktop,Hyderabad,0,3,256.53,1905,16,3,5,4,0,0.2507628972303903,0,20.061031778431225,Low,0,False,NO_ALERT
T103303,CUST5226,2023-02-19 22:59:00,2023-02-01,30.99,0,Legitimate,0.0,Food,PayPal,POS,Chennai,0,166,372.59,368,22,6,2,19,1,0.2519628713696839,0,20.157029709574715,Low,0,False,NO_ALERT
T103304,CUST3754,2023-01-30 15:03:00,2023-01-01,19.89,0,Legitimate,0.0,Fashion,PayPal,POS,Chennai,0,94,143.66,1721,15,0,1,30,0,0.21896427248170106,0,17.517141798536084,Low,0,False,NO_ALERT
T103305,CUST9439,2023-01-12 02:28:00,2023-01-01,34.53,0,Legitimate,0.0,Electronics,NetBanking,Desktop,Bengaluru,0,1,413.98,1282,2,3,1,12,0,0.6203528061422798,0,49.62822449138239,Medium,0,False,NO_ALERT
T103306,CUST5638,2023-10-18 17:00:00,2023-10-01,37.29,0,Legitimate,0.0,Utilities,PayPal,POS,Pune,0,136,447.3,1871,17,2,10,18,0,0.20954447264149004,0,16.763557811319203,Low,0,False,NO_ALERT
T103307,CUST1466,2023-03-12 05:26:00,2023-03-01,5.7,0,Legitimate,0.0,Food,UPI,Desktop,Kolkata,0,13,181.76,1232,5,6,3,12,1,0.6274482313995111,0,50.19585851196089,High,1,True,HIGH
T103308,CUST1164,2023-01-15 09:36:00,2023-01-01,36.91,1,Fraudulent,36.91,Utilities,Credit Card,Desktop,Mumbai,0,198,343.86,1300,9,6,1,15,1,0.4125812569048744,0,33.00650055238995,Medium,0,False,NO_ALERT
T103309,CUST5788,2023-06-03 20:56:00,2023-06-01,49.93,0,Legitimate,0.0,Fashion,Credit Card,Mobile,Chennai,0,178,67.35,1033,20,5,6,3,1,0.22501872147630977,0,18.001497718104783,Low,0,False,NO_ALERT
T103310,CUST4645,2023-03-07 17:19:00,2023-03-01,102.62,0,Legitimate,0.0,Food,Credit Card,Mobile,Hyderabad,0,112,374.57,1950,17,1,3,7,0,0.22686372110775324,0,18.14909768862026,Low,0,False,NO_ALERT
T103311,CUST7377,2023-04-09 11:19:00,2023-04-01,85.54,0,Legitimate,0.0,Travel,UPI,Mobile,Chennai,0,8,90.86,703,11,6,4,9,1,0.22205381558999954,0,17.764305247199964,Low,0,False,NO_ALERT
T103312,CUST7021,2023-05-28 09:26:00,2023-05-01,98.69,0,Legitimate,0.0,Food,PayPal,Desktop,Chennai,0,158,346.83,1728,9,6,5,28,1,0.2699028129385584,0,21.592225035084674,Low,0,False,NO_ALERT
T103313,CUST1601,2023-01-25 12:38:00,2023-01-01,0.67,0,Legitimate,0.0,Entertainment,NetBanking,Mobile,Chennai,1,113,216.73,759,12,2,1,25,0,0.530050728631601,0,42.40405829052808,Medium,0,False,NO_ALERT
T103314,CUST6897,2023-06-12 19:43:00,2023-06-01,19.64,0,Legitimate,0.0,Health,Debit Card,Desktop,Delhi,0,168,464.94,346,19,0,6,12,0,0.23961879319781432,0,19.169503455825147,Low,0,False,NO_ALERT
T103315,CUST2673,2023-05-21 13:01:00,2023-05-01,86.7,0,Legitimate,0.0,Health,PayPal,POS,Kolkata,0,79,237.59,1339,13,6,5,21,1,0.23211268710341762,0,18.56901496827341,Low,0,False,NO_ALERT
T103316,CUST4438,2023-07-20 12:43:00,2023-07-01,52.93,0,Legitimate,0.0,Food,UPI,Mobile,Kolkata,0,122,25.14,105,12,3,7,20,0,0.190419789831615,0,15.2335831865292,Low,0,False,NO_ALERT
T103317,CUST3426,2024-01-26 18:14:00,2024-01-01,0.43,0,Legitimate,0.0,Grocery,UPI,Desktop,Delhi,0,74,245.53,1003,18,4,1,26,0,0.16424273398783407,0,13.139418719026725,Low,0,False,NO_ALERT
T103318,CUST4655,2024-02-08 08:45:00,2024-02-01,130.57,0,Legitimate,0.0,Travel,Credit Card,Desktop,Delhi,0,127,399.79,1028,8,3,2,8,0,0.23799997158304126,0,19.039997726643303,Low,0,False,NO_ALERT
T103319,CUST2070,2023-06-03 09:20:00,2023-06-01,118.56,0,Legitimate,0.0,Electronics,PayPal,Desktop,Delhi,0,161,327.07,1505,9,5,6,3,1,0.22957620780888818,0,18.366096624711055,Low,0,False,NO_ALERT
T103320,CUST8835,2023-07-15 15:48:00,2023-07-01,63.6,0,Legitimate,0.0,Food,Credit Card,Desktop,Kolkata,0,113,483.49,233,15,5,7,15,1,0.23334724263674772,0,18.66777941093982,Low,0,False,NO_ALERT
T103321,CUST4201,2023-10-11 03:03:00,2023-10-01,5.5,0,Legitimate,0.0,Utilities,Debit Card,Mobile,Bengaluru,0,52,423.2,1781,3,2,10,11,0,0.6577414585876447,0,52.619316687011576,High,1,True,HIGH
T103322,CUST2230,2023-12-28 15:06:00,2023-12-01,116.37,0,Legitimate,0.0,Electronics,Credit Card,Mobile,Chennai,0,121,268.01,453,15,3,12,28,0,0.21096057975014024,0,16.87684638001122,Low,0,False,NO_ALERT
T103323,CUST8040,2024-01-28 12:35:00,2024-01-01,70.11,0,Legitimate,0.0,Travel,Debit Card,Mobile,Bengaluru,0,33,111.2,1788,12,6,1,28,1,0.21175953295380862,0,16.94076263630469,Low,0,False,NO_ALERT
T103324,CUST2344,2023-12-24 11:26:00,2023-12-01,121.85,0,Legitimate,0.0,Food,UPI,Desktop,Hyderabad,0,73,11.85,222,11,6,12,24,1,0.38610956992638135,1,50.88876559411051,High,1,True,HIGH
T103325,CUST4171,2023-06-13 03:49:00,2023-06-01,111.46,0,Legitimate,0.0,Grocery,Credit Card,POS,Kolkata,0,96,490.45,1346,3,1,6,13,0,0.6286013682490127,0,50.28810945992102,High,1,True,HIGH
T103326,CUST6199,2023-02-28 23:20:00,2023-02-01,129.96,0,Legitimate,0.0,Fashion,Credit Card,Desktop,Pune,0,37,469.78,1757,23,1,2,28,0,0.2312962413462464,0,18.503699307699716,Low,0,False,NO_ALERT
T103327,CUST9685,2023-02-14 17:20:00,2023-02-01,58.39,0,Legitimate,0.0,Grocery,NetBanking,POS,Kolkata,0,198,144.33,926,17,1,2,14,0,0.23279695549142768,0,18.623756439314217,Low,0,False,NO_ALERT
T103328,CUST2472,2024-02-13 03:30:00,2024-02-01,12.1,0,Legitimate,0.0,Entertainment,UPI,Mobile,Mumbai,0,69,322.73,1964,3,1,2,13,0,0.6273467366890589,0,50.18773893512471,High,1,True,HIGH
T103329,CUST9084,2023-04-08 14:33:00,2023-04-01,88.97,0,Legitimate,0.0,Grocery,NetBanking,Desktop,Bengaluru,0,132,367.33,810,14,5,4,8,1,0.20821484914033905,0,16.657187931227124,Low,0,False,NO_ALERT
T103330,CUST9939,2023-02-17 04:45:00,2023-02-01,77.51,0,Legitimate,0.0,Utilities,Debit Card,Desktop,Delhi,0,60,293.23,1466,4,4,2,17,0,0.6099529873677445,0,48.796238989419564,Medium,0,False,NO_ALERT
T103331,CUST4942,2023-09-23 19:59:00,2023-09-01,108.46,0,Legitimate,0.0,Fashion,Debit Card,Mobile,Delhi,0,74,423.05,1492,19,5,9,23,1,0.22113790987885742,0,17.691032790308594,Low,0,False,NO_ALERT
T103332,CUST5872,2023-07-04 12:11:00,2023-07-01,14.89,0,Legitimate,0.0,Entertainment,UPI,Desktop,Hyderabad,0,31,48.13,330,12,1,7,4,0,0.28699823227396554,0,22.959858581917246,Low,0,False,NO_ALERT
T103333,CUST8250,2023-03-03 04:26:00,2023-03-01,17.35,0,Legitimate,0.0,Fashion,Debit Card,POS,Chennai,0,14,449.28,289,4,4,3,3,0,0.6364343344466394,0,50.91474675573116,High,1,True,HIGH
T103334,CUST7167,2023-10-17 06:38:00,2023-10-01,176.88,0,Legitimate,0.0,Health,UPI,POS,Mumbai,0,60,202.09,1245,6,1,10,17,0,0.2793256553110506,0,22.34605242488405,Low,0,False,NO_ALERT
T103335,CUST8574,2023-10-11 18:16:00,2023-10-01,110.9,0,Legitimate,0.0,Fashion,Debit Card,POS,Bengaluru,0,68,245.54,1324,18,2,10,11,0,0.2594950542239292,0,20.75960433791434,Low,0,False,NO_ALERT
T103336,CUST6054,2023-11-13 14:41:00,2023-11-01,191.08,1,Fraudulent,191.08,Food,PayPal,Desktop,Chennai,1,128,227.92,1033,14,0,11,13,0,0.7507085812607399,1,80.0566865008592,Critical,1,True,CRITICAL
T103337,CUST5353,2023-06-22 04:49:00,2023-06-01,113.74,0,Legitimate,0.0,Electronics,Credit Card,Desktop,Chennai,1,26,270.33,645,4,3,6,22,0,0.718730136516399,0,57.49841092131193,High,1,True,HIGH
T103338,CUST3987,2023-05-11 10:23:00,2023-05-01,72.74,0,Legitimate,0.0,Health,PayPal,POS,Pune,0,152,303.1,461,10,3,5,11,0,0.2274947969659097,0,18.199583757272777,Low,0,False,NO_ALERT
T103339,CUST1015,2023-07-11 19:26:00,2023-07-01,84.94,0,Legitimate,0.0,Health,UPI,Desktop,Pune,0,184,358.07,745,19,1,7,11,0,0.22873227329437665,0,18.298581863550133,Low,0,False,NO_ALERT
T103340,CUST5152,2023-04-08 13:30:00,2023-04-01,175.95,0,Legitimate,0.0,Electronics,UPI,POS,Bengaluru,0,137,267.22,725,13,5,4,8,1,0.21827300943680433,0,17.461840754944348,Low,0,False,NO_ALERT
T103341,CUST9838,2023-03-28 16:44:00,2023-03-01,69.17,0,Legitimate,0.0,Utilities,PayPal,Mobile,Bengaluru,0,35,345.54,1270,16,1,3,28,0,0.24356809188689763,0,19.485447350951812,Low,0,False,NO_ALERT
T103342,CUST1166,2023-04-09 16:56:00,2023-04-01,80.06,0,Legitimate,0.0,Health,Credit Card,POS,Bengaluru,1,106,175.77,1144,16,6,4,9,1,0.6850246655950177,1,74.80197324760141,High,1,True,HIGH
T103343,CUST1824,2023-01-30 04:48:00,2023-01-01,13.61,0,Legitimate,0.0,Fashion,Credit Card,Mobile,Bengaluru,0,24,468.97,227,4,0,1,30,0,0.5968359787323975,0,47.7468782985918,Medium,0,False,NO_ALERT
T103344,CUST4379,2023-06-07 00:19:00,2023-06-01,51.38,1,Fraudulent,51.38,Grocery,NetBanking,Mobile,Delhi,0,159,41.62,1012,0,2,6,7,0,0.7036726937994218,0,56.29381550395374,High,1,True,HIGH
T103345,CUST8684,2023-06-30 09:21:00,2023-06-01,100.81,0,Legitimate,0.0,Travel,Debit Card,Mobile,Kolkata,0,83,277.31,1452,9,4,6,30,0,0.2383886181058714,0,19.071089448469714,Low,0,False,NO_ALERT
T103346,CUST8995,2023-08-04 04:44:00,2023-08-01,25.28,0,Legitimate,0.0,Utilities,NetBanking,POS,Kolkata,0,194,52.82,68,4,4,8,4,0,0.5412598782878603,0,43.30079026302882,Medium,0,False,NO_ALERT
T103347,CUST9338,2023-02-28 10:12:00,2023-02-01,18.08,0,Legitimate,0.0,Fashion,Credit Card,POS,Chennai,0,194,226.96,738,10,1,2,28,0,0.25585653910322553,0,20.46852312825804,Low,0,False,NO_ALERT
T103348,CUST3622,2023-01-17 13:15:00,2023-01-01,30.13,0,Legitimate,0.0,Entertainment,PayPal,Desktop,Kolkata,0,169,136.22,500,13,1,1,17,0,0.22617716939325724,0,18.09417355146058,Low,0,False,NO_ALERT
T103349,CUST5869,2023-09-04 03:33:00,2023-09-01,22.11,0,Legitimate,0.0,Entertainment,Debit Card,Desktop,Chennai,0,36,469.08,108,3,0,9,4,0,0.6469438772039983,0,51.755510176319866,High,1,True,HIGH
T103350,CUST9083,2023-10-02 02:56:00,2023-10-01,19.36,1,Fraudulent,19.36,Grocery,PayPal,Mobile,Delhi,1,101,16.41,758,2,0,10,2,0,0.8563164973519374,1,88.50531978815499,Critical,1,True,CRITICAL
T103351,CUST5475,2023-03-18 19:21:00,2023-03-01,44.25,0,Legitimate,0.0,Utilities,NetBanking,POS,Kolkata,0,34,201.69,1881,19,5,3,18,1,0.18261713810044647,0,14.609371048035719,Low,0,False,NO_ALERT
T103352,CUST3943,2023-09-29 08:35:00,2023-09-01,190.74,1,Fraudulent,190.74,Utilities,UPI,Desktop,Chennai,0,121,393.2,1147,8,4,9,29,0,0.2950352882957792,0,23.602823063662335,Low,0,False,NO_ALERT
T103353,CUST8771,2023-08-03 12:01:00,2023-08-01,56.59,0,Legitimate,0.0,Grocery,PayPal,Desktop,Bengaluru,0,39,102.35,713,12,3,8,3,0,0.2614080405121257,0,20.912643240970056,Low,0,False,NO_ALERT
T103354,CUST2756,2023-12-04 02:09:00,2023-12-01,16.65,0,Legitimate,0.0,Utilities,NetBanking,Desktop,Mumbai,0,23,409.64,72,2,0,12,4,0,0.617572556139467,0,49.40580449115737,Medium,0,False,NO_ALERT
T103355,CUST1581,2023-05-01 03:15:00,2023-05-01,6.41,1,Fraudulent,6.41,Health,NetBanking,POS,Kolkata,0,80,431.27,161,3,0,5,1,0,0.7416580230287686,0,59.332641842301484,High,1,True,HIGH
T103356,CUST1566,2023-04-18 11:12:00,2023-04-01,95.3,0,Legitimate,0.0,Food,NetBanking,Desktop,Pune,0,172,356.92,106,11,1,4,18,0,0.22958629925274696,0,18.366903940219757,Low,0,False,NO_ALERT
T103357,CUST9330,2023-04-22 15:30:00,2023-04-01,38.6,0,Legitimate,0.0,Food,UPI,Mobile,Pune,0,70,112.44,1999,15,5,4,22,1,0.1896786369797622,0,15.174290958380977,Low,0,False,NO_ALERT
T103358,CUST3251,2023-06-21 16:02:00,2023-06-01,138.0,0,Legitimate,0.0,Utilities,UPI,POS,Chennai,0,186,143.3,1285,16,2,6,21,0,0.19844449984589246,0,15.875559987671398,Low,0,False,NO_ALERT
T103359,CUST6302,2023-05-03 08:37:00,2023-05-01,86.19,0,Legitimate,0.0,Health,UPI,Desktop,Mumbai,0,59,91.8,68,8,2,5,3,0,0.2501971290534654,0,20.015770324277234,Low,0,False,NO_ALERT
T103360,CUST9114,2023-12-11 15:47:00,2023-12-01,127.27,0,Legitimate,0.0,Health,Debit Card,Desktop,Pune,0,154,100.19,1619,15,0,12,11,0,0.19160344567106052,0,15.328275653684841,Low,0,False,NO_ALERT
T103361,CUST3572,2024-01-08 05:34:00,2024-01-01,25.39,1,Fraudulent,25.39,Electronics,UPI,POS,Kolkata,0,22,27.88,180,5,0,1,8,0,0.7679797861906447,0,61.43838289525158,High,1,True,HIGH
T103362,CUST5416,2023-09-20 23:36:00,2023-09-01,94.31,0,Legitimate,0.0,Electronics,UPI,Desktop,Mumbai,0,109,430.08,1753,23,2,9,20,0,0.21607754924466913,0,17.286203939573532,Low,0,False,NO_ALERT
T103363,CUST5491,2023-05-23 16:08:00,2023-05-01,24.53,0,Legitimate,0.0,Travel,UPI,Desktop,Delhi,0,111,268.97,1005,16,1,5,23,0,0.21429967517684637,0,17.143974014147712,Low,0,False,NO_ALERT
T103364,CUST2600,2023-12-14 08:14:00,2023-12-01,223.84,0,Legitimate,0.0,Travel,PayPal,Mobile,Hyderabad,0,88,170.6,1472,8,3,12,14,0,0.21784075426940938,0,17.42726034155275,Low,0,False,NO_ALERT
T103365,CUST2679,2023-05-28 21:29:00,2023-05-01,80.93,0,Legitimate,0.0,Travel,UPI,POS,Chennai,0,40,151.89,1875,21,6,5,28,1,0.23089885055536033,0,18.471908044428826,Low,0,False,NO_ALERT
T103366,CUST9796,2023-01-07 05:55:00,2023-01-01,31.39,1,Fraudulent,31.39,Travel,Debit Card,Desktop,Delhi,0,85,276.9,1239,5,5,1,7,1,0.6471019011488933,0,51.76815209191147,High,1,True,HIGH
T103367,CUST2317,2023-03-16 10:05:00,2023-03-01,25.12,0,Legitimate,0.0,Grocery,NetBanking,POS,Delhi,0,94,170.08,347,10,3,3,16,0,0.18909973274317482,0,15.127978619453987,Low,0,False,NO_ALERT
T103368,CUST4683,2023-11-13 22:21:00,2023-11-01,16.95,0,Legitimate,0.0,Grocery,PayPal,POS,Mumbai,0,11,433.22,1517,22,0,11,13,0,0.2802114123209936,0,22.416912985679488,Low,0,False,NO_ALERT
T103369,CUST9680,2023-03-20 20:06:00,2023-03-01,94.9,0,Legitimate,0.0,Electronics,Credit Card,Mobile,Chennai,0,117,113.37,1485,20,0,3,20,0,0.16862593690627758,0,13.490074952502207,Low,0,False,NO_ALERT
T103370,CUST4871,2024-02-05 23:01:00,2024-02-01,19.75,0,Legitimate,0.0,Food,UPI,Mobile,Delhi,0,9,442.33,1188,23,0,2,5,0,0.25826965876519353,0,20.661572701215484,Low,0,False,NO_ALERT
T103371,CUST3484,2023-01-09 14:09:00,2023-01-01,72.37,0,Legitimate,0.0,Health,NetBanking,POS,Bengaluru,0,12,335.41,1556,14,0,1,9,0,0.2388931817286286,0,19.11145453829029,Low,0,False,NO_ALERT
T103372,CUST3067,2023-12-11 05:15:00,2023-12-01,24.59,0,Legitimate,0.0,Entertainment,NetBanking,Mobile,Delhi,0,154,478.75,1738,5,0,12,11,0,0.571320941510532,0,45.705675320842566,Medium,0,False,NO_ALERT
T103373,CUST8775,2024-02-10 11:06:00,2024-02-01,86.77,0,Legitimate,0.0,Food,PayPal,Mobile,Bengaluru,0,38,17.4,1322,11,5,2,10,1,0.2940992953139455,1,43.52794362511564,Medium,0,False,NO_ALERT
T103374,CUST3886,2023-01-27 05:16:00,2023-01-01,134.97,0,Legitimate,0.0,Fashion,Credit Card,Desktop,Hyderabad,0,131,38.96,466,5,4,1,27,0,0.5067060296559432,1,60.53648237247546,High,1,True,HIGH
T103375,CUST7490,2024-02-19 21:13:00,2024-02-01,120.42,0,Legitimate,0.0,Grocery,Debit Card,Mobile,Bengaluru,0,126,255.44,656,21,0,2,19,0,0.24531140311130475,0,19.62491224890438,Low,0,False,NO_ALERT
T103376,CUST4644,2023-08-28 13:23:00,2023-08-01,114.45,0,Legitimate,0.0,Travel,NetBanking,Mobile,Bengaluru,0,143,457.07,1551,13,0,8,28,0,0.2123300935407892,0,16.986407483263136,Low,0,False,NO_ALERT
T103377,CUST5108,2023-07-23 00:09:00,2023-07-01,16.63,1,Fraudulent,16.63,Travel,NetBanking,Desktop,Mumbai,1,175,368.09,1786,0,6,7,23,1,0.8349114833980005,0,66.79291867184004,High,1,True,HIGH
T103378,CUST6771,2023-01-14 11:13:00,2023-01-01,7.4,0,Legitimate,0.0,Fashion,NetBanking,Desktop,Delhi,0,133,314.85,580,11,5,1,14,1,0.1907241352313488,0,15.257930818507905,Low,0,False,NO_ALERT
T103379,CUST6958,2024-01-08 02:29:00,2024-01-01,96.04,1,Fraudulent,96.04,Food,NetBanking,POS,Hyderabad,0,54,25.49,369,2,0,1,8,0,0.7909644654200642,1,83.27715723360514,Critical,1,True,CRITICAL
T103380,CUST7336,2023-05-13 06:56:00,2023-05-01,36.75,0,Legitimate,0.0,Travel,PayPal,Mobile,Delhi,1,24,183.54,1295,6,5,5,13,1,0.684015350106291,1,74.72122800850329,High,1,True,HIGH
T103381,CUST6900,2023-07-29 14:48:00,2023-07-01,45.3,0,Legitimate,0.0,Food,Credit Card,Desktop,Kolkata,0,139,179.47,1274,14,5,7,29,1,0.2329514394871624,0,18.636115158972995,Low,0,False,NO_ALERT
T103382,CUST5875,2023-06-06 13:36:00,2023-06-01,2.53,0,Legitimate,0.0,Health,NetBanking,Mobile,Kolkata,0,121,275.62,687,13,1,6,6,0,0.17865104761844697,0,14.29208380947576,Low,0,False,NO_ALERT
T103383,CUST8499,2023-07-04 18:16:00,2023-07-01,24.04,0,Legitimate,0.0,Fashion,Debit Card,POS,Bengaluru,0,119,136.34,947,18,1,7,4,0,0.26024701663430216,0,20.819761330744175,Low,0,False,NO_ALERT
T103384,CUST3653,2023-04-25 08:56:00,2023-04-01,2.74,0,Legitimate,0.0,Entertainment,Debit Card,Mobile,Pune,0,161,140.91,1729,8,1,4,25,0,0.19560138156648127,0,15.6481105253185,Low,0,False,NO_ALERT
T103385,CUST6194,2023-06-10 16:03:00,2023-06-01,169.08,0,Legitimate,0.0,Food,UPI,Mobile,Bengaluru,0,74,314.22,390,16,5,6,10,1,0.24249992383299182,0,19.39999390663935,Low,0,False,NO_ALERT
T103386,CUST6071,2023-11-01 09:08:00,2023-11-01,22.31,0,Legitimate,0.0,Health,NetBanking,Mobile,Delhi,0,185,472.84,1933,9,2,11,1,0,0.2118403241335728,0,16.947225930685825,Low,0,False,NO_ALERT
T103387,CUST2280,2023-07-02 16:48:00,2023-07-01,65.2,0,Legitimate,0.0,Utilities,NetBanking,Desktop,Hyderabad,0,180,333.49,1025,16,6,7,2,1,0.23548797881071143,0,18.839038304856913,Low,0,False,NO_ALERT
T103388,CUST1378,2023-03-22 08:33:00,2023-03-01,3.18,0,Legitimate,0.0,Utilities,NetBanking,Desktop,Pune,0,192,337.38,1893,8,2,3,22,0,0.18839189846325266,0,15.071351877060213,Low,0,False,NO_ALERT
T103389,CUST7508,2024-01-13 14:27:00,2024-01-01,87.93,0,Legitimate,0.0,Food,NetBanking,POS,Hyderabad,0,171,493.25,800,14,5,1,13,1,0.24032949487456381,0,19.226359589965107,Low,0,False,NO_ALERT
T103390,CUST5799,2024-01-31 17:28:00,2024-01-01,31.21,0,Legitimate,0.0,Utilities,NetBanking,Mobile,Mumbai,0,121,85.2,219,17,2,1,31,0,0.20146047768607103,0,16.116838214885686,Low,0,False,NO_ALERT
T103391,CUST2104,2023-04-05 12:34:00,2023-04-01,182.56,0,Legitimate,0.0,Food,Debit Card,POS,Bengaluru,0,128,26.58,442,12,2,4,5,0,0.34751352043195766,1,47.80108163455661,Medium,0,False,NO_ALERT
T103392,CUST4778,2023-08-03 05:30:00,2023-08-01,175.22,0,Legitimate,0.0,Travel,Credit Card,POS,Bengaluru,0,44,375.3,358,5,3,8,3,0,0.6217892590054934,0,49.74314072043948,Medium,0,False,NO_ALERT
T103393,CUST4316,2023-07-24 05:40:00,2023-07-01,31.48,0,Legitimate,0.0,Electronics,Credit Card,Desktop,Kolkata,0,90,225.01,1829,5,0,7,24,0,0.5566581584125323,0,44.53265267300259,Medium,0,False,NO_ALERT
T103394,CUST7746,2023-03-15 09:55:00,2023-03-01,184.98,0,Legitimate,0.0,Utilities,UPI,Mobile,Mumbai,0,164,220.12,1275,9,2,3,15,0,0.25597107574038186,0,20.47768605923055,Low,0,False,NO_ALERT
T103395,CUST8267,2023-04-21 10:02:00,2023-04-01,444.93,0,Legitimate,0.0,Grocery,Debit Card,Mobile,Kolkata,0,12,120.4,1897,10,4,4,21,0,0.3085443406242334,1,44.68354724993867,Medium,0,False,NO_ALERT
T103396,CUST7243,2023-12-17 02:16:00,2023-12-01,139.63,0,Legitimate,0.0,Food,NetBanking,POS,Delhi,0,184,258.36,1739,2,6,12,17,1,0.544732589692406,0,43.578607175392484,Medium,0,False,NO_ALERT
T103397,CUST5932,2023-10-29 19:09:00,2023-10-01,149.08,0,Legitimate,0.0,Food,Credit Card,Mobile,Bengaluru,0,3,226.66,121,19,6,10,29,1,0.21667059552634205,1,37.333647642107366,Medium,0,False,NO_ALERT
T103398,CUST1321,2023-01-11 05:48:00,2023-01-01,22.91,0,Legitimate,0.0,Food,PayPal,Desktop,Delhi,0,50,179.27,469,5,2,1,11,0,0.6219387508681001,0,49.75510006944801,Medium,0,False,NO_ALERT
T103399,CUST6978,2024-01-12 11:43:00,2024-01-01,68.77,0,Legitimate,0.0,Electronics,PayPal,POS,Hyderabad,0,157,226.95,1159,11,4,1,12,0,0.23768625324700088,0,19.014900259760072,Low,0,False,NO_ALERT
T103400,CUST7522,2023-08-08 06:12:00,2023-08-01,5.57,0,Legitimate,0.0,Health,PayPal,POS,Pune,0,108,198.08,274,6,1,8,8,0,0.21733166103197343,0,17.386532882557876,Low,0,False,NO_ALERT
T103401,CUST4160,2023-06-03 21:43:00,2023-06-01,7.98,0,Legitimate,0.0,Utilities,NetBanking,Desktop,Pune,0,16,470.55,1358,21,5,6,3,1,0.20217308735520828,0,16.173846988416663,Low,0,False,NO_ALERT
T103402,CUST9922,2023-03-12 17:32:00,2023-03-01,544.46,0,Legitimate,0.0,Entertainment,NetBanking,Desktop,Pune,0,168,490.32,1608,17,6,3,12,1,0.3070692064316808,1,44.565536514534465,Medium,0,False,NO_ALERT
T103403,CUST5638,2023-03-25 00:14:00,2023-03-01,31.64,0,Legitimate,0.0,Entertainment,UPI,Desktop,Kolkata,0,27,421.55,1959,0,5,3,25,1,0.6220869232233879,1,69.76695385787104,High,1,True,HIGH
T103404,CUST1837,2023-11-15 02:48:00,2023-11-01,110.32,1,Fraudulent,110.32,Fashion,UPI,Desktop,Chennai,0,123,495.3,938,2,2,11,15,0,0.7014515686258883,0,56.11612549007107,High,1,True,HIGH
T103405,CUST2777,2023-06-22 18:58:00,2023-06-01,131.47,0,Legitimate,0.0,Travel,UPI,Desktop,Mumbai,0,70,140.2,1823,18,3,6,22,0,0.232778235535482,0,18.62225884283856,Low,0,False,NO_ALERT
T103406,CUST3049,2023-12-24 22:40:00,2023-12-01,156.17,0,Legitimate,0.0,Electronics,PayPal,Desktop,Pune,0,42,423.03,862,22,6,12,24,1,0.18316936618743726,1,34.65354929499498,Medium,0,False,NO_ALERT
T103407,CUST6145,2023-11-29 16:26:00,2023-11-01,483.53,0,Legitimate,0.0,Health,NetBanking,POS,Bengaluru,0,185,209.25,1651,16,2,11,29,0,0.2812890351669772,1,42.503122813358175,Medium,0,False,NO_ALERT
T103408,CUST2246,2023-10-01 10:24:00,2023-10-01,22.11,0,Legitimate,0.0,Food,PayPal,Mobile,Mumbai,0,138,375.61,126,10,6,10,1,1,0.2582641904922925,0,20.6611352393834,Low,0,False,NO_ALERT
T103409,CUST8529,2023-03-10 16:01:00,2023-03-01,3.3,0,Legitimate,0.0,Health,UPI,Mobile,Hyderabad,0,125,108.68,967,16,4,3,10,0,0.18182517126804068,0,14.546013701443256,Low,0,False,NO_ALERT
T103410,CUST2321,2023-07-27 16:44:00,2023-07-01,42.37,0,Legitimate,0.0,Electronics,NetBanking,POS,Hyderabad,0,166,407.86,983,16,3,7,27,0,0.1986316474320922,0,15.890531794567375,Low,0,False,NO_ALERT
T103411,CUST4006,2023-03-15 05:27:00,2023-03-01,11.15,0,Legitimate,0.0,Electronics,Debit Card,Mobile,Kolkata,0,136,50.9,1530,5,2,3,15,0,0.5745709060185117,0,45.96567248148094,Medium,0,False,NO_ALERT
T103412,CUST1153,2023-07-04 15:40:00,2023-07-01,1.81,0,Legitimate,0.0,Electronics,Credit Card,Mobile,Hyderabad,0,146,142.57,1319,15,1,7,4,0,0.20850041344908596,0,16.68003307592688,Low,0,False,NO_ALERT
T103413,CUST1274,2023-11-02 19:04:00,2023-11-01,35.76,0,Legitimate,0.0,Fashion,Credit Card,POS,Hyderabad,0,145,412.76,604,19,3,11,2,0,0.2777789860525368,0,22.22231888420295,Low,0,False,NO_ALERT
T103414,CUST5073,2023-06-06 21:46:00,2023-06-01,122.5,0,Legitimate,0.0,Grocery,UPI,Mobile,Chennai,0,58,376.11,132,21,1,6,6,0,0.2545131482972912,0,20.3610518637833,Low,0,False,NO_ALERT
T103415,CUST9813,2023-02-03 09:46:00,2023-02-01,66.81,0,Legitimate,0.0,Travel,PayPal,Mobile,Delhi,0,106,255.61,1307,9,4,2,3,0,0.23390246248383495,0,18.712196998706798,Low,0,False,NO_ALERT
T103416,CUST1769,2023-06-09 23:32:00,2023-06-01,30.01,0,Legitimate,0.0,Fashion,Debit Card,POS,Delhi,0,66,339.67,1508,23,4,6,9,0,0.2338767414594147,0,18.710139316753178,Low,0,False,NO_ALERT
T103417,CUST3051,2023-10-09 11:32:00,2023-10-01,84.98,0,Legitimate,0.0,Fashion,NetBanking,Mobile,Pune,0,172,100.93,858,11,0,10,9,0,0.19476870077680875,0,15.581496062144701,Low,0,False,NO_ALERT
T103418,CUST8749,2023-03-20 20:20:00,2023-03-01,21.12,0,Legitimate,0.0,Utilities,PayPal,Desktop,Chennai,0,84,337.2,542,20,0,3,20,0,0.22473964282631137,0,17.97917142610491,Low,0,False,NO_ALERT
T103419,CUST4657,2024-02-14 02:36:00,2024-02-01,1.16,0,Legitimate,0.0,Grocery,UPI,POS,Kolkata,0,9,13.91,695,2,2,2,14,0,0.5330077029799573,0,42.64061623839658,Medium,0,False,NO_ALERT
T103420,CUST4848,2024-01-18 03:51:00,2024-01-01,115.63,0,Legitimate,0.0,Fashion,PayPal,Mobile,Delhi,0,176,418.28,1546,3,3,1,18,0,0.5866971662358982,0,46.93577329887186,Medium,0,False,NO_ALERT
T103421,CUST4025,2023-10-03 19:12:00,2023-10-01,78.2,0,Legitimate,0.0,Electronics,UPI,Mobile,Kolkata,0,167,262.98,1314,19,1,10,3,0,0.24025023395728304,0,19.220018716582643,Low,0,False,NO_ALERT
T103422,CUST4997,2023-06-11 12:21:00,2023-06-01,114.94,0,Legitimate,0.0,Electronics,Credit Card,Desktop,Kolkata,0,105,472.5,64,12,6,6,11,1,0.2514604116849725,0,20.116832934797802,Low,0,False,NO_ALERT
T103423,CUST5599,2024-02-04 04:19:00,2024-02-01,3.18,0,Legitimate,0.0,Utilities,Credit Card,POS,Hyderabad,0,89,244.3,1434,4,6,2,4,1,0.5360574861384992,0,42.884598891079946,Medium,0,False,NO_ALERT
T103424,CUST2612,2024-01-13 05:41:00,2024-01-01,145.18,1,Fraudulent,145.18,Health,PayPal,POS,Delhi,1,89,222.21,426,5,5,1,13,1,0.808711183214676,1,84.69689465717408,Critical,1,True,CRITICAL
T103425,CUST8528,2023-09-12 04:37:00,2023-09-01,77.31,1,Fraudulent,77.31,Food,Debit Card,Mobile,Mumbai,0,88,230.53,56,4,1,9,12,0,0.7071306181777639,0,56.57044945422112,High,1,True,HIGH
T103426,CUST5666,2023-02-09 22:39:00,2023-02-01,66.3,0,Legitimate,0.0,Fashion,NetBanking,Desktop,Pune,0,6,186.27,1961,22,3,2,9,0,0.2700590843207712,0,21.604726745661697,Low,0,False,NO_ALERT
T103427,CUST2262,2023-03-09 01:40:00,2023-03-01,78.38,0,Legitimate,0.0,Food,UPI,Desktop,Delhi,0,158,91.67,1915,1,3,3,9,0,0.6455960522188561,0,51.64768417750849,High,1,True,HIGH
T103428,CUST4325,2023-05-14 18:31:00,2023-05-01,159.86,0,Legitimate,0.0,Travel,NetBanking,Desktop,Mumbai,0,123,422.61,335,18,6,5,14,1,0.22762987739862503,0,18.210390191890003,Low,0,False,NO_ALERT
T103429,CUST1541,2023-05-19 09:59:00,2023-05-01,70.73,0,Legitimate,0.0,Entertainment,Credit Card,Desktop,Bengaluru,0,74,200.65,1789,9,4,5,19,0,0.24427420156389337,0,19.541936125111473,Low,0,False,NO_ALERT
T103430,CUST4257,2023-06-24 19:34:00,2023-06-01,69.58,0,Legitimate,0.0,Electronics,Debit Card,Desktop,Mumbai,1,103,269.26,728,19,5,6,24,1,0.6142432373018618,0,49.139458984148945,Medium,0,False,NO_ALERT
T103431,CUST2647,2023-12-03 04:24:00,2023-12-01,374.04,0,Legitimate,0.0,Health,Debit Card,Desktop,Mumbai,0,146,19.74,1724,4,6,12,3,1,0.576458595369936,1,66.11668762959488,High,1,True,HIGH
T103432,CUST4844,2023-02-26 20:03:00,2023-02-01,113.09,0,Legitimate,0.0,Travel,NetBanking,POS,Hyderabad,0,171,39.52,610,20,6,2,26,1,0.25677285388778986,1,40.541828311023195,Medium,0,False,NO_ALERT
T103433,CUST3671,2023-08-24 12:24:00,2023-08-01,46.71,0,Legitimate,0.0,Utilities,Credit Card,Mobile,Hyderabad,0,33,302.62,194,12,3,8,24,0,0.20987805850894148,0,16.79024468071532,Low,0,False,NO_ALERT
T103434,CUST8879,2023-05-27 18:52:00,2023-05-01,98.32,0,Legitimate,0.0,Health,NetBanking,Mobile,Pune,0,181,440.82,1311,18,5,5,27,1,0.20321992341214756,0,16.257593872971807,Low,0,False,NO_ALERT
T103435,CUST9653,2023-03-04 20:08:00,2023-03-01,39.44,0,Legitimate,0.0,Entertainment,PayPal,Desktop,Hyderabad,0,184,251.76,131,20,5,3,4,1,0.22929359496717294,0,18.343487597373834,Low,0,False,NO_ALERT
T103436,CUST4920,2023-12-14 19:59:00,2023-12-01,20.79,0,Legitimate,0.0,Entertainment,Debit Card,POS,Mumbai,0,147,90.84,484,19,3,12,14,0,0.25227005713901934,0,20.18160457112155,Low,0,False,NO_ALERT
T103437,CUST8597,2023-02-15 04:46:00,2023-02-01,72.68,0,Legitimate,0.0,Utilities,Debit Card,POS,Chennai,0,87,66.9,222,4,2,2,15,0,0.6321273464631318,0,50.57018771705055,High,1,True,HIGH
T103438,CUST3131,2023-01-01 02:16:00,2023-01-01,210.69,0,Legitimate,0.0,Grocery,PayPal,Desktop,Hyderabad,0,69,450.9,1824,2,6,1,1,1,0.550922574060254,1,64.07380592482033,High,1,True,HIGH
T103439,CUST2928,2024-01-06 22:59:00,2024-01-01,211.76,0,Legitimate,0.0,Utilities,Credit Card,Mobile,Hyderabad,0,124,353.8,945,22,5,1,6,1,0.22697004467194024,0,18.15760357375522,Low,0,False,NO_ALERT
T103440,CUST8739,2023-12-29 19:21:00,2023-12-01,33.47,0,Legitimate,0.0,Electronics,Debit Card,Desktop,Mumbai,0,26,483.44,927,19,4,12,29,0,0.1926235403665275,0,15.409883229322203,Low,0,False,NO_ALERT
T103441,CUST5240,2023-12-25 20:33:00,2023-12-01,60.01,0,Legitimate,0.0,Travel,UPI,POS,Bengaluru,0,157,50.35,839,20,0,12,25,0,0.19567179957070904,1,35.65374396565672,Medium,0,False,NO_ALERT
T103442,CUST1230,2023-04-05 16:07:00,2023-04-01,19.02,1,Fraudulent,19.02,Grocery,UPI,Desktop,Bengaluru,1,152,452.28,328,16,2,4,5,0,0.7520988809491921,0,60.16791047593537,High,1,True,HIGH
T103443,CUST6504,2023-05-15 12:39:00,2023-05-01,434.66,0,Legitimate,0.0,Entertainment,Credit Card,Mobile,Delhi,0,6,424.36,50,12,0,5,15,0,0.29145002996038344,1,43.316002396830676,Medium,0,False,NO_ALERT
T103444,CUST7251,2023-12-31 20:00:00,2023-12-01,317.56,0,Legitimate,0.0,Travel,PayPal,Mobile,Pune,0,182,447.66,74,20,6,12,31,1,0.25268197920550933,1,40.214558336440746,Medium,0,False,NO_ALERT
T103445,CUST8849,2023-07-14 03:29:00,2023-07-01,83.87,1,Fraudulent,83.87,Health,NetBanking,POS,Bengaluru,1,39,12.82,1533,3,4,7,14,0,0.849987592912759,1,87.99900743302072,Critical,1,True,CRITICAL
T103446,CUST5391,2024-02-09 21:47:00,2024-02-01,130.54,0,Legitimate,0.0,Grocery,Credit Card,Desktop,Hyderabad,0,4,373.53,525,21,4,2,9,0,0.24505666103013174,0,19.60453288241054,Low,0,False,NO_ALERT
T103447,CUST4357,2024-01-16 00:13:00,2024-01-01,100.45,0,Legitimate,0.0,Grocery,NetBanking,Desktop,Chennai,0,128,278.98,1841,0,1,1,16,0,0.6160593247105198,0,49.28474597684159,Medium,0,False,NO_ALERT
T103448,CUST2141,2023-03-05 08:46:00,2023-03-01,71.95,0,Legitimate,0.0,Electronics,Credit Card,POS,Delhi,0,58,290.86,712,8,6,3,5,1,0.22939680667477697,0,18.351744533982156,Low,0,False,NO_ALERT
T103449,CUST6854,2023-06-11 15:24:00,2023-06-01,4.39,0,Legitimate,0.0,Utilities,UPI,Desktop,Pune,0,48,239.91,1743,15,6,6,11,1,0.18627283234991573,0,14.90182658799326,Low,0,False,NO_ALERT
T103450,CUST7490,2024-01-10 01:24:00,2024-01-01,48.52,1,Fraudulent,48.52,Food,PayPal,POS,Chennai,0,60,373.91,252,1,2,1,10,0,0.7026477386328291,0,56.211819090626335,High,1,True,HIGH
T103451,CUST8608,2023-03-17 15:04:00,2023-03-01,89.86,0,Legitimate,0.0,Health,UPI,Desktop,Chennai,0,26,499.92,328,15,4,3,17,0,0.23315778053179378,0,18.652622442543503,Low,0,False,NO_ALERT
T103452,CUST2944,2023-08-09 15:26:00,2023-08-01,90.54,0,Legitimate,0.0,Health,PayPal,Mobile,Hyderabad,1,77,358.16,1534,15,2,8,9,0,0.6296193396411907,0,50.36954717129526,High,1,True,HIGH
T103453,CUST6361,2023-06-17 02:25:00,2023-06-01,37.36,0,Legitimate,0.0,Utilities,NetBanking,POS,Mumbai,0,168,342.24,1077,2,5,6,17,1,0.5906108359410964,0,47.24886687528772,Medium,0,False,NO_ALERT
T103454,CUST7847,2023-01-26 12:55:00,2023-01-01,227.36,0,Legitimate,0.0,Grocery,Credit Card,Desktop,Mumbai,0,86,330.67,1391,12,3,1,26,0,0.2805902659144686,0,22.447221273157492,Low,0,False,NO_ALERT
T103455,CUST5160,2023-04-07 06:09:00,2023-04-01,14.65,0,Legitimate,0.0,Grocery,Debit Card,Desktop,Mumbai,0,123,350.65,1137,6,4,4,7,0,0.24433764536366376,0,19.547011629093102,Low,0,False,NO_ALERT
T103456,CUST5690,2023-04-11 12:01:00,2023-04-01,55.51,0,Legitimate,0.0,Electronics,Debit Card,Desktop,Bengaluru,0,56,177.64,1113,12,1,4,11,0,0.23798503456241132,0,19.038802764992905,Low,0,False,NO_ALERT
T103457,CUST2255,2023-02-27 10:15:00,2023-02-01,93.92,0,Legitimate,0.0,Food,PayPal,POS,Mumbai,0,39,166.91,317,10,0,2,27,0,0.23068530618205185,0,18.454824494564146,Low,0,False,NO_ALERT
T103458,CUST1303,2023-02-22 07:15:00,2023-02-01,95.56,0,Legitimate,0.0,Health,PayPal,Mobile,Pune,0,81,394.33,1687,7,2,2,22,0,0.21418839347077143,0,17.135071477661715,Low,0,False,NO_ALERT
T103459,CUST1442,2023-10-30 18:00:00,2023-10-01,83.68,0,Legitimate,0.0,Entertainment,UPI,Desktop,Hyderabad,0,167,36.01,546,18,0,10,30,0,0.20801103152403982,1,36.64088252192319,Medium,0,False,NO_ALERT
T103460,CUST8255,2023-05-27 15:25:00,2023-05-01,25.76,0,Legitimate,0.0,Fashion,Debit Card,POS,Bengaluru,0,176,382.03,927,15,5,5,27,1,0.26287939841946567,0,21.030351873557255,Low,0,False,NO_ALERT
T103461,CUST7757,2023-01-25 18:37:00,2023-01-01,13.59,0,Legitimate,0.0,Fashion,UPI,Desktop,Pune,0,25,408.78,183,18,2,1,25,0,0.2329055560235732,0,18.63244448188586,Low,0,False,NO_ALERT
T103462,CUST6923,2023-07-09 18:42:00,2023-07-01,80.83,0,Legitimate,0.0,Food,NetBanking,Mobile,Mumbai,0,162,265.58,310,18,6,7,9,1,0.28301648521323647,0,22.641318817058917,Low,0,False,NO_ALERT
T103463,CUST3347,2024-01-10 21:49:00,2024-01-01,73.16,0,Legitimate,0.0,Travel,Debit Card,Mobile,Pune,0,127,455.97,463,21,2,1,10,0,0.2362993548928613,0,18.903948391428905,Low,0,False,NO_ALERT
T103464,CUST6242,2023-12-12 22:54:00,2023-12-01,15.81,0,Legitimate,0.0,Electronics,NetBanking,Mobile,Chennai,1,149,241.81,371,22,1,12,12,0,0.6511891495115273,0,52.09513196092219,High,1,True,HIGH
T103465,CUST1713,2023-03-18 06:45:00,2023-03-01,97.7,0,Legitimate,0.0,Food,Credit Card,POS,Hyderabad,0,25,97.26,1988,6,5,3,18,1,0.30706042208234885,1,44.56483376658791,Medium,0,False,NO_ALERT
T103466,CUST9559,2023-06-09 13:53:00,2023-06-01,48.58,0,Legitimate,0.0,Utilities,UPI,Desktop,Hyderabad,0,89,187.09,115,13,4,6,9,0,0.21276537646674792,0,17.021230117339837,Low,0,False,NO_ALERT
T103467,CUST6053,2023-09-08 10:26:00,2023-09-01,88.15,0,Legitimate,0.0,Utilities,PayPal,POS,Pune,0,22,453.88,1640,10,4,9,8,0,0.22697978853769907,0,18.158383083015927,Low,0,False,NO_ALERT
T103468,CUST5533,2023-12-19 22:51:00,2023-12-01,145.3,0,Legitimate,0.0,Fashion,Debit Card,Desktop,Delhi,1,23,496.93,808,22,1,12,19,0,0.5100669136621246,1,60.80535309296997,High,1,True,HIGH
T103469,CUST2839,2023-03-02 05:10:00,2023-03-01,14.88,0,Legitimate,0.0,Grocery,UPI,POS,Hyderabad,0,153,216.71,220,5,3,3,2,0,0.5820333945688992,0,46.56267156551194,Medium,0,False,NO_ALERT
T103470,CUST3856,2023-01-20 14:55:00,2023-01-01,1.55,0,Legitimate,0.0,Fashion,PayPal,Desktop,Chennai,0,154,91.75,1305,14,4,1,20,0,0.1855914548750013,0,14.847316390000106,Low,0,False,NO_ALERT
T103471,CUST9391,2024-01-24 17:25:00,2024-01-01,120.8,0,Legitimate,0.0,Grocery,Credit Card,POS,Hyderabad,0,30,150.3,1121,17,2,1,24,0,0.2354914253631507,0,18.83931402905206,Low,0,False,NO_ALERT
T103472,CUST9721,2024-01-09 08:52:00,2024-01-01,75.27,0,Legitimate,0.0,Electronics,Debit Card,Desktop,Delhi,0,166,281.12,1918,8,1,1,9,0,0.23254430701087955,0,18.603544560870365,Low,0,False,NO_ALERT
T103473,CUST2018,2024-02-17 12:50:00,2024-02-01,96.22,0,Legitimate,0.0,Grocery,NetBanking,POS,Hyderabad,0,103,290.33,1199,12,5,2,17,1,0.20320517433815774,0,16.256413947052618,Low,0,False,NO_ALERT
T103474,CUST5231,2023-10-27 22:24:00,2023-10-01,145.69,0,Legitimate,0.0,Food,Credit Card,Mobile,Kolkata,0,162,318.73,1020,22,4,10,27,0,0.27221326329617074,0,21.77706106369366,Low,0,False,NO_ALERT
T103475,CUST3079,2023-08-14 08:55:00,2023-08-01,129.89,0,Legitimate,0.0,Grocery,PayPal,POS,Hyderabad,0,77,419.32,905,8,0,8,14,0,0.2485966173344102,0,19.88772938675282,Low,0,False,NO_ALERT
T103476,CUST1835,2024-02-01 05:12:00,2024-02-01,259.37,0,Legitimate,0.0,Travel,Debit Card,Mobile,Delhi,0,73,358.49,1687,5,3,2,1,0,0.6547189159124165,0,52.37751327299332,High,1,True,HIGH
T103477,CUST7512,2023-05-07 02:50:00,2023-05-01,61.42,0,Legitimate,0.0,Utilities,Debit Card,Mobile,Kolkata,0,143,137.81,1977,2,6,5,7,1,0.6090115549311076,0,48.720924394488605,Medium,0,False,NO_ALERT
T103478,CUST4543,2024-01-04 07:12:00,2024-01-01,53.63,0,Legitimate,0.0,Food,Credit Card,Desktop,Kolkata,0,95,203.57,1607,7,3,1,4,0,0.2642100877555222,0,21.136807020441776,Low,0,False,NO_ALERT
T103479,CUST8827,2023-09-10 13:51:00,2023-09-01,41.12,0,Legitimate,0.0,Utilities,Debit Card,Mobile,Hyderabad,0,172,421.51,1881,13,6,9,10,1,0.23897404228635766,0,19.11792338290861,Low,0,False,NO_ALERT
T103480,CUST1419,2023-04-19 23:46:00,2023-04-01,13.35,0,Legitimate,0.0,Electronics,PayPal,Mobile,Pune,0,95,320.36,691,23,2,4,19,0,0.20319104946590977,0,16.25528395727278,Low,0,False,NO_ALERT
T103481,CUST7173,2023-05-02 15:27:00,2023-05-01,68.0,0,Legitimate,0.0,Food,Credit Card,Desktop,Bengaluru,0,138,91.54,1989,15,1,5,2,0,0.2441077242218995,0,19.52861793775196,Low,0,False,NO_ALERT
T103482,CUST2377,2023-10-12 06:30:00,2023-10-01,25.95,0,Legitimate,0.0,Travel,NetBanking,POS,Kolkata,0,117,169.51,603,6,3,10,12,0,0.21122834452545672,0,16.898267562036537,Low,0,False,NO_ALERT
T103483,CUST7068,2023-01-11 23:17:00,2023-01-01,203.38,0,Legitimate,0.0,Electronics,Credit Card,POS,Pune,1,37,397.63,1308,23,2,1,11,0,0.583983615450519,0,46.71868923604153,Medium,0,False,NO_ALERT
T103484,CUST5581,2023-02-04 17:14:00,2023-02-01,70.01,0,Legitimate,0.0,Fashion,Credit Card,Mobile,Hyderabad,0,7,94.33,160,17,5,2,4,1,0.24158250515379534,0,19.32660041230363,Low,0,False,NO_ALERT
T103485,CUST4257,2023-03-28 21:42:00,2023-03-01,71.88,0,Legitimate,0.0,Travel,NetBanking,POS,Mumbai,0,124,348.61,868,21,1,3,28,0,0.22164288130992954,0,17.731430504794364,Low,0,False,NO_ALERT
T103486,CUST9417,2024-01-19 19:14:00,2024-01-01,35.07,0,Legitimate,0.0,Electronics,PayPal,Mobile,Mumbai,0,32,286.13,988,19,4,1,19,0,0.21575140741015392,0,17.260112592812316,Low,0,False,NO_ALERT
T103487,CUST6724,2023-08-03 21:04:00,2023-08-01,4.27,0,Legitimate,0.0,Entertainment,UPI,POS,Bengaluru,0,11,82.26,1430,21,3,8,3,0,0.2671697037627785,0,21.373576301022283,Low,0,False,NO_ALERT
T103488,CUST9488,2024-02-12 17:37:00,2024-02-01,2.58,0,Legitimate,0.0,Grocery,UPI,POS,Kolkata,0,176,347.55,1585,17,0,2,12,0,0.23348286574653251,0,18.6786292597226,Low,0,False,NO_ALERT
T103489,CUST4628,2023-07-12 00:00:00,2023-07-01,44.04,0,Legitimate,0.0,Food,NetBanking,POS,Hyderabad,0,109,79.75,1252,0,2,7,12,0,0.6415966096904709,0,51.32772877523768,High,1,True,HIGH
T103490,CUST6517,2023-08-28 03:02:00,2023-08-01,7.07,0,Legitimate,0.0,Electronics,PayPal,Mobile,Chennai,0,92,205.23,868,3,0,8,28,0,0.5924698803828472,0,47.39759043062778,Medium,0,False,NO_ALERT
T103491,CUST1973,2023-12-14 05:29:00,2023-12-01,74.68,1,Fraudulent,74.68,Food,Debit Card,Desktop,Kolkata,0,196,161.19,250,5,3,12,14,0,0.6566898561211356,0,52.53518848969085,High,1,True,HIGH
T103492,CUST6192,2023-11-21 12:10:00,2023-11-01,170.27,0,Legitimate,0.0,Grocery,NetBanking,POS,Hyderabad,0,48,348.1,1463,12,1,11,21,0,0.20407753352351615,0,16.326202681881295,Low,0,False,NO_ALERT
T103493,CUST1522,2023-07-05 22:10:00,2023-07-01,171.59,0,Legitimate,0.0,Electronics,UPI,POS,Mumbai,0,45,393.36,1990,22,2,7,5,0,0.2376366001011207,0,19.010928008089657,Low,0,False,NO_ALERT
T103494,CUST4482,2023-11-21 10:18:00,2023-11-01,86.08,0,Legitimate,0.0,Fashion,PayPal,POS,Delhi,0,95,92.48,672,10,1,11,21,0,0.20073433122469084,0,16.058746497975267,Low,0,False,NO_ALERT
T103495,CUST6680,2023-01-23 04:43:00,2023-01-01,18.98,0,Legitimate,0.0,Entertainment,Credit Card,Mobile,Bengaluru,0,33,407.88,1224,4,0,1,23,0,0.6473061824313457,0,51.78449459450766,High,1,True,HIGH
T103496,CUST9759,2023-11-15 22:50:00,2023-11-01,159.02,0,Legitimate,0.0,Entertainment,PayPal,Desktop,Delhi,0,118,13.53,1198,22,2,11,15,0,0.303504705971665,1,44.2803764777332,Medium,0,False,NO_ALERT
T103497,CUST8237,2023-07-12 14:25:00,2023-07-01,173.79,0,Legitimate,0.0,Travel,PayPal,Mobile,Chennai,0,132,269.73,517,14,2,7,12,0,0.2455855022247033,0,19.646840177976266,Low,0,False,NO_ALERT
T103498,CUST5829,2024-01-25 18:07:00,2024-01-01,17.52,0,Legitimate,0.0,Electronics,UPI,POS,Hyderabad,0,47,263.23,881,18,3,1,25,0,0.18373807896262273,0,14.69904631700982,Low,0,False,NO_ALERT
T103499,CUST6910,2023-02-02 08:21:00,2023-02-01,106.98,0,Legitimate,0.0,Grocery,UPI,Mobile,Chennai,0,122,315.67,383,8,3,2,2,0,0.21946623874793364,0,17.55729909983469,Low,0,False,NO_ALERT
T103500,CUST4672,2023-01-26 03:09:00,2023-01-01,27.01,0,Legitimate,0.0,Electronics,Debit Card,POS,Delhi,0,53,127.45,1234,3,3,1,26,0,0.542570895313205,0,43.40567162505641,Medium,0,False,NO_ALERT
T103501,CUST2246,2024-02-08 00:09:00,2024-02-01,129.82,0,Legitimate,0.0,Food,Debit Card,POS,Hyderabad,0,126,14.83,977,0,3,2,8,0,0.6824703182384133,1,74.59762545907307,High,1,True,HIGH
T103502,CUST8712,2023-05-03 06:56:00,2023-05-01,471.34,0,Legitimate,0.0,Health,NetBanking,Mobile,Kolkata,0,159,232.83,190,6,2,5,3,0,0.2966380760993213,1,43.73104608794571,Medium,0,False,NO_ALERT
T103503,CUST6488,2024-02-09 06:28:00,2024-02-01,2.44,0,Legitimate,0.0,Utilities,Credit Card,POS,Pune,0,159,44.99,493,6,4,2,9,0,0.24082157204283555,0,19.265725763426843,Low,0,False,NO_ALERT
T103504,CUST6941,2023-07-12 06:20:00,2023-07-01,182.13,0,Legitimate,0.0,Electronics,Debit Card,POS,Pune,0,27,447.18,1113,6,2,7,12,0,0.22021005040894326,0,17.61680403271546,Low,0,False,NO_ALERT
T103505,CUST7772,2023-02-14 12:01:00,2023-02-01,77.96,0,Legitimate,0.0,Entertainment,UPI,Desktop,Kolkata,0,89,95.1,244,12,1,2,14,0,0.21535228375440563,0,17.228182700352452,Low,0,False,NO_ALERT
T103506,CUST4991,2024-02-20 14:33:00,2024-02-01,290.1,0,Legitimate,0.0,Entertainment,PayPal,Mobile,Chennai,0,176,218.36,609,14,1,2,20,0,0.21138985476022898,0,16.91118838081832,Low,0,False,NO_ALERT
T103507,CUST8282,2023-09-10 04:12:00,2023-09-01,50.04,0,Legitimate,0.0,Utilities,NetBanking,Mobile,Pune,0,36,222.66,1926,4,6,9,10,1,0.5737957279022053,0,45.90365823217643,Medium,0,False,NO_ALERT
T103508,CUST8226,2023-08-02 07:55:00,2023-08-01,150.39,0,Legitimate,0.0,Entertainment,Debit Card,POS,Pune,0,177,280.9,1245,7,2,8,2,0,0.25701968696993105,0,20.561574957594488,Low,0,False,NO_ALERT
T103509,CUST2115,2023-08-30 06:59:00,2023-08-01,5.15,0,Legitimate,0.0,Fashion,PayPal,POS,Mumbai,0,159,393.44,517,6,2,8,30,0,0.30832801163536105,0,24.666240930828884,Low,0,False,NO_ALERT
T103510,CUST3675,2023-06-06 14:52:00,2023-06-01,32.67,0,Legitimate,0.0,Electronics,PayPal,Mobile,Pune,0,101,241.35,254,14,1,6,6,0,0.19862669541258154,0,15.890135633006523,Low,0,False,NO_ALERT
T103511,CUST5100,2023-01-11 09:09:00,2023-01-01,5.55,1,Fraudulent,5.55,Travel,Debit Card,Mobile,Mumbai,1,122,22.62,1445,9,2,1,11,0,0.7560832764992196,0,60.48666211993757,High,1,True,HIGH
T103512,CUST9568,2023-10-18 05:11:00,2023-10-01,296.22,0,Legitimate,0.0,Electronics,Credit Card,Mobile,Bengaluru,0,172,387.84,738,5,2,10,18,0,0.5417820109854832,0,43.342560878838654,Medium,0,False,NO_ALERT
T103513,CUST6882,2023-08-09 07:39:00,2023-08-01,135.85,0,Legitimate,0.0,Health,Credit Card,POS,Mumbai,0,125,50.26,190,7,2,8,9,0,0.2627764641701814,0,21.022117133614515,Low,0,False,NO_ALERT
T103514,CUST5147,2023-08-11 16:06:00,2023-08-01,153.14,0,Legitimate,0.0,Entertainment,NetBanking,Desktop,Mumbai,0,59,324.36,1814,16,4,8,11,0,0.22800477582621695,0,18.240382066097357,Low,0,False,NO_ALERT
T103515,CUST3853,2023-05-10 05:49:00,2023-05-01,222.4,0,Legitimate,0.0,Food,Credit Card,Desktop,Delhi,0,23,403.68,1974,5,2,5,10,0,0.6712165427189717,1,73.69732341751774,High,1,True,HIGH
T103516,CUST7697,2024-01-27 20:02:00,2024-01-01,7.12,0,Legitimate,0.0,Entertainment,NetBanking,POS,Mumbai,0,99,148.52,484,20,5,1,27,1,0.23537164947569125,0,18.8297319580553,Low,0,False,NO_ALERT
T103517,CUST7084,2024-01-31 09:28:00,2024-01-01,38.97,0,Legitimate,0.0,Electronics,UPI,POS,Mumbai,0,68,230.06,1164,9,2,1,31,0,0.23069867237865133,0,18.455893790292105,Low,0,False,NO_ALERT
T103518,CUST3812,2023-07-03 06:45:00,2023-07-01,5.89,0,Legitimate,0.0,Fashion,Debit Card,POS,Delhi,0,92,17.02,1956,6,0,7,3,0,0.3633340648109708,0,29.066725184877665,Medium,0,False,NO_ALERT
T103519,CUST4596,2023-07-11 05:35:00,2023-07-01,18.94,0,Legitimate,0.0,Grocery,PayPal,Mobile,Mumbai,1,170,403.9,1112,5,1,7,11,0,0.7561412593871673,0,60.49130075097338,High,1,True,HIGH
T103520,CUST3628,2024-01-15 13:50:00,2024-01-01,20.84,0,Legitimate,0.0,Electronics,NetBanking,POS,Pune,0,105,354.6,574,13,0,1,15,0,0.2102688114611565,0,16.82150491689252,Low,0,False,NO_ALERT
T103521,CUST9655,2023-12-18 10:13:00,2023-12-01,50.66,0,Legitimate,0.0,Electronics,Credit Card,Mobile,Kolkata,0,42,123.38,1606,10,0,12,18,0,0.1955703989341888,0,15.645631914735104,Low,0,False,NO_ALERT
T103522,CUST3647,2023-05-31 17:52:00,2023-05-01,25.02,0,Legitimate,0.0,Travel,NetBanking,Desktop,Mumbai,0,141,201.21,1726,17,2,5,31,0,0.237298977424706,0,18.98391819397648,Low,0,False,NO_ALERT
T103523,CUST4659,2023-12-05 17:00:00,2023-12-01,8.52,0,Legitimate,0.0,Fashion,NetBanking,POS,Bengaluru,0,129,350.71,58,17,1,12,5,0,0.23525420464888028,0,18.820336371910425,Low,0,False,NO_ALERT
T103524,CUST3787,2023-04-14 10:25:00,2023-04-01,14.66,0,Legitimate,0.0,Health,Credit Card,POS,Mumbai,0,53,185.5,796,10,4,4,14,0,0.268218558355088,0,21.45748466840704,Low,0,False,NO_ALERT
T103525,CUST5419,2023-02-24 22:13:00,2023-02-01,12.75,0,Legitimate,0.0,Grocery,Credit Card,Mobile,Mumbai,0,168,89.58,1988,22,4,2,24,0,0.25521710272162584,0,20.41736821773007,Low,0,False,NO_ALERT
T103526,CUST1717,2023-07-13 01:14:00,2023-07-01,289.18,0,Legitimate,0.0,Entertainment,Debit Card,Mobile,Bengaluru,0,90,264.07,214,1,3,7,13,0,0.6262906888427815,0,50.10325510742252,High,1,True,HIGH
T103527,CUST1439,2023-02-15 22:00:00,2023-02-01,113.93,0,Legitimate,0.0,Food,PayPal,Mobile,Kolkata,0,174,364.55,1926,22,2,2,15,0,0.24315408751550266,0,19.452327001240214,Low,0,False,NO_ALERT
T103528,CUST1274,2023-07-18 17:18:00,2023-07-01,274.77,0,Legitimate,0.0,Electronics,Debit Card,Desktop,Delhi,0,116,167.2,1277,17,1,7,18,0,0.21047157012302806,0,16.837725609842245,Low,0,False,NO_ALERT
T103529,CUST8031,2023-06-20 01:45:00,2023-06-01,46.35,1,Fraudulent,46.35,Health,Debit Card,Desktop,Pune,0,87,69.67,386,1,1,6,20,0,0.6647262781176473,0,53.17810224941178,High,1,True,HIGH
T103530,CUST1041,2023-08-13 18:58:00,2023-08-01,26.1,0,Legitimate,0.0,Grocery,Credit Card,POS,Kolkata,0,113,416.48,521,18,6,8,13,1,0.27446137315438374,0,21.9569098523507,Low,0,False,NO_ALERT
T103531,CUST8337,2023-05-23 17:20:00,2023-05-01,128.08,0,Legitimate,0.0,Food,Credit Card,POS,Mumbai,0,150,133.87,762,17,1,5,23,0,0.2185106908001606,0,17.48085526401285,Low,0,False,NO_ALERT
T103532,CUST9398,2023-07-17 18:41:00,2023-07-01,31.59,0,Legitimate,0.0,Health,PayPal,Mobile,Pune,0,115,261.28,1885,18,0,7,17,0,0.23126623126353907,0,18.501298501083124,Low,0,False,NO_ALERT
T103533,CUST7124,2023-06-22 18:47:00,2023-06-01,28.46,0,Legitimate,0.0,Fashion,NetBanking,Desktop,Chennai,0,180,348.76,1651,18,3,6,22,0,0.19695690196965082,0,15.756552157572067,Low,0,False,NO_ALERT
T103534,CUST2803,2024-02-01 20:39:00,2024-02-01,21.17,0,Legitimate,0.0,Fashion,Debit Card,POS,Pune,0,120,165.37,607,20,3,2,1,0,0.2153801715152077,0,17.230413721216618,Low,0,False,NO_ALERT
T103535,CUST8372,2023-12-16 13:10:00,2023-12-01,11.11,0,Legitimate,0.0,Grocery,PayPal,Mobile,Delhi,0,28,327.83,143,13,5,12,16,1,0.1882348702984783,0,15.058789623878264,Low,0,False,NO_ALERT
T103536,CUST5050,2023-03-12 05:34:00,2023-03-01,23.71,0,Legitimate,0.0,Entertainment,Debit Card,Mobile,Delhi,0,53,235.26,407,5,6,3,12,1,0.5841752904360247,0,46.73402323488198,Medium,0,False,NO_ALERT
T103537,CUST7170,2023-08-11 14:07:00,2023-08-01,35.12,0,Legitimate,0.0,Utilities,NetBanking,Desktop,Kolkata,0,117,289.51,1830,14,4,8,11,0,0.18681722517655827,0,14.945378014124664,Low,0,False,NO_ALERT
T103538,CUST7172,2023-10-17 22:14:00,2023-10-01,89.67,0,Legitimate,0.0,Food,Debit Card,Desktop,Mumbai,0,191,299.38,1338,22,1,10,17,0,0.2863858821804229,0,22.91087057443383,Low,0,False,NO_ALERT
T103539,CUST1368,2023-07-24 11:58:00,2023-07-01,5.17,1,Fraudulent,5.17,Fashion,UPI,POS,Bengaluru,1,145,413.83,126,11,0,7,24,0,0.7485623938087143,1,79.88499150469715,Critical,1,True,CRITICAL
T103540,CUST8435,2023-01-04 08:53:00,2023-01-01,18.91,0,Legitimate,0.0,Utilities,PayPal,POS,Delhi,1,64,331.6,871,8,2,1,4,0,0.6305768711159417,0,50.446149689275344,High,1,True,HIGH
T103541,CUST8937,2023-07-30 11:29:00,2023-07-01,132.45,0,Legitimate,0.0,Grocery,Credit Card,Mobile,Bengaluru,0,6,139.51,153,11,6,7,30,1,0.20358900245390305,0,16.287120196312245,Low,0,False,NO_ALERT
T103542,CUST7284,2023-01-17 02:54:00,2023-01-01,12.71,0,Legitimate,0.0,Fashion,Debit Card,Mobile,Kolkata,0,142,39.21,185,2,1,1,17,0,0.596575798230724,0,47.72606385845793,Medium,0,False,NO_ALERT
T103543,CUST6875,2023-04-22 20:40:00,2023-04-01,33.56,0,Legitimate,0.0,Fashion,PayPal,Mobile,Kolkata,0,114,10.97,139,20,5,4,22,1,0.20979599334231444,0,16.783679467385156,Low,0,False,NO_ALERT
T103544,CUST1585,2023-09-11 11:58:00,2023-09-01,160.0,0,Legitimate,0.0,Health,PayPal,POS,Chennai,0,128,453.16,82,11,0,9,11,0,0.2814873556758912,0,22.518988454071298,Low,0,False,NO_ALERT
T103545,CUST1754,2024-01-28 05:30:00,2024-01-01,13.47,1,Fraudulent,13.47,Utilities,Debit Card,Desktop,Bengaluru,0,17,471.63,1227,5,6,1,28,1,0.7208572619316099,0,57.6685809545288,High,1,True,HIGH
T103546,CUST5868,2023-08-11 01:31:00,2023-08-01,6.91,0,Legitimate,0.0,Health,Credit Card,POS,Kolkata,0,38,56.11,1732,1,4,8,11,0,0.6387594971142598,0,51.10075976914079,High,1,True,HIGH
T103547,CUST7906,2023-10-18 00:34:00,2023-10-01,53.02,1,Fraudulent,53.02,Fashion,Credit Card,Desktop,Kolkata,0,197,248.66,617,0,2,10,18,0,0.6792957253655888,0,54.34365802924711,High,1,True,HIGH
T103548,CUST4377,2023-01-31 19:05:00,2023-01-01,28.81,0,Legitimate,0.0,Utilities,Debit Card,POS,Kolkata,0,13,84.28,1367,19,1,1,31,0,0.23040720689743632,0,18.432576551794906,Low,0,False,NO_ALERT
T103549,CUST8902,2023-12-18 23:29:00,2023-12-01,66.3,0,Legitimate,0.0,Travel,PayPal,POS,Hyderabad,0,112,474.89,755,23,0,12,18,0,0.23505983395588828,0,18.804786716471064,Low,0,False,NO_ALERT
T103550,CUST4650,2023-11-09 03:58:00,2023-11-01,130.29,1,Fraudulent,130.29,Utilities,Credit Card,Desktop,Kolkata,0,181,130.95,1747,3,3,11,9,0,0.6439971879226815,0,51.51977503381452,High,1,True,HIGH
T103551,CUST6323,2023-10-03 21:47:00,2023-10-01,11.8,0,Legitimate,0.0,Health,Debit Card,POS,Kolkata,0,137,255.81,1443,21,1,10,3,0,0.2389156909799151,0,19.113255278393208,Low,0,False,NO_ALERT
T103552,CUST2599,2023-01-03 07:52:00,2023-01-01,69.53,0,Legitimate,0.0,Food,Debit Card,POS,Bengaluru,0,172,91.15,74,7,1,1,3,0,0.251494119826654,0,20.11952958613232,Low,0,False,NO_ALERT
T103553,CUST4622,2023-07-11 02:45:00,2023-07-01,56.34,1,Fraudulent,56.34,Grocery,Debit Card,Mobile,Delhi,1,127,173.05,965,2,1,7,11,0,0.8596667004958803,0,68.77333603967043,High,1,True,HIGH
T103554,CUST3262,2023-04-11 07:22:00,2023-04-01,12.45,0,Legitimate,0.0,Grocery,PayPal,Desktop,Bengaluru,0,106,140.74,1716,7,1,4,11,0,0.22594567596424858,0,18.075654077139887,Low,0,False,NO_ALERT
T103555,CUST6014,2023-06-17 16:44:00,2023-06-01,78.25,0,Legitimate,0.0,Entertainment,Credit Card,Desktop,Bengaluru,0,154,242.96,1170,16,5,6,17,1,0.3029376879348673,0,24.235015034789384,Low,0,False,NO_ALERT
T103556,CUST4287,2023-04-09 08:43:00,2023-04-01,25.58,0,Legitimate,0.0,Food,PayPal,Mobile,Hyderabad,1,77,215.69,151,8,6,4,9,1,0.6542923964308094,1,72.34339171446476,High,1,True,HIGH
T103557,CUST4183,2023-04-04 14:14:00,2023-04-01,53.53,0,Legitimate,0.0,Food,UPI,Desktop,Hyderabad,0,19,172.09,511,14,1,4,4,0,0.2619715319331939,0,20.95772255465551,Low,0,False,NO_ALERT
T103558,CUST6287,2023-01-30 05:29:00,2023-01-01,6.87,0,Legitimate,0.0,Food,Credit Card,Mobile,Mumbai,0,176,61.88,1223,5,0,1,30,0,0.6086585653752905,0,48.692685230023244,Medium,0,False,NO_ALERT
T103559,CUST3716,2023-11-20 19:27:00,2023-11-01,49.23,0,Legitimate,0.0,Entertainment,PayPal,Desktop,Delhi,0,158,247.4,707,19,0,11,20,0,0.24824190590759282,0,19.859352472607426,Low,0,False,NO_ALERT
T103560,CUST1603,2023-02-27 08:23:00,2023-02-01,29.28,0,Legitimate,0.0,Food,Credit Card,Desktop,Kolkata,0,160,426.6,1453,8,0,2,27,0,0.2387320065528838,0,19.098560524230702,Low,0,False,NO_ALERT
T103561,CUST4120,2023-02-21 03:47:00,2023-02-01,138.25,0,Legitimate,0.0,Electronics,UPI,Desktop,Mumbai,0,78,367.81,1895,3,1,2,21,0,0.5899054122318519,0,47.192432978548155,Medium,0,False,NO_ALERT
T103562,CUST2028,2023-01-03 00:44:00,2023-01-01,4.69,1,Fraudulent,4.69,Entertainment,NetBanking,Desktop,Kolkata,1,120,363.08,1996,0,1,1,3,0,0.8358250509728804,0,66.86600407783042,High,1,True,HIGH
T103563,CUST3460,2023-06-08 18:10:00,2023-06-01,43.39,0,Legitimate,0.0,Grocery,Debit Card,Mobile,Kolkata,0,79,189.38,1714,18,3,6,8,0,0.23419303139628703,0,18.735442511702963,Low,0,False,NO_ALERT
T103564,CUST1387,2023-03-09 16:59:00,2023-03-01,49.06,0,Legitimate,0.0,Electronics,PayPal,Mobile,Hyderabad,0,76,357.13,529,16,3,3,9,0,0.2045741714124232,0,16.365933712993858,Low,0,False,NO_ALERT
T103565,CUST3581,2023-11-18 14:12:00,2023-11-01,103.28,0,Legitimate,0.0,Entertainment,UPI,Desktop,Kolkata,0,101,238.11,103,14,5,11,18,1,0.2242385556481004,0,17.939084451848032,Low,0,False,NO_ALERT
T103566,CUST4172,2023-12-09 02:59:00,2023-12-01,68.32,1,Fraudulent,68.32,Fashion,UPI,POS,Kolkata,0,75,83.64,1000,2,5,12,9,1,0.6754993362402055,0,54.039946899216446,High,1,True,HIGH
T103567,CUST8668,2023-11-04 15:31:00,2023-11-01,88.02,0,Legitimate,0.0,Fashion,Credit Card,Mobile,Bengaluru,0,197,215.33,178,15,5,11,4,1,0.2843160863063146,0,22.74528690450517,Low,0,False,NO_ALERT
T103568,CUST1444,2023-02-17 21:26:00,2023-02-01,120.06,0,Legitimate,0.0,Grocery,Credit Card,Desktop,Hyderabad,0,120,75.04,1590,21,4,2,17,0,0.17494272336602978,0,13.995417869282385,Low,0,False,NO_ALERT
T103569,CUST7523,2023-09-29 22:02:00,2023-09-01,158.56,0,Legitimate,0.0,Fashion,Debit Card,Mobile,Chennai,0,139,66.1,921,22,4,9,29,0,0.18857441367533595,0,15.085953094026877,Low,0,False,NO_ALERT
T103570,CUST9444,2023-05-28 13:58:00,2023-05-01,30.14,0,Legitimate,0.0,Food,Credit Card,POS,Bengaluru,0,83,21.3,1114,13,6,5,28,1,0.23782457632823514,0,19.025966106258814,Low,0,False,NO_ALERT
T103571,CUST6926,2023-09-30 04:54:00,2023-09-01,61.78,0,Legitimate,0.0,Entertainment,PayPal,POS,Mumbai,0,154,148.6,1919,4,5,9,30,1,0.6167405331918209,0,49.33924265534567,Medium,0,False,NO_ALERT
T103572,CUST4269,2023-09-12 23:36:00,2023-09-01,146.66,0,Legitimate,0.0,Electronics,PayPal,POS,Bengaluru,0,26,172.13,1107,23,1,9,12,0,0.23623140950226498,0,18.8985127601812,Low,0,False,NO_ALERT
T103573,CUST2909,2023-10-08 07:07:00,2023-10-01,364.14,0,Legitimate,0.0,Food,PayPal,Desktop,Chennai,0,128,352.73,1276,7,6,10,8,1,0.2737549196980782,1,41.90039357584625,Medium,0,False,NO_ALERT
T103574,CUST2696,2023-01-09 09:09:00,2023-01-01,176.23,0,Legitimate,0.0,Fashion,NetBanking,Desktop,Hyderabad,0,145,273.62,1784,9,0,1,9,0,0.19572320465388132,0,15.657856372310505,Low,0,False,NO_ALERT
T103575,CUST9814,2023-08-18 04:19:00,2023-08-01,37.15,0,Legitimate,0.0,Health,PayPal,POS,Delhi,0,83,430.64,502,4,4,8,18,0,0.6069642622816503,0,48.55714098253203,Medium,0,False,NO_ALERT
T103576,CUST2238,2023-05-16 19:01:00,2023-05-01,17.37,0,Legitimate,0.0,Utilities,Credit Card,Mobile,Kolkata,0,44,96.47,1369,19,1,5,16,0,0.2306289832530838,0,18.450318660246705,Low,0,False,NO_ALERT
T103577,CUST9842,2023-01-12 09:29:00,2023-01-01,53.77,0,Legitimate,0.0,Electronics,Credit Card,Mobile,Pune,0,84,140.32,199,9,3,1,12,0,0.22596385797270227,0,18.07710863781618,Low,0,False,NO_ALERT
T103578,CUST5697,2023-05-27 02:28:00,2023-05-01,108.27,0,Legitimate,0.0,Food,PayPal,POS,Delhi,0,151,471.13,730,2,5,5,27,1,0.5884988505676358,0,47.07990804541087,Medium,0,False,NO_ALERT
T103579,CUST3587,2024-02-06 02:04:00,2024-02-01,54.27,1,Fraudulent,54.27,Entertainment,UPI,Desktop,Delhi,0,25,227.58,61,2,1,2,6,0,0.733705398969901,0,58.69643191759208,High,1,True,HIGH
T103580,CUST3254,2023-03-15 23:25:00,2023-03-01,52.8,0,Legitimate,0.0,Grocery,UPI,Mobile,Kolkata,0,37,396.63,82,23,2,3,15,0,0.21902681110341846,0,17.522144888273477,Low,0,False,NO_ALERT
T103581,CUST4880,2023-08-14 18:40:00,2023-08-01,145.73,0,Legitimate,0.0,Food,UPI,Mobile,Hyderabad,0,112,251.16,969,18,0,8,14,0,0.23310213156511633,0,18.648170525209306,Low,0,False,NO_ALERT
T103582,CUST8157,2023-05-31 05:53:00,2023-05-01,35.88,0,Legitimate,0.0,Health,Debit Card,Mobile,Delhi,0,193,240.83,168,5,2,5,31,0,0.5469878279772358,0,43.75902623817887,Medium,0,False,NO_ALERT
T103583,CUST7255,2024-02-12 09:51:00,2024-02-01,157.17,0,Legitimate,0.0,Fashion,NetBanking,Desktop,Chennai,0,2,82.58,1427,9,0,2,12,0,0.2634433563980685,1,41.075468511845486,Medium,0,False,NO_ALERT
T103584,CUST5819,2023-06-13 20:12:00,2023-06-01,41.78,0,Legitimate,0.0,Electronics,PayPal,POS,Kolkata,1,98,427.09,1100,20,1,6,13,0,0.6625790959869226,0,53.0063276789538,High,1,True,HIGH
T103585,CUST3560,2023-04-14 03:40:00,2023-04-01,31.83,0,Legitimate,0.0,Grocery,Debit Card,Desktop,Hyderabad,0,32,48.39,119,3,4,4,14,0,0.5574607874969382,0,44.596862999755054,Medium,0,False,NO_ALERT
T103586,CUST8294,2023-07-21 12:57:00,2023-07-01,48.41,0,Legitimate,0.0,Electronics,UPI,Mobile,Delhi,0,89,162.03,857,12,4,7,21,0,0.20647964362445792,0,16.518371489956632,Low,0,False,NO_ALERT
T103587,CUST1882,2023-04-28 10:16:00,2023-04-01,114.99,0,Legitimate,0.0,Grocery,PayPal,POS,Kolkata,0,183,340.0,65,10,4,4,28,0,0.23625489003655006,0,18.900391202924006,Low,0,False,NO_ALERT
T103588,CUST9601,2023-07-19 12:53:00,2023-07-01,10.77,0,Legitimate,0.0,Utilities,Debit Card,Desktop,Pune,0,178,258.56,1045,12,2,7,19,0,0.1980730999268672,0,15.845847994149375,Low,0,False,NO_ALERT
T103589,CUST4305,2023-03-31 14:41:00,2023-03-01,17.49,0,Legitimate,0.0,Entertainment,Credit Card,POS,Mumbai,0,193,441.88,958,14,4,3,31,0,0.3126764173204216,0,25.01411338563373,Medium,0,False,NO_ALERT
T103590,CUST3132,2023-08-01 12:25:00,2023-08-01,242.0,0,Legitimate,0.0,Electronics,UPI,Mobile,Hyderabad,0,160,29.26,1278,12,1,8,1,0,0.2297505543451677,1,38.38004434761342,Medium,0,False,NO_ALERT
T103591,CUST2757,2023-02-18 06:05:00,2023-02-01,15.44,0,Legitimate,0.0,Fashion,Debit Card,Desktop,Hyderabad,0,37,328.21,583,6,5,2,18,1,0.20335985035962026,0,16.26878802876962,Low,0,False,NO_ALERT
T103592,CUST3045,2023-08-25 03:37:00,2023-08-01,67.1,1,Fraudulent,67.1,Entertainment,Credit Card,POS,Bengaluru,0,115,243.96,769,3,4,8,25,0,0.6485819218663722,0,51.88655374930978,High,1,True,HIGH
T103593,CUST9451,2023-01-12 22:58:00,2023-01-01,69.27,0,Legitimate,0.0,Entertainment,UPI,Desktop,Kolkata,0,141,85.61,298,22,3,1,12,0,0.2010362176794559,0,16.082897414356474,Low,0,False,NO_ALERT
T103594,CUST8997,2023-07-16 14:08:00,2023-07-01,53.81,0,Legitimate,0.0,Utilities,NetBanking,Mobile,Delhi,0,182,374.19,939,14,6,7,16,1,0.2104023458380177,0,16.832187667041417,Low,0,False,NO_ALERT
T103595,CUST6100,2024-02-06 01:54:00,2024-02-01,82.79,0,Legitimate,0.0,Grocery,UPI,POS,Mumbai,0,3,211.54,215,1,1,2,6,0,0.6457467938934627,0,51.65974351147702,High,1,True,HIGH
T103596,CUST9077,2024-01-13 08:04:00,2024-01-01,20.89,0,Legitimate,0.0,Travel,NetBanking,Mobile,Kolkata,0,170,270.48,1424,8,5,1,13,1,0.22455403523689765,0,17.96432281895181,Low,0,False,NO_ALERT
T103597,CUST5814,2023-10-31 18:55:00,2023-10-01,64.36,0,Legitimate,0.0,Electronics,NetBanking,POS,Pune,0,40,483.96,898,18,1,10,31,0,0.181257652998464,0,14.500612239877121,Low,0,False,NO_ALERT
T103598,CUST7461,2023-06-03 01:21:00,2023-06-01,37.24,0,Legitimate,0.0,Electronics,NetBanking,Mobile,Chennai,0,74,248.25,1288,1,5,6,3,1,0.5468008233659202,0,43.74406586927361,Medium,0,False,NO_ALERT
T103599,CUST8873,2023-02-21 18:29:00,2023-02-01,86.7,0,Legitimate,0.0,Food,PayPal,Mobile,Hyderabad,0,66,413.45,1175,18,1,2,21,0,0.233113994843718,0,18.64911958749744,Low,0,False,NO_ALERT
T103600,CUST4335,2023-11-26 02:29:00,2023-11-01,12.18,0,Legitimate,0.0,Grocery,PayPal,Desktop,Chennai,0,60,387.09,453,2,6,11,26,1,0.5962377552935103,0,47.699020423480825,Medium,0,False,NO_ALERT
T103601,CUST7750,2023-03-03 11:51:00,2023-03-01,67.68,0,Legitimate,0.0,Health,NetBanking,Mobile,Chennai,0,11,334.75,862,11,4,3,3,0,0.22953061097923488,0,18.362448878338792,Low,0,False,NO_ALERT
T103602,CUST6248,2023-06-16 10:22:00,2023-06-01,16.39,0,Legitimate,0.0,Travel,Credit Card,Desktop,Chennai,1,120,449.44,1442,10,4,6,16,0,0.6702165508566453,0,53.61732406853163,High,1,True,HIGH
T103603,CUST4932,2023-06-01 21:45:00,2023-06-01,26.13,0,Legitimate,0.0,Fashion,NetBanking,Mobile,Bengaluru,0,129,133.28,955,21,3,6,1,0,0.24531922225593233,0,19.625537780474588,Low,0,False,NO_ALERT
T103604,CUST7650,2023-10-13 22:31:00,2023-10-01,19.74,0,Legitimate,0.0,Food,Debit Card,Mobile,Kolkata,0,154,412.18,1170,22,4,10,13,0,0.2508157196076897,0,20.06525756861518,Low,0,False,NO_ALERT
T103605,CUST2907,2023-01-30 18:15:00,2023-01-01,16.15,0,Legitimate,0.0,Utilities,NetBanking,Mobile,Chennai,0,42,195.12,1519,18,0,1,30,0,0.20809667233733592,0,16.647733786986873,Low,0,False,NO_ALERT
T103606,CUST3809,2023-03-08 19:53:00,2023-03-01,139.76,0,Legitimate,0.0,Travel,PayPal,POS,Delhi,1,190,408.12,1482,19,2,3,8,0,0.5619285958340133,0,44.95428766672107,Medium,0,False,NO_ALERT
T103607,CUST8944,2023-08-04 23:18:00,2023-08-01,26.92,0,Legitimate,0.0,Grocery,PayPal,Desktop,Delhi,0,123,251.96,898,23,4,8,4,0,0.2242430846321501,0,17.939446770572008,Low,0,False,NO_ALERT
T103608,CUST8444,2023-04-26 10:55:00,2023-04-01,209.52,0,Legitimate,0.0,Travel,Debit Card,POS,Mumbai,0,189,430.28,1045,10,2,4,26,0,0.2662368771458716,0,21.298950171669727,Low,0,False,NO_ALERT
T103609,CUST5207,2023-12-11 17:54:00,2023-12-01,280.33,0,Legitimate,0.0,Utilities,Debit Card,Desktop,Mumbai,0,92,448.47,471,17,0,12,11,0,0.23203538472365426,0,18.56283077789234,Low,0,False,NO_ALERT
T103610,CUST8889,2023-11-19 18:08:00,2023-11-01,67.75,0,Legitimate,0.0,Entertainment,UPI,Mobile,Pune,0,62,302.85,68,18,6,11,19,1,0.2109928540945864,0,16.879428327566913,Low,0,False,NO_ALERT
T103611,CUST6737,2023-05-09 14:34:00,2023-05-01,12.35,0,Legitimate,0.0,Electronics,Credit Card,POS,Chennai,0,12,258.74,937,14,1,5,9,0,0.22220459926464767,0,17.776367941171813,Low,0,False,NO_ALERT
T103612,CUST8839,2023-10-23 05:32:00,2023-10-01,37.54,0,Legitimate,0.0,Entertainment,Credit Card,Desktop,Chennai,0,155,393.81,1215,5,0,10,23,0,0.6142719089377628,0,49.14175271502103,Medium,0,False,NO_ALERT
T103613,CUST1019,2023-03-02 14:37:00,2023-03-01,127.85,0,Legitimate,0.0,Electronics,Credit Card,Mobile,Bengaluru,0,195,140.82,1674,14,3,3,2,0,0.20296847613269214,0,16.237478090615372,Low,0,False,NO_ALERT
T103614,CUST9497,2023-09-13 13:15:00,2023-09-01,36.63,0,Legitimate,0.0,Food,PayPal,Desktop,Kolkata,0,28,17.52,1579,13,2,9,13,0,0.23071564770404543,1,38.457251816323634,Medium,0,False,NO_ALERT
T103615,CUST8537,2023-10-31 06:15:00,2023-10-01,7.28,0,Legitimate,0.0,Utilities,Credit Card,Desktop,Chennai,0,194,209.48,195,6,1,10,31,0,0.2575347380008158,0,20.602779040065265,Low,0,False,NO_ALERT
T103616,CUST7513,2023-06-24 03:27:00,2023-06-01,65.1,0,Legitimate,0.0,Grocery,UPI,Mobile,Chennai,0,156,258.81,1965,3,5,6,24,1,0.6147494681747822,0,49.179957453982574,Medium,0,False,NO_ALERT
T103617,CUST2915,2024-01-31 09:15:00,2024-01-01,149.21,0,Legitimate,0.0,Grocery,UPI,POS,Kolkata,1,107,155.66,1927,9,2,1,31,0,0.5969890597147516,1,67.75912477718012,High,1,True,HIGH
T103618,CUST7200,2023-05-19 04:34:00,2023-05-01,127.14,1,Fraudulent,127.14,Travel,Credit Card,Mobile,Chennai,0,149,197.85,1498,4,4,5,19,0,0.6468729913371446,0,51.74983930697157,High,1,True,HIGH
T103619,CUST9429,2024-02-17 18:25:00,2024-02-01,15.4,0,Legitimate,0.0,Food,Debit Card,POS,Hyderabad,0,135,75.2,472,18,5,2,17,1,0.20920065611537952,0,16.736052489230364,Low,0,False,NO_ALERT
T103620,CUST5309,2023-04-05 16:29:00,2023-04-01,89.37,0,Legitimate,0.0,Grocery,UPI,Desktop,Hyderabad,1,95,145.87,360,16,2,4,5,0,0.6019753872374077,0,48.15803097899262,Medium,0,False,NO_ALERT
T103621,CUST3809,2023-01-10 18:10:00,2023-01-01,19.93,0,Legitimate,0.0,Health,Debit Card,Desktop,Bengaluru,0,14,127.65,1022,18,1,1,10,0,0.21810193713714537,0,17.44815497097163,Low,0,False,NO_ALERT
T103622,CUST4972,2023-09-19 10:57:00,2023-09-01,19.69,0,Legitimate,0.0,Health,PayPal,Desktop,Bengaluru,0,167,157.48,1388,10,1,9,19,0,0.2430816235670626,0,19.44652988536501,Low,0,False,NO_ALERT
T103623,CUST5572,2023-11-12 16:36:00,2023-11-01,165.76,0,Legitimate,0.0,Entertainment,UPI,POS,Delhi,0,118,156.54,1165,16,6,11,12,1,0.2270591965213685,0,18.16473572170948,Low,0,False,NO_ALERT
T103624,CUST8991,2023-10-16 09:42:00,2023-10-01,22.98,0,Legitimate,0.0,Electronics,Debit Card,Mobile,Bengaluru,0,126,283.89,1799,9,0,10,16,0,0.2658892666472001,0,21.271141331776008,Low,0,False,NO_ALERT
T103625,CUST9746,2023-12-30 08:40:00,2023-12-01,24.44,0,Legitimate,0.0,Travel,Credit Card,POS,Pune,0,103,132.79,743,8,5,12,30,1,0.20306564110220765,0,16.245251288176615,Low,0,False,NO_ALERT
T103626,CUST5398,2023-07-27 16:01:00,2023-07-01,0.05,0,Legitimate,0.0,Fashion,PayPal,Desktop,Delhi,0,73,471.07,864,16,3,7,27,0,0.19727538963892577,0,15.782031171114063,Low,0,False,NO_ALERT
T103627,CUST9375,2023-02-11 02:33:00,2023-02-01,163.63,0,Legitimate,0.0,Utilities,NetBanking,Desktop,Kolkata,0,62,260.52,168,2,5,2,11,1,0.5320777744446743,0,42.56622195557395,Medium,0,False,NO_ALERT
T103628,CUST7626,2023-01-31 09:36:00,2023-01-01,125.85,0,Legitimate,0.0,Electronics,NetBanking,Mobile,Chennai,0,12,73.19,1832,9,1,1,31,0,0.2449577013376787,1,39.5966161070143,Medium,0,False,NO_ALERT
T103629,CUST7039,2023-04-03 06:52:00,2023-04-01,78.96,0,Legitimate,0.0,Food,Credit Card,POS,Bengaluru,0,38,147.01,1837,6,0,4,3,0,0.27922663954452637,0,22.33813116356211,Low,0,False,NO_ALERT
T103630,CUST8820,2024-01-20 21:21:00,2024-01-01,110.99,0,Legitimate,0.0,Grocery,PayPal,Desktop,Pune,0,186,367.58,1219,21,5,1,20,1,0.21096105482615937,0,16.87688438609275,Low,0,False,NO_ALERT
T103631,CUST3832,2023-02-07 10:50:00,2023-02-01,13.19,0,Legitimate,0.0,Electronics,PayPal,POS,Bengaluru,0,184,16.69,1467,10,1,2,7,0,0.2831552527312136,0,22.65242021849709,Low,0,False,NO_ALERT
T103632,CUST6267,2023-03-08 05:51:00,2023-03-01,49.05,0,Legitimate,0.0,Fashion,PayPal,POS,Bengaluru,0,39,469.53,1222,5,2,3,8,0,0.6448367663902563,0,51.58694131122051,High,1,True,HIGH
T103633,CUST2108,2023-12-22 02:35:00,2023-12-01,34.61,0,Legitimate,0.0,Fashion,PayPal,Mobile,Delhi,0,86,228.14,798,2,4,12,22,0,0.5853440530792215,0,46.82752424633773,Medium,0,False,NO_ALERT
T103634,CUST6494,2023-09-03 18:22:00,2023-09-01,7.88,0,Legitimate,0.0,Health,NetBanking,Mobile,Kolkata,0,4,265.33,153,18,6,9,3,1,0.21210382870218406,0,16.968306296174728,Low,0,False,NO_ALERT
T103635,CUST7316,2023-06-30 08:11:00,2023-06-01,53.26,0,Legitimate,0.0,Food,Debit Card,Desktop,Kolkata,0,48,494.32,1603,8,4,6,30,0,0.20425825252272733,0,16.34066020181819,Low,0,False,NO_ALERT
T103636,CUST7388,2023-10-30 23:22:00,2023-10-01,202.8,0,Legitimate,0.0,Electronics,PayPal,Mobile,Delhi,0,135,256.67,911,23,0,10,30,0,0.20063246586852837,0,16.05059726948227,Low,0,False,NO_ALERT
T103637,CUST3765,2023-04-01 15:55:00,2023-04-01,3.27,0,Legitimate,0.0,Travel,Debit Card,POS,Mumbai,0,60,474.39,790,15,5,4,1,1,0.23677574531453563,0,18.94205962516285,Low,0,False,NO_ALERT
T103638,CUST6937,2023-08-18 10:25:00,2023-08-01,27.56,0,Legitimate,0.0,Electronics,PayPal,Mobile,Delhi,0,168,458.46,1802,10,4,8,18,0,0.18802448641668448,0,15.04195891333476,Low,0,False,NO_ALERT
T103639,CUST3153,2023-03-24 00:12:00,2023-03-01,18.61,0,Legitimate,0.0,Health,UPI,POS,Delhi,0,8,471.24,1151,0,4,3,24,0,0.5776939485958108,0,46.21551588766487,Medium,0,False,NO_ALERT
T103640,CUST1710,2023-05-09 13:03:00,2023-05-01,21.76,0,Legitimate,0.0,Entertainment,UPI,Desktop,Hyderabad,0,124,408.06,1113,13,1,5,9,0,0.22710983225007872,0,18.168786580006298,Low,0,False,NO_ALERT
T103641,CUST7604,2024-01-24 03:03:00,2024-01-01,191.26,1,Fraudulent,191.26,Fashion,UPI,POS,Bengaluru,1,116,155.24,1072,3,2,1,24,0,0.8453945163611796,0,67.63156130889438,High,1,True,HIGH
T103642,CUST7797,2024-02-08 03:43:00,2024-02-01,50.5,1,Fraudulent,50.5,Food,PayPal,Mobile,Delhi,0,58,179.73,1177,3,3,2,8,0,0.6968965411503752,0,55.75172329203002,High,1,True,HIGH
T103643,CUST8917,2023-11-26 21:46:00,2023-11-01,50.23,0,Legitimate,0.0,Food,Debit Card,Mobile,Bengaluru,0,185,188.84,255,21,6,11,26,1,0.27870623162675406,0,22.296498530140326,Low,0,False,NO_ALERT
T103644,CUST3984,2023-04-18 01:28:00,2023-04-01,114.36,1,Fraudulent,114.36,Travel,NetBanking,Desktop,Bengaluru,0,35,489.8,641,1,1,4,18,0,0.7024939821781204,0,56.19951857424964,High,1,True,HIGH
T103645,CUST5775,2023-08-03 19:44:00,2023-08-01,13.43,0,Legitimate,0.0,Food,Credit Card,Mobile,Hyderabad,0,73,186.77,353,19,3,8,3,0,0.2347122478648271,0,18.77697982918617,Low,0,False,NO_ALERT
T103646,CUST9150,2023-09-03 03:11:00,2023-09-01,53.44,1,Fraudulent,53.44,Health,NetBanking,Desktop,Bengaluru,1,115,63.26,1959,3,6,9,3,1,0.8502521452905605,1,88.02017162324483,Critical,1,True,CRITICAL
T103647,CUST6031,2024-02-09 20:51:00,2024-02-01,44.97,0,Legitimate,0.0,Health,PayPal,Desktop,Pune,0,13,391.38,1070,20,4,2,9,0,0.22627207806147148,0,18.10176624491772,Low,0,False,NO_ALERT
T103648,CUST4148,2023-12-01 20:07:00,2023-12-01,72.69,0,Legitimate,0.0,Health,UPI,Mobile,Delhi,0,39,189.37,1813,20,4,12,1,0,0.25223138674599954,0,20.178510939679967,Low,0,False,NO_ALERT
T103649,CUST1529,2024-01-08 13:07:00,2024-01-01,617.88,1,Fraudulent,617.88,Food,UPI,POS,Bengaluru,0,84,314.26,1133,13,0,1,8,0,0.5054709654858386,1,60.43767723886709,High,1,True,HIGH
T103650,CUST6759,2023-10-22 11:24:00,2023-10-01,117.38,0,Legitimate,0.0,Food,Debit Card,Desktop,Mumbai,0,21,462.94,626,11,6,10,22,1,0.21835414688425345,0,17.468331750740276,Low,0,False,NO_ALERT
T103651,CUST6306,2023-09-25 14:31:00,2023-09-01,40.58,1,Fraudulent,40.58,Health,PayPal,POS,Mumbai,0,47,292.0,1913,14,0,9,25,0,0.3618721009469752,0,28.949768075758016,Medium,0,False,NO_ALERT
T103652,CUST9353,2023-07-30 17:41:00,2023-07-01,140.61,0,Legitimate,0.0,Food,NetBanking,Mobile,Hyderabad,0,2,322.47,1509,17,6,7,30,1,0.23874241102566024,0,19.099392882052822,Low,0,False,NO_ALERT
T103653,CUST7651,2023-07-13 06:51:00,2023-07-01,14.97,0,Legitimate,0.0,Utilities,PayPal,POS,Pune,0,44,325.0,570,6,3,7,13,0,0.2066775560128356,0,16.534204481026848,Low,0,False,NO_ALERT
T103654,CUST1736,2023-01-30 06:29:00,2023-01-01,2.47,0,Legitimate,0.0,Food,PayPal,POS,Kolkata,0,30,310.08,675,6,0,1,30,0,0.22347332606039277,0,17.87786608483142,Low,0,False,NO_ALERT
T103655,CUST2726,2023-01-19 16:02:00,2023-01-01,18.3,0,Legitimate,0.0,Utilities,UPI,POS,Kolkata,0,128,88.29,1019,16,3,1,19,0,0.2132786012824667,0,17.062288102597336,Low,0,False,NO_ALERT
T103656,CUST9155,2024-01-30 18:09:00,2024-01-01,33.29,0,Legitimate,0.0,Fashion,NetBanking,POS,Delhi,0,55,233.64,735,18,1,1,30,0,0.19155397904424892,0,15.324318323539913,Low,0,False,NO_ALERT
T103657,CUST7926,2023-03-29 17:04:00,2023-03-01,57.16,0,Legitimate,0.0,Electronics,Credit Card,Mobile,Hyderabad,0,40,13.76,660,17,2,3,29,0,0.24538698544099155,1,39.63095883527933,Medium,0,False,NO_ALERT
T103658,CUST3824,2023-02-24 20:42:00,2023-02-01,76.39,0,Legitimate,0.0,Grocery,UPI,Mobile,Mumbai,0,97,316.87,1431,20,4,2,24,0,0.2168543798006931,0,17.348350384055447,Low,0,False,NO_ALERT
T103659,CUST2813,2023-06-20 22:04:00,2023-06-01,193.18,0,Legitimate,0.0,Utilities,NetBanking,POS,Pune,0,92,291.93,908,22,1,6,20,0,0.199848461355741,0,15.98787690845928,Low,0,False,NO_ALERT
T103660,CUST3412,2023-06-18 19:22:00,2023-06-01,57.04,0,Legitimate,0.0,Utilities,Debit Card,Mobile,Delhi,0,24,165.89,220,19,6,6,18,1,0.23004869962694,0,18.4038959701552,Low,0,False,NO_ALERT
T103661,CUST6636,2023-11-04 05:49:00,2023-11-01,55.66,1,Fraudulent,55.66,Food,UPI,Mobile,Bengaluru,0,170,266.71,1980,5,5,11,4,1,0.6876550685804722,0,55.01240548643778,High,1,True,HIGH
T103662,CUST5942,2023-05-08 07:51:00,2023-05-01,4.12,0,Legitimate,0.0,Grocery,Debit Card,Desktop,Delhi,0,28,251.6,1718,7,0,5,8,0,0.26841493732647154,0,21.473194986117726,Low,0,False,NO_ALERT
T103663,CUST4264,2023-06-15 11:32:00,2023-06-01,2.84,0,Legitimate,0.0,Entertainment,UPI,Mobile,Chennai,0,117,132.95,884,11,3,6,15,0,0.22398144259614522,0,17.91851540769162,Low,0,False,NO_ALERT
T103664,CUST9553,2023-09-07 01:25:00,2023-09-01,64.09,0,Legitimate,0.0,Grocery,PayPal,POS,Delhi,0,105,153.71,520,1,3,9,7,0,0.6080854199391286,0,48.64683359513029,Medium,0,False,NO_ALERT
T103665,CUST2361,2024-01-23 17:55:00,2024-01-01,46.13,0,Legitimate,0.0,Fashion,NetBanking,Mobile,Bengaluru,0,93,383.65,434,17,1,1,23,0,0.21706078116879182,0,17.36486249350335,Low,0,False,NO_ALERT
T103666,CUST6655,2023-05-13 05:57:00,2023-05-01,146.2,0,Legitimate,0.0,Utilities,Debit Card,Mobile,Chennai,0,98,380.31,1325,5,5,5,13,1,0.6411000799453774,0,51.28800639563019,High,1,True,HIGH
T103667,CUST3610,2023-07-06 01:29:00,2023-07-01,14.01,0,Legitimate,0.0,Food,UPI,Mobile,Kolkata,0,179,240.19,1697,1,3,7,6,0,0.6398301158282631,0,51.18640926626105,High,1,True,HIGH
T103668,CUST4001,2023-09-04 09:24:00,2023-09-01,2.02,0,Legitimate,0.0,Health,Debit Card,Mobile,Pune,0,150,361.58,904,9,0,9,4,0,0.23193211217728643,0,18.554568974182914,Low,0,False,NO_ALERT
T103669,CUST3976,2023-08-25 00:00:00,2023-08-01,47.69,0,Legitimate,0.0,Grocery,UPI,Desktop,Hyderabad,0,89,230.89,459,0,4,8,25,0,0.5963946446827749,0,47.711571574622,Medium,0,False,NO_ALERT
T103670,CUST4218,2023-02-05 06:13:00,2023-02-01,21.69,0,Legitimate,0.0,Food,UPI,POS,Pune,0,78,427.17,549,6,6,2,5,1,0.2584357715353471,0,20.674861722827767,Low,0,False,NO_ALERT
T103671,CUST1820,2023-03-16 17:37:00,2023-03-01,4.07,0,Legitimate,0.0,Travel,Credit Card,POS,Delhi,0,74,173.08,1699,17,3,3,16,0,0.23517935293474912,0,18.81434823477993,Low,0,False,NO_ALERT
T103672,CUST7173,2023-04-12 01:05:00,2023-04-01,103.16,0,Legitimate,0.0,Entertainment,Credit Card,Mobile,Kolkata,0,136,464.37,922,1,2,4,12,0,0.625649197759191,0,50.05193582073528,High,1,True,HIGH
T103673,CUST4277,2023-04-27 01:07:00,2023-04-01,9.47,1,Fraudulent,9.47,Health,Credit Card,Mobile,Hyderabad,1,14,275.72,1437,1,3,4,27,0,0.8158371458075111,1,85.26697166460089,Critical,1,True,CRITICAL
T103674,CUST8113,2023-04-12 15:31:00,2023-04-01,74.98,0,Legitimate,0.0,Travel,Debit Card,Desktop,Delhi,0,45,272.49,850,15,2,4,12,0,0.24088008037819356,0,19.270406430255488,Low,0,False,NO_ALERT
T103675,CUST9146,2023-05-23 16:52:00,2023-05-01,26.4,0,Legitimate,0.0,Travel,PayPal,Mobile,Mumbai,0,38,338.7,916,16,1,5,23,0,0.23963683598592536,0,19.17094687887403,Low,0,False,NO_ALERT
T103676,CUST1589,2023-08-29 06:01:00,2023-08-01,15.24,0,Legitimate,0.0,Grocery,UPI,Desktop,Mumbai,0,160,177.02,1245,6,1,8,29,0,0.3138142316284369,0,25.105138530274957,Medium,0,False,NO_ALERT
T103677,CUST4887,2024-02-04 14:00:00,2024-02-01,38.21,0,Legitimate,0.0,Travel,NetBanking,POS,Bengaluru,0,62,364.92,1656,14,6,2,4,1,0.22938369052663632,0,18.350695242130907,Low,0,False,NO_ALERT
T103678,CUST2977,2023-01-24 10:16:00,2023-01-01,129.34,0,Legitimate,0.0,Fashion,Credit Card,POS,Kolkata,0,96,167.01,464,10,1,1,24,0,0.23390149567778618,0,18.712119654222896,Low,0,False,NO_ALERT
T103679,CUST3515,2023-02-02 06:12:00,2023-02-01,39.82,0,Legitimate,0.0,Fashion,Debit Card,Desktop,Kolkata,0,67,204.79,1814,6,3,2,2,0,0.27909276845079556,0,22.32742147606365,Low,0,False,NO_ALERT
T103680,CUST7328,2023-01-21 10:20:00,2023-01-01,111.15,0,Legitimate,0.0,Grocery,Debit Card,POS,Pune,0,61,340.6,1817,10,5,1,21,1,0.19875987618790142,0,15.900790095032114,Low,0,False,NO_ALERT
T103681,CUST2700,2023-08-31 18:09:00,2023-08-01,10.73,0,Legitimate,0.0,Food,Debit Card,Mobile,Mumbai,0,13,195.44,92,18,3,8,31,0,0.24509257145422275,0,19.607405716337823,Low,0,False,NO_ALERT
T103682,CUST7977,2024-02-04 20:14:00,2024-02-01,118.54,0,Legitimate,0.0,Electronics,NetBanking,Mobile,Chennai,0,119,107.99,1269,20,6,2,4,1,0.17484476532673252,0,13.987581226138602,Low,0,False,NO_ALERT
T103683,CUST1896,2023-05-23 05:34:00,2023-05-01,21.63,0,Legitimate,0.0,Food,NetBanking,Desktop,Chennai,0,87,437.23,163,5,1,5,23,0,0.6470278739766315,0,51.76222991813053,High,1,True,HIGH
T103684,CUST6359,2024-01-19 23:45:00,2024-01-01,90.51,0,Legitimate,0.0,Food,Credit Card,POS,Kolkata,0,83,461.86,987,23,4,1,19,0,0.23554632243072718,0,18.843705794458174,Low,0,False,NO_ALERT
T103685,CUST8580,2023-07-26 05:48:00,2023-07-01,66.74,0,Legitimate,0.0,Food,NetBanking,POS,Kolkata,0,80,317.1,648,5,2,7,26,0,0.6329630849205238,0,50.6370467936419,High,1,True,HIGH
T103686,CUST7547,2023-12-03 01:37:00,2023-12-01,211.77,0,Legitimate,0.0,Food,Credit Card,Desktop,Delhi,0,47,407.46,1214,1,6,12,3,1,0.5943994530380309,1,67.55195624304247,High,1,True,HIGH
T103687,CUST6640,2023-12-31 23:44:00,2023-12-01,39.19,0,Legitimate,0.0,Health,NetBanking,Desktop,Kolkata,0,111,493.46,1311,23,6,12,31,1,0.2279509247680903,0,18.236073981447227,Low,0,False,NO_ALERT
T103688,CUST2601,2023-12-24 02:32:00,2023-12-01,5.48,0,Legitimate,0.0,Electronics,NetBanking,POS,Hyderabad,0,114,311.24,454,2,6,12,24,1,0.5092264870131724,0,40.7381189610538,Medium,0,False,NO_ALERT
T103689,CUST7399,2023-01-26 23:29:00,2023-01-01,1.55,0,Legitimate,0.0,Health,NetBanking,Desktop,Chennai,0,54,455.31,1581,23,3,1,26,0,0.18935907983741146,0,15.148726386992918,Low,0,False,NO_ALERT
T103690,CUST5600,2023-11-07 18:36:00,2023-11-01,140.29,0,Legitimate,0.0,Travel,Credit Card,Mobile,Delhi,0,71,186.03,387,18,1,11,7,0,0.23746040032302418,0,18.996832025841936,Low,0,False,NO_ALERT
T103691,CUST2533,2024-01-28 20:35:00,2024-01-01,59.51,0,Legitimate,0.0,Entertainment,UPI,POS,Hyderabad,0,180,353.23,1428,20,6,1,28,1,0.23050640283832205,0,18.440512227065764,Low,0,False,NO_ALERT
T103692,CUST6469,2023-06-11 16:01:00,2023-06-01,119.42,0,Legitimate,0.0,Food,Credit Card,Desktop,Kolkata,0,72,37.34,1624,16,6,6,11,1,0.29396139979265257,1,43.51691198341221,Medium,0,False,NO_ALERT
T103693,CUST8749,2023-07-19 07:09:00,2023-07-01,21.37,0,Legitimate,0.0,Entertainment,UPI,Desktop,Kolkata,0,25,396.6,1062,7,2,7,19,0,0.24454598425596433,0,19.563678740477147,Low,0,False,NO_ALERT
T103694,CUST8180,2024-01-25 07:58:00,2024-01-01,33.86,0,Legitimate,0.0,Fashion,Debit Card,Desktop,Mumbai,0,23,416.6,1040,7,3,1,25,0,0.2487637789325384,0,19.901102314603072,Low,0,False,NO_ALERT
T103695,CUST1253,2024-01-25 04:38:00,2024-01-01,2.45,0,Legitimate,0.0,Grocery,Debit Card,POS,Delhi,0,158,206.58,226,4,3,1,25,0,0.4618396742896929,0,36.947173943175436,Medium,0,False,NO_ALERT
T103696,CUST1349,2024-01-15 07:36:00,2024-01-01,260.55,0,Legitimate,0.0,Grocery,Credit Card,Mobile,Hyderabad,0,11,323.09,1170,7,0,1,15,0,0.2594867908294052,0,20.758943266352418,Low,0,False,NO_ALERT
T103697,CUST9081,2023-10-21 07:10:00,2023-10-01,88.18,0,Legitimate,0.0,Health,UPI,Mobile,Bengaluru,0,163,430.6,1063,7,5,10,21,1,0.2789159275938309,0,22.31327420750647,Low,0,False,NO_ALERT
T103698,CUST2873,2023-02-13 11:15:00,2023-02-01,216.49,0,Legitimate,0.0,Health,UPI,POS,Kolkata,0,27,442.97,891,11,0,2,13,0,0.2744663689592026,0,21.957309516736213,Low,0,False,NO_ALERT
T103699,CUST2590,2023-04-13 06:03:00,2023-04-01,24.68,1,Fraudulent,24.68,Fashion,UPI,Desktop,Pune,1,117,62.2,548,6,3,4,13,0,0.7975798674884642,0,63.80638939907714,High,1,True,HIGH
T103700,CUST7483,2023-11-01 00:16:00,2023-11-01,75.63,1,Fraudulent,75.63,Food,Debit Card,POS,Pune,0,67,415.47,378,0,2,11,1,0,0.7106645893985071,0,56.85316715188057,High,1,True,HIGH
T103701,CUST3010,2023-07-19 04:55:00,2023-07-01,90.78,0,Legitimate,0.0,Entertainment,Credit Card,POS,Kolkata,0,47,144.38,1759,4,2,7,19,0,0.5998720268847425,0,47.9897621507794,Medium,0,False,NO_ALERT
T103702,CUST1700,2023-12-19 02:22:00,2023-12-01,30.57,0,Legitimate,0.0,Utilities,PayPal,Desktop,Bengaluru,1,178,366.38,1457,2,1,12,19,0,0.7339603540395082,0,58.716828323160655,High,1,True,HIGH
T103703,CUST6069,2023-02-08 03:10:00,2023-02-01,150.77,1,Fraudulent,150.77,Entertainment,UPI,POS,Chennai,0,8,169.33,1688,3,2,2,8,0,0.7960024468091629,0,63.680195744733034,High,1,True,HIGH
T103704,CUST4143,2023-10-17 12:59:00,2023-10-01,235.24,0,Legitimate,0.0,Electronics,UPI,Mobile,Pune,0,183,37.6,604,12,1,10,17,0,0.24545493649451317,1,39.636394919561056,Medium,0,False,NO_ALERT
T103705,CUST5579,2023-08-17 08:57:00,2023-08-01,172.93,0,Legitimate,0.0,Travel,PayPal,POS,Hyderabad,0,77,112.84,1057,8,3,8,17,0,0.2201370710305881,0,17.61096568244705,Low,0,False,NO_ALERT
T103706,CUST9513,2023-01-21 00:10:00,2023-01-01,107.48,0,Legitimate,0.0,Grocery,Credit Card,Desktop,Kolkata,0,170,210.25,1849,0,5,1,21,1,0.5673469045430289,0,45.38775236344232,Medium,0,False,NO_ALERT
T103707,CUST8803,2023-12-14 05:22:00,2023-12-01,26.0,0,Legitimate,0.0,Travel,UPI,POS,Kolkata,0,67,373.2,357,5,3,12,14,0,0.5800484387097675,0,46.403875096781405,Medium,0,False,NO_ALERT
T103708,CUST7819,2023-05-22 14:01:00,2023-05-01,26.46,0,Legitimate,0.0,Electronics,Credit Card,Mobile,Kolkata,0,148,59.34,1815,14,0,5,22,0,0.16946099522048885,0,13.55687961763911,Low,0,False,NO_ALERT
T103709,CUST4671,2024-01-04 09:51:00,2024-01-01,264.53,0,Legitimate,0.0,Health,UPI,POS,Bengaluru,0,173,408.34,541,9,3,1,4,0,0.27404433486526075,0,21.92354678922086,Low,0,False,NO_ALERT
T103710,CUST6110,2024-02-07 20:46:00,2024-02-01,0.83,0,Legitimate,0.0,Entertainment,NetBanking,POS,Chennai,0,35,498.51,960,20,2,2,7,0,0.21944088075230384,0,17.555270460184307,Low,0,False,NO_ALERT
T103711,CUST6502,2023-07-24 22:27:00,2023-07-01,100.72,1,Fraudulent,100.72,Grocery,UPI,POS,Delhi,1,77,396.25,159,22,0,7,24,0,0.7447352913720171,1,79.57882330976136,Critical,1,True,CRITICAL
T103712,CUST3493,2023-10-05 12:00:00,2023-10-01,98.0,0,Legitimate,0.0,Travel,NetBanking,POS,Kolkata,0,148,242.13,1990,12,3,10,5,0,0.21679859533577706,0,17.343887626862166,Low,0,False,NO_ALERT
T103713,CUST3578,2023-05-07 15:59:00,2023-05-01,77.97,0,Legitimate,0.0,Utilities,Credit Card,Desktop,Delhi,0,24,288.4,1977,15,6,5,7,1,0.2454456796338901,0,19.635654370711208,Low,0,False,NO_ALERT
T103714,CUST8238,2024-01-15 06:29:00,2024-01-01,369.29,0,Legitimate,0.0,Health,UPI,Mobile,Hyderabad,0,185,13.02,616,6,0,1,15,0,0.37982312390346323,1,50.38584991227706,High,1,True,HIGH
T103715,CUST4587,2023-02-24 09:41:00,2023-02-01,29.9,0,Legitimate,0.0,Electronics,Debit Card,Mobile,Hyderabad,0,55,112.54,513,9,4,2,24,0,0.1828613107224118,0,14.628904857792945,Low,0,False,NO_ALERT
T103716,CUST1434,2023-06-20 05:02:00,2023-06-01,33.24,0,Legitimate,0.0,Utilities,Debit Card,Mobile,Hyderabad,0,137,450.5,1894,5,1,6,20,0,0.5711258911328204,0,45.69007129062564,Medium,0,False,NO_ALERT
T103717,CUST9875,2023-10-07 21:48:00,2023-10-01,6.58,0,Legitimate,0.0,Travel,PayPal,POS,Pune,0,94,20.65,387,21,5,10,7,1,0.24801784161029392,0,19.841427328823514,Low,0,False,NO_ALERT
T103718,CUST3610,2023-02-02 04:26:00,2023-02-01,46.79,1,Fraudulent,46.79,Utilities,Debit Card,Mobile,Hyderabad,0,144,453.35,414,4,3,2,2,0,0.7069068245196624,0,56.552545961572996,High,1,True,HIGH
T103719,CUST9700,2023-03-20 02:26:00,2023-03-01,24.2,0,Legitimate,0.0,Entertainment,NetBanking,Desktop,Kolkata,0,183,65.49,283,2,0,3,20,0,0.5464269469363012,0,43.7141557549041,Medium,0,False,NO_ALERT
T103720,CUST2608,2023-09-24 17:22:00,2023-09-01,33.65,0,Legitimate,0.0,Food,Debit Card,POS,Bengaluru,0,58,75.21,1976,17,6,9,24,1,0.2316272459267935,0,18.53017967414348,Low,0,False,NO_ALERT
T103721,CUST5008,2023-09-21 05:05:00,2023-09-01,143.94,0,Legitimate,0.0,Utilities,Debit Card,POS,Bengaluru,0,64,95.92,864,5,3,9,21,0,0.543439022219078,0,43.47512177752625,Medium,0,False,NO_ALERT
T103722,CUST5253,2024-01-08 03:26:00,2024-01-01,219.27,1,Fraudulent,219.27,Health,Debit Card,Mobile,Chennai,0,76,401.7,1220,3,0,1,8,0,0.7282883092210544,0,58.26306473768435,High,1,True,HIGH
T103723,CUST8212,2023-02-18 10:05:00,2023-02-01,16.44,0,Legitimate,0.0,Electronics,UPI,POS,Bengaluru,0,115,244.31,1766,10,5,2,18,1,0.22375494511352212,0,17.90039560908177,Low,0,False,NO_ALERT
T103724,CUST7904,2023-03-01 10:37:00,2023-03-01,37.28,1,Fraudulent,37.28,Travel,PayPal,POS,Pune,1,49,81.15,1733,10,2,3,1,0,0.7192238117800478,1,77.53790494240383,Critical,1,True,CRITICAL
T103725,CUST3637,2024-02-18 02:46:00,2024-02-01,211.19,0,Legitimate,0.0,Entertainment,Credit Card,Mobile,Delhi,0,29,346.53,825,2,6,2,18,1,0.5435645062031786,1,63.485160496254295,High,1,True,HIGH
T103726,CUST6299,2023-09-21 00:45:00,2023-09-01,5.1,0,Legitimate,0.0,Food,PayPal,Desktop,Chennai,0,118,470.94,498,0,3,9,21,0,0.5598999322287475,0,44.7919945782998,Medium,0,False,NO_ALERT
T103727,CUST5544,2023-09-26 14:53:00,2023-09-01,7.75,0,Legitimate,0.0,Food,NetBanking,Desktop,Bengaluru,0,82,290.5,1913,14,1,9,26,0,0.2127396234269893,0,17.019169874159143,Low,0,False,NO_ALERT
T103728,CUST4902,2023-11-20 03:06:00,2023-11-01,14.21,0,Legitimate,0.0,Electronics,UPI,Mobile,Hyderabad,0,7,58.36,522,3,0,11,20,0,0.5565030253913471,0,44.520242031307774,Medium,0,False,NO_ALERT
T103729,CUST1885,2023-09-13 10:47:00,2023-09-01,72.35,0,Legitimate,0.0,Fashion,UPI,Desktop,Bengaluru,0,77,36.83,949,10,2,9,13,0,0.23531727192696528,0,18.825381754157224,Low,0,False,NO_ALERT
T103730,CUST9441,2023-04-25 07:45:00,2023-04-01,13.05,0,Legitimate,0.0,Entertainment,Debit Card,Desktop,Mumbai,0,122,399.98,1391,7,1,4,25,0,0.2532112051629425,0,20.256896413035403,Low,0,False,NO_ALERT
T103731,CUST8211,2023-07-02 11:38:00,2023-07-01,275.55,1,Fraudulent,275.55,Entertainment,Debit Card,Desktop,Chennai,0,69,316.78,80,11,6,7,2,1,0.3826863517103128,0,30.614908136825022,Medium,0,False,NO_ALERT
T103732,CUST3211,2023-11-20 11:39:00,2023-11-01,47.35,0,Legitimate,0.0,Grocery,NetBanking,POS,Kolkata,0,90,462.1,1109,11,0,11,20,0,0.21350121081733228,0,17.080096865386583,Low,0,False,NO_ALERT
T103733,CUST9383,2023-10-11 21:03:00,2023-10-01,55.7,0,Legitimate,0.0,Electronics,UPI,POS,Kolkata,0,2,278.15,102,21,2,10,11,0,0.23184805886774446,0,18.547844709419557,Low,0,False,NO_ALERT
T103734,CUST6861,2023-09-04 01:14:00,2023-09-01,22.66,1,Fraudulent,22.66,Food,Credit Card,POS,Pune,0,161,40.57,1847,1,0,9,4,0,0.7083910945226293,0,56.671287561810345,High,1,True,HIGH
T103735,CUST4021,2024-02-07 12:59:00,2024-02-01,50.94,0,Legitimate,0.0,Food,PayPal,Desktop,Bengaluru,0,176,207.81,629,12,2,2,7,0,0.27727831641702105,0,22.182265313361686,Low,0,False,NO_ALERT
T103736,CUST3834,2023-08-16 20:47:00,2023-08-01,86.76,0,Legitimate,0.0,Utilities,UPI,POS,Bengaluru,0,37,332.42,81,20,2,8,16,0,0.23367020185102003,0,18.693616148081603,Low,0,False,NO_ALERT
T103737,CUST1191,2024-01-28 20:44:00,2024-01-01,111.28,0,Legitimate,0.0,Electronics,Credit Card,Desktop,Pune,0,89,198.59,154,20,6,1,28,1,0.18976771260957156,0,15.181417008765727,Low,0,False,NO_ALERT
T103738,CUST6636,2024-02-10 04:36:00,2024-02-01,112.15,0,Legitimate,0.0,Fashion,Credit Card,Mobile,Delhi,0,127,499.8,291,4,5,2,10,1,0.5084845960711492,0,40.67876768569194,Medium,0,False,NO_ALERT
T103739,CUST4487,2023-07-18 01:02:00,2023-07-01,69.0,1,Fraudulent,69.0,Grocery,PayPal,Desktop,Hyderabad,0,103,208.64,984,1,1,7,18,0,0.662896344128632,0,53.03170753029056,High,1,True,HIGH
T103740,CUST1414,2023-11-04 10:20:00,2023-11-01,187.77,0,Legitimate,0.0,Travel,Credit Card,POS,Hyderabad,0,30,277.66,1938,10,5,11,4,1,0.24332447291023615,0,19.465957832818894,Low,0,False,NO_ALERT
T103741,CUST4132,2024-01-26 14:53:00,2024-01-01,136.04,0,Legitimate,0.0,Electronics,NetBanking,Desktop,Delhi,0,41,120.44,1833,14,4,1,26,0,0.17036288316682263,0,13.629030653345811,Low,0,False,NO_ALERT
T103742,CUST2446,2023-07-28 15:30:00,2023-07-01,113.19,0,Legitimate,0.0,Grocery,Credit Card,POS,Delhi,0,4,84.55,1628,15,4,7,28,0,0.19221187679659985,0,15.376950143727989,Low,0,False,NO_ALERT
T103743,CUST2897,2023-04-16 02:55:00,2023-04-01,4.58,0,Legitimate,0.0,Entertainment,NetBanking,POS,Mumbai,0,83,326.2,1601,2,6,4,16,1,0.5635667515889343,0,45.08534012711475,Medium,0,False,NO_ALERT
T103744,CUST1585,2023-06-15 15:22:00,2023-06-01,0.55,0,Legitimate,0.0,Grocery,Credit Card,Mobile,Pune,0,111,298.42,1574,15,3,6,15,0,0.15807981011101602,0,12.646384808881281,Low,0,False,NO_ALERT
T103745,CUST7953,2023-06-12 19:24:00,2023-06-01,19.11,0,Legitimate,0.0,Utilities,Debit Card,Mobile,Chennai,0,167,12.13,359,19,0,6,12,0,0.22215122515202118,0,17.772098012161695,Low,0,False,NO_ALERT
T103746,CUST4504,2023-11-05 18:09:00,2023-11-01,87.14,0,Legitimate,0.0,Health,Credit Card,POS,Hyderabad,0,24,149.54,1376,18,6,11,5,1,0.25803143566595765,0,20.642514853276612,Low,0,False,NO_ALERT
T103747,CUST3421,2023-01-14 02:50:00,2023-01-01,42.37,0,Legitimate,0.0,Food,NetBanking,Desktop,Delhi,0,50,325.35,270,2,5,1,14,1,0.5261525453669256,0,42.09220362935405,Medium,0,False,NO_ALERT
T103748,CUST5251,2023-12-13 17:38:00,2023-12-01,41.19,0,Legitimate,0.0,Utilities,Credit Card,Mobile,Delhi,0,37,408.0,1338,17,2,12,13,0,0.2532272086127871,0,20.258176689022967,Low,0,False,NO_ALERT
T103749,CUST3226,2023-01-07 08:36:00,2023-01-01,172.74,0,Legitimate,0.0,Travel,Credit Card,Mobile,Pune,0,181,163.06,1892,8,5,1,7,1,0.24369386733454942,0,19.495509386763956,Low,0,False,NO_ALERT
T103750,CUST2217,2023-02-06 23:46:00,2023-02-01,180.73,0,Legitimate,0.0,Electronics,Credit Card,POS,Kolkata,0,25,327.24,1655,23,0,2,6,0,0.2743441588696839,1,41.947532709574716,Medium,0,False,NO_ALERT
T103751,CUST7692,2023-01-23 23:19:00,2023-01-01,191.91,0,Legitimate,0.0,Utilities,NetBanking,Desktop,Chennai,0,93,139.98,1317,23,0,1,23,0,0.16854808186558906,0,13.483846549247126,Low,0,False,NO_ALERT
T103752,CUST5659,2023-10-19 15:33:00,2023-10-01,30.14,0,Legitimate,0.0,Food,Credit Card,Mobile,Delhi,0,125,348.29,1352,15,3,10,19,0,0.23756743143878642,0,19.005394515102914,Low,0,False,NO_ALERT
T103753,CUST7154,2024-02-20 18:18:00,2024-02-01,93.97,0,Legitimate,0.0,Health,PayPal,Mobile,Kolkata,0,31,351.99,1258,18,1,2,20,0,0.2464020569053653,0,19.712164552429225,Low,0,False,NO_ALERT
T103754,CUST4787,2023-03-17 18:51:00,2023-03-01,25.36,0,Legitimate,0.0,Utilities,PayPal,Desktop,Mumbai,0,92,73.81,320,18,4,3,17,0,0.22363208988356398,0,17.89056719068512,Low,0,False,NO_ALERT
T103755,CUST7862,2024-01-14 17:22:00,2024-01-01,16.92,0,Legitimate,0.0,Health,NetBanking,Mobile,Chennai,0,38,335.89,240,17,6,1,14,1,0.19713682853485612,1,35.770946282788486,Medium,0,False,NO_ALERT
T103756,CUST4065,2023-08-05 22:33:00,2023-08-01,16.33,0,Legitimate,0.0,Utilities,Debit Card,Desktop,Kolkata,0,127,173.45,1419,22,5,8,5,1,0.22452187182141212,0,17.96174974571297,Low,0,False,NO_ALERT
T103757,CUST9546,2023-04-02 06:17:00,2023-04-01,33.5,0,Legitimate,0.0,Food,PayPal,POS,Mumbai,0,58,94.57,1843,6,6,4,2,1,0.3112664293317707,0,24.901314346541653,Low,0,False,NO_ALERT
T103758,CUST4857,2023-03-28 05:29:00,2023-03-01,44.96,0,Legitimate,0.0,Fashion,UPI,Mobile,Bengaluru,0,181,255.18,1517,5,1,3,28,0,0.5682378175156021,0,45.45902540124817,Medium,0,False,NO_ALERT
T103759,CUST8553,2023-07-18 11:26:00,2023-07-01,142.2,0,Legitimate,0.0,Grocery,PayPal,POS,Hyderabad,0,114,231.63,748,11,1,7,18,0,0.22887941920668406,0,18.310353536534727,Low,0,False,NO_ALERT
T103760,CUST5814,2023-08-19 03:30:00,2023-08-01,10.22,0,Legitimate,0.0,Electronics,UPI,Desktop,Delhi,0,50,389.2,351,3,5,8,19,1,0.5539075073305125,0,44.31260058644101,Medium,0,False,NO_ALERT
T103761,CUST6851,2023-03-22 17:21:00,2023-03-01,106.22,0,Legitimate,0.0,Electronics,NetBanking,POS,Kolkata,0,132,51.41,387,17,2,3,22,0,0.15758217207780717,0,12.606573766224574,Low,0,False,NO_ALERT
T103762,CUST4150,2023-10-19 17:18:00,2023-10-01,60.65,0,Legitimate,0.0,Electronics,Debit Card,POS,Chennai,0,92,396.98,946,17,3,10,19,0,0.2029570788450762,0,16.236566307606093,Low,0,False,NO_ALERT
T103763,CUST6465,2023-12-26 18:09:00,2023-12-01,27.17,0,Legitimate,0.0,Food,UPI,POS,Mumbai,0,180,61.98,123,18,1,12,26,0,0.25934951940151396,0,20.74796155212112,Low,0,False,NO_ALERT
T103764,CUST9390,2023-11-01 06:59:00,2023-11-01,54.31,0,Legitimate,0.0,Entertainment,UPI,Desktop,Hyderabad,0,159,111.65,740,6,2,11,1,0,0.27815452375453686,0,22.252361900362953,Low,0,False,NO_ALERT
T103765,CUST2040,2023-06-09 20:34:00,2023-06-01,28.53,0,Legitimate,0.0,Fashion,PayPal,Desktop,Hyderabad,0,78,262.78,1916,20,4,6,9,0,0.20935284308502122,0,16.7482274468017,Low,0,False,NO_ALERT
T103766,CUST6940,2023-03-28 06:57:00,2023-03-01,72.52,0,Legitimate,0.0,Travel,UPI,Desktop,Delhi,0,142,236.96,198,6,1,3,28,0,0.24239861854705155,0,19.391889483764125,Low,0,False,NO_ALERT
T103767,CUST3967,2023-10-23 11:59:00,2023-10-01,45.51,1,Fraudulent,45.51,Health,NetBanking,Desktop,Kolkata,1,129,494.54,1350,11,0,10,23,0,0.7469982637472793,0,59.75986109978235,High,1,True,HIGH
T103768,CUST3493,2023-11-27 14:54:00,2023-11-01,14.37,0,Legitimate,0.0,Food,NetBanking,Desktop,Hyderabad,0,43,298.84,1998,14,0,11,27,0,0.21204668418568265,0,16.96373473485461,Low,0,False,NO_ALERT
T103769,CUST4923,2023-04-12 05:23:00,2023-04-01,9.92,0,Legitimate,0.0,Entertainment,NetBanking,Mobile,Delhi,0,118,170.44,1792,5,2,4,12,0,0.6094405642602245,0,48.75524514081797,Medium,0,False,NO_ALERT
T103770,CUST8255,2023-05-31 03:26:00,2023-05-01,63.3,1,Fraudulent,63.3,Travel,PayPal,Mobile,Kolkata,0,59,451.07,545,3,2,5,31,0,0.6884887129589443,0,55.079097036715545,High,1,True,HIGH
T103771,CUST4582,2023-12-13 17:47:00,2023-12-01,186.16,0,Legitimate,0.0,Health,Debit Card,Mobile,Kolkata,0,61,162.99,127,17,2,12,13,0,0.216157921118603,0,17.292633689488238,Low,0,False,NO_ALERT
T103772,CUST6709,2023-09-27 00:06:00,2023-09-01,33.72,0,Legitimate,0.0,Health,PayPal,POS,Bengaluru,0,41,144.15,1758,0,2,9,27,0,0.612017329133313,0,48.96138633066504,Medium,0,False,NO_ALERT
T103773,CUST6961,2023-06-10 15:31:00,2023-06-01,105.64,0,Legitimate,0.0,Fashion,NetBanking,POS,Delhi,0,18,252.24,1831,15,5,6,10,1,0.22783355184121906,0,18.226684147297526,Low,0,False,NO_ALERT
T103774,CUST3597,2023-07-26 09:47:00,2023-07-01,85.99,0,Legitimate,0.0,Grocery,PayPal,Desktop,Pune,0,188,457.46,379,9,2,7,26,0,0.23779814672018046,0,19.023851737614436,Low,0,False,NO_ALERT
T103775,CUST6225,2023-08-14 18:07:00,2023-08-01,214.54,0,Legitimate,0.0,Electronics,NetBanking,Desktop,Mumbai,0,197,357.17,765,18,0,8,14,0,0.19051123594969813,0,15.240898875975851,Low,0,False,NO_ALERT
T103776,CUST4019,2024-02-11 20:00:00,2024-02-01,137.62,0,Legitimate,0.0,Utilities,Credit Card,Mobile,Pune,0,79,341.97,608,20,6,2,11,1,0.22515210372931743,0,18.012168298345397,Low,0,False,NO_ALERT
T103777,CUST9882,2023-04-13 16:43:00,2023-04-01,66.89,0,Legitimate,0.0,Travel,Credit Card,Desktop,Kolkata,0,187,365.78,1703,16,3,4,13,0,0.2445602484396097,0,19.564819875168777,Low,0,False,NO_ALERT
T103778,CUST2341,2023-12-12 09:51:00,2023-12-01,85.61,0,Legitimate,0.0,Food,UPI,POS,Kolkata,0,170,333.22,870,9,1,12,12,0,0.2514888433476622,0,20.119107467812977,Low,0,False,NO_ALERT
T103779,CUST7470,2023-01-04 00:49:00,2023-01-01,182.93,0,Legitimate,0.0,Travel,Debit Card,Desktop,Hyderabad,1,164,382.3,430,0,2,1,4,0,0.725885101449475,1,78.07080811595802,Critical,1,True,CRITICAL
T103780,CUST7873,2023-06-19 13:52:00,2023-06-01,40.8,0,Legitimate,0.0,Grocery,Credit Card,Mobile,Hyderabad,0,168,104.45,780,13,0,6,19,0,0.21927033521140296,0,17.54162681691224,Low,0,False,NO_ALERT
T103781,CUST3606,2023-03-22 11:39:00,2023-03-01,31.66,0,Legitimate,0.0,Electronics,NetBanking,Desktop,Hyderabad,0,30,96.86,1504,11,2,3,22,0,0.1946806993799537,0,15.574455950396297,Low,0,False,NO_ALERT
T103782,CUST9087,2023-01-25 00:43:00,2023-01-01,0.87,0,Legitimate,0.0,Travel,PayPal,POS,Kolkata,0,102,187.46,1528,0,2,1,25,0,0.44231981092337014,0,35.38558487386961,Medium,0,False,NO_ALERT
T103783,CUST5106,2023-11-25 15:21:00,2023-11-01,140.15,0,Legitimate,0.0,Grocery,PayPal,Mobile,Delhi,0,11,426.97,850,15,5,11,25,1,0.23671289538796014,0,18.937031631036813,Low,0,False,NO_ALERT
T103784,CUST9284,2023-05-25 20:45:00,2023-05-01,129.15,0,Legitimate,0.0,Food,UPI,Desktop,Chennai,0,124,360.08,1472,20,3,5,25,0,0.23708232180117922,0,18.96658574409434,Low,0,False,NO_ALERT
T103785,CUST8221,2023-03-10 20:57:00,2023-03-01,8.83,0,Legitimate,0.0,Fashion,PayPal,POS,Delhi,0,153,287.57,1057,20,4,3,10,0,0.23780858078318284,0,19.02468646265463,Low,0,False,NO_ALERT
T103786,CUST6745,2023-12-16 09:06:00,2023-12-01,68.8,0,Legitimate,0.0,Entertainment,Credit Card,Mobile,Mumbai,0,173,19.53,1377,9,5,12,16,1,0.26858330540877157,1,41.48666443270173,Medium,0,False,NO_ALERT
T103787,CUST7685,2023-11-18 18:15:00,2023-11-01,49.89,0,Legitimate,0.0,Health,PayPal,Mobile,Delhi,1,179,125.54,398,18,5,11,18,1,0.6122366039613252,0,48.978928316906014,Medium,0,False,NO_ALERT
T103788,CUST7345,2023-05-15 11:11:00,2023-05-01,10.11,0,Legitimate,0.0,Food,Credit Card,POS,Hyderabad,0,171,403.72,1917,11,0,5,15,0,0.22240204975115474,0,17.79216398009238,Low,0,False,NO_ALERT
T103789,CUST2047,2023-11-11 18:10:00,2023-11-01,315.27,0,Legitimate,0.0,Electronics,Credit Card,Desktop,Bengaluru,0,66,128.82,1667,18,5,11,11,1,0.2822434914518108,1,42.57947931614487,Medium,0,False,NO_ALERT
T103790,CUST8364,2023-07-28 00:07:00,2023-07-01,19.33,1,Fraudulent,19.33,Health,Debit Card,Desktop,Mumbai,0,99,367.84,1448,0,4,7,28,0,0.7116447686683521,0,56.93158149346817,High,1,True,HIGH
T103791,CUST2114,2023-12-21 12:17:00,2023-12-01,5.57,1,Fraudulent,5.57,Entertainment,UPI,Desktop,Pune,1,175,100.47,585,12,3,12,21,0,0.7620976342833606,0,60.96781074266885,High,1,True,HIGH
T103792,CUST6843,2023-01-31 15:41:00,2023-01-01,72.28,0,Legitimate,0.0,Food,NetBanking,Mobile,Bengaluru,0,24,307.12,1172,15,1,1,31,0,0.22246410661893862,0,17.79712852951509,Low,0,False,NO_ALERT
T103793,CUST4873,2023-07-31 14:12:00,2023-07-01,107.42,0,Legitimate,0.0,Utilities,Credit Card,Mobile,Mumbai,0,77,317.82,1753,14,0,7,31,0,0.25488169374643865,0,20.390535499715096,Low,0,False,NO_ALERT
T103794,CUST4875,2023-07-19 10:30:00,2023-07-01,2.64,0,Legitimate,0.0,Food,UPI,Desktop,Mumbai,0,165,378.46,1796,10,2,7,19,0,0.24975404520330194,0,19.980323616264158,Low,0,False,NO_ALERT
T103795,CUST4979,2023-09-15 05:10:00,2023-09-01,86.0,0,Legitimate,0.0,Food,NetBanking,Mobile,Kolkata,0,128,224.79,1034,5,4,9,15,0,0.6098677286700414,0,48.78941829360331,Medium,0,False,NO_ALERT
T103796,CUST6398,2023-03-13 00:09:00,2023-03-01,60.79,0,Legitimate,0.0,Utilities,PayPal,Mobile,Hyderabad,0,184,320.01,995,0,0,3,13,0,0.6034931108385212,0,48.2794488670817,Medium,0,False,NO_ALERT
T103797,CUST9944,2023-07-19 23:26:00,2023-07-01,8.72,0,Legitimate,0.0,Food,UPI,POS,Kolkata,0,94,248.62,1044,23,2,7,19,0,0.23683067388907567,0,18.946453911126053,Low,0,False,NO_ALERT
T103798,CUST1217,2023-10-16 05:11:00,2023-10-01,15.15,0,Legitimate,0.0,Health,UPI,Desktop,Pune,0,87,474.2,1243,5,0,10,16,0,0.6191884415107299,0,49.5350753208584,Medium,0,False,NO_ALERT
T103799,CUST7022,2023-10-09 16:10:00,2023-10-01,67.14,0,Legitimate,0.0,Electronics,UPI,Desktop,Delhi,0,124,265.72,1675,16,0,10,9,0,0.221516574344335,0,17.7213259475468,Low,0,False,NO_ALERT
T103800,CUST8017,2023-05-21 13:34:00,2023-05-01,28.12,0,Legitimate,0.0,Entertainment,PayPal,Desktop,Kolkata,0,46,112.7,1469,13,6,5,21,1,0.24258563662210997,0,19.406850929768797,Low,0,False,NO_ALERT
T103801,CUST9254,2023-01-04 22:19:00,2023-01-01,222.86,1,Fraudulent,222.86,Grocery,PayPal,Mobile,Pune,0,156,337.27,843,22,2,1,4,0,0.3259452845255864,0,26.075622762046915,Medium,0,False,NO_ALERT
T103802,CUST3395,2023-02-11 17:17:00,2023-02-01,136.63,0,Legitimate,0.0,Travel,UPI,Mobile,Hyderabad,0,93,278.75,1844,17,5,2,11,1,0.228824158925145,0,18.3059327140116,Low,0,False,NO_ALERT
T103803,CUST7668,2023-03-20 18:00:00,2023-03-01,328.68,0,Legitimate,0.0,Utilities,Debit Card,Mobile,Hyderabad,0,180,403.88,135,18,0,3,20,0,0.2405360729184979,0,19.242885833479832,Low,0,False,NO_ALERT
T103804,CUST4913,2024-01-15 12:40:00,2024-01-01,24.05,0,Legitimate,0.0,Fashion,Credit Card,Desktop,Kolkata,0,15,96.69,194,12,0,1,15,0,0.23175698001874726,0,18.54055840149978,Low,0,False,NO_ALERT
T103805,CUST7946,2024-02-01 08:12:00,2024-02-01,279.79,0,Legitimate,0.0,Utilities,PayPal,Mobile,Hyderabad,0,173,137.86,667,8,3,2,1,0,0.21728187950871328,0,17.382550360697063,Low,0,False,NO_ALERT
T103806,CUST3645,2023-05-14 09:58:00,2023-05-01,45.14,0,Legitimate,0.0,Entertainment,Debit Card,Desktop,Bengaluru,0,58,461.6,1399,9,6,5,14,1,0.25201222346855884,0,20.160977877484708,Low,0,False,NO_ALERT
T103807,CUST1954,2023-07-18 12:33:00,2023-07-01,34.16,0,Legitimate,0.0,Travel,PayPal,Mobile,Pune,0,195,465.71,1151,12,1,7,18,0,0.2384477308239222,0,19.075818465913777,Low,0,False,NO_ALERT
T103808,CUST7880,2024-02-13 05:06:00,2024-02-01,4.13,1,Fraudulent,4.13,Travel,UPI,Desktop,Pune,0,72,226.71,1053,5,1,2,13,0,0.6729546891527959,0,53.83637513222367,High,1,True,HIGH
T103809,CUST1627,2024-01-15 23:57:00,2024-01-01,4.34,0,Legitimate,0.0,Fashion,Debit Card,POS,Mumbai,0,98,33.4,1539,23,0,1,15,0,0.2719022024566807,0,21.752176196534457,Low,0,False,NO_ALERT
T103810,CUST1330,2023-05-31 01:47:00,2023-05-01,94.22,0,Legitimate,0.0,Entertainment,NetBanking,Mobile,Chennai,0,73,160.21,360,1,2,5,31,0,0.578067185833201,0,46.245374866656086,Medium,0,False,NO_ALERT
T103811,CUST9098,2023-05-25 02:45:00,2023-05-01,48.99,0,Legitimate,0.0,Health,Credit Card,Desktop,Delhi,0,81,131.09,1423,2,3,5,25,0,0.6480387051969744,0,51.843096415757955,High,1,True,HIGH
T103812,CUST7392,2023-02-23 06:34:00,2023-02-01,20.55,0,Legitimate,0.0,Electronics,Credit Card,POS,Hyderabad,0,169,213.19,1495,6,3,2,23,0,0.23040504594839983,0,18.43240367587199,Low,0,False,NO_ALERT
T103813,CUST1070,2023-07-21 05:56:00,2023-07-01,76.15,0,Legitimate,0.0,Fashion,PayPal,POS,Pune,0,65,165.72,1173,5,4,7,21,0,0.606274323577876,0,48.50194588623009,Medium,0,False,NO_ALERT
T103814,CUST2240,2023-08-14 06:37:00,2023-08-01,23.32,0,Legitimate,0.0,Electronics,Credit Card,Mobile,Pune,0,168,416.21,1906,6,0,8,14,0,0.26049577815548547,0,20.83966225243884,Low,0,False,NO_ALERT
T103815,CUST5390,2023-05-01 21:15:00,2023-05-01,68.95,0,Legitimate,0.0,Health,NetBanking,Desktop,Mumbai,1,5,11.49,328,21,0,5,1,0,0.5162732872859854,1,61.30186298287884,High,1,True,HIGH
T103816,CUST4185,2023-11-04 14:53:00,2023-11-01,35.6,0,Legitimate,0.0,Travel,Debit Card,Mobile,Delhi,0,28,325.87,885,14,5,11,4,1,0.23629621947866347,0,18.90369755829308,Low,0,False,NO_ALERT
T103817,CUST5165,2023-08-04 11:26:00,2023-08-01,138.78,0,Legitimate,0.0,Electronics,Debit Card,POS,Chennai,0,38,335.49,1196,11,4,8,4,0,0.2143993155173543,0,17.151945241388344,Low,0,False,NO_ALERT
T103818,CUST3091,2023-03-06 00:55:00,2023-03-01,137.49,1,Fraudulent,137.49,Health,UPI,Mobile,Chennai,0,81,333.71,736,0,0,3,6,0,0.7242726805511404,0,57.941814444091236,High,1,True,HIGH
T103819,CUST3707,2023-10-04 16:41:00,2023-10-01,51.91,1,Fraudulent,51.91,Health,Debit Card,Desktop,Hyderabad,0,87,265.09,1695,16,2,10,4,0,0.30730731318682974,0,24.58458505494638,Low,0,False,NO_ALERT
T103820,CUST7983,2023-11-30 04:40:00,2023-11-01,34.56,0,Legitimate,0.0,Grocery,PayPal,POS,Chennai,0,146,309.44,1954,4,3,11,30,0,0.5759700124072381,0,46.07760099257905,Medium,0,False,NO_ALERT
T103821,CUST8301,2023-04-24 07:51:00,2023-04-01,36.02,0,Legitimate,0.0,Fashion,NetBanking,Mobile,Chennai,0,37,407.14,1994,7,0,4,24,0,0.22843547169137643,0,18.274837735310115,Low,0,False,NO_ALERT
T103822,CUST7200,2023-10-24 23:13:00,2023-10-01,131.07,0,Legitimate,0.0,Grocery,UPI,Mobile,Kolkata,0,155,394.26,1669,23,1,10,24,0,0.25701181925057454,0,20.560945540045964,Low,0,False,NO_ALERT
T103823,CUST1072,2023-06-27 17:43:00,2023-06-01,31.82,0,Legitimate,0.0,Utilities,PayPal,Mobile,Delhi,0,25,26.97,1146,17,1,6,27,0,0.1994162611300126,0,15.953300890401009,Low,0,False,NO_ALERT
T103824,CUST6832,2023-12-15 00:31:00,2023-12-01,18.76,1,Fraudulent,18.76,Travel,PayPal,Mobile,Delhi,0,197,24.91,1350,0,4,12,15,0,0.7318825096771369,0,58.55060077417095,High,1,True,HIGH
T103825,CUST8058,2023-02-13 05:13:00,2023-02-01,7.08,0,Legitimate,0.0,Fashion,PayPal,Mobile,Kolkata,0,83,421.08,476,5,0,2,13,0,0.6322243685683123,0,50.577949485464984,High,1,True,HIGH
T103826,CUST8262,2023-07-05 05:05:00,2023-07-01,50.29,1,Fraudulent,50.29,Travel,Credit Card,POS,Hyderabad,0,27,291.62,509,5,2,7,5,0,0.7009864439413768,0,56.07891551531014,High,1,True,HIGH
T103827,CUST5324,2024-02-12 19:06:00,2024-02-01,52.64,0,Legitimate,0.0,Grocery,PayPal,POS,Pune,0,77,479.14,763,19,0,2,12,0,0.26703933466625646,0,21.363146773300517,Low,0,False,NO_ALERT
T103828,CUST8535,2023-01-27 07:30:00,2023-01-01,147.06,0,Legitimate,0.0,Entertainment,Credit Card,Desktop,Mumbai,0,182,221.48,1765,7,4,1,27,0,0.25932514083772606,0,20.746011267018087,Low,0,False,NO_ALERT
T103829,CUST8146,2023-11-08 11:59:00,2023-11-01,20.0,0,Legitimate,0.0,Health,Debit Card,Mobile,Hyderabad,0,135,96.6,1853,11,2,11,8,0,0.23422427174065166,0,18.737941739252133,Low,0,False,NO_ALERT
T103830,CUST4541,2023-12-15 21:13:00,2023-12-01,38.37,0,Legitimate,0.0,Travel,Credit Card,Desktop,Bengaluru,0,90,241.89,903,21,4,12,15,0,0.2614334662894277,0,20.914677303154217,Low,0,False,NO_ALERT
T103831,CUST6856,2023-01-29 03:07:00,2023-01-01,132.19,0,Legitimate,0.0,Fashion,PayPal,POS,Chennai,0,27,223.91,1311,3,6,1,29,1,0.6170650882733255,0,49.365207061866045,Medium,0,False,NO_ALERT
T103832,CUST8358,2023-10-01 05:37:00,2023-10-01,138.81,0,Legitimate,0.0,Utilities,NetBanking,Mobile,Kolkata,0,122,263.42,551,5,6,10,1,1,0.5610259817026004,0,44.88207853620804,Medium,0,False,NO_ALERT
T103833,CUST9065,2023-12-31 14:02:00,2023-12-01,38.84,0,Legitimate,0.0,Fashion,NetBanking,Desktop,Mumbai,0,59,405.89,1736,14,6,12,31,1,0.19796032965673502,0,15.836826372538802,Low,0,False,NO_ALERT
T103834,CUST3647,2024-01-03 00:03:00,2024-01-01,49.17,0,Legitimate,0.0,Travel,Debit Card,Mobile,Pune,0,72,331.24,1428,0,2,1,3,0,0.6489127513093336,0,51.913020104746685,High,1,True,HIGH
T103835,CUST9694,2023-04-13 11:19:00,2023-04-01,28.91,0,Legitimate,0.0,Fashion,PayPal,Mobile,Pune,0,159,100.78,1480,11,3,4,13,0,0.23527130117587788,0,18.82170409407023,Low,0,False,NO_ALERT
T103836,CUST3775,2023-05-19 18:04:00,2023-05-01,215.72,0,Legitimate,0.0,Utilities,Credit Card,Desktop,Delhi,0,91,369.89,1154,18,4,5,19,0,0.2273279506617976,0,18.18623605294381,Low,0,False,NO_ALERT
T103837,CUST4773,2024-01-06 12:02:00,2024-01-01,10.1,0,Legitimate,0.0,Health,NetBanking,POS,Bengaluru,0,68,300.03,651,12,5,1,6,1,0.2238732060166956,0,17.90985648133565,Low,0,False,NO_ALERT
T103838,CUST3770,2023-09-18 13:57:00,2023-09-01,217.14,0,Legitimate,0.0,Entertainment,UPI,Desktop,Pune,0,106,293.37,788,13,0,9,18,0,0.22734075873518414,0,18.187260698814733,Low,0,False,NO_ALERT
T103839,CUST1168,2023-05-21 05:31:00,2023-05-01,92.13,0,Legitimate,0.0,Health,PayPal,Desktop,Bengaluru,0,4,342.35,1888,5,6,5,21,1,0.6758055597530743,1,74.06444478024595,High,1,True,HIGH
T103840,CUST6698,2024-01-06 13:09:00,2024-01-01,60.67,0,Legitimate,0.0,Fashion,PayPal,Desktop,Chennai,0,146,286.34,273,13,5,1,6,1,0.2128393907514502,0,17.027151260116018,Low,0,False,NO_ALERT
T103841,CUST9999,2023-12-27 16:28:00,2023-12-01,2.66,0,Legitimate,0.0,Utilities,UPI,Mobile,Delhi,0,63,234.18,52,16,2,12,27,0,0.18380844833424778,0,14.704675866739823,Low,0,False,NO_ALERT
T103842,CUST2687,2024-01-03 22:14:00,2024-01-01,51.64,0,Legitimate,0.0,Utilities,NetBanking,POS,Mumbai,0,87,323.79,1407,22,2,1,3,0,0.2176798928236382,0,17.414391425891058,Low,0,False,NO_ALERT
T103843,CUST5095,2024-02-18 13:00:00,2024-02-01,41.91,0,Legitimate,0.0,Travel,UPI,POS,Delhi,0,180,364.63,495,13,6,2,18,1,0.24920766453889698,0,19.93661316311176,Low,0,False,NO_ALERT
T103844,CUST3284,2023-02-21 15:05:00,2023-02-01,14.06,0,Legitimate,0.0,Grocery,Debit Card,Mobile,Chennai,0,111,120.63,1278,15,1,2,21,0,0.21848550210408213,0,17.47884016832657,Low,0,False,NO_ALERT
T103845,CUST9838,2023-05-04 08:26:00,2023-05-01,85.46,0,Legitimate,0.0,Fashion,Credit Card,POS,Kolkata,0,191,253.55,894,8,3,5,4,0,0.2802078495180895,0,22.416627961447162,Low,0,False,NO_ALERT
T103846,CUST5058,2023-08-12 16:09:00,2023-08-01,283.65,0,Legitimate,0.0,Fashion,Credit Card,Desktop,Pune,0,173,234.5,1497,16,5,8,12,1,0.2307254378027268,0,18.458035024218145,Low,0,False,NO_ALERT
T103847,CUST3777,2023-06-24 09:01:00,2023-06-01,66.08,0,Legitimate,0.0,Fashion,NetBanking,POS,Bengaluru,0,140,29.55,1827,9,5,6,24,1,0.19766095957466243,1,35.812876765972995,Medium,0,False,NO_ALERT
T103848,CUST3328,2023-10-07 02:21:00,2023-10-01,100.35,0,Legitimate,0.0,Fashion,UPI,Mobile,Kolkata,0,136,418.87,298,2,5,10,7,1,0.6088340993853475,0,48.7067279508278,Medium,0,False,NO_ALERT
T103849,CUST9903,2023-10-16 01:35:00,2023-10-01,5.67,0,Legitimate,0.0,Travel,PayPal,POS,Chennai,0,22,194.92,562,1,0,10,16,0,0.5641455777274278,0,45.13164621819423,Medium,0,False,NO_ALERT
T103850,CUST5770,2023-03-17 23:52:00,2023-03-01,43.26,0,Legitimate,0.0,Grocery,PayPal,Mobile,Pune,0,91,45.62,343,23,4,3,17,0,0.19933179378443885,0,15.946543502755109,Low,0,False,NO_ALERT
T103851,CUST8687,2023-08-07 03:02:00,2023-08-01,9.9,0,Legitimate,0.0,Grocery,PayPal,Desktop,Hyderabad,0,169,234.37,149,3,0,8,7,0,0.6165741852104277,0,49.32593481683422,Medium,0,False,NO_ALERT
T103852,CUST8997,2023-06-27 09:13:00,2023-06-01,75.9,0,Legitimate,0.0,Electronics,Debit Card,Mobile,Bengaluru,0,116,89.13,1010,9,1,6,27,0,0.18106299060241604,0,14.485039248193283,Low,0,False,NO_ALERT
T103853,CUST3741,2023-07-25 18:11:00,2023-07-01,223.07,1,Fraudulent,223.07,Fashion,Debit Card,POS,Chennai,0,41,355.16,1534,18,1,7,25,0,0.31903517604305576,0,25.522814083444462,Medium,0,False,NO_ALERT
T103854,CUST5939,2023-04-19 23:07:00,2023-04-01,86.72,0,Legitimate,0.0,Fashion,PayPal,Desktop,Mumbai,0,81,290.17,1977,23,2,4,19,0,0.2828144564935836,0,22.62515651948669,Low,0,False,NO_ALERT
T103855,CUST1234,2023-06-01 14:43:00,2023-06-01,6.39,0,Legitimate,0.0,Electronics,NetBanking,POS,Mumbai,0,123,142.36,1173,14,3,6,1,0,0.21510846024438732,0,17.208676819550984,Low,0,False,NO_ALERT
T103856,CUST8272,2023-12-09 12:46:00,2023-12-01,35.04,0,Legitimate,0.0,Grocery,Debit Card,Mobile,Pune,0,57,475.73,739,12,5,12,9,1,0.21566311190907914,0,17.25304895272633,Low,0,False,NO_ALERT
T103857,CUST5875,2023-12-24 08:54:00,2023-12-01,64.0,0,Legitimate,0.0,Utilities,Debit Card,Desktop,Pune,0,160,152.96,165,8,6,12,24,1,0.23181154229698142,0,18.544923383758512,Low,0,False,NO_ALERT
T103858,CUST1037,2023-02-26 17:33:00,2023-02-01,41.29,0,Legitimate,0.0,Utilities,Credit Card,Mobile,Mumbai,0,127,281.95,1130,17,6,2,26,1,0.2407061386308155,0,19.256491090465243,Low,0,False,NO_ALERT
T103859,CUST7942,2023-11-21 04:41:00,2023-11-01,143.49,0,Legitimate,0.0,Food,Credit Card,POS,Hyderabad,0,95,402.77,1407,4,1,11,21,0,0.6407337693134739,0,51.25870154507792,High,1,True,HIGH
T103860,CUST3610,2023-09-13 20:44:00,2023-09-01,134.85,0,Legitimate,0.0,Health,NetBanking,Mobile,Delhi,0,55,261.81,1111,20,2,9,13,0,0.219041559195617,0,17.52332473564936,Low,0,False,NO_ALERT
T103861,CUST1265,2023-09-30 07:31:00,2023-09-01,75.71,0,Legitimate,0.0,Food,Debit Card,POS,Mumbai,0,6,480.82,965,7,5,9,30,1,0.25367830488773024,0,20.29426439101842,Low,0,False,NO_ALERT
T103862,CUST4822,2023-12-15 01:25:00,2023-12-01,37.4,0,Legitimate,0.0,Grocery,Debit Card,POS,Pune,0,167,423.49,1139,1,4,12,15,0,0.5616371666912168,0,44.930973335297345,Medium,0,False,NO_ALERT
T103863,CUST8319,2023-06-16 00:40:00,2023-06-01,23.59,0,Legitimate,0.0,Entertainment,UPI,Desktop,Pune,0,9,461.3,30,0,4,6,16,0,0.5533327515879116,0,44.26662012703293,Medium,0,False,NO_ALERT
T103864,CUST9163,2023-07-01 13:38:00,2023-07-01,8.95,0,Legitimate,0.0,Fashion,NetBanking,Desktop,Hyderabad,0,32,192.62,106,13,5,7,1,1,0.18850405918096874,0,15.0803247344775,Low,0,False,NO_ALERT
T103865,CUST2231,2023-03-26 08:11:00,2023-03-01,35.07,1,Fraudulent,35.07,Food,NetBanking,Mobile,Mumbai,0,164,278.69,990,8,6,3,26,1,0.40085244648712204,0,32.06819571896977,Medium,0,False,NO_ALERT
T103866,CUST9466,2023-03-22 07:41:00,2023-03-01,42.64,0,Legitimate,0.0,Travel,UPI,POS,Hyderabad,0,128,421.68,1575,7,2,3,22,0,0.2372504244846919,0,18.980033958775355,Low,0,False,NO_ALERT
T103867,CUST9199,2023-10-26 23:17:00,2023-10-01,90.12,0,Legitimate,0.0,Utilities,UPI,POS,Mumbai,0,16,452.72,1497,23,3,10,26,0,0.24041994032259517,0,19.233595225807615,Low,0,False,NO_ALERT
T103868,CUST5340,2023-03-20 01:57:00,2023-03-01,85.87,1,Fraudulent,85.87,Travel,Credit Card,Desktop,Delhi,1,140,472.74,610,1,0,3,20,0,0.8575334828008738,1,88.60267862406991,Critical,1,True,CRITICAL
T103869,CUST7515,2024-01-17 01:22:00,2024-01-01,5.81,0,Legitimate,0.0,Electronics,NetBanking,Desktop,Chennai,0,41,440.78,177,1,2,1,17,0,0.5818613552597433,0,46.54890842077946,Medium,0,False,NO_ALERT
T103870,CUST9181,2023-09-19 12:02:00,2023-09-01,40.24,0,Legitimate,0.0,Grocery,NetBanking,Desktop,Mumbai,0,195,368.07,603,12,1,9,19,0,0.22681391800170178,0,18.145113440136143,Low,0,False,NO_ALERT
T103871,CUST7298,2023-04-27 02:04:00,2023-04-01,16.05,0,Legitimate,0.0,Grocery,UPI,Desktop,Chennai,0,186,21.87,1578,2,3,4,27,0,0.6515478763356234,0,52.12383010684987,High,1,True,HIGH
T103872,CUST1321,2023-03-12 01:45:00,2023-03-01,13.65,1,Fraudulent,13.65,Food,PayPal,Mobile,Mumbai,0,137,164.33,215,1,6,3,12,1,0.6841036445508439,0,54.72829156406752,High,1,True,HIGH
T103873,CUST9294,2023-10-07 10:00:00,2023-10-01,140.5,0,Legitimate,0.0,Fashion,PayPal,Mobile,Delhi,0,125,73.18,1730,10,5,10,7,1,0.1905272214717094,0,15.242177717736752,Low,0,False,NO_ALERT
T103874,CUST8246,2023-10-20 05:09:00,2023-10-01,3.43,1,Fraudulent,3.43,Grocery,Credit Card,Mobile,Kolkata,1,17,85.83,551,5,4,10,20,0,0.8110632137151434,1,84.88505709721147,Critical,1,True,CRITICAL
T103875,CUST7282,2024-01-15 15:16:00,2024-01-01,43.47,0,Legitimate,0.0,Food,PayPal,Mobile,Pune,0,110,152.54,1824,15,0,1,15,0,0.23148995615948242,0,18.519196492758592,Low,0,False,NO_ALERT
T103876,CUST8410,2023-02-17 10:27:00,2023-02-01,14.73,0,Legitimate,0.0,Food,PayPal,Desktop,Chennai,0,133,46.62,191,10,4,2,17,0,0.21126549248157522,0,16.90123939852602,Low,0,False,NO_ALERT
T103877,CUST5942,2023-09-26 16:41:00,2023-09-01,169.18,0,Legitimate,0.0,Health,PayPal,Mobile,Hyderabad,0,26,129.09,1343,16,1,9,26,0,0.20911222583902808,0,16.72897806712225,Low,0,False,NO_ALERT
T103878,CUST8957,2023-05-16 04:40:00,2023-05-01,65.14,0,Legitimate,0.0,Health,Debit Card,Mobile,Mumbai,0,129,478.92,1979,4,1,5,16,0,0.5726321098638212,0,45.8105687891057,Medium,0,False,NO_ALERT
T103879,CUST2073,2023-04-19 01:44:00,2023-04-01,21.05,0,Legitimate,0.0,Grocery,Credit Card,Mobile,Pune,0,1,162.85,1474,1,2,4,19,0,0.6068048258856009,0,48.54438607084808,Medium,0,False,NO_ALERT
T103880,CUST9183,2023-03-05 12:06:00,2023-03-01,55.84,0,Legitimate,0.0,Food,UPI,Desktop,Mumbai,0,35,88.26,225,12,6,3,5,1,0.21968065934604733,0,17.57445274768379,Low,0,False,NO_ALERT
T103881,CUST8422,2023-12-04 12:41:00,2023-12-01,105.19,0,Legitimate,0.0,Electronics,PayPal,POS,Hyderabad,0,9,361.97,63,12,0,12,4,0,0.23445939656341433,0,18.756751725073148,Low,0,False,NO_ALERT
T103882,CUST9373,2023-11-15 20:05:00,2023-11-01,253.83,0,Legitimate,0.0,Electronics,Debit Card,Desktop,Delhi,0,87,415.97,1725,20,2,11,15,0,0.21792304916295419,0,17.433843933036336,Low,0,False,NO_ALERT
T103883,CUST5679,2023-04-06 07:09:00,2023-04-01,19.92,0,Legitimate,0.0,Health,PayPal,POS,Bengaluru,0,38,163.88,1650,7,3,4,6,0,0.23874703725324287,0,19.09976298025943,Low,0,False,NO_ALERT
T103884,CUST5306,2024-01-19 08:59:00,2024-01-01,173.85,0,Legitimate,0.0,Grocery,Debit Card,POS,Mumbai,0,4,146.46,1623,8,4,1,19,0,0.29336662284989073,0,23.46932982799126,Low,0,False,NO_ALERT
T103885,CUST8300,2023-10-11 02:42:00,2023-10-01,217.82,0,Legitimate,0.0,Utilities,Credit Card,Mobile,Kolkata,0,52,128.46,1926,2,2,10,11,0,0.5804566778983464,0,46.43653423186772,Medium,0,False,NO_ALERT
T103886,CUST5540,2023-11-21 09:15:00,2023-11-01,198.56,0,Legitimate,0.0,Fashion,PayPal,Mobile,Hyderabad,0,147,202.7,437,9,1,11,21,0,0.20732074728770156,0,16.585659783016123,Low,0,False,NO_ALERT
T103887,CUST9606,2024-01-11 14:05:00,2024-01-01,80.72,0,Legitimate,0.0,Entertainment,Debit Card,Mobile,Bengaluru,0,5,52.74,1830,14,3,1,11,0,0.23892747593721167,1,39.11419807497694,Medium,0,False,NO_ALERT
T103888,CUST3525,2023-07-19 06:12:00,2023-07-01,79.5,0,Legitimate,0.0,Utilities,NetBanking,Desktop,Mumbai,0,106,337.87,1350,6,2,7,19,0,0.27765089180196656,0,22.212071344157327,Low,0,False,NO_ALERT
T103889,CUST7597,2023-09-17 18:09:00,2023-09-01,41.3,0,Legitimate,0.0,Electronics,NetBanking,Desktop,Chennai,0,48,412.89,1973,18,6,9,17,1,0.21987087397760965,0,17.589669918208774,Low,0,False,NO_ALERT
T103890,CUST3242,2023-07-02 07:43:00,2023-07-01,111.67,0,Legitimate,0.0,Electronics,Debit Card,Mobile,Pune,0,87,335.2,566,7,6,7,2,1,0.20742643960458712,0,16.59411516836697,Low,0,False,NO_ALERT
T103891,CUST2550,2023-03-14 04:06:00,2023-03-01,60.62,1,Fraudulent,60.62,Utilities,PayPal,Desktop,Pune,1,191,216.39,65,4,1,3,14,0,0.846484745364254,0,67.71877962914031,High,1,True,HIGH
T103892,CUST3883,2023-06-21 12:40:00,2023-06-01,90.52,0,Legitimate,0.0,Health,PayPal,Desktop,Hyderabad,1,38,151.59,1317,12,2,6,21,0,0.605594219091548,0,48.447537527323846,Medium,0,False,NO_ALERT
T103893,CUST3039,2023-11-26 02:45:00,2023-11-01,44.75,0,Legitimate,0.0,Health,Credit Card,POS,Chennai,0,52,210.63,1435,2,6,11,26,1,0.600875095136977,0,48.070007610958164,Medium,0,False,NO_ALERT
T103894,CUST9628,2024-01-29 05:55:00,2024-01-01,105.19,0,Legitimate,0.0,Grocery,Credit Card,Desktop,Delhi,1,87,217.68,143,5,0,1,29,0,0.7660670657024587,1,81.28536525619671,Critical,1,True,CRITICAL
T103895,CUST8965,2023-12-10 02:58:00,2023-12-01,139.2,0,Legitimate,0.0,Health,UPI,POS,Bengaluru,0,46,336.35,1670,2,6,12,10,1,0.6187018081908843,0,49.49614465527074,Medium,0,False,NO_ALERT
T103896,CUST2862,2023-01-01 11:51:00,2023-01-01,12.67,0,Legitimate,0.0,Travel,Credit Card,Mobile,Hyderabad,0,93,464.75,634,11,6,1,1,1,0.2578086652711223,1,40.62469322168978,Medium,0,False,NO_ALERT
T103897,CUST6679,2023-05-31 23:51:00,2023-05-01,143.15,0,Legitimate,0.0,Entertainment,PayPal,Desktop,Kolkata,0,137,44.59,1654,23,2,5,31,0,0.18588881013401057,1,34.871104810720844,Medium,0,False,NO_ALERT
T103898,CUST2282,2023-06-19 02:12:00,2023-06-01,62.17,0,Legitimate,0.0,Utilities,UPI,POS,Mumbai,0,50,477.14,472,2,0,6,19,0,0.6251134138660851,0,50.00907310928681,High,1,True,HIGH
T103899,CUST9843,2023-04-11 21:06:00,2023-04-01,148.97,0,Legitimate,0.0,Utilities,Credit Card,Desktop,Pune,0,66,456.0,1216,21,1,4,11,0,0.25093148388857206,0,20.074518711085766,Low,0,False,NO_ALERT
T103900,CUST3625,2023-10-04 22:48:00,2023-10-01,45.15,0,Legitimate,0.0,Food,Debit Card,POS,Mumbai,0,38,67.69,67,22,2,10,4,0,0.27107635305991784,0,21.68610824479343,Low,0,False,NO_ALERT
T103901,CUST9765,2023-05-24 00:21:00,2023-05-01,38.12,0,Legitimate,0.0,Electronics,NetBanking,POS,Bengaluru,0,155,99.96,121,0,2,5,24,0,0.5789436427159871,0,46.31549141727897,Medium,0,False,NO_ALERT
T103902,CUST9645,2023-03-25 00:27:00,2023-03-01,197.27,0,Legitimate,0.0,Utilities,Credit Card,Desktop,Chennai,0,105,162.68,660,0,5,3,25,1,0.5797470524087267,0,46.37976419269814,Medium,0,False,NO_ALERT
T103903,CUST4989,2024-02-17 11:36:00,2024-02-01,23.14,0,Legitimate,0.0,Travel,Credit Card,Mobile,Chennai,0,148,284.24,1776,11,5,2,17,1,0.24265784711337082,0,19.41262776906967,Low,0,False,NO_ALERT
T103904,CUST8947,2023-05-12 09:54:00,2023-05-01,148.74,0,Legitimate,0.0,Utilities,Debit Card,POS,Hyderabad,0,190,75.89,701,9,4,5,12,0,0.16395278990538054,0,13.116223192430443,Low,0,False,NO_ALERT
T103905,CUST2424,2023-08-21 12:13:00,2023-08-01,52.94,0,Legitimate,0.0,Fashion,PayPal,Mobile,Hyderabad,0,16,108.16,130,12,0,8,21,0,0.23417124345674242,0,18.733699476539396,Low,0,False,NO_ALERT
T103906,CUST4944,2023-12-13 02:09:00,2023-12-01,57.74,1,Fraudulent,57.74,Travel,Debit Card,Desktop,Chennai,0,79,452.31,1934,2,2,12,13,0,0.7150684886463594,0,57.20547909170875,High,1,True,HIGH
T103907,CUST7991,2023-07-18 08:23:00,2023-07-01,29.51,0,Legitimate,0.0,Grocery,Credit Card,Desktop,Hyderabad,0,13,63.56,536,8,1,7,18,0,0.23266758005279992,0,18.613406404223994,Low,0,False,NO_ALERT
T103908,CUST7916,2023-01-29 12:01:00,2023-01-01,68.09,0,Legitimate,0.0,Fashion,PayPal,Mobile,Chennai,0,114,205.45,208,12,6,1,29,1,0.2251448868690157,0,18.01159094952126,Low,0,False,NO_ALERT
T103909,CUST3657,2023-06-26 18:56:00,2023-06-01,31.47,0,Legitimate,0.0,Fashion,UPI,Desktop,Bengaluru,0,102,383.87,313,18,0,6,26,0,0.25308836898518333,0,20.24706951881467,Low,0,False,NO_ALERT
T103910,CUST3066,2023-06-15 14:12:00,2023-06-01,3.2,0,Legitimate,0.0,Utilities,Credit Card,POS,Hyderabad,0,148,445.41,384,14,3,6,15,0,0.25175789552126576,0,20.140631641701262,Low,0,False,NO_ALERT
T103911,CUST8941,2023-04-02 21:01:00,2023-04-01,25.4,0,Legitimate,0.0,Health,Debit Card,Mobile,Chennai,0,152,174.66,1957,21,6,4,2,1,0.267333218667173,0,21.386657493373843,Low,0,False,NO_ALERT
T103912,CUST1186,2023-09-21 20:44:00,2023-09-01,0.51,0,Legitimate,0.0,Utilities,UPI,Desktop,Hyderabad,0,178,90.57,1350,20,3,9,21,0,0.17257883606228472,0,13.806306884982778,Low,0,False,NO_ALERT
T103913,CUST1765,2023-07-04 13:47:00,2023-07-01,306.64,0,Legitimate,0.0,Travel,NetBanking,Desktop,Mumbai,0,135,371.14,1939,13,1,7,4,0,0.24230489386289494,0,19.384391509031598,Low,0,False,NO_ALERT
T103914,CUST4968,2023-07-02 09:32:00,2023-07-01,269.92,0,Legitimate,0.0,Grocery,UPI,Mobile,Pune,0,87,388.55,1588,9,6,7,2,1,0.25107010907985466,1,40.08560872638837,Medium,0,False,NO_ALERT
T103915,CUST5294,2023-03-11 18:38:00,2023-03-01,40.22,0,Legitimate,0.0,Electronics,Debit Card,POS,Mumbai,0,88,490.22,517,18,5,3,11,1,0.2185789431824004,0,17.48631545459203,Low,0,False,NO_ALERT
T103916,CUST1686,2023-01-12 20:17:00,2023-01-01,104.27,0,Legitimate,0.0,Entertainment,UPI,Mobile,Delhi,0,29,78.38,1035,20,3,1,12,0,0.18969880453139853,1,35.175904362511886,Medium,0,False,NO_ALERT
T103917,CUST2449,2023-02-06 17:54:00,2023-02-01,33.95,0,Legitimate,0.0,Health,Debit Card,Desktop,Chennai,0,133,357.62,308,17,0,2,6,0,0.2521118055242561,0,20.16894444194049,Low,0,False,NO_ALERT
T103918,CUST1930,2023-12-25 23:20:00,2023-12-01,88.96,0,Legitimate,0.0,Travel,Credit Card,Desktop,Delhi,0,107,214.47,573,23,0,12,25,0,0.23100687720831847,0,18.480550176665478,Low,0,False,NO_ALERT
T103919,CUST4508,2023-01-04 06:38:00,2023-01-01,130.96,0,Legitimate,0.0,Electronics,PayPal,Mobile,Chennai,0,163,458.17,679,6,2,1,4,0,0.25398718303023704,0,20.318974642418965,Low,0,False,NO_ALERT
T103920,CUST8618,2023-08-19 01:18:00,2023-08-01,234.63,0,Legitimate,0.0,Travel,NetBanking,POS,Pune,0,65,209.84,1646,1,5,8,19,1,0.5642473420920233,0,45.13978736736187,Medium,0,False,NO_ALERT
T103921,CUST9764,2023-06-13 01:14:00,2023-06-01,40.89,0,Legitimate,0.0,Health,PayPal,POS,Hyderabad,0,100,228.52,960,1,1,6,13,0,0.6466449148145368,0,51.73159318516295,High,1,True,HIGH
T103922,CUST4691,2024-02-11 13:25:00,2024-02-01,122.34,0,Legitimate,0.0,Electronics,PayPal,POS,Chennai,0,115,72.13,384,13,6,2,11,1,0.18344639351471542,0,14.675711481177235,Low,0,False,NO_ALERT
T103923,CUST6029,2023-01-26 22:29:00,2023-01-01,24.73,0,Legitimate,0.0,Health,PayPal,Mobile,Mumbai,0,198,167.26,1372,22,3,1,26,0,0.2632007774117138,0,21.056062192937105,Low,0,False,NO_ALERT
T103924,CUST4781,2024-01-18 08:13:00,2024-01-01,371.12,0,Legitimate,0.0,Travel,Debit Card,POS,Hyderabad,0,87,206.41,224,8,3,1,18,0,0.2939925056744081,0,23.51940045395265,Low,0,False,NO_ALERT
T103925,CUST4094,2023-04-24 13:09:00,2023-04-01,2.09,0,Legitimate,0.0,Fashion,Debit Card,POS,Pune,0,74,18.58,833,13,0,4,24,0,0.1779846546406346,0,14.238772371250768,Low,0,False,NO_ALERT
T103926,CUST7370,2023-05-17 19:45:00,2023-05-01,74.01,0,Legitimate,0.0,Entertainment,NetBanking,POS,Mumbai,0,135,224.41,122,19,2,5,17,0,0.22270642397281631,0,17.816513917825304,Low,0,False,NO_ALERT
T103927,CUST4686,2023-01-31 19:41:00,2023-01-01,86.19,1,Fraudulent,86.19,Food,Debit Card,POS,Hyderabad,0,172,174.8,462,19,1,1,31,0,0.32122781861913274,0,25.69822548953062,Medium,0,False,NO_ALERT
T103928,CUST8701,2023-04-23 11:06:00,2023-04-01,93.19,0,Legitimate,0.0,Entertainment,Debit Card,Desktop,Chennai,0,13,403.88,587,11,6,4,23,1,0.23169251104016664,0,18.53540088321333,Low,0,False,NO_ALERT
T103929,CUST9819,2023-01-29 00:18:00,2023-01-01,10.26,1,Fraudulent,10.26,Fashion,Debit Card,Mobile,Chennai,0,94,62.49,1080,0,6,1,29,1,0.6851967894124743,1,74.81574315299795,High,1,True,HIGH
T103930,CUST8604,2024-01-01 09:55:00,2024-01-01,223.14,0,Legitimate,0.0,Health,Debit Card,Mobile,Mumbai,0,78,382.5,1468,9,0,1,1,0,0.2764442852491774,0,22.115542819934195,Low,0,False,NO_ALERT
T103931,CUST4458,2023-01-06 07:44:00,2023-01-01,15.99,0,Legitimate,0.0,Entertainment,Credit Card,POS,Bengaluru,0,124,359.87,191,7,4,1,6,0,0.2795330987431352,0,22.362647899450817,Low,0,False,NO_ALERT
T103932,CUST4786,2024-01-29 20:29:00,2024-01-01,77.99,0,Legitimate,0.0,Health,NetBanking,Mobile,Chennai,0,125,128.47,1897,20,0,1,29,0,0.19602822418076052,0,15.682257934460843,Low,0,False,NO_ALERT
T103933,CUST5686,2023-11-05 20:34:00,2023-11-01,20.15,0,Legitimate,0.0,Health,Debit Card,Mobile,Bengaluru,0,38,50.8,130,20,6,11,5,1,0.24202116122655382,0,19.361692898124307,Low,0,False,NO_ALERT
T103934,CUST7707,2023-01-24 15:52:00,2023-01-01,29.36,0,Legitimate,0.0,Electronics,NetBanking,Desktop,Hyderabad,1,13,422.5,728,15,1,1,24,0,0.5137313662929376,0,41.09850930343501,Medium,0,False,NO_ALERT
T103935,CUST5146,2023-08-16 02:58:00,2023-08-01,63.25,0,Legitimate,0.0,Grocery,UPI,Mobile,Bengaluru,0,54,132.22,1526,2,2,8,16,0,0.6248378059982587,0,49.98702447986069,Medium,0,False,NO_ALERT
T103936,CUST7957,2023-08-12 20:18:00,2023-08-01,43.19,0,Legitimate,0.0,Health,Credit Card,Desktop,Mumbai,0,106,81.32,1759,20,5,8,12,1,0.2320775875872474,0,18.56620700697979,Low,0,False,NO_ALERT
T103937,CUST3971,2023-08-13 18:07:00,2023-08-01,13.97,0,Legitimate,0.0,Entertainment,Debit Card,Mobile,Delhi,0,44,185.93,187,18,6,8,13,1,0.22753740756659915,0,18.202992605327932,Low,0,False,NO_ALERT
T103938,CUST6961,2023-03-06 16:25:00,2023-03-01,15.0,0,Legitimate,0.0,Entertainment,Credit Card,Desktop,Delhi,0,141,206.43,521,16,0,3,6,0,0.24323354987304222,0,19.45868398984338,Low,0,False,NO_ALERT
T103939,CUST9348,2023-02-17 21:55:00,2023-02-01,43.32,0,Legitimate,0.0,Entertainment,Credit Card,Desktop,Mumbai,1,153,169.78,948,21,4,2,17,0,0.668686868866563,0,53.494949509325046,High,1,True,HIGH
T103940,CUST4087,2023-07-16 03:15:00,2023-07-01,113.27,0,Legitimate,0.0,Fashion,UPI,Mobile,Kolkata,0,24,488.48,1062,3,6,7,16,1,0.5518085755791962,0,44.14468604633569,Medium,0,False,NO_ALERT
T103941,CUST4544,2023-12-24 03:05:00,2023-12-01,182.59,1,Fraudulent,182.59,Food,NetBanking,Desktop,Delhi,0,124,441.6,1265,3,6,12,24,1,0.6715345600980177,1,73.72276480784143,High,1,True,HIGH
T103942,CUST6392,2023-10-10 23:26:00,2023-10-01,7.03,0,Legitimate,0.0,Health,Credit Card,Desktop,Mumbai,1,29,437.76,1492,23,1,10,10,0,0.5008617632939875,1,60.068941063519,High,1,True,HIGH
T103943,CUST2064,2023-09-21 20:18:00,2023-09-01,39.95,0,Legitimate,0.0,Utilities,PayPal,Mobile,Chennai,0,198,205.4,1950,20,3,9,21,0,0.24010841471022,0,19.208673176817598,Low,0,False,NO_ALERT
T103944,CUST8053,2023-07-11 19:14:00,2023-07-01,8.45,0,Legitimate,0.0,Health,UPI,Desktop,Bengaluru,0,146,481.81,853,19,1,7,11,0,0.22565411100953334,0,18.05232888076267,Low,0,False,NO_ALERT
T103945,CUST8196,2024-02-19 12:22:00,2024-02-01,1.34,0,Legitimate,0.0,Health,PayPal,Desktop,Delhi,0,92,345.17,708,12,0,2,19,0,0.18066777536588902,0,14.453422029271122,Low,0,False,NO_ALERT
T103946,CUST2248,2023-10-29 19:47:00,2023-10-01,86.71,0,Legitimate,0.0,Utilities,UPI,Desktop,Chennai,0,5,417.68,1908,19,6,10,29,1,0.28254241083801035,0,22.603392867040828,Low,0,False,NO_ALERT
T103947,CUST7752,2023-03-29 00:11:00,2023-03-01,73.79,1,Fraudulent,73.79,Electronics,PayPal,Desktop,Delhi,0,146,255.43,815,0,2,3,29,0,0.6690980538933868,0,53.52784431147095,High,1,True,HIGH
T103948,CUST5338,2023-06-02 01:47:00,2023-06-01,14.24,0,Legitimate,0.0,Health,PayPal,Desktop,Hyderabad,0,191,88.7,1863,1,4,6,2,0,0.5445371332924157,0,43.56297066339326,Medium,0,False,NO_ALERT
T103949,CUST8412,2023-10-16 11:12:00,2023-10-01,21.31,1,Fraudulent,21.31,Fashion,Credit Card,POS,Mumbai,0,125,444.57,1021,11,0,10,16,0,0.40242329023100804,0,32.193863218480644,Medium,0,False,NO_ALERT
T103950,CUST2200,2023-04-12 14:01:00,2023-04-01,1.92,0,Legitimate,0.0,Travel,Credit Card,Desktop,Mumbai,0,165,248.35,140,14,2,4,12,0,0.21941311721169754,0,17.553049376935803,Low,0,False,NO_ALERT
T103951,CUST7847,2023-11-24 10:39:00,2023-11-01,144.12,0,Legitimate,0.0,Grocery,UPI,Desktop,Chennai,0,71,484.59,870,10,4,11,24,0,0.22343691183644374,0,17.8749529469155,Low,0,False,NO_ALERT
T103952,CUST2610,2023-11-10 08:20:00,2023-11-01,294.13,0,Legitimate,0.0,Entertainment,NetBanking,Desktop,Kolkata,1,183,134.88,232,8,4,11,10,0,0.519079752349295,1,61.5263801879436,High,1,True,HIGH
T103953,CUST4589,2024-01-16 15:12:00,2024-01-01,11.64,0,Legitimate,0.0,Health,Credit Card,Desktop,Hyderabad,0,99,496.27,1813,15,1,1,16,0,0.21763952909113002,0,17.411162327290402,Low,0,False,NO_ALERT
T103954,CUST5420,2023-10-22 22:31:00,2023-10-01,21.06,0,Legitimate,0.0,Electronics,Credit Card,Mobile,Bengaluru,0,12,118.99,1118,22,6,10,22,1,0.19726253238887403,0,15.781002591109923,Low,0,False,NO_ALERT
T103955,CUST9619,2023-06-18 22:40:00,2023-06-01,162.24,0,Legitimate,0.0,Fashion,Debit Card,POS,Hyderabad,0,52,190.4,1768,22,6,6,18,1,0.22399726861979713,0,17.91978148958377,Low,0,False,NO_ALERT
T103956,CUST7893,2024-01-28 05:25:00,2024-01-01,208.8,0,Legitimate,0.0,Health,Credit Card,Mobile,Kolkata,0,185,301.07,1214,5,6,1,28,1,0.5484320015310002,0,43.87456012248003,Medium,0,False,NO_ALERT
T103957,CUST2702,2023-01-06 19:00:00,2023-01-01,43.53,0,Legitimate,0.0,Utilities,NetBanking,POS,Hyderabad,0,46,349.73,443,19,4,1,6,0,0.19398557667765112,0,15.51884613421209,Low,0,False,NO_ALERT
T103958,CUST2240,2023-09-28 18:24:00,2023-09-01,4.16,0,Legitimate,0.0,Electronics,Debit Card,Desktop,Pune,0,104,362.94,1698,18,3,9,28,0,0.17512570161388902,0,14.01005612911112,Low,0,False,NO_ALERT
T103959,CUST7454,2024-02-11 00:56:00,2024-02-01,3.22,0,Legitimate,0.0,Travel,PayPal,Desktop,Bengaluru,0,44,243.36,719,0,6,2,11,1,0.5239069741697063,0,41.91255793357651,Medium,0,False,NO_ALERT
T103960,CUST7729,2023-11-10 13:57:00,2023-11-01,68.26,0,Legitimate,0.0,Food,PayPal,POS,Bengaluru,1,152,47.65,1758,13,4,11,10,0,0.5582810757490551,1,64.6624860599244,High,1,True,HIGH
T103961,CUST3023,2023-11-24 13:06:00,2023-11-01,39.92,0,Legitimate,0.0,Health,Debit Card,POS,Hyderabad,0,9,253.06,295,13,4,11,24,0,0.24462125492577086,0,19.56970039406167,Low,0,False,NO_ALERT
T103962,CUST1888,2023-09-23 02:42:00,2023-09-01,2.33,0,Legitimate,0.0,Fashion,Debit Card,Mobile,Delhi,0,140,174.0,601,2,5,9,23,1,0.5027623248189083,0,40.22098598551266,Medium,0,False,NO_ALERT
T103963,CUST5941,2023-04-21 09:12:00,2023-04-01,70.02,0,Legitimate,0.0,Electronics,Debit Card,POS,Pune,0,100,332.25,234,9,4,4,21,0,0.18927859593792257,0,15.142287675033806,Low,0,False,NO_ALERT
T103964,CUST8276,2023-06-02 22:58:00,2023-06-01,0.91,0,Legitimate,0.0,Utilities,UPI,Desktop,Delhi,0,137,99.32,1720,22,4,6,2,0,0.18015404711867966,0,14.412323769494373,Low,0,False,NO_ALERT
T103965,CUST7297,2023-08-20 17:48:00,2023-08-01,123.86,0,Legitimate,0.0,Electronics,NetBanking,Mobile,Hyderabad,0,103,203.02,613,17,6,8,20,1,0.18683114987890137,0,14.94649199031211,Low,0,False,NO_ALERT
T103966,CUST3947,2023-11-20 07:17:00,2023-11-01,29.27,0,Legitimate,0.0,Health,NetBanking,POS,Delhi,0,110,483.4,1209,7,0,11,20,0,0.22263777647783273,0,17.811022118226617,Low,0,False,NO_ALERT
T103967,CUST2990,2023-08-18 17:29:00,2023-08-01,3.29,0,Legitimate,0.0,Electronics,PayPal,POS,Bengaluru,0,116,53.55,202,17,4,8,18,0,0.20085739644465705,0,16.068591715572563,Low,0,False,NO_ALERT
T103968,CUST1349,2023-01-31 11:52:00,2023-01-01,71.01,0,Legitimate,0.0,Food,PayPal,Mobile,Bengaluru,0,22,305.14,337,11,1,1,31,0,0.25744620833278514,0,20.595696666622814,Low,0,False,NO_ALERT
T103969,CUST7442,2023-12-16 15:19:00,2023-12-01,40.56,0,Legitimate,0.0,Electronics,PayPal,POS,Delhi,0,145,54.42,479,15,5,12,16,1,0.17114198215932552,0,13.691358572746044,Low,0,False,NO_ALERT
T103970,CUST4089,2023-05-12 08:17:00,2023-05-01,291.36,0,Legitimate,0.0,Entertainment,Credit Card,Desktop,Bengaluru,0,161,86.93,91,8,4,5,12,0,0.2610394522771507,1,40.88315618217206,Medium,0,False,NO_ALERT
T103971,CUST3277,2024-01-15 22:34:00,2024-01-01,62.86,0,Legitimate,0.0,Grocery,PayPal,Mobile,Mumbai,0,175,306.42,1426,22,0,1,15,0,0.2424985331775785,0,19.39988265420628,Low,0,False,NO_ALERT
T103972,CUST8160,2023-11-06 17:32:00,2023-11-01,25.75,0,Legitimate,0.0,Entertainment,Debit Card,POS,Bengaluru,0,88,227.56,1513,17,0,11,6,0,0.29462973673367293,0,23.570378938693835,Low,0,False,NO_ALERT
T103973,CUST5776,2024-01-01 08:00:00,2024-01-01,98.88,0,Legitimate,0.0,Grocery,PayPal,Desktop,Hyderabad,0,143,278.76,504,8,0,1,1,0,0.2387353584449038,0,19.098828675592305,Low,0,False,NO_ALERT
T103974,CUST5822,2023-02-02 12:15:00,2023-02-01,25.34,0,Legitimate,0.0,Electronics,Debit Card,POS,Chennai,0,33,441.14,1434,12,3,2,2,0,0.2095113260632003,0,16.760906085056025,Low,0,False,NO_ALERT
T103975,CUST9147,2023-05-08 15:45:00,2023-05-01,187.68,0,Legitimate,0.0,Utilities,UPI,Mobile,Delhi,0,15,410.45,1770,15,0,5,8,0,0.24820166659309872,0,19.8561333274479,Low,0,False,NO_ALERT
T103976,CUST8867,2023-08-01 11:07:00,2023-08-01,37.56,0,Legitimate,0.0,Utilities,Credit Card,POS,Pune,0,27,445.11,1625,11,1,8,1,0,0.28802556341922997,0,23.0420450735384,Low,0,False,NO_ALERT
T103977,CUST6491,2023-08-23 07:29:00,2023-08-01,63.86,0,Legitimate,0.0,Health,Credit Card,POS,Kolkata,0,189,311.96,115,7,2,8,23,0,0.24916253818040843,0,19.933003054432675,Low,0,False,NO_ALERT
T103978,CUST1829,2023-10-05 02:19:00,2023-10-01,4.15,0,Legitimate,0.0,Utilities,NetBanking,POS,Delhi,0,196,249.93,1989,2,3,10,5,0,0.5583454878044839,0,44.667639024358714,Medium,0,False,NO_ALERT
T103979,CUST9307,2023-04-26 23:01:00,2023-04-01,44.43,0,Legitimate,0.0,Grocery,UPI,Desktop,Kolkata,0,112,235.01,1196,23,2,4,26,0,0.23432387719217287,0,18.745910175373833,Low,0,False,NO_ALERT
T103980,CUST2158,2023-01-22 07:19:00,2023-01-01,142.88,0,Legitimate,0.0,Fashion,Debit Card,Desktop,Kolkata,0,82,372.51,1916,7,6,1,22,1,0.24108877067599951,0,19.28710165407996,Low,0,False,NO_ALERT
T103981,CUST2072,2023-06-16 21:43:00,2023-06-01,131.05,1,Fraudulent,131.05,Grocery,UPI,POS,Bengaluru,1,48,265.44,1060,21,4,6,16,0,0.7110678972677527,1,76.88543178142021,Critical,1,True,CRITICAL
T103982,CUST9104,2023-11-21 06:08:00,2023-11-01,20.32,0,Legitimate,0.0,Entertainment,Credit Card,POS,Bengaluru,0,8,61.83,324,6,1,11,21,0,0.2749986019433686,0,21.999888155469492,Low,0,False,NO_ALERT
T103983,CUST9127,2023-05-29 05:57:00,2023-05-01,20.5,0,Legitimate,0.0,Electronics,Debit Card,Mobile,Chennai,0,134,79.55,1744,5,0,5,29,0,0.5576677317847828,0,44.613418542782625,Medium,0,False,NO_ALERT
T103984,CUST4115,2023-09-24 17:54:00,2023-09-01,136.0,0,Legitimate,0.0,Health,UPI,POS,Chennai,1,191,184.97,768,17,6,9,24,1,0.5042678479705687,1,60.3414278376455,High,1,True,HIGH
T103985,CUST8538,2023-11-03 17:38:00,2023-11-01,213.2,0,Legitimate,0.0,Travel,Credit Card,Mobile,Pune,0,118,43.23,1572,17,4,11,3,0,0.23161679140311772,1,38.52934331224942,Medium,0,False,NO_ALERT
T103986,CUST3930,2023-09-15 01:03:00,2023-09-01,8.02,0,Legitimate,0.0,Health,Debit Card,Desktop,Hyderabad,0,84,127.22,1705,1,4,9,15,0,0.6214160529479557,0,49.713284235836454,Medium,0,False,NO_ALERT
T103987,CUST2037,2024-01-20 00:45:00,2024-01-01,47.84,1,Fraudulent,47.84,Health,Debit Card,POS,Mumbai,0,2,331.64,555,0,5,1,20,1,0.7217002901630609,0,57.736023213044874,High,1,True,HIGH
T103988,CUST9139,2023-04-20 12:29:00,2023-04-01,32.93,0,Legitimate,0.0,Health,Credit Card,Mobile,Hyderabad,0,150,16.09,63,12,3,4,20,0,0.19896823468724606,0,15.917458774979686,Low,0,False,NO_ALERT
T103989,CUST9053,2023-06-23 12:39:00,2023-06-01,163.64,0,Legitimate,0.0,Fashion,Debit Card,Desktop,Pune,1,118,306.01,1943,12,4,6,23,0,0.5800201444757089,0,46.401611558056715,Medium,0,False,NO_ALERT
T103990,CUST8778,2023-06-13 14:37:00,2023-06-01,6.98,0,Legitimate,0.0,Food,Credit Card,Mobile,Delhi,0,21,388.45,1988,14,1,6,13,0,0.19390650573346332,0,15.512520458677066,Low,0,False,NO_ALERT
T103991,CUST9277,2023-01-31 21:32:00,2023-01-01,18.97,0,Legitimate,0.0,Entertainment,PayPal,Desktop,Bengaluru,0,134,93.38,781,21,1,1,31,0,0.2445989100721204,0,19.567912805769634,Low,0,False,NO_ALERT
T103992,CUST6908,2023-09-12 22:41:00,2023-09-01,111.7,0,Legitimate,0.0,Electronics,PayPal,POS,Hyderabad,0,123,98.67,1382,22,1,9,12,0,0.17121584691277061,0,13.697267753021649,Low,0,False,NO_ALERT
T103993,CUST4020,2023-03-09 01:57:00,2023-03-01,4.21,1,Fraudulent,4.21,Food,Debit Card,Mobile,Kolkata,0,96,24.14,1885,1,3,3,9,0,0.759552495142865,0,60.764199611429206,High,1,True,HIGH
T103994,CUST2761,2023-03-21 14:16:00,2023-03-01,54.27,0,Legitimate,0.0,Travel,Debit Card,POS,Bengaluru,0,198,261.1,1662,14,1,3,21,0,0.28132217508576574,0,22.50577400686126,Low,0,False,NO_ALERT
T103995,CUST7204,2023-04-18 16:38:00,2023-04-01,46.69,0,Legitimate,0.0,Food,Credit Card,Mobile,Bengaluru,1,13,330.75,809,16,1,4,18,0,0.5859094921084603,1,66.87275936867684,High,1,True,HIGH
T103996,CUST3865,2023-08-11 12:27:00,2023-08-01,32.57,0,Legitimate,0.0,Electronics,Debit Card,Desktop,Hyderabad,0,1,233.89,667,12,4,8,11,0,0.21469617902820673,0,17.17569432225654,Low,0,False,NO_ALERT
T103997,CUST3351,2023-10-02 13:08:00,2023-10-01,40.15,0,Legitimate,0.0,Entertainment,NetBanking,Mobile,Hyderabad,0,150,200.83,1087,13,0,10,2,0,0.24931603360351773,0,19.94528268828142,Low,0,False,NO_ALERT
T103998,CUST8759,2023-03-06 08:31:00,2023-03-01,60.39,0,Legitimate,0.0,Entertainment,PayPal,Mobile,Kolkata,0,117,232.66,824,8,0,3,6,0,0.23542297914310342,0,18.833838331448273,Low,0,False,NO_ALERT
T103999,CUST9728,2024-01-10 09:50:00,2024-01-01,14.08,0,Legitimate,0.0,Electronics,Debit Card,POS,Kolkata,0,152,392.95,435,9,2,1,10,0,0.2467399582821364,0,19.739196662570915,Low,0,False,NO_ALERT
T104000,CUST4944,2023-07-16 20:29:00,2023-07-01,67.89,0,Legitimate,0.0,Travel,Debit Card,POS,Chennai,0,64,26.42,1071,20,6,7,16,1,0.24285335548560608,0,19.428268438848487,Low,0,False,NO_ALERT
T104001,CUST4335,2024-01-17 02:53:00,2024-01-01,130.96,0,Legitimate,0.0,Electronics,UPI,POS,Pune,0,169,394.07,1483,2,2,1,17,0,0.5640112791785314,0,45.12090233428252,Medium,0,False,NO_ALERT
T104002,CUST7062,2024-01-08 23:05:00,2024-01-01,114.22,0,Legitimate,0.0,Travel,Debit Card,Desktop,Pune,0,150,336.51,457,23,0,1,8,0,0.22472296405086845,0,17.977837124069477,Low,0,False,NO_ALERT
T104003,CUST8372,2023-02-19 03:33:00,2023-02-01,13.37,0,Legitimate,0.0,Travel,NetBanking,POS,Kolkata,0,61,128.3,943,3,6,2,19,1,0.5362702150251792,0,42.90161720201434,Medium,0,False,NO_ALERT
T104004,CUST8554,2023-02-17 16:06:00,2023-02-01,12.93,0,Legitimate,0.0,Electronics,PayPal,Mobile,Mumbai,0,108,267.12,322,16,4,2,17,0,0.22739065216770973,0,18.191252173416782,Low,0,False,NO_ALERT
T104005,CUST8907,2023-10-01 06:15:00,2023-10-01,24.98,1,Fraudulent,24.98,Grocery,UPI,Desktop,Kolkata,0,12,34.15,1956,6,6,10,1,1,0.604811467009556,1,68.38491736076449,High,1,True,HIGH
T104006,CUST3614,2023-05-02 14:58:00,2023-05-01,35.84,0,Legitimate,0.0,Entertainment,Credit Card,POS,Chennai,0,90,196.0,609,14,1,5,2,0,0.26763375561124086,0,21.41070044889927,Low,0,False,NO_ALERT
T104007,CUST5090,2023-07-08 19:54:00,2023-07-01,42.0,0,Legitimate,0.0,Travel,Credit Card,Mobile,Mumbai,0,132,95.28,1802,19,5,7,8,1,0.2269473260648876,0,18.155786085191007,Low,0,False,NO_ALERT
T104008,CUST2782,2023-10-16 17:38:00,2023-10-01,91.08,0,Legitimate,0.0,Electronics,PayPal,Mobile,Hyderabad,0,83,20.93,1133,17,0,10,16,0,0.2987596610242981,1,43.90077288194385,Medium,0,False,NO_ALERT
T104009,CUST8530,2023-07-16 11:26:00,2023-07-01,4.67,0,Legitimate,0.0,Utilities,Credit Card,Desktop,Pune,0,128,184.97,1139,11,6,7,16,1,0.2236693938125715,0,17.89355150500572,Low,0,False,NO_ALERT
T104010,CUST3313,2023-07-26 10:23:00,2023-07-01,2.82,0,Legitimate,0.0,Grocery,NetBanking,Mobile,Pune,0,140,365.8,1625,10,2,7,26,0,0.1597119950899864,0,12.776959607198913,Low,0,False,NO_ALERT
T104011,CUST6829,2023-04-02 14:57:00,2023-04-01,39.79,0,Legitimate,0.0,Entertainment,Debit Card,POS,Mumbai,0,33,461.3,77,14,6,4,2,1,0.2176904033069998,0,17.415232264559986,Low,0,False,NO_ALERT
T104012,CUST8029,2023-09-18 17:08:00,2023-09-01,95.57,0,Legitimate,0.0,Travel,PayPal,Mobile,Delhi,0,149,334.51,1744,17,0,9,18,0,0.22755910010388314,0,18.20472800831065,Low,0,False,NO_ALERT
T104013,CUST1598,2023-08-29 01:51:00,2023-08-01,17.2,1,Fraudulent,17.2,Entertainment,UPI,POS,Chennai,0,128,206.97,1921,1,1,8,29,0,0.6722097129626029,0,53.77677703700823,High,1,True,HIGH
T104014,CUST4337,2023-05-14 13:58:00,2023-05-01,82.07,0,Legitimate,0.0,Grocery,Debit Card,POS,Chennai,0,100,499.75,113,13,6,5,14,1,0.2511451443903358,0,20.091611551226865,Low,0,False,NO_ALERT
T104015,CUST8330,2023-12-30 02:50:00,2023-12-01,24.07,1,Fraudulent,24.07,Entertainment,Credit Card,Desktop,Chennai,0,106,148.64,636,2,5,12,30,1,0.6716488848834891,0,53.73191079067913,High,1,True,HIGH
T104016,CUST6029,2023-03-12 18:25:00,2023-03-01,173.78,0,Legitimate,0.0,Fashion,Credit Card,Mobile,Pune,0,72,101.69,337,18,6,3,12,1,0.2477971633641569,0,19.823773069132557,Low,0,False,NO_ALERT
T104017,CUST4632,2023-09-07 17:56:00,2023-09-01,180.83,0,Legitimate,0.0,Health,UPI,Desktop,Bengaluru,0,74,237.2,281,17,3,9,7,0,0.23170532915992756,0,18.536426332794203,Low,0,False,NO_ALERT
T104018,CUST8722,2023-10-21 16:17:00,2023-10-01,28.22,0,Legitimate,0.0,Fashion,NetBanking,Desktop,Pune,0,96,257.41,1534,16,5,10,21,1,0.17283519635883585,0,13.826815708706869,Low,0,False,NO_ALERT
T104019,CUST3014,2023-01-23 02:23:00,2023-01-01,20.91,0,Legitimate,0.0,Grocery,UPI,Desktop,Bengaluru,0,92,183.86,1898,2,0,1,23,0,0.5902358564909082,0,47.218868519272654,Medium,0,False,NO_ALERT
T104020,CUST5974,2023-06-13 18:42:00,2023-06-01,42.39,0,Legitimate,0.0,Travel,PayPal,POS,Pune,0,74,350.79,209,18,1,6,13,0,0.23761857602683473,0,19.00948608214678,Low,0,False,NO_ALERT
T104021,CUST1815,2023-05-01 18:18:00,2023-05-01,22.01,0,Legitimate,0.0,Electronics,UPI,POS,Hyderabad,0,72,100.09,1649,18,0,5,1,0,0.2087733269887537,0,16.701866159100298,Low,0,False,NO_ALERT
T104022,CUST4703,2023-04-13 10:33:00,2023-04-01,89.27,0,Legitimate,0.0,Food,Credit Card,POS,Pune,0,180,260.07,1363,10,3,4,13,0,0.26910268034897017,0,21.528214427917614,Low,0,False,NO_ALERT
T104023,CUST7560,2023-01-28 15:51:00,2023-01-01,139.93,0,Legitimate,0.0,Electronics,NetBanking,POS,Hyderabad,0,175,255.06,1990,15,5,1,28,1,0.22125932424363515,0,17.70074593949081,Low,0,False,NO_ALERT
T104024,CUST2904,2024-02-20 22:44:00,2024-02-01,89.45,0,Legitimate,0.0,Entertainment,NetBanking,Mobile,Bengaluru,0,59,413.66,455,22,1,2,20,0,0.24323447783794216,0,19.458758227035375,Low,0,False,NO_ALERT
T104025,CUST7454,2023-12-19 12:33:00,2023-12-01,139.14,0,Legitimate,0.0,Food,UPI,Mobile,Chennai,1,175,464.21,1539,12,1,12,19,0,0.5112618119497402,0,40.90094495597921,Medium,0,False,NO_ALERT
T104026,CUST3289,2024-02-20 21:13:00,2024-02-01,40.47,0,Legitimate,0.0,Food,PayPal,POS,Bengaluru,0,56,335.0,1715,21,1,2,20,0,0.2518498434591258,0,20.147987476730066,Low,0,False,NO_ALERT
T104027,CUST2253,2023-01-17 08:44:00,2023-01-01,13.6,1,Fraudulent,13.6,Entertainment,Credit Card,POS,Mumbai,1,13,159.63,68,8,1,1,17,0,0.7065631123501036,1,76.5250489880083,Critical,1,True,CRITICAL
T104028,CUST6491,2023-11-18 23:44:00,2023-11-01,107.14,0,Legitimate,0.0,Entertainment,Debit Card,Mobile,Chennai,0,172,347.91,1332,23,5,11,18,1,0.24720066011569045,0,19.776052809255237,Low,0,False,NO_ALERT
T104029,CUST1963,2023-08-19 18:11:00,2023-08-01,35.76,0,Legitimate,0.0,Travel,NetBanking,Desktop,Pune,0,35,133.17,845,18,5,8,19,1,0.19444649180283302,0,15.555719344226643,Low,0,False,NO_ALERT
T104030,CUST8697,2023-04-14 22:51:00,2023-04-01,89.0,0,Legitimate,0.0,Grocery,UPI,Desktop,Pune,0,119,483.61,654,22,4,4,14,0,0.2038132600323493,0,16.305060802587946,Low,0,False,NO_ALERT
T104031,CUST3710,2023-12-14 22:32:00,2023-12-01,25.25,0,Legitimate,0.0,Utilities,PayPal,POS,Pune,0,115,412.96,405,22,3,12,14,0,0.2044676187075797,0,16.357409496606376,Low,0,False,NO_ALERT
T104032,CUST5700,2023-10-20 23:16:00,2023-10-01,6.78,0,Legitimate,0.0,Electronics,PayPal,Desktop,Pune,0,157,221.28,1982,23,4,10,20,0,0.19683799841597988,0,15.747039873278391,Low,0,False,NO_ALERT
T104033,CUST2929,2023-11-22 21:46:00,2023-11-01,392.31,0,Legitimate,0.0,Grocery,Credit Card,POS,Pune,0,56,394.33,1692,21,2,11,22,0,0.26952173045432515,1,41.56173843634602,Medium,0,False,NO_ALERT
T104034,CUST9554,2023-02-24 19:19:00,2023-02-01,13.59,0,Legitimate,0.0,Fashion,NetBanking,POS,Bengaluru,0,133,210.24,70,19,4,2,24,0,0.22033025375933754,0,17.626420300747004,Low,0,False,NO_ALERT
T104035,CUST4454,2023-07-01 11:13:00,2023-07-01,356.68,0,Legitimate,0.0,Travel,Credit Card,POS,Kolkata,0,195,46.56,1723,11,5,7,1,1,0.30471472559059376,1,44.3771780472475,Medium,0,False,NO_ALERT
T104036,CUST2240,2023-07-22 03:17:00,2023-07-01,302.76,0,Legitimate,0.0,Travel,Debit Card,Mobile,Hyderabad,0,53,356.32,1771,3,5,7,22,1,0.6135418166795059,1,69.08334533436047,High,1,True,HIGH
T104037,CUST2426,2023-09-10 02:46:00,2023-09-01,126.32,0,Legitimate,0.0,Utilities,Debit Card,Desktop,Kolkata,0,101,208.26,76,2,6,9,10,1,0.539964541359302,0,43.197163308744166,Medium,0,False,NO_ALERT
T104038,CUST6280,2023-11-06 02:05:00,2023-11-01,86.17,1,Fraudulent,86.17,Fashion,Debit Card,Mobile,Bengaluru,0,120,465.86,1537,2,0,11,6,0,0.7110001454147726,0,56.880011633181816,High,1,True,HIGH
T104039,CUST5186,2023-01-13 07:56:00,2023-01-01,68.98,1,Fraudulent,68.98,Electronics,PayPal,Desktop,Delhi,1,60,160.21,214,7,4,1,13,0,0.7436608475575055,0,59.49286780460044,High,1,True,HIGH
T104040,CUST2879,2023-07-23 03:08:00,2023-07-01,160.85,0,Legitimate,0.0,Health,NetBanking,Mobile,Kolkata,0,105,423.23,101,3,6,7,23,1,0.5543768078253588,0,44.35014462602871,Medium,0,False,NO_ALERT
T104041,CUST5137,2023-12-05 12:03:00,2023-12-01,27.34,0,Legitimate,0.0,Fashion,Credit Card,Mobile,Bengaluru,0,134,343.41,598,12,1,12,5,0,0.277260570967825,0,22.180845677426003,Low,0,False,NO_ALERT
T104042,CUST9585,2023-11-24 14:57:00,2023-11-01,50.44,0,Legitimate,0.0,Electronics,Credit Card,POS,Chennai,0,176,428.13,1804,14,4,11,24,0,0.20686185999481638,0,16.54894879958531,Low,0,False,NO_ALERT
T104043,CUST3570,2023-04-28 10:18:00,2023-04-01,77.28,0,Legitimate,0.0,Food,Debit Card,POS,Pune,0,106,153.02,603,10,4,4,28,0,0.2128133753551826,0,17.02507002841461,Low,0,False,NO_ALERT
T104044,CUST8299,2023-05-28 06:14:00,2023-05-01,42.37,0,Legitimate,0.0,Entertainment,NetBanking,Mobile,Bengaluru,0,80,236.06,371,6,6,5,28,1,0.2555697900128193,0,20.445583201025546,Low,0,False,NO_ALERT
T104045,CUST7327,2023-10-22 21:09:00,2023-10-01,44.62,0,Legitimate,0.0,Travel,NetBanking,Desktop,Kolkata,0,163,413.33,598,21,6,10,22,1,0.23296886055045032,0,18.637508844036027,Low,0,False,NO_ALERT
T104046,CUST5076,2023-07-27 23:44:00,2023-07-01,32.07,0,Legitimate,0.0,Electronics,UPI,Desktop,Hyderabad,0,146,325.47,993,23,3,7,27,0,0.20727538843672055,0,16.582031074937643,Low,0,False,NO_ALERT
T104047,CUST6633,2023-05-01 07:03:00,2023-05-01,66.45,0,Legitimate,0.0,Grocery,NetBanking,POS,Kolkata,0,11,186.36,1296,7,0,5,1,0,0.26710133727209046,0,21.368106981767237,Low,0,False,NO_ALERT
T104048,CUST1305,2023-12-19 04:24:00,2023-12-01,152.08,0,Legitimate,0.0,Utilities,NetBanking,POS,Pune,0,51,260.88,357,4,1,12,19,0,0.5422951075854641,0,43.38360860683713,Medium,0,False,NO_ALERT
T104049,CUST1847,2023-11-18 17:02:00,2023-11-01,18.0,0,Legitimate,0.0,Entertainment,Credit Card,Desktop,Kolkata,0,121,498.09,1689,17,5,11,18,1,0.22639693428171323,0,18.11175474253706,Low,0,False,NO_ALERT
T104050,CUST9835,2023-03-11 16:38:00,2023-03-01,217.97,0,Legitimate,0.0,Grocery,NetBanking,Desktop,Mumbai,0,23,373.51,182,16,5,3,11,1,0.22652256479945543,0,18.121805183956436,Low,0,False,NO_ALERT
T104051,CUST2773,2023-03-31 09:25:00,2023-03-01,93.46,0,Legitimate,0.0,Entertainment,NetBanking,Desktop,Delhi,0,47,311.12,1308,9,4,3,31,0,0.2020659331018545,0,16.165274648148362,Low,0,False,NO_ALERT
T104052,CUST7211,2024-01-26 14:18:00,2024-01-01,138.65,0,Legitimate,0.0,Travel,Credit Card,POS,Chennai,0,75,415.68,758,14,4,1,26,0,0.2714957907194567,0,21.719663257556533,Low,0,False,NO_ALERT
T104053,CUST5251,2023-01-09 16:21:00,2023-01-01,64.99,0,Legitimate,0.0,Fashion,NetBanking,Desktop,Hyderabad,0,187,226.59,1477,16,0,1,9,0,0.21195262525006484,0,16.956210020005187,Low,0,False,NO_ALERT
T104054,CUST6850,2023-10-25 01:55:00,2023-10-01,120.95,1,Fraudulent,120.95,Health,Credit Card,POS,Delhi,1,185,475.53,261,1,2,10,25,0,0.8072397770116622,1,84.57918216093297,Critical,1,True,CRITICAL
T104055,CUST7801,2023-07-06 12:54:00,2023-07-01,1.31,0,Legitimate,0.0,Fashion,UPI,Mobile,Bengaluru,0,93,280.49,1582,12,3,7,6,0,0.18907126048150225,0,15.125700838520181,Low,0,False,NO_ALERT
T104056,CUST4570,2023-03-28 00:39:00,2023-03-01,136.47,0,Legitimate,0.0,Electronics,PayPal,Mobile,Delhi,0,127,170.17,1645,0,1,3,28,0,0.5650014197385881,0,45.20011357908705,Medium,0,False,NO_ALERT
T104057,CUST3870,2023-11-03 08:08:00,2023-11-01,3.28,0,Legitimate,0.0,Utilities,Credit Card,Mobile,Pune,0,56,52.15,1549,8,4,11,3,0,0.21133373055314364,0,16.906698444251493,Low,0,False,NO_ALERT
T104058,CUST7162,2023-08-26 02:48:00,2023-08-01,176.52,0,Legitimate,0.0,Fashion,Credit Card,Desktop,Pune,0,155,194.09,205,2,5,8,26,1,0.5792632711225414,0,46.34106168980332,Medium,0,False,NO_ALERT
T104059,CUST3683,2023-06-23 01:18:00,2023-06-01,385.89,1,Fraudulent,385.89,Travel,NetBanking,POS,Mumbai,1,73,288.63,580,1,4,6,23,0,0.7917710706931622,0,63.34168565545298,High,1,True,HIGH
T104060,CUST2893,2023-10-31 01:32:00,2023-10-01,27.86,1,Fraudulent,27.86,Utilities,Credit Card,Desktop,Delhi,1,163,354.59,172,1,1,10,31,0,0.824087592192752,1,85.92700737542016,Critical,1,True,CRITICAL
T104061,CUST3160,2023-08-07 21:28:00,2023-08-01,18.89,0,Legitimate,0.0,Electronics,Debit Card,POS,Kolkata,0,183,438.81,46,21,0,8,7,0,0.26438948510749716,0,21.151158808599774,Low,0,False,NO_ALERT
T104062,CUST6075,2023-09-04 01:45:00,2023-09-01,115.98,0,Legitimate,0.0,Food,Debit Card,Desktop,Delhi,0,137,472.54,278,1,0,9,4,0,0.62887736466963,0,50.3101891735704,High,1,True,HIGH
T104063,CUST6434,2023-12-08 03:52:00,2023-12-01,23.34,1,Fraudulent,23.34,Fashion,UPI,Mobile,Pune,0,18,60.2,1088,3,4,12,8,0,0.729494937085732,0,58.359594966858566,High,1,True,HIGH
T104064,CUST9857,2024-02-21 07:20:00,2024-02-01,160.53,0,Legitimate,0.0,Fashion,Credit Card,POS,Bengaluru,0,44,304.44,830,7,2,2,21,0,0.2430031939169249,0,19.440255513353993,Low,0,False,NO_ALERT
T104065,CUST7221,2023-07-06 05:56:00,2023-07-01,8.68,1,Fraudulent,8.68,Health,NetBanking,Desktop,Bengaluru,1,149,336.63,1029,5,3,7,6,0,0.8562868419248915,0,68.50294735399132,High,1,True,HIGH
T104066,CUST2184,2024-01-08 05:35:00,2024-01-01,10.77,0,Legitimate,0.0,Electronics,NetBanking,POS,Chennai,0,56,94.31,1028,5,0,1,8,0,0.5684269030131526,0,45.47415224105221,Medium,0,False,NO_ALERT
T104067,CUST2512,2023-07-10 08:07:00,2023-07-01,309.64,0,Legitimate,0.0,Grocery,PayPal,POS,Kolkata,0,176,277.34,175,8,0,7,10,0,0.23700486588152828,0,18.960389270522263,Low,0,False,NO_ALERT
T104068,CUST1153,2023-04-24 03:10:00,2023-04-01,89.63,0,Legitimate,0.0,Fashion,UPI,Desktop,Kolkata,0,100,174.07,955,3,0,4,24,0,0.6209649401827718,0,49.67719521462175,Medium,0,False,NO_ALERT
T104069,CUST6299,2023-02-24 00:18:00,2023-02-01,150.13,0,Legitimate,0.0,Travel,NetBanking,Desktop,Bengaluru,0,1,47.93,756,0,4,2,24,0,0.46119764855677414,1,56.895811884541935,High,1,True,HIGH
T104070,CUST5504,2023-10-10 23:58:00,2023-10-01,31.36,0,Legitimate,0.0,Fashion,PayPal,POS,Delhi,1,155,42.27,194,23,1,10,10,0,0.6597459456044512,1,72.7796756483561,High,1,True,HIGH
T104071,CUST7151,2024-02-19 02:26:00,2024-02-01,90.28,0,Legitimate,0.0,Health,NetBanking,POS,Mumbai,0,45,382.01,1164,2,0,2,19,0,0.615570518064612,0,49.245641445168964,Medium,0,False,NO_ALERT
T104072,CUST4556,2023-05-16 15:56:00,2023-05-01,72.16,0,Legitimate,0.0,Food,PayPal,Mobile,Bengaluru,0,63,311.57,676,15,1,5,16,0,0.26151674405089426,0,20.92133952407154,Low,0,False,NO_ALERT
T104073,CUST8398,2023-11-04 04:24:00,2023-11-01,73.94,1,Fraudulent,73.94,Health,Debit Card,POS,Kolkata,0,58,360.41,1127,4,5,11,4,1,0.6846657506571315,0,54.77326005257053,High,1,True,HIGH
T104074,CUST1907,2023-07-01 22:07:00,2023-07-01,91.79,0,Legitimate,0.0,Fashion,Debit Card,Mobile,Kolkata,0,168,345.79,697,22,5,7,1,1,0.26043365172271643,0,20.834692137817314,Low,0,False,NO_ALERT
T104075,CUST1291,2023-09-08 13:48:00,2023-09-01,68.52,0,Legitimate,0.0,Utilities,NetBanking,Mobile,Pune,0,63,75.81,1780,13,4,9,8,0,0.17923119554977704,0,14.338495643982164,Low,0,False,NO_ALERT
T104076,CUST7145,2023-03-04 14:23:00,2023-03-01,44.84,0,Legitimate,0.0,Grocery,UPI,Mobile,Pune,1,38,84.27,383,14,5,3,4,1,0.5984641244588008,1,67.87712995670407,High,1,True,HIGH
T104077,CUST6712,2024-02-04 20:42:00,2024-02-01,25.83,0,Legitimate,0.0,Entertainment,Credit Card,POS,Chennai,1,29,133.72,1327,20,6,2,4,1,0.5796122014839828,1,66.36897611871862,High,1,True,HIGH
T104078,CUST4469,2023-05-25 04:55:00,2023-05-01,117.08,0,Legitimate,0.0,Fashion,UPI,Mobile,Chennai,0,40,205.56,972,4,3,5,25,0,0.6479657798225827,0,51.83726238580662,High,1,True,HIGH
T104079,CUST4308,2023-06-12 01:24:00,2023-06-01,20.52,0,Legitimate,0.0,Electronics,UPI,POS,Delhi,0,147,470.2,1332,1,0,6,12,0,0.578840695179786,0,46.30725561438288,Medium,0,False,NO_ALERT
T104080,CUST5658,2023-11-07 09:40:00,2023-11-01,94.3,0,Legitimate,0.0,Fashion,Credit Card,POS,Bengaluru,0,88,340.21,1713,9,1,11,7,0,0.2633803765128748,0,21.070430121029986,Low,0,False,NO_ALERT
T104081,CUST2715,2023-05-13 12:58:00,2023-05-01,21.26,0,Legitimate,0.0,Grocery,Debit Card,Desktop,Bengaluru,0,56,135.03,1084,12,5,5,13,1,0.21320155866587143,0,17.056124693269716,Low,0,False,NO_ALERT
T104082,CUST9767,2023-04-29 06:24:00,2023-04-01,78.54,0,Legitimate,0.0,Electronics,Debit Card,POS,Chennai,0,44,37.43,555,6,5,4,29,1,0.19365246970370018,0,15.492197576296014,Low,0,False,NO_ALERT
T104083,CUST8632,2023-12-14 03:38:00,2023-12-01,109.97,0,Legitimate,0.0,Travel,Credit Card,POS,Bengaluru,0,193,345.27,1588,3,3,12,14,0,0.5716331742782965,0,45.73065394226373,Medium,0,False,NO_ALERT
T104084,CUST8883,2023-05-14 00:18:00,2023-05-01,19.75,0,Legitimate,0.0,Utilities,PayPal,Mobile,Delhi,0,100,316.41,539,0,6,5,14,1,0.5610974502818533,0,44.887796022548265,Medium,0,False,NO_ALERT
T104085,CUST7606,2023-07-17 00:58:00,2023-07-01,4.95,0,Legitimate,0.0,Electronics,UPI,POS,Mumbai,0,141,341.12,1567,0,0,7,17,0,0.5788400591077429,0,46.30720472861944,Medium,0,False,NO_ALERT
T104086,CUST6441,2023-10-08 05:26:00,2023-10-01,11.23,1,Fraudulent,11.23,Health,NetBanking,POS,Pune,0,158,137.98,1978,5,6,10,8,1,0.6759440590160625,0,54.07552472128501,High,1,True,HIGH
T104087,CUST2262,2023-05-24 12:52:00,2023-05-01,74.51,0,Legitimate,0.0,Food,Debit Card,Desktop,Delhi,0,49,263.31,207,12,2,5,24,0,0.23315152695503233,0,18.652122156402587,Low,0,False,NO_ALERT
T104088,CUST5559,2023-05-31 14:35:00,2023-05-01,151.47,0,Legitimate,0.0,Health,NetBanking,Desktop,Bengaluru,0,115,187.23,358,14,2,5,31,0,0.2108053448971089,0,16.864427591768713,Low,0,False,NO_ALERT
T104089,CUST8760,2023-06-15 03:00:00,2023-06-01,3.68,1,Fraudulent,3.68,Entertainment,Credit Card,Mobile,Delhi,0,75,410.67,1624,3,3,6,15,0,0.6701205821358773,0,53.60964657087019,High,1,True,HIGH
T104090,CUST5500,2023-10-31 21:07:00,2023-10-01,105.99,0,Legitimate,0.0,Electronics,NetBanking,Mobile,Pune,0,191,44.0,830,21,1,10,31,0,0.14309081119708777,0,11.447264895767022,Low,0,False,NO_ALERT
T104091,CUST6769,2023-07-19 11:21:00,2023-07-01,33.4,0,Legitimate,0.0,Travel,NetBanking,Desktop,Hyderabad,1,199,144.97,717,11,2,7,19,0,0.6279338658564371,0,50.23470926851497,High,1,True,HIGH
T104092,CUST2155,2023-09-10 03:58:00,2023-09-01,52.09,0,Legitimate,0.0,Fashion,UPI,Desktop,Kolkata,0,163,305.45,1225,3,6,9,10,1,0.6273889948343345,0,50.191119586746765,High,1,True,HIGH
T104093,CUST7959,2023-05-05 22:49:00,2023-05-01,211.45,0,Legitimate,0.0,Utilities,Credit Card,POS,Pune,0,139,110.56,1449,22,4,5,5,0,0.19835799292695466,0,15.868639434156373,Low,0,False,NO_ALERT
T104094,CUST4815,2023-04-13 08:54:00,2023-04-01,32.27,0,Legitimate,0.0,Electronics,NetBanking,Mobile,Kolkata,0,49,339.63,1648,8,3,4,13,0,0.18695938692715774,0,14.95675095417262,Low,0,False,NO_ALERT
T104095,CUST1743,2023-08-07 13:09:00,2023-08-01,50.09,0,Legitimate,0.0,Health,Debit Card,Mobile,Pune,0,107,77.02,967,13,0,8,7,0,0.20853630759347655,0,16.682904607478125,Low,0,False,NO_ALERT
T104096,CUST3934,2023-11-04 12:14:00,2023-11-01,1.1,0,Legitimate,0.0,Electronics,Credit Card,POS,Hyderabad,0,111,21.18,1009,12,5,11,4,1,0.20081183969054067,0,16.064947175243255,Low,0,False,NO_ALERT
T104097,CUST9978,2023-08-25 00:44:00,2023-08-01,6.81,0,Legitimate,0.0,Electronics,Debit Card,POS,Bengaluru,0,115,433.11,764,0,4,8,25,0,0.5649996241993445,0,45.199969935947564,Medium,0,False,NO_ALERT
T104098,CUST8991,2023-04-14 22:21:00,2023-04-01,23.94,0,Legitimate,0.0,Electronics,PayPal,Mobile,Bengaluru,0,168,173.39,1088,22,4,4,14,0,0.24903640264312865,0,19.922912211450296,Low,0,False,NO_ALERT
T104099,CUST7494,2023-12-13 16:24:00,2023-12-01,2.26,0,Legitimate,0.0,Travel,NetBanking,Desktop,Mumbai,0,21,86.86,326,16,2,12,13,0,0.18730146417215718,0,14.984117133772575,Low,0,False,NO_ALERT
T104100,CUST6633,2023-01-06 19:17:00,2023-01-01,79.84,0,Legitimate,0.0,Utilities,Credit Card,Desktop,Pune,0,47,94.63,1522,19,4,1,6,0,0.21422951652182373,0,17.1383613217459,Low,0,False,NO_ALERT
T104101,CUST9413,2024-02-06 03:22:00,2024-02-01,44.47,0,Legitimate,0.0,Grocery,Debit Card,POS,Delhi,0,3,444.09,1548,3,1,2,6,0,0.6425445740715899,0,51.4035659257272,High,1,True,HIGH
T104102,CUST9510,2023-05-14 04:57:00,2023-05-01,63.55,0,Legitimate,0.0,Grocery,NetBanking,Mobile,Mumbai,0,158,330.67,651,4,6,5,14,1,0.5756867723293926,0,46.05494178635141,Medium,0,False,NO_ALERT
T104103,CUST4492,2023-01-25 04:24:00,2023-01-01,15.36,1,Fraudulent,15.36,Electronics,UPI,POS,Bengaluru,0,127,478.61,1288,4,2,1,25,0,0.6716218227390752,0,53.729745819126016,High,1,True,HIGH
T104104,CUST4069,2023-12-31 09:23:00,2023-12-01,28.07,0,Legitimate,0.0,Travel,Debit Card,Desktop,Bengaluru,0,67,402.02,938,9,6,12,31,1,0.22478401638066448,0,17.982721310453158,Low,0,False,NO_ALERT
T104105,CUST7895,2023-06-06 11:01:00,2023-06-01,87.21,0,Legitimate,0.0,Travel,Debit Card,Desktop,Chennai,0,62,386.1,1092,11,1,6,6,0,0.25490061329162345,0,20.39204906332988,Low,0,False,NO_ALERT
T104106,CUST3191,2023-09-05 16:08:00,2023-09-01,268.89,0,Legitimate,0.0,Entertainment,PayPal,POS,Mumbai,0,165,254.91,1272,16,1,9,5,0,0.269804808250447,0,21.584384660035763,Low,0,False,NO_ALERT
T104107,CUST2512,2023-10-16 02:09:00,2023-10-01,4.14,0,Legitimate,0.0,Electronics,UPI,Desktop,Bengaluru,0,150,412.19,1270,2,0,10,16,0,0.5988869242835646,0,47.910953942685175,Medium,0,False,NO_ALERT
T104108,CUST8718,2024-02-13 04:36:00,2024-02-01,176.86,1,Fraudulent,176.86,Health,PayPal,Mobile,Hyderabad,0,31,212.2,735,4,1,2,13,0,0.7109026700619107,0,56.87221360495286,High,1,True,HIGH
T104109,CUST8939,2023-10-12 06:01:00,2023-10-01,68.81,0,Legitimate,0.0,Health,UPI,POS,Kolkata,0,46,415.23,1728,6,3,10,12,0,0.23623596956427267,0,18.898877565141813,Low,0,False,NO_ALERT
T104110,CUST1205,2023-03-03 02:02:00,2023-03-01,66.39,0,Legitimate,0.0,Food,Debit Card,POS,Chennai,0,45,381.29,657,2,4,3,3,0,0.6410510718198141,0,51.28408574558513,High,1,True,HIGH
T104111,CUST7142,2023-07-29 20:50:00,2023-07-01,55.5,0,Legitimate,0.0,Utilities,PayPal,POS,Delhi,0,14,342.43,1893,20,5,7,29,1,0.23572875586666306,0,18.858300469333045,Low,0,False,NO_ALERT
T104112,CUST1165,2023-09-28 23:48:00,2023-09-01,5.75,1,Fraudulent,5.75,Electronics,NetBanking,Desktop,Kolkata,1,121,171.56,702,23,3,9,28,0,0.7447504443139293,0,59.58003554511435,High,1,True,HIGH
T104113,CUST1601,2023-01-26 05:57:00,2023-01-01,7.53,1,Fraudulent,7.53,Food,UPI,Mobile,Chennai,1,140,319.05,1654,5,3,1,26,0,0.8411800440071996,1,87.29440352057597,Critical,1,True,CRITICAL
T104114,CUST6678,2024-02-15 19:13:00,2024-02-01,73.49,0,Legitimate,0.0,Health,Debit Card,POS,Pune,0,119,258.33,449,19,3,2,15,0,0.2280368556556457,0,18.242948452451653,Low,0,False,NO_ALERT
T104115,CUST9289,2023-03-27 01:58:00,2023-03-01,33.36,0,Legitimate,0.0,Health,Credit Card,POS,Pune,0,191,236.16,682,1,0,3,27,0,0.5745566655480111,0,45.96453324384089,Medium,0,False,NO_ALERT
T104116,CUST4883,2023-02-03 11:50:00,2023-02-01,199.37,0,Legitimate,0.0,Electronics,UPI,Desktop,Delhi,0,77,495.22,853,11,4,2,3,0,0.20759561154808817,0,16.607648923847055,Low,0,False,NO_ALERT
T104117,CUST2865,2023-09-01 23:54:00,2023-09-01,41.75,0,Legitimate,0.0,Food,UPI,Mobile,Hyderabad,0,88,257.15,1227,23,4,9,1,0,0.22751964166779942,0,18.201571333423953,Low,0,False,NO_ALERT
T104118,CUST2737,2023-06-09 00:24:00,2023-06-01,12.37,0,Legitimate,0.0,Food,NetBanking,POS,Delhi,0,166,25.67,742,0,4,6,9,0,0.6825772761475188,0,54.606182091801514,High,1,True,HIGH
T104119,CUST5074,2023-06-20 07:56:00,2023-06-01,100.34,0,Legitimate,0.0,Electronics,UPI,Desktop,Mumbai,0,117,316.97,896,7,1,6,20,0,0.22233680986516957,0,17.786944789213567,Low,0,False,NO_ALERT
T104120,CUST1211,2023-08-29 14:47:00,2023-08-01,27.78,0,Legitimate,0.0,Utilities,UPI,POS,Kolkata,0,175,366.73,843,14,1,8,29,0,0.22658736686585684,0,18.12698934926855,Low,0,False,NO_ALERT
T104121,CUST6709,2023-10-23 19:00:00,2023-10-01,59.63,0,Legitimate,0.0,Entertainment,NetBanking,Desktop,Delhi,0,124,443.74,897,19,0,10,23,0,0.2080177773078622,0,16.641422184628976,Low,0,False,NO_ALERT
T104122,CUST5504,2023-05-13 21:35:00,2023-05-01,95.74,0,Legitimate,0.0,Food,NetBanking,Mobile,Delhi,0,54,320.02,142,21,5,5,13,1,0.20619929173627352,0,16.49594333890188,Low,0,False,NO_ALERT
T104123,CUST7421,2023-04-27 18:49:00,2023-04-01,184.42,0,Legitimate,0.0,Entertainment,PayPal,Desktop,Chennai,0,183,19.53,1932,18,3,4,27,0,0.3644473195545619,1,49.155785564364955,Medium,0,False,NO_ALERT
T104124,CUST4945,2023-11-06 10:05:00,2023-11-01,125.69,0,Legitimate,0.0,Fashion,Debit Card,POS,Hyderabad,0,48,68.67,969,10,0,11,6,0,0.21423568605495158,0,17.138854884396128,Low,0,False,NO_ALERT
T104125,CUST2065,2023-01-15 05:45:00,2023-01-01,90.25,0,Legitimate,0.0,Utilities,Debit Card,POS,Delhi,0,101,89.01,203,5,6,1,15,1,0.5386940073197037,0,43.0955205855763,Medium,0,False,NO_ALERT
T104126,CUST4270,2023-07-27 20:08:00,2023-07-01,91.06,0,Legitimate,0.0,Health,PayPal,Desktop,Mumbai,0,15,113.52,1040,20,3,7,27,0,0.23668816928498593,0,18.935053542798876,Low,0,False,NO_ALERT
T104127,CUST7335,2024-02-13 12:10:00,2024-02-01,233.39,0,Legitimate,0.0,Grocery,Debit Card,Mobile,Chennai,1,199,401.89,103,12,1,2,13,0,0.548514379463756,0,43.88115035710049,Medium,0,False,NO_ALERT
T104128,CUST2726,2023-08-25 18:35:00,2023-08-01,28.06,0,Legitimate,0.0,Utilities,UPI,Mobile,Hyderabad,0,113,161.78,1890,18,4,8,25,0,0.20632192539847158,0,16.505754031877725,Low,0,False,NO_ALERT
T104129,CUST6405,2023-04-30 19:37:00,2023-04-01,0.09,0,Legitimate,0.0,Entertainment,PayPal,POS,Hyderabad,1,16,163.06,1852,19,6,4,30,1,0.4675865617280531,1,57.40692493824425,High,1,True,HIGH
T104130,CUST3359,2024-01-23 09:57:00,2024-01-01,25.39,0,Legitimate,0.0,Entertainment,PayPal,POS,Bengaluru,0,171,380.24,666,9,1,1,23,0,0.24332905132203997,0,19.4663241057632,Low,0,False,NO_ALERT
T104131,CUST4036,2023-10-13 19:50:00,2023-10-01,19.66,0,Legitimate,0.0,Entertainment,Debit Card,Desktop,Pune,0,135,212.09,1589,19,4,10,13,0,0.24438360102651363,0,19.55068808212109,Low,0,False,NO_ALERT
T104132,CUST2717,2023-12-07 11:53:00,2023-12-01,86.74,0,Legitimate,0.0,Travel,Credit Card,Desktop,Kolkata,0,43,41.67,61,11,3,12,7,0,0.22892096798649686,1,38.313677438919754,Medium,0,False,NO_ALERT
T104133,CUST9380,2023-07-19 11:32:00,2023-07-01,80.35,0,Legitimate,0.0,Utilities,Debit Card,Desktop,Mumbai,0,28,296.71,1307,11,2,7,19,0,0.24914979239287718,0,19.931983391430176,Low,0,False,NO_ALERT
T104134,CUST1255,2023-05-19 08:13:00,2023-05-01,72.01,0,Legitimate,0.0,Food,Credit Card,Mobile,Pune,0,66,73.73,526,8,4,5,19,0,0.19375385861388694,0,15.500308689110955,Low,0,False,NO_ALERT
T104135,CUST7196,2023-12-23 21:46:00,2023-12-01,1.31,0,Legitimate,0.0,Food,PayPal,Mobile,Chennai,0,98,290.12,1166,21,5,12,23,1,0.18315938251305558,0,14.652750601044445,Low,0,False,NO_ALERT
T104136,CUST8584,2023-06-10 18:12:00,2023-06-01,104.39,1,Fraudulent,104.39,Travel,Credit Card,POS,Chennai,0,60,392.02,224,18,5,6,10,1,0.33969176143975877,0,27.175340915180705,Medium,0,False,NO_ALERT
T104137,CUST1909,2023-11-16 16:35:00,2023-11-01,31.27,0,Legitimate,0.0,Food,UPI,POS,Mumbai,0,128,465.45,557,16,3,11,16,0,0.24259950019126506,0,19.407960015301207,Low,0,False,NO_ALERT
T104138,CUST9562,2023-05-27 03:43:00,2023-05-01,87.5,0,Legitimate,0.0,Travel,NetBanking,POS,Hyderabad,0,131,42.86,470,3,5,5,27,1,0.5058350037058608,0,40.46680029646887,Medium,0,False,NO_ALERT
T104139,CUST4351,2023-12-25 00:12:00,2023-12-01,65.06,0,Legitimate,0.0,Entertainment,Credit Card,Desktop,Delhi,0,129,158.94,1542,0,0,12,25,0,0.6082478750255303,0,48.65983000204243,Medium,0,False,NO_ALERT
T104140,CUST9097,2023-10-15 22:16:00,2023-10-01,33.57,0,Legitimate,0.0,Electronics,NetBanking,Mobile,Mumbai,0,159,329.71,1550,22,6,10,15,1,0.248458524782016,0,19.87668198256128,Low,0,False,NO_ALERT
T104141,CUST3477,2023-09-26 07:52:00,2023-09-01,11.56,0,Legitimate,0.0,Utilities,UPI,POS,Chennai,0,56,164.57,753,7,1,9,26,0,0.2315708144993122,0,18.525665159944975,Low,0,False,NO_ALERT
T104142,CUST6336,2023-12-09 13:48:00,2023-12-01,7.93,0,Legitimate,0.0,Fashion,NetBanking,POS,Pune,0,84,231.0,1673,13,5,12,9,1,0.18700448188552715,0,14.960358550842173,Low,0,False,NO_ALERT
T104143,CUST8691,2023-08-31 21:37:00,2023-08-01,142.47,0,Legitimate,0.0,Entertainment,UPI,POS,Kolkata,0,174,19.84,53,21,3,8,31,0,0.36597660763727796,1,49.278128610982236,Medium,0,False,NO_ALERT
T104144,CUST9273,2024-01-21 12:11:00,2024-01-01,200.47,0,Legitimate,0.0,Fashion,NetBanking,POS,Mumbai,0,32,349.81,319,12,6,1,21,1,0.24464242859147364,0,19.571394287317894,Low,0,False,NO_ALERT
T104145,CUST8377,2023-02-10 05:55:00,2023-02-01,83.94,0,Legitimate,0.0,Health,NetBanking,POS,Hyderabad,0,81,442.81,925,5,4,2,10,0,0.6046245454230599,0,48.3699636338448,Medium,0,False,NO_ALERT
T104146,CUST9579,2023-04-06 09:16:00,2023-04-01,8.73,0,Legitimate,0.0,Entertainment,Debit Card,POS,Kolkata,0,18,488.66,337,9,3,4,6,0,0.21916010774595576,0,17.532808619676462,Low,0,False,NO_ALERT
T104147,CUST5546,2023-03-22 11:17:00,2023-03-01,41.14,0,Legitimate,0.0,Grocery,Credit Card,Mobile,Kolkata,0,196,416.96,333,11,2,3,22,0,0.26801052262565844,0,21.440841810052675,Low,0,False,NO_ALERT
T104148,CUST7807,2023-09-23 00:21:00,2023-09-01,104.43,0,Legitimate,0.0,Food,NetBanking,POS,Kolkata,0,35,25.57,1908,0,5,9,23,1,0.5575269336898753,1,64.60215469519002,High,1,True,HIGH
T104149,CUST1826,2023-08-10 07:04:00,2023-08-01,121.07,0,Legitimate,0.0,Grocery,PayPal,Mobile,Bengaluru,0,104,329.41,660,7,3,8,10,0,0.23460192074778174,0,18.76815365982254,Low,0,False,NO_ALERT
T104150,CUST9171,2023-09-30 23:21:00,2023-09-01,10.06,0,Legitimate,0.0,Electronics,Debit Card,Desktop,Kolkata,0,100,252.87,1746,23,5,9,30,1,0.21877818481112177,0,17.50225478488974,Low,0,False,NO_ALERT
T104151,CUST6520,2024-02-16 20:13:00,2024-02-01,0.0,0,Legitimate,0.0,Fashion,Credit Card,Mobile,Bengaluru,0,23,469.57,980,20,4,2,16,0,0.2233972666694771,0,17.871781333558168,Low,0,False,NO_ALERT
T104152,CUST9922,2023-08-22 20:12:00,2023-08-01,99.62,0,Legitimate,0.0,Utilities,Debit Card,Desktop,Delhi,0,141,452.05,67,20,1,8,22,0,0.22131608779282086,0,17.70528702342567,Low,0,False,NO_ALERT
T104153,CUST5551,2023-12-25 09:47:00,2023-12-01,35.28,0,Legitimate,0.0,Entertainment,Credit Card,Mobile,Delhi,0,142,494.14,415,9,0,12,25,0,0.28582434538602797,0,22.86594763088224,Low,0,False,NO_ALERT
T104154,CUST9444,2024-02-08 14:08:00,2024-02-01,23.49,0,Legitimate,0.0,Utilities,UPI,Mobile,Kolkata,0,165,432.35,774,14,3,2,8,0,0.24044643369325366,0,19.235714695460295,Low,0,False,NO_ALERT
T104155,CUST1572,2023-02-13 12:46:00,2023-02-01,1.04,0,Legitimate,0.0,Electronics,NetBanking,POS,Hyderabad,0,5,277.98,1634,12,0,2,13,0,0.1869894649563461,0,14.95915719650769,Low,0,False,NO_ALERT
T104156,CUST1581,2023-10-11 08:47:00,2023-10-01,62.17,0,Legitimate,0.0,Electronics,PayPal,Mobile,Pune,0,150,360.3,111,8,2,10,11,0,0.20454771393520377,0,16.363817114816303,Low,0,False,NO_ALERT
T104157,CUST9893,2023-08-19 09:12:00,2023-08-01,152.39,0,Legitimate,0.0,Food,Debit Card,Mobile,Delhi,1,28,482.69,1171,9,5,8,19,1,0.528968820908507,1,62.31750567268057,High,1,True,HIGH
T104158,CUST3028,2023-02-23 15:17:00,2023-02-01,252.91,0,Legitimate,0.0,Electronics,Debit Card,POS,Bengaluru,0,132,293.28,1874,15,3,2,23,0,0.2342978997470246,0,18.74383197976197,Low,0,False,NO_ALERT
T104159,CUST6885,2023-01-01 05:46:00,2023-01-01,66.73,0,Legitimate,0.0,Entertainment,Debit Card,Desktop,Hyderabad,1,50,421.59,79,5,6,1,1,1,0.6858444938269436,1,74.86755950615549,High,1,True,HIGH
T104160,CUST7201,2023-08-07 07:04:00,2023-08-01,57.8,0,Legitimate,0.0,Entertainment,Debit Card,POS,Kolkata,0,102,471.68,698,7,0,8,7,0,0.2732411306976155,0,21.859290455809244,Low,0,False,NO_ALERT
T104161,CUST8631,2023-10-29 07:01:00,2023-10-01,7.11,0,Legitimate,0.0,Utilities,NetBanking,POS,Hyderabad,0,29,289.56,103,7,6,10,29,1,0.23029371925093525,0,18.42349754007482,Low,0,False,NO_ALERT
T104162,CUST4934,2023-06-30 11:58:00,2023-06-01,63.68,0,Legitimate,0.0,Utilities,Credit Card,POS,Hyderabad,0,37,87.99,1031,11,4,6,30,0,0.19211641279838376,0,15.369313023870701,Low,0,False,NO_ALERT
T104163,CUST6510,2024-01-14 02:27:00,2024-01-01,38.24,0,Legitimate,0.0,Fashion,NetBanking,Desktop,Mumbai,0,163,86.23,724,2,6,1,14,1,0.6014723657381708,0,48.117789259053666,Medium,0,False,NO_ALERT
T104164,CUST3693,2023-01-21 04:46:00,2023-01-01,74.74,0,Legitimate,0.0,Entertainment,UPI,Mobile,Pune,0,148,66.51,1159,4,5,1,21,1,0.5550685195552164,0,44.405481564417315,Medium,0,False,NO_ALERT
T104165,CUST2920,2023-07-15 17:46:00,2023-07-01,39.38,0,Legitimate,0.0,Grocery,NetBanking,Mobile,Kolkata,0,163,243.4,1754,17,5,7,15,1,0.20037464823907591,0,16.029971859126075,Low,0,False,NO_ALERT
T104166,CUST7668,2023-12-25 08:49:00,2023-12-01,21.99,0,Legitimate,0.0,Fashion,NetBanking,POS,Pune,0,130,245.27,1871,8,0,12,25,0,0.20208463970209373,0,16.166771176167497,Low,0,False,NO_ALERT
T104167,CUST4516,2023-10-11 14:43:00,2023-10-01,7.98,0,Legitimate,0.0,Food,UPI,POS,Delhi,0,116,312.51,1837,14,2,10,11,0,0.21376321839051615,0,17.101057471241294,Low,0,False,NO_ALERT
T104168,CUST2742,2023-09-09 21:45:00,2023-09-01,30.26,0,Legitimate,0.0,Fashion,NetBanking,Mobile,Pune,0,58,246.61,1652,21,5,9,9,1,0.193416901788821,0,15.47335214310568,Low,0,False,NO_ALERT
T104169,CUST3281,2023-09-14 17:24:00,2023-09-01,8.13,0,Legitimate,0.0,Travel,Credit Card,Mobile,Chennai,0,146,486.8,1915,17,3,9,14,0,0.21328325598362444,0,17.062660478689956,Low,0,False,NO_ALERT
T104170,CUST3468,2023-08-01 15:34:00,2023-08-01,15.57,0,Legitimate,0.0,Utilities,PayPal,Mobile,Bengaluru,0,106,152.74,1379,15,1,8,1,0,0.2510922616274741,0,20.08738093019793,Low,0,False,NO_ALERT
T104171,CUST9801,2023-11-02 01:37:00,2023-11-01,349.52,0,Legitimate,0.0,Grocery,UPI,Desktop,Delhi,0,56,438.17,713,1,3,11,2,0,0.6187212352770782,0,49.49769882216626,Medium,0,False,NO_ALERT
T104172,CUST9700,2023-01-17 05:26:00,2023-01-01,46.97,1,Fraudulent,46.97,Utilities,Debit Card,Desktop,Kolkata,1,122,59.16,1817,5,1,1,17,0,0.8578885095080376,0,68.63108076064302,High,1,True,HIGH
T104173,CUST9387,2023-10-06 07:07:00,2023-10-01,60.72,0,Legitimate,0.0,Travel,Credit Card,POS,Pune,0,192,304.94,385,7,4,10,6,0,0.24434491314259535,0,19.54759305140763,Low,0,False,NO_ALERT
T104174,CUST8278,2023-07-12 18:21:00,2023-07-01,165.48,0,Legitimate,0.0,Travel,PayPal,Desktop,Bengaluru,0,103,327.68,1521,18,2,7,12,0,0.2638354337060625,0,21.106834696485002,Low,0,False,NO_ALERT
T104175,CUST1510,2023-06-11 07:47:00,2023-06-01,433.53,0,Legitimate,0.0,Health,Credit Card,POS,Kolkata,0,123,388.39,1709,7,6,6,11,1,0.2900898838882353,0,23.20719071105883,Low,0,False,NO_ALERT
T104176,CUST3689,2023-10-04 18:30:00,2023-10-01,69.92,1,Fraudulent,69.92,Entertainment,Credit Card,Mobile,Kolkata,1,180,256.48,1337,18,2,10,4,0,0.7617878227561843,0,60.943025820494746,High,1,True,HIGH
T104177,CUST5810,2023-09-22 03:11:00,2023-09-01,133.91,0,Legitimate,0.0,Food,Debit Card,Mobile,Delhi,0,22,106.64,1043,3,4,9,22,0,0.5207301516689022,0,41.65841213351218,Medium,0,False,NO_ALERT
T104178,CUST3517,2023-08-18 13:34:00,2023-08-01,31.67,0,Legitimate,0.0,Electronics,PayPal,POS,Chennai,0,60,190.81,214,13,4,8,18,0,0.2090867907522022,0,16.726943260176178,Low,0,False,NO_ALERT
T104179,CUST8325,2023-10-18 12:08:00,2023-10-01,29.19,1,Fraudulent,29.19,Travel,Credit Card,Mobile,Bengaluru,0,138,143.36,183,12,2,10,18,0,0.3504262177660108,0,28.034097421280865,Medium,0,False,NO_ALERT
T104180,CUST4831,2023-03-24 00:12:00,2023-03-01,41.23,0,Legitimate,0.0,Fashion,Debit Card,POS,Chennai,0,84,215.36,883,0,4,3,24,0,0.6436575291337402,0,51.49260233069922,High,1,True,HIGH
T104181,CUST3099,2023-07-19 14:09:00,2023-07-01,89.3,0,Legitimate,0.0,Electronics,UPI,POS,Bengaluru,0,128,269.68,147,14,2,7,19,0,0.2389402883074056,0,19.11522306459245,Low,0,False,NO_ALERT
T104182,CUST5820,2023-08-16 01:30:00,2023-08-01,91.7,1,Fraudulent,91.7,Fashion,Debit Card,POS,Mumbai,0,80,316.28,296,1,2,8,16,0,0.6807392829430613,0,54.459142635444906,High,1,True,HIGH
T104183,CUST4359,2024-02-02 19:51:00,2024-02-01,30.29,0,Legitimate,0.0,Utilities,NetBanking,Desktop,Kolkata,0,134,424.11,1438,19,4,2,2,0,0.232918718360286,0,18.633497468822878,Low,0,False,NO_ALERT
T104184,CUST3528,2023-05-28 08:29:00,2023-05-01,11.44,0,Legitimate,0.0,Fashion,Debit Card,POS,Mumbai,1,81,455.91,866,8,6,5,28,1,0.5680308637375792,1,65.44246909900633,High,1,True,HIGH
T104185,CUST7035,2023-01-21 13:18:00,2023-01-01,80.06,1,Fraudulent,80.06,Electronics,Debit Card,POS,Bengaluru,0,6,236.66,284,13,5,1,21,1,0.3846540572150833,0,30.77232457720666,Medium,0,False,NO_ALERT
T104186,CUST3776,2024-01-30 10:53:00,2024-01-01,10.99,0,Legitimate,0.0,Electronics,Debit Card,POS,Bengaluru,1,86,53.45,1294,10,1,1,30,0,0.6152503517082581,1,69.22002813666066,High,1,True,HIGH
T104187,CUST3976,2023-12-25 05:12:00,2023-12-01,69.11,0,Legitimate,0.0,Entertainment,Credit Card,Desktop,Chennai,0,82,400.56,200,5,0,12,25,0,0.610642146845674,0,48.85137174765392,Medium,0,False,NO_ALERT
T104188,CUST6802,2023-11-02 10:15:00,2023-11-01,94.58,0,Legitimate,0.0,Fashion,PayPal,Mobile,Kolkata,0,156,243.81,1995,10,3,11,2,0,0.2875350052813268,0,23.002800422506144,Low,0,False,NO_ALERT
T104189,CUST2348,2023-04-14 16:28:00,2023-04-01,96.48,0,Legitimate,0.0,Food,Debit Card,Desktop,Pune,0,42,277.76,646,16,4,4,14,0,0.21675324331006285,0,17.340259464805026,Low,0,False,NO_ALERT
T104190,CUST5877,2023-10-31 03:11:00,2023-10-01,112.02,0,Legitimate,0.0,Entertainment,Debit Card,POS,Kolkata,0,74,301.94,1031,3,1,10,31,0,0.6059083638802817,0,48.47266911042254,Medium,0,False,NO_ALERT
T104191,CUST3998,2023-11-07 08:54:00,2023-11-01,165.0,0,Legitimate,0.0,Grocery,NetBanking,Desktop,Hyderabad,0,41,337.26,577,8,1,11,7,0,0.2097620437281693,0,16.780963498253545,Low,0,False,NO_ALERT
T104192,CUST5450,2023-07-19 13:22:00,2023-07-01,55.45,0,Legitimate,0.0,Health,NetBanking,Mobile,Bengaluru,0,63,446.15,1631,13,2,7,19,0,0.2295686647037784,0,18.365493176302273,Low,0,False,NO_ALERT
T104193,CUST3346,2023-09-02 11:56:00,2023-09-01,104.82,0,Legitimate,0.0,Grocery,UPI,Mobile,Delhi,0,22,476.55,1238,11,5,9,2,1,0.23496506431819703,0,18.797205145455763,Low,0,False,NO_ALERT
T104194,CUST5414,2023-11-02 01:21:00,2023-11-01,77.23,0,Legitimate,0.0,Food,UPI,POS,Delhi,0,79,470.68,1955,1,3,11,2,0,0.5961661883040207,0,47.69329506432166,Medium,0,False,NO_ALERT
T104195,CUST2733,2023-01-12 13:16:00,2023-01-01,16.53,0,Legitimate,0.0,Entertainment,NetBanking,Mobile,Delhi,0,157,406.64,731,13,3,1,12,0,0.20747394152960916,0,16.59791532236873,Low,0,False,NO_ALERT
T104196,CUST6846,2023-05-31 01:01:00,2023-05-01,2.08,0,Legitimate,0.0,Health,PayPal,Desktop,Mumbai,0,71,445.73,696,1,2,5,31,0,0.5606267920607773,0,44.850143364862184,Medium,0,False,NO_ALERT
T104197,CUST1878,2023-11-04 13:27:00,2023-11-01,26.79,0,Legitimate,0.0,Entertainment,UPI,Desktop,Pune,0,114,34.33,922,13,5,11,4,1,0.25658490011047974,0,20.52679200883838,Low,0,False,NO_ALERT
T104198,CUST6023,2023-03-25 07:56:00,2023-03-01,46.82,0,Legitimate,0.0,Electronics,PayPal,Mobile,Chennai,0,34,426.07,439,7,5,3,25,1,0.22157383718756038,0,17.72590697500483,Low,0,False,NO_ALERT
T104199,CUST6367,2023-12-26 10:33:00,2023-12-01,76.8,0,Legitimate,0.0,Health,NetBanking,POS,Pune,0,96,45.41,768,10,1,12,26,0,0.14553854621892412,0,11.64308369751393,Low,0,False,NO_ALERT
T104200,CUST7367,2023-07-01 09:45:00,2023-07-01,151.75,0,Legitimate,0.0,Utilities,UPI,POS,Mumbai,0,130,375.64,1706,9,5,7,1,1,0.23239058360655115,0,18.59124668852409,Low,0,False,NO_ALERT
T104201,CUST6083,2023-02-22 15:15:00,2023-02-01,17.48,0,Legitimate,0.0,Fashion,Debit Card,Desktop,Pune,0,154,92.99,1641,15,2,2,22,0,0.21106269146430265,0,16.885015317144212,Low,0,False,NO_ALERT
T104202,CUST6640,2023-05-18 09:53:00,2023-05-01,10.73,0,Legitimate,0.0,Grocery,NetBanking,Mobile,Pune,0,109,186.45,175,9,3,5,18,0,0.20015952845540547,0,16.012762276432436,Low,0,False,NO_ALERT
T104203,CUST3496,2023-10-01 08:57:00,2023-10-01,264.79,0,Legitimate,0.0,Health,UPI,Desktop,Kolkata,0,75,100.25,1091,8,6,10,1,1,0.3478875293218306,1,47.83100234574645,Medium,0,False,NO_ALERT
T104204,CUST2316,2023-03-14 22:28:00,2023-03-01,9.15,0,Legitimate,0.0,Fashion,PayPal,Desktop,Delhi,0,19,227.3,519,22,1,3,14,0,0.21446738624876452,0,17.157390899901163,Low,0,False,NO_ALERT
T104205,CUST8444,2023-07-05 09:39:00,2023-07-01,52.08,0,Legitimate,0.0,Entertainment,PayPal,Desktop,Bengaluru,0,125,211.76,291,9,2,7,5,0,0.27728738961327215,0,22.182991169061776,Low,0,False,NO_ALERT
T104206,CUST8613,2023-03-11 02:44:00,2023-03-01,70.47,0,Legitimate,0.0,Food,UPI,POS,Delhi,0,20,33.55,1179,2,5,3,11,1,0.5093418136223292,1,60.747345089786336,High,1,True,HIGH
T104207,CUST4069,2023-08-09 11:17:00,2023-08-01,62.36,0,Legitimate,0.0,Health,PayPal,Mobile,Pune,0,161,416.94,1657,11,2,8,9,0,0.22744979607760044,0,18.195983686208034,Low,0,False,NO_ALERT
T104208,CUST8487,2023-07-14 21:56:00,2023-07-01,7.2,0,Legitimate,0.0,Fashion,UPI,Mobile,Bengaluru,0,116,428.55,1849,21,4,7,14,0,0.22755722750327426,0,18.204578200261942,Low,0,False,NO_ALERT
T104209,CUST7825,2023-06-13 23:06:00,2023-06-01,4.7,0,Legitimate,0.0,Entertainment,UPI,POS,Kolkata,0,94,395.88,374,23,1,6,13,0,0.2505924672761191,0,20.047397382089528,Low,0,False,NO_ALERT
T104210,CUST7949,2023-12-02 21:55:00,2023-12-01,8.92,0,Legitimate,0.0,Entertainment,PayPal,Desktop,Chennai,0,82,425.33,1314,21,5,12,2,1,0.24813235549914203,0,19.850588439931364,Low,0,False,NO_ALERT
T104211,CUST6048,2023-12-11 12:11:00,2023-12-01,70.47,1,Fraudulent,70.47,Entertainment,Credit Card,Desktop,Hyderabad,1,96,377.93,1496,12,0,12,11,0,0.778980404860479,0,62.318432388838325,High,1,True,HIGH
T104212,CUST3250,2023-05-11 21:05:00,2023-05-01,62.88,0,Legitimate,0.0,Food,Debit Card,POS,Bengaluru,0,104,469.37,908,21,3,5,11,0,0.2447067245649586,0,19.57653796519669,Low,0,False,NO_ALERT
T104213,CUST9846,2023-07-30 07:09:00,2023-07-01,21.3,0,Legitimate,0.0,Electronics,NetBanking,Mobile,Mumbai,0,4,292.43,1161,7,6,7,30,1,0.26561808158343964,0,21.24944652667517,Low,0,False,NO_ALERT
T104214,CUST5682,2023-09-02 12:33:00,2023-09-01,81.24,0,Legitimate,0.0,Food,Debit Card,POS,Delhi,0,160,295.49,1610,12,5,9,2,1,0.2571439896602713,0,20.571519172821706,Low,0,False,NO_ALERT
T104215,CUST4107,2023-07-08 19:49:00,2023-07-01,137.21,0,Legitimate,0.0,Food,NetBanking,Mobile,Kolkata,0,147,431.36,1933,19,5,7,8,1,0.20938331514875663,0,16.750665211900532,Low,0,False,NO_ALERT
T104216,CUST2975,2023-09-21 23:59:00,2023-09-01,3.4,0,Legitimate,0.0,Utilities,NetBanking,Mobile,Kolkata,0,131,181.21,1490,23,3,9,21,0,0.22218221714038205,0,17.774577371230563,Low,0,False,NO_ALERT
T104217,CUST7234,2023-02-24 14:48:00,2023-02-01,55.15,0,Legitimate,0.0,Grocery,Debit Card,Mobile,Delhi,0,92,34.54,543,14,4,2,24,0,0.18264233470757538,0,14.611386776606032,Low,0,False,NO_ALERT
T104218,CUST8703,2023-08-02 22:31:00,2023-08-01,93.52,0,Legitimate,0.0,Entertainment,UPI,Desktop,Pune,0,61,377.43,974,22,2,8,2,0,0.2530071639778292,0,20.240573118226337,Low,0,False,NO_ALERT
T104219,CUST8582,2024-01-07 11:02:00,2024-01-01,23.26,0,Legitimate,0.0,Fashion,PayPal,Desktop,Pune,0,38,134.75,742,11,6,1,7,1,0.1946487408377801,0,15.57189926702241,Low,0,False,NO_ALERT
T104220,CUST4856,2023-12-26 22:16:00,2023-12-01,29.43,0,Legitimate,0.0,Health,Credit Card,POS,Pune,0,118,242.38,1143,22,1,12,26,0,0.21935548294390275,0,17.548438635512223,Low,0,False,NO_ALERT
T104221,CUST3554,2023-10-14 14:43:00,2023-10-01,76.08,0,Legitimate,0.0,Grocery,Credit Card,POS,Kolkata,0,134,127.82,244,14,5,10,14,1,0.21263575301871296,0,17.01086024149704,Low,0,False,NO_ALERT
T104222,CUST1656,2023-06-08 16:23:00,2023-06-01,182.57,0,Legitimate,0.0,Entertainment,Credit Card,Desktop,Pune,0,56,415.27,1680,16,3,6,8,0,0.24947377466240675,0,19.95790197299254,Low,0,False,NO_ALERT
T104223,CUST5742,2023-06-02 07:49:00,2023-06-01,132.83,0,Legitimate,0.0,Travel,Debit Card,POS,Delhi,0,168,479.56,1372,7,4,6,2,0,0.24995023636186925,0,19.99601890894954,Low,0,False,NO_ALERT
T104224,CUST7438,2023-11-18 17:03:00,2023-11-01,70.0,0,Legitimate,0.0,Food,Debit Card,Desktop,Bengaluru,0,121,36.96,633,17,5,11,18,1,0.19522607680338294,0,15.618086144270634,Low,0,False,NO_ALERT
T104225,CUST3581,2023-05-17 01:26:00,2023-05-01,104.81,0,Legitimate,0.0,Travel,UPI,Desktop,Chennai,0,81,124.35,867,1,2,5,17,0,0.640474472965151,0,51.237957837212086,High,1,True,HIGH
T104226,CUST3273,2023-08-31 05:33:00,2023-08-01,36.31,0,Legitimate,0.0,Entertainment,Credit Card,Mobile,Bengaluru,0,106,102.89,1751,5,3,8,31,0,0.5882629656455771,0,47.06103725164617,Medium,0,False,NO_ALERT
T104227,CUST4763,2023-07-07 18:20:00,2023-07-01,81.95,0,Legitimate,0.0,Grocery,UPI,Mobile,Mumbai,0,120,339.87,801,18,4,7,7,0,0.21480560654945954,0,17.184448523956764,Low,0,False,NO_ALERT
T104228,CUST3573,2023-11-17 00:17:00,2023-11-01,50.22,0,Legitimate,0.0,Fashion,Credit Card,Desktop,Delhi,0,69,220.05,699,0,4,11,17,0,0.6022312580468352,0,48.178500643746816,Medium,0,False,NO_ALERT
T104229,CUST7333,2023-06-30 14:06:00,2023-06-01,16.85,0,Legitimate,0.0,Grocery,Debit Card,Mobile,Bengaluru,0,83,233.57,1110,14,4,6,30,0,0.2728242148838874,0,21.825937190710995,Low,0,False,NO_ALERT
T104230,CUST9582,2023-10-29 04:57:00,2023-10-01,96.78,1,Fraudulent,96.78,Utilities,PayPal,Desktop,Delhi,0,42,86.97,588,4,6,10,29,1,0.6487551433048787,0,51.9004114643903,High,1,True,HIGH
T104231,CUST1796,2023-11-03 13:35:00,2023-11-01,65.04,0,Legitimate,0.0,Fashion,PayPal,Mobile,Kolkata,0,99,213.22,1455,13,4,11,3,0,0.2497914925084004,0,19.983319400672034,Low,0,False,NO_ALERT
T104232,CUST5595,2024-02-18 06:51:00,2024-02-01,35.53,0,Legitimate,0.0,Fashion,PayPal,POS,Mumbai,0,130,158.58,251,6,6,2,18,1,0.26419826934252194,0,21.135861547401756,Low,0,False,NO_ALERT
T104233,CUST8746,2023-07-14 14:18:00,2023-07-01,193.83,0,Legitimate,0.0,Entertainment,PayPal,POS,Kolkata,0,28,309.48,504,14,4,7,14,0,0.21476040375180652,0,17.180832300144523,Low,0,False,NO_ALERT
T104234,CUST1045,2024-01-28 14:13:00,2024-01-01,1.69,0,Legitimate,0.0,Electronics,NetBanking,Desktop,Hyderabad,0,117,116.45,1161,14,6,1,28,1,0.16724530172233354,0,13.379624137786685,Low,0,False,NO_ALERT
T104235,CUST6159,2023-05-30 16:24:00,2023-05-01,30.36,0,Legitimate,0.0,Entertainment,Credit Card,Desktop,Hyderabad,0,145,311.26,892,16,1,5,30,0,0.24125469593466836,0,19.30037567477347,Low,0,False,NO_ALERT
T104236,CUST1590,2023-06-21 23:48:00,2023-06-01,4.69,0,Legitimate,0.0,Food,PayPal,Mobile,Hyderabad,0,70,195.1,841,23,2,6,21,0,0.2151345819323401,0,17.21076655458721,Low,0,False,NO_ALERT
T104237,CUST4318,2023-12-17 00:31:00,2023-12-01,116.38,0,Legitimate,0.0,Grocery,NetBanking,Mobile,Delhi,0,107,179.68,209,0,6,12,17,1,0.5003232946663326,0,40.025863573306616,Medium,0,False,NO_ALERT
T104238,CUST9267,2023-02-14 14:59:00,2023-02-01,96.88,0,Legitimate,0.0,Fashion,NetBanking,Desktop,Bengaluru,0,123,159.72,206,14,1,2,14,0,0.21435007586113927,0,17.148006068891142,Low,0,False,NO_ALERT
T104239,CUST7977,2023-09-09 14:43:00,2023-09-01,32.2,0,Legitimate,0.0,Entertainment,NetBanking,POS,Delhi,0,69,340.18,516,14,5,9,9,1,0.22435650898536122,0,17.9485207188289,Low,0,False,NO_ALERT
T104240,CUST7515,2023-10-20 14:58:00,2023-10-01,90.08,0,Legitimate,0.0,Entertainment,UPI,POS,Kolkata,1,39,285.59,443,14,4,10,20,0,0.6743076251612482,0,53.94461001289986,High,1,True,HIGH
T104241,CUST1552,2023-10-05 23:06:00,2023-10-01,40.33,0,Legitimate,0.0,Grocery,UPI,Desktop,Chennai,0,135,427.34,721,23,3,10,5,0,0.23108538441347032,0,18.486830753077626,Low,0,False,NO_ALERT
T104242,CUST7404,2024-01-08 07:43:00,2024-01-01,112.93,0,Legitimate,0.0,Grocery,NetBanking,POS,Kolkata,0,160,128.39,1090,7,0,1,8,0,0.22090276175448142,0,17.672220940358514,Low,0,False,NO_ALERT
T104243,CUST4686,2023-01-22 02:51:00,2023-01-01,48.44,0,Legitimate,0.0,Utilities,PayPal,Desktop,Bengaluru,0,4,29.66,604,2,6,1,22,1,0.4504713258792952,1,56.037706070343624,High,1,True,HIGH
T104244,CUST8361,2023-10-20 19:03:00,2023-10-01,42.52,0,Legitimate,0.0,Fashion,Credit Card,Mobile,Kolkata,0,149,99.19,297,19,4,10,20,0,0.21963975437138164,0,17.57118034971053,Low,0,False,NO_ALERT
T104245,CUST2163,2023-02-02 02:21:00,2023-02-01,218.34,0,Legitimate,0.0,Health,Debit Card,POS,Kolkata,0,160,178.24,814,2,3,2,2,0,0.5988027313767627,0,47.904218510141014,Medium,0,False,NO_ALERT
T104246,CUST8419,2023-10-17 09:22:00,2023-10-01,23.11,1,Fraudulent,23.11,Utilities,UPI,POS,Mumbai,0,82,98.03,1855,9,1,10,17,0,0.3259753729016905,0,26.078029832135243,Medium,0,False,NO_ALERT
T104247,CUST5542,2024-01-27 03:22:00,2024-01-01,10.27,0,Legitimate,0.0,Travel,PayPal,Mobile,Pune,0,97,50.92,953,3,5,1,27,1,0.5805726359536671,0,46.44581087629337,Medium,0,False,NO_ALERT
T104248,CUST5068,2023-04-20 07:23:00,2023-04-01,70.27,0,Legitimate,0.0,Food,PayPal,Mobile,Hyderabad,0,142,228.22,417,7,3,4,20,0,0.23516287899026558,0,18.813030319221248,Low,0,False,NO_ALERT
T104249,CUST8038,2023-09-09 12:08:00,2023-09-01,278.74,0,Legitimate,0.0,Food,Debit Card,POS,Bengaluru,0,70,341.7,383,12,5,9,9,1,0.26028274130782925,0,20.822619304626343,Low,0,False,NO_ALERT
T104250,CUST7929,2023-09-19 19:42:00,2023-09-01,37.96,0,Legitimate,0.0,Health,Debit Card,POS,Bengaluru,0,46,378.27,843,19,1,9,19,0,0.24407483274453157,0,19.525986619562527,Low,0,False,NO_ALERT
T104251,CUST2044,2023-07-26 01:10:00,2023-07-01,5.12,0,Legitimate,0.0,Electronics,PayPal,Desktop,Hyderabad,0,148,205.38,1323,1,2,7,26,0,0.6037499289496169,0,48.29999431596935,Medium,0,False,NO_ALERT
T104252,CUST3011,2023-06-22 18:06:00,2023-06-01,33.16,0,Legitimate,0.0,Utilities,Debit Card,Desktop,Kolkata,0,186,244.24,1053,18,3,6,22,0,0.21523899540475644,0,17.219119632380515,Low,0,False,NO_ALERT
T104253,CUST6704,2023-10-05 01:24:00,2023-10-01,56.41,1,Fraudulent,56.41,Health,PayPal,POS,Mumbai,1,99,380.18,298,1,3,10,5,0,0.7953230234170796,1,83.62584187336637,Critical,1,True,CRITICAL
T104254,CUST1395,2023-07-04 00:55:00,2023-07-01,14.13,0,Legitimate,0.0,Electronics,Debit Card,Desktop,Delhi,0,80,182.83,1495,0,1,7,4,0,0.625037385499817,0,50.002990839985365,High,1,True,HIGH
T104255,CUST9977,2023-08-30 19:57:00,2023-08-01,85.86,0,Legitimate,0.0,Electronics,Debit Card,Mobile,Delhi,0,48,394.54,1358,19,2,8,30,0,0.20682869205553178,0,16.546295364442543,Low,0,False,NO_ALERT
T104256,CUST5301,2023-05-24 02:26:00,2023-05-01,487.72,1,Fraudulent,487.72,Health,PayPal,Desktop,Kolkata,0,7,484.01,1299,2,2,5,24,0,0.7700879185657874,1,81.607033485263,Critical,1,True,CRITICAL
T104257,CUST2243,2023-08-22 05:20:00,2023-08-01,48.08,1,Fraudulent,48.08,Food,NetBanking,Desktop,Kolkata,0,40,441.44,1231,5,1,8,22,0,0.7133518482988706,0,57.068147863909644,High,1,True,HIGH
T104258,CUST4949,2023-07-19 03:31:00,2023-07-01,35.05,0,Legitimate,0.0,Travel,PayPal,POS,Pune,0,59,232.26,1120,3,2,7,19,0,0.6138109973357132,0,49.104879786857055,Medium,0,False,NO_ALERT
T104259,CUST4650,2023-09-16 00:07:00,2023-09-01,40.96,0,Legitimate,0.0,Food,Credit Card,Desktop,Bengaluru,1,36,293.96,306,0,5,9,16,1,0.6995264989732318,1,75.96211991785856,Critical,1,True,CRITICAL
T104260,CUST8799,2024-02-07 10:21:00,2024-02-01,9.79,0,Legitimate,0.0,Entertainment,Debit Card,POS,Hyderabad,0,172,361.05,1261,10,2,2,7,0,0.20089186392897887,0,16.07134911431831,Low,0,False,NO_ALERT
T104261,CUST1533,2023-10-19 17:24:00,2023-10-01,171.83,0,Legitimate,0.0,Food,UPI,POS,Kolkata,0,108,181.16,336,17,3,10,19,0,0.2083170973153075,0,16.6653677852246,Low,0,False,NO_ALERT
T104262,CUST8962,2023-07-29 19:18:00,2023-07-01,42.87,0,Legitimate,0.0,Food,Debit Card,POS,Kolkata,0,31,401.63,1603,19,5,7,29,1,0.24014676592506415,0,19.211741274005135,Low,0,False,NO_ALERT
T104263,CUST1326,2023-11-16 09:43:00,2023-11-01,39.19,0,Legitimate,0.0,Utilities,Credit Card,Mobile,Chennai,0,170,224.09,660,9,3,11,16,0,0.24636136219607863,0,19.708908975686292,Low,0,False,NO_ALERT
T104264,CUST2362,2023-07-01 14:36:00,2023-07-01,86.23,0,Legitimate,0.0,Health,UPI,Desktop,Mumbai,0,44,424.95,567,14,5,7,1,1,0.2389667489510162,0,19.117339916081296,Low,0,False,NO_ALERT
T104265,CUST7097,2023-01-13 08:33:00,2023-01-01,46.68,0,Legitimate,0.0,Health,UPI,Desktop,Delhi,0,171,134.82,547,8,4,1,13,0,0.22506024832511734,0,18.004819866009388,Low,0,False,NO_ALERT
T104266,CUST8777,2023-01-19 08:02:00,2023-01-01,83.58,1,Fraudulent,83.58,Entertainment,PayPal,Desktop,Mumbai,1,43,15.58,1327,8,3,1,19,0,0.78238008221927,1,82.59040657754161,Critical,1,True,CRITICAL
T104267,CUST4103,2023-03-31 23:12:00,2023-03-01,5.07,0,Legitimate,0.0,Entertainment,NetBanking,POS,Mumbai,1,175,320.02,1286,23,4,3,31,0,0.5164725908110125,0,41.317807264881,Medium,0,False,NO_ALERT
T104268,CUST6264,2024-01-09 05:43:00,2024-01-01,134.44,0,Legitimate,0.0,Utilities,PayPal,Mobile,Pune,0,134,231.43,1167,5,1,1,9,0,0.6188254207774802,0,49.50603366219841,Medium,0,False,NO_ALERT
T104269,CUST3136,2023-01-30 01:19:00,2023-01-01,225.75,1,Fraudulent,225.75,Health,UPI,POS,Mumbai,0,93,39.31,163,1,0,1,30,0,0.822504503270327,1,85.80036026162615,Critical,1,True,CRITICAL
T104270,CUST3909,2023-11-28 03:05:00,2023-11-01,83.7,0,Legitimate,0.0,Food,UPI,Desktop,Hyderabad,0,194,248.93,1478,3,1,11,28,0,0.6265207425733559,0,50.12165940586847,High,1,True,HIGH
T104271,CUST9137,2024-01-12 01:32:00,2024-01-01,247.32,0,Legitimate,0.0,Travel,NetBanking,POS,Pune,0,86,92.6,854,1,4,1,12,0,0.5234589195461051,0,41.87671356368841,Medium,0,False,NO_ALERT
T104272,CUST2525,2023-10-26 10:06:00,2023-10-01,13.14,0,Legitimate,0.0,Electronics,Debit Card,POS,Kolkata,1,9,318.58,1743,10,3,10,26,0,0.6359572323715402,1,70.87657858972322,High,1,True,HIGH
T104273,CUST8089,2023-04-05 17:53:00,2023-04-01,51.92,0,Legitimate,0.0,Grocery,NetBanking,Desktop,Hyderabad,0,11,228.07,1078,17,2,4,5,0,0.2154077341416355,0,17.23261873133084,Low,0,False,NO_ALERT
T104274,CUST5881,2024-01-21 21:55:00,2024-01-01,73.67,0,Legitimate,0.0,Electronics,PayPal,POS,Pune,0,80,93.85,1613,21,6,1,21,1,0.1697397557749635,0,13.579180461997082,Low,0,False,NO_ALERT
T104275,CUST3164,2023-07-30 09:37:00,2023-07-01,69.73,0,Legitimate,0.0,Entertainment,Debit Card,POS,Hyderabad,0,109,211.85,1333,9,6,7,30,1,0.2517720653372164,0,20.141765226977313,Low,0,False,NO_ALERT
T104276,CUST2107,2023-03-06 02:56:00,2023-03-01,41.06,0,Legitimate,0.0,Entertainment,PayPal,Mobile,Pune,0,118,124.03,1979,2,0,3,6,0,0.6341413220711342,0,50.731305765690735,High,1,True,HIGH
T104277,CUST8242,2023-02-20 17:10:00,2023-02-01,33.01,0,Legitimate,0.0,Electronics,NetBanking,POS,Pune,0,18,330.02,1396,17,0,2,20,0,0.22802740723704445,0,18.242192578963557,Low,0,False,NO_ALERT
T104278,CUST8954,2023-09-30 13:50:00,2023-09-01,10.85,1,Fraudulent,10.85,Grocery,Debit Card,Mobile,Bengaluru,0,153,154.62,842,13,5,9,30,1,0.3509710484144836,0,28.07768387315869,Medium,0,False,NO_ALERT
T104279,CUST5568,2023-07-25 13:33:00,2023-07-01,39.77,0,Legitimate,0.0,Food,NetBanking,Desktop,Hyderabad,1,97,412.79,1864,13,1,7,25,0,0.5542484763755351,0,44.33987811004281,Medium,0,False,NO_ALERT
T104280,CUST8625,2023-02-02 14:36:00,2023-02-01,14.2,0,Legitimate,0.0,Travel,Credit Card,Mobile,Bengaluru,0,186,16.94,101,14,3,2,2,0,0.26522060396239444,0,21.217648316991557,Low,0,False,NO_ALERT
T104281,CUST6368,2023-04-04 03:08:00,2023-04-01,106.05,0,Legitimate,0.0,Travel,UPI,POS,Kolkata,0,30,207.67,1047,3,1,4,4,0,0.6530688334542917,0,52.24550667634334,High,1,True,HIGH
T104282,CUST4240,2023-02-03 12:11:00,2023-02-01,18.74,0,Legitimate,0.0,Electronics,Debit Card,Desktop,Pune,0,115,312.37,981,12,4,2,3,0,0.20396872149411802,0,16.31749771952944,Low,0,False,NO_ALERT
T104283,CUST5421,2023-03-03 04:37:00,2023-03-01,4.83,1,Fraudulent,4.83,Grocery,UPI,POS,Delhi,0,1,21.08,1254,4,4,3,3,0,0.7675900595606078,0,61.40720476484862,High,1,True,HIGH
T104284,CUST4459,2023-08-13 18:02:00,2023-08-01,64.3,0,Legitimate,0.0,Utilities,Credit Card,POS,Pune,0,191,115.76,1379,18,6,8,13,1,0.2101965782880983,0,16.815726263047864,Low,0,False,NO_ALERT
T104285,CUST9619,2023-09-19 17:02:00,2023-09-01,72.35,0,Legitimate,0.0,Entertainment,Debit Card,Mobile,Delhi,0,97,170.44,62,17,1,9,19,0,0.2517572675336033,0,20.140581402688266,Low,0,False,NO_ALERT
T104286,CUST7059,2023-08-11 18:26:00,2023-08-01,164.4,0,Legitimate,0.0,Fashion,UPI,POS,Delhi,0,113,20.7,126,18,4,8,11,0,0.3938209528621702,1,51.50567622897362,High,1,True,HIGH
T104287,CUST7675,2023-06-11 22:23:00,2023-06-01,68.83,0,Legitimate,0.0,Food,UPI,Mobile,Delhi,0,79,277.88,1610,22,6,6,11,1,0.2217854466777493,0,17.742835734219945,Low,0,False,NO_ALERT
T104288,CUST7660,2023-12-27 10:49:00,2023-12-01,33.91,0,Legitimate,0.0,Utilities,Debit Card,Desktop,Delhi,0,29,319.13,292,10,2,12,27,0,0.2140250069981519,0,17.122000559852154,Low,0,False,NO_ALERT
T104289,CUST9068,2023-04-05 23:28:00,2023-04-01,129.97,0,Legitimate,0.0,Electronics,UPI,Desktop,Hyderabad,0,66,121.49,903,23,2,4,5,0,0.20714653150369705,0,16.571722520295765,Low,0,False,NO_ALERT
T104290,CUST7172,2024-02-04 03:54:00,2024-02-01,62.17,0,Legitimate,0.0,Travel,UPI,POS,Chennai,0,181,276.31,943,3,6,2,4,1,0.6185345817605049,0,49.482766540840394,Medium,0,False,NO_ALERT
T104291,CUST2281,2023-05-30 11:25:00,2023-05-01,6.61,0,Legitimate,0.0,Entertainment,Debit Card,Mobile,Hyderabad,0,105,499.57,1123,11,1,5,30,0,0.23106309237705766,0,18.485047390164613,Low,0,False,NO_ALERT
T104292,CUST8054,2023-04-07 15:49:00,2023-04-01,66.75,0,Legitimate,0.0,Utilities,UPI,POS,Kolkata,0,19,444.59,1866,15,4,4,7,0,0.22334865913628288,0,17.867892730902632,Low,0,False,NO_ALERT
T104293,CUST9598,2023-08-31 21:54:00,2023-08-01,190.89,0,Legitimate,0.0,Utilities,UPI,POS,Chennai,0,66,38.74,322,21,3,8,31,0,0.37209572231959614,0,29.767657785567692,Medium,0,False,NO_ALERT
T104294,CUST6675,2023-03-23 23:41:00,2023-03-01,40.38,0,Legitimate,0.0,Health,PayPal,POS,Hyderabad,0,112,72.66,946,23,3,3,23,0,0.2062342272233745,0,16.498738177869964,Low,0,False,NO_ALERT
T104295,CUST4614,2023-11-25 20:51:00,2023-11-01,28.12,0,Legitimate,0.0,Health,PayPal,POS,Kolkata,0,180,252.26,759,20,5,11,25,1,0.22792863246069345,0,18.234290596855477,Low,0,False,NO_ALERT
T104296,CUST5080,2023-08-23 10:57:00,2023-08-01,12.39,0,Legitimate,0.0,Grocery,Credit Card,Mobile,Delhi,0,159,130.15,1260,10,2,8,23,0,0.23065348847319214,0,18.452279077855373,Low,0,False,NO_ALERT
T104297,CUST9826,2023-11-24 04:39:00,2023-11-01,13.14,0,Legitimate,0.0,Grocery,PayPal,POS,Mumbai,0,60,49.67,201,4,4,11,24,0,0.5492787553321252,0,43.94230042657002,Medium,0,False,NO_ALERT
T104298,CUST7235,2023-11-30 06:20:00,2023-11-01,45.36,0,Legitimate,0.0,Electronics,PayPal,Desktop,Pune,0,117,134.73,787,6,3,11,30,0,0.20128070339224668,0,16.102456271379733,Low,0,False,NO_ALERT
T104299,CUST9315,2024-01-19 20:28:00,2024-01-01,72.44,0,Legitimate,0.0,Utilities,Credit Card,Mobile,Chennai,0,68,39.98,955,20,4,1,19,0,0.18366806948777975,0,14.69344555902238,Low,0,False,NO_ALERT
T104300,CUST6324,2023-05-22 05:35:00,2023-05-01,6.72,0,Legitimate,0.0,Fashion,UPI,POS,Mumbai,0,93,269.66,1448,5,0,5,22,0,0.6040780163431215,0,48.32624130744972,Medium,0,False,NO_ALERT
T104301,CUST8240,2023-04-06 04:12:00,2023-04-01,224.5,1,Fraudulent,224.5,Travel,UPI,Mobile,Delhi,0,158,250.22,1309,4,3,4,6,0,0.7060231320825645,0,56.48185056660516,High,1,True,HIGH
T104302,CUST4954,2023-08-27 05:59:00,2023-08-01,112.56,1,Fraudulent,112.56,Electronics,PayPal,POS,Chennai,0,141,13.1,1317,5,6,8,27,1,0.7317955715977215,1,78.54364572781772,Critical,1,True,CRITICAL
T104303,CUST2466,2023-04-14 23:22:00,2023-04-01,70.67,0,Legitimate,0.0,Fashion,Credit Card,Desktop,Mumbai,0,143,246.43,930,23,4,4,14,0,0.2584810641554511,0,20.678485132436087,Low,0,False,NO_ALERT
T104304,CUST2864,2023-08-13 00:46:00,2023-08-01,141.03,1,Fraudulent,141.03,Entertainment,UPI,Desktop,Hyderabad,1,148,264.7,1317,0,6,8,13,1,0.8342469352414823,0,66.73975481931858,High,1,True,HIGH
T104305,CUST4159,2024-01-04 13:01:00,2024-01-01,6.69,0,Legitimate,0.0,Grocery,NetBanking,Desktop,Kolkata,0,162,306.79,546,13,3,1,4,0,0.21680896936553165,0,17.34471754924253,Low,0,False,NO_ALERT
T104306,CUST2650,2023-09-29 13:46:00,2023-09-01,51.83,0,Legitimate,0.0,Health,Debit Card,Mobile,Delhi,0,148,485.35,1063,13,4,9,29,0,0.22509297461367414,0,18.00743796909393,Low,0,False,NO_ALERT
T104307,CUST4757,2023-07-15 14:18:00,2023-07-01,79.56,0,Legitimate,0.0,Food,Debit Card,Desktop,Hyderabad,0,50,491.52,300,14,5,7,15,1,0.20970344597791413,1,36.776275678233134,Medium,0,False,NO_ALERT
T104308,CUST1148,2023-05-03 05:57:00,2023-05-01,141.13,0,Legitimate,0.0,Utilities,Debit Card,POS,Hyderabad,0,89,268.2,771,5,2,5,3,0,0.6350443863685326,0,50.80355090948261,High,1,True,HIGH
T104309,CUST4501,2023-07-02 12:03:00,2023-07-01,122.4,0,Legitimate,0.0,Entertainment,PayPal,POS,Delhi,0,155,424.14,1365,12,6,7,2,1,0.2783626089488358,0,22.269008715906864,Low,0,False,NO_ALERT
T104310,CUST7600,2023-12-18 08:36:00,2023-12-01,25.96,0,Legitimate,0.0,Health,Debit Card,POS,Chennai,0,158,51.73,1423,8,0,12,18,0,0.20270859971662714,0,16.21668797733017,Low,0,False,NO_ALERT
T104311,CUST3483,2023-12-15 21:58:00,2023-12-01,226.26,0,Legitimate,0.0,Travel,Debit Card,Mobile,Pune,0,184,270.27,596,21,4,12,15,0,0.21485598338132675,0,17.18847867050614,Low,0,False,NO_ALERT
T104312,CUST7927,2023-03-22 13:55:00,2023-03-01,10.62,0,Legitimate,0.0,Travel,NetBanking,Mobile,Bengaluru,1,193,342.66,1952,13,2,3,22,0,0.5190610331342783,0,41.52488265074227,Medium,0,False,NO_ALERT
T104313,CUST1985,2024-02-18 18:58:00,2024-02-01,166.44,0,Legitimate,0.0,Health,UPI,Desktop,Bengaluru,0,99,286.72,582,18,6,2,18,1,0.24463533286158307,0,19.570826628926646,Low,0,False,NO_ALERT
T104314,CUST6303,2023-01-10 11:17:00,2023-01-01,283.07,0,Legitimate,0.0,Entertainment,NetBanking,Mobile,Pune,0,183,123.05,679,11,1,1,10,0,0.16902801824148755,0,13.522241459319005,Low,0,False,NO_ALERT
T104315,CUST2575,2023-11-10 22:57:00,2023-11-01,15.6,0,Legitimate,0.0,Health,PayPal,POS,Delhi,0,113,40.7,420,22,4,11,10,0,0.25146061551947424,0,20.11684924155794,Low,0,False,NO_ALERT
T104316,CUST2331,2024-01-19 10:32:00,2024-01-01,102.43,0,Legitimate,0.0,Fashion,Debit Card,POS,Bengaluru,0,107,199.47,988,10,4,1,19,0,0.22197401022820656,0,17.757920818256526,Low,0,False,NO_ALERT
T104317,CUST9112,2024-01-15 03:17:00,2024-01-01,3.29,0,Legitimate,0.0,Electronics,UPI,POS,Pune,0,24,327.34,1168,3,0,1,15,0,0.5337267950734718,0,42.698143605877746,Medium,0,False,NO_ALERT
T104318,CUST5562,2023-01-26 12:40:00,2023-01-01,41.59,0,Legitimate,0.0,Grocery,Debit Card,Mobile,Mumbai,0,25,495.94,604,12,3,1,26,0,0.23675402299602472,0,18.940321839681978,Low,0,False,NO_ALERT
T104319,CUST5459,2023-03-17 00:53:00,2023-03-01,58.1,0,Legitimate,0.0,Fashion,Debit Card,POS,Pune,0,181,125.9,373,0,4,3,17,0,0.5914107017856918,0,47.312856142855345,Medium,0,False,NO_ALERT
T104320,CUST2428,2024-02-12 02:06:00,2024-02-01,69.52,0,Legitimate,0.0,Food,PayPal,Desktop,Chennai,0,11,459.72,1463,2,0,2,12,0,0.7495315233327973,1,79.96252186662379,Critical,1,True,CRITICAL
T104321,CUST1102,2023-01-19 15:57:00,2023-01-01,219.83,0,Legitimate,0.0,Health,Debit Card,Mobile,Kolkata,0,94,43.45,1599,15,3,1,19,0,0.3212726430669154,1,45.70181144535323,Medium,0,False,NO_ALERT
T104322,CUST7801,2024-02-01 05:52:00,2024-02-01,89.24,0,Legitimate,0.0,Food,Credit Card,POS,Pune,0,60,466.18,1431,5,3,2,1,0,0.6240059028124813,0,49.920472224998505,Medium,0,False,NO_ALERT
T104323,CUST1452,2023-12-12 01:30:00,2023-12-01,52.51,1,Fraudulent,52.51,Food,UPI,POS,Hyderabad,1,175,417.86,1817,1,1,12,12,0,0.8368933635806005,0,66.95146908644804,High,1,True,HIGH
T104324,CUST7712,2023-06-15 05:49:00,2023-06-01,132.72,0,Legitimate,0.0,Fashion,UPI,Mobile,Hyderabad,0,153,20.26,485,5,3,6,15,0,0.6236544705018541,0,49.89235764014833,Medium,0,False,NO_ALERT
T104325,CUST4349,2023-06-01 19:30:00,2023-06-01,240.52,1,Fraudulent,240.52,Grocery,Credit Card,Mobile,Kolkata,0,25,156.11,1476,19,3,6,1,0,0.516607705001569,0,41.328616400125526,Medium,0,False,NO_ALERT
T104326,CUST7147,2023-05-01 19:55:00,2023-05-01,1.79,0,Legitimate,0.0,Entertainment,PayPal,Desktop,Delhi,0,145,34.97,473,19,0,5,1,0,0.2002961760192222,0,16.023694081537776,Low,0,False,NO_ALERT
T104327,CUST8365,2023-05-17 22:47:00,2023-05-01,323.74,1,Fraudulent,323.74,Travel,Debit Card,Mobile,Hyderabad,1,140,497.8,226,22,2,5,17,0,0.6666387294656907,0,53.33109835725526,High,1,True,HIGH
T104328,CUST8543,2023-03-08 11:41:00,2023-03-01,7.21,0,Legitimate,0.0,Electronics,Debit Card,POS,Mumbai,1,123,219.64,897,11,2,3,8,0,0.6243158676397713,0,49.945269411181705,Medium,0,False,NO_ALERT
T104329,CUST2781,2023-05-03 04:34:00,2023-05-01,134.73,1,Fraudulent,134.73,Utilities,UPI,Desktop,Pune,0,180,334.47,392,4,2,5,3,0,0.6893777501416973,0,55.15022001133579,High,1,True,HIGH
T104330,CUST8180,2023-09-08 04:03:00,2023-09-01,26.32,0,Legitimate,0.0,Travel,PayPal,POS,Kolkata,0,11,124.75,1463,4,4,9,8,0,0.6701822337788812,0,53.614578702310496,High,1,True,HIGH
T104331,CUST9047,2023-12-23 14:29:00,2023-12-01,11.34,0,Legitimate,0.0,Grocery,PayPal,POS,Mumbai,0,10,467.53,1817,14,5,12,23,1,0.2323324285533053,0,18.586594284264425,Low,0,False,NO_ALERT
T104332,CUST2628,2023-10-19 11:13:00,2023-10-01,46.36,0,Legitimate,0.0,Utilities,PayPal,POS,Delhi,0,81,144.35,1627,11,3,10,19,0,0.2335501378016479,0,18.68401102413183,Low,0,False,NO_ALERT
T104333,CUST4922,2023-12-21 06:44:00,2023-12-01,82.62,0,Legitimate,0.0,Travel,Debit Card,Mobile,Hyderabad,0,188,137.51,1447,6,3,12,21,0,0.21525398050794411,0,17.22031844063553,Low,0,False,NO_ALERT
T104334,CUST4562,2023-07-21 23:31:00,2023-07-01,38.37,0,Legitimate,0.0,Health,PayPal,Mobile,Kolkata,0,54,164.15,1790,23,4,7,21,0,0.2134928462602654,0,17.079427700821235,Low,0,False,NO_ALERT
T104335,CUST5279,2023-11-25 07:56:00,2023-11-01,4.49,0,Legitimate,0.0,Health,Credit Card,POS,Bengaluru,0,109,236.62,1562,7,5,11,25,1,0.22563787956933035,0,18.051030365546428,Low,0,False,NO_ALERT
T104336,CUST6550,2023-09-27 12:37:00,2023-09-01,73.2,0,Legitimate,0.0,Fashion,NetBanking,Mobile,Pune,0,63,19.08,897,12,2,9,27,0,0.24542764966747996,0,19.634211973398397,Low,0,False,NO_ALERT
T104337,CUST9492,2023-03-19 23:34:00,2023-03-01,186.15,0,Legitimate,0.0,Food,PayPal,POS,Bengaluru,0,20,302.94,595,23,6,3,19,1,0.2227463099416339,0,17.819704795330715,Low,0,False,NO_ALERT
T104338,CUST4140,2023-07-08 10:38:00,2023-07-01,38.66,0,Legitimate,0.0,Utilities,NetBanking,Mobile,Chennai,0,5,25.52,700,10,5,7,8,1,0.23649522908530168,0,18.919618326824136,Low,0,False,NO_ALERT
T104339,CUST5652,2024-01-05 23:07:00,2024-01-01,19.5,0,Legitimate,0.0,Grocery,Debit Card,Mobile,Delhi,0,41,274.21,1347,23,4,1,5,0,0.24659271783847442,0,19.727417427077953,Low,0,False,NO_ALERT
T104340,CUST4671,2023-12-13 11:37:00,2023-12-01,46.75,0,Legitimate,0.0,Grocery,PayPal,Mobile,Chennai,0,118,234.36,1935,11,2,12,13,0,0.24103665814252995,0,19.282932651402398,Low,0,False,NO_ALERT
T104341,CUST8296,2023-12-13 17:44:00,2023-12-01,3.97,0,Legitimate,0.0,Travel,UPI,Desktop,Bengaluru,0,63,128.85,54,17,2,12,13,0,0.22992656832290131,0,18.394125465832104,Low,0,False,NO_ALERT
T104342,CUST9911,2023-03-22 00:32:00,2023-03-01,137.4,0,Legitimate,0.0,Fashion,Debit Card,Mobile,Bengaluru,0,184,171.59,266,0,2,3,22,0,0.5616544369981514,0,44.93235495985212,Medium,0,False,NO_ALERT
T104343,CUST3363,2023-01-09 19:24:00,2023-01-01,140.05,0,Legitimate,0.0,Travel,Credit Card,Desktop,Bengaluru,0,32,355.77,490,19,0,1,9,0,0.27947676099335866,0,22.358140879468692,Low,0,False,NO_ALERT
T104344,CUST2649,2023-10-17 10:39:00,2023-10-01,70.94,0,Legitimate,0.0,Travel,Credit Card,Desktop,Chennai,0,27,14.7,1374,10,1,10,17,0,0.2678286269822533,1,41.426290158580265,Medium,0,False,NO_ALERT
T104345,CUST3715,2023-02-07 09:00:00,2023-02-01,34.85,0,Legitimate,0.0,Grocery,NetBanking,Desktop,Kolkata,0,68,165.16,129,9,1,2,7,0,0.20195865326856816,0,16.156692261485453,Low,0,False,NO_ALERT
T104346,CUST8885,2024-01-31 18:48:00,2024-01-01,128.67,0,Legitimate,0.0,Travel,NetBanking,POS,Delhi,0,105,343.35,769,18,2,1,31,0,0.19177591687022472,0,15.342073349617976,Low,0,False,NO_ALERT
T104347,CUST7665,2023-05-08 11:09:00,2023-05-01,64.72,0,Legitimate,0.0,Food,UPI,Mobile,Pune,0,176,84.61,1743,11,0,5,8,0,0.20590756281639383,0,16.472605025311505,Low,0,False,NO_ALERT
T104348,CUST3887,2023-08-30 16:12:00,2023-08-01,139.86,0,Legitimate,0.0,Travel,UPI,POS,Kolkata,0,7,284.59,437,16,2,8,30,0,0.27364060268653434,0,21.891248214922747,Low,0,False,NO_ALERT
T104349,CUST4214,2023-04-06 19:24:00,2023-04-01,79.86,0,Legitimate,0.0,Utilities,Credit Card,Desktop,Pune,0,174,92.78,1208,19,3,4,6,0,0.21204589114587452,0,16.963671291669964,Low,0,False,NO_ALERT
T104350,CUST8851,2023-08-24 11:31:00,2023-08-01,122.75,0,Legitimate,0.0,Food,PayPal,Mobile,Mumbai,0,103,85.83,1007,11,3,8,24,0,0.20270208958981215,0,16.216167167184974,Low,0,False,NO_ALERT
T104351,CUST4912,2023-04-10 10:54:00,2023-04-01,73.02,0,Legitimate,0.0,Grocery,Credit Card,POS,Mumbai,1,112,388.42,1487,10,0,4,10,0,0.6068675156791741,0,48.54940125433393,Medium,0,False,NO_ALERT
T104352,CUST8327,2023-09-25 16:54:00,2023-09-01,42.77,0,Legitimate,0.0,Fashion,Credit Card,Desktop,Bengaluru,0,146,140.6,780,16,0,9,25,0,0.24070265510120437,0,19.25621240809635,Low,0,False,NO_ALERT
T104353,CUST1803,2024-01-11 23:16:00,2024-01-01,253.5,0,Legitimate,0.0,Health,UPI,POS,Delhi,0,166,194.13,1487,23,3,1,11,0,0.2260785611413606,0,18.086284891308846,Low,0,False,NO_ALERT
T104354,CUST3176,2023-08-24 06:45:00,2023-08-01,62.32,0,Legitimate,0.0,Utilities,NetBanking,POS,Delhi,0,103,367.71,172,6,3,8,24,0,0.18696700387781207,0,14.957360310224965,Low,0,False,NO_ALERT
T104355,CUST5366,2023-03-18 15:56:00,2023-03-01,74.33,0,Legitimate,0.0,Food,UPI,Mobile,Hyderabad,0,193,97.96,558,15,5,3,18,1,0.18767120457367004,0,15.013696365893603,Low,0,False,NO_ALERT
T104356,CUST3144,2023-02-22 20:05:00,2023-02-01,19.93,0,Legitimate,0.0,Fashion,UPI,Mobile,Hyderabad,0,17,270.55,1338,20,2,2,22,0,0.22935482996500714,0,18.34838639720057,Low,0,False,NO_ALERT
T104357,CUST4841,2023-06-18 13:48:00,2023-06-01,78.61,0,Legitimate,0.0,Fashion,UPI,POS,Kolkata,0,90,459.73,1058,13,6,6,18,1,0.2366341647977645,0,18.93073318382116,Low,0,False,NO_ALERT
T104358,CUST3502,2023-04-17 09:47:00,2023-04-01,67.82,0,Legitimate,0.0,Food,Credit Card,Mobile,Chennai,0,115,281.38,552,9,0,4,17,0,0.2630213611582123,0,21.041708892656985,Low,0,False,NO_ALERT
T104359,CUST7309,2024-02-02 17:45:00,2024-02-01,16.35,0,Legitimate,0.0,Grocery,PayPal,Mobile,Hyderabad,0,86,33.93,749,17,4,2,2,0,0.23236792374046286,0,18.58943389923703,Low,0,False,NO_ALERT
T104360,CUST2885,2024-01-12 01:27:00,2024-01-01,4.91,0,Legitimate,0.0,Electronics,Credit Card,POS,Kolkata,0,103,298.95,1489,1,4,1,12,0,0.5622261146035386,0,44.978089168283084,Medium,0,False,NO_ALERT
T104361,CUST7749,2024-02-02 18:09:00,2024-02-01,74.18,0,Legitimate,0.0,Fashion,Debit Card,Mobile,Pune,0,82,54.18,447,18,4,2,2,0,0.19850844490425504,0,15.880675592340404,Low,0,False,NO_ALERT
T104362,CUST3541,2023-09-06 15:56:00,2023-09-01,115.41,0,Legitimate,0.0,Fashion,UPI,Mobile,Pune,1,126,148.24,1134,15,2,9,6,0,0.673325121667484,0,53.86600973339873,High,1,True,HIGH
T104363,CUST5702,2023-06-10 05:14:00,2023-06-01,59.29,0,Legitimate,0.0,Grocery,UPI,Desktop,Kolkata,0,38,426.34,574,5,5,6,10,1,0.5916743810240106,0,47.33395048192085,Medium,0,False,NO_ALERT
T104364,CUST5845,2023-05-12 11:19:00,2023-05-01,20.57,0,Legitimate,0.0,Grocery,Debit Card,Mobile,Chennai,0,92,15.42,1039,11,4,5,12,0,0.21491192883394092,0,17.192954306715276,Low,0,False,NO_ALERT
T104365,CUST2406,2023-07-11 01:55:00,2023-07-01,87.85,0,Legitimate,0.0,Travel,UPI,Desktop,Mumbai,0,63,47.74,846,1,1,7,11,0,0.5784544424931455,0,46.27635539945164,Medium,0,False,NO_ALERT
T104366,CUST4691,2023-02-20 01:52:00,2023-02-01,6.68,0,Legitimate,0.0,Grocery,UPI,POS,Bengaluru,0,170,188.05,1430,1,0,2,20,0,0.6041905884563561,0,48.335247076508495,Medium,0,False,NO_ALERT
T104367,CUST6410,2023-12-22 14:35:00,2023-12-01,46.65,0,Legitimate,0.0,Fashion,UPI,Desktop,Delhi,0,136,499.7,188,14,4,12,22,0,0.20750699030511882,0,16.600559224409505,Low,0,False,NO_ALERT
T104368,CUST3862,2024-01-05 01:52:00,2024-01-01,14.27,1,Fraudulent,14.27,Food,Debit Card,POS,Mumbai,0,30,153.01,1839,1,4,1,5,0,0.743078608012185,0,59.4462886409748,High,1,True,HIGH
T104369,CUST2046,2023-05-27 02:48:00,2023-05-01,16.31,0,Legitimate,0.0,Electronics,Credit Card,Mobile,Kolkata,0,64,87.06,656,2,5,5,27,1,0.5274003296218378,0,42.192026369747026,Medium,0,False,NO_ALERT
T104370,CUST9740,2023-03-18 08:04:00,2023-03-01,18.08,0,Legitimate,0.0,Entertainment,UPI,Mobile,Pune,0,9,279.22,1270,8,5,3,18,1,0.24962543239105325,0,19.97003459128426,Low,0,False,NO_ALERT
T104371,CUST8120,2023-05-23 14:55:00,2023-05-01,39.11,0,Legitimate,0.0,Travel,PayPal,Desktop,Mumbai,0,57,264.43,802,14,1,5,23,0,0.2377276588817154,0,19.018212710537234,Low,0,False,NO_ALERT
T104372,CUST2846,2023-11-28 19:09:00,2023-11-01,4.2,0,Legitimate,0.0,Entertainment,Debit Card,POS,Chennai,0,107,230.31,1723,19,1,11,28,0,0.2171088608245527,0,17.368708865964216,Low,0,False,NO_ALERT
T104373,CUST3908,2023-10-08 21:54:00,2023-10-01,40.57,0,Legitimate,0.0,Food,NetBanking,Mobile,Bengaluru,0,187,473.86,1098,21,6,10,8,1,0.22373917471440355,0,17.899133977152285,Low,0,False,NO_ALERT
T104374,CUST8738,2023-09-21 10:37:00,2023-09-01,57.35,0,Legitimate,0.0,Electronics,Debit Card,Desktop,Pune,0,95,147.27,1685,10,3,9,21,0,0.19997474632016346,0,15.997979705613076,Low,0,False,NO_ALERT
T104375,CUST1530,2023-05-04 13:31:00,2023-05-01,52.82,0,Legitimate,0.0,Electronics,Credit Card,Desktop,Chennai,0,195,153.73,1268,13,3,5,4,0,0.2339095302007599,0,18.712762416060794,Low,0,False,NO_ALERT
T104376,CUST1580,2023-05-01 04:22:00,2023-05-01,38.6,0,Legitimate,0.0,Electronics,Debit Card,Desktop,Kolkata,0,75,78.73,1564,4,0,5,1,0,0.5954748819362025,0,47.6379905548962,Medium,0,False,NO_ALERT
T104377,CUST9887,2023-10-18 00:35:00,2023-10-01,146.18,0,Legitimate,0.0,Health,NetBanking,Mobile,Mumbai,0,5,351.67,157,0,2,10,18,0,0.6631732130268473,0,53.05385704214779,High,1,True,HIGH
T104378,CUST1015,2023-02-26 13:46:00,2023-02-01,12.56,0,Legitimate,0.0,Food,PayPal,POS,Delhi,0,95,167.47,1307,13,6,2,26,1,0.22415443315046524,0,17.93235465203722,Low,0,False,NO_ALERT
T104379,CUST8556,2023-03-10 22:36:00,2023-03-01,56.37,0,Legitimate,0.0,Utilities,NetBanking,Mobile,Hyderabad,0,4,403.34,1603,22,4,3,10,0,0.21899208741088041,0,17.519366992870435,Low,0,False,NO_ALERT
T104380,CUST6555,2024-02-13 12:56:00,2024-02-01,5.12,0,Legitimate,0.0,Travel,Debit Card,Mobile,Chennai,0,8,486.16,906,12,1,2,13,0,0.2174357028323692,0,17.394856226589535,Low,0,False,NO_ALERT
T104381,CUST5166,2023-10-29 15:58:00,2023-10-01,5.91,0,Legitimate,0.0,Travel,NetBanking,POS,Pune,0,170,31.41,1775,15,6,10,29,1,0.2361657450670663,0,18.893259605365305,Low,0,False,NO_ALERT
T104382,CUST6332,2023-01-24 02:36:00,2023-01-01,68.24,0,Legitimate,0.0,Electronics,Debit Card,Desktop,Mumbai,0,163,496.63,1405,2,1,1,24,0,0.5838305737607948,0,46.70644590086359,Medium,0,False,NO_ALERT
T104383,CUST5294,2023-12-31 04:31:00,2023-12-01,66.78,0,Legitimate,0.0,Food,PayPal,Mobile,Hyderabad,0,141,134.51,635,4,6,12,31,1,0.5421451068966716,0,43.371608551733736,Medium,0,False,NO_ALERT
T104384,CUST8451,2023-11-13 02:48:00,2023-11-01,168.32,0,Legitimate,0.0,Health,PayPal,Desktop,Hyderabad,0,133,215.85,570,2,0,11,13,0,0.6186411603081726,0,49.49129282465381,Medium,0,False,NO_ALERT
T104385,CUST7885,2023-10-20 13:30:00,2023-10-01,65.29,0,Legitimate,0.0,Electronics,Credit Card,Desktop,Mumbai,0,40,391.09,193,13,4,10,20,0,0.21600204322270805,0,17.280163457816645,Low,0,False,NO_ALERT
T104386,CUST8916,2023-03-06 09:19:00,2023-03-01,257.09,0,Legitimate,0.0,Grocery,PayPal,POS,Bengaluru,0,19,336.01,678,9,0,3,6,0,0.2367768589791066,0,18.94214871832853,Low,0,False,NO_ALERT
T104387,CUST6778,2023-12-03 02:28:00,2023-12-01,3.99,1,Fraudulent,3.99,Utilities,UPI,POS,Mumbai,0,82,391.43,1588,2,6,12,3,1,0.7113612302340804,0,56.90889841872643,High,1,True,HIGH
T104388,CUST1280,2024-02-05 00:44:00,2024-02-01,8.25,1,Fraudulent,8.25,Entertainment,NetBanking,POS,Pune,0,125,238.5,160,0,0,2,5,0,0.6984481042310429,0,55.875848338483436,High,1,True,HIGH
T104389,CUST2420,2023-08-12 13:30:00,2023-08-01,3.61,0,Legitimate,0.0,Travel,NetBanking,Desktop,Kolkata,0,4,458.87,1651,13,5,8,12,1,0.19027552690262511,0,15.222042152210008,Low,0,False,NO_ALERT
T104390,CUST3918,2023-06-10 07:00:00,2023-06-01,16.39,0,Legitimate,0.0,Entertainment,Debit Card,Desktop,Delhi,0,128,397.07,725,7,5,6,10,1,0.21693634990245628,0,17.3549079921965,Low,0,False,NO_ALERT
T104391,CUST5472,2023-07-21 22:30:00,2023-07-01,62.34,0,Legitimate,0.0,Fashion,PayPal,Mobile,Pune,0,187,161.52,533,22,4,7,21,0,0.2269009533508007,0,18.152076268064057,Low,0,False,NO_ALERT
T104392,CUST7767,2023-04-16 14:44:00,2023-04-01,82.98,0,Legitimate,0.0,Electronics,Credit Card,Desktop,Kolkata,0,146,474.76,1477,14,6,4,16,1,0.24676272739682342,0,19.741018191745876,Low,0,False,NO_ALERT
T104393,CUST1551,2023-10-17 18:32:00,2023-10-01,3.73,0,Legitimate,0.0,Grocery,Credit Card,POS,Hyderabad,0,152,480.92,1802,18,1,10,17,0,0.20923314418644787,0,16.738651534915828,Low,0,False,NO_ALERT
T104394,CUST1226,2023-02-13 18:16:00,2023-02-01,233.46,0,Legitimate,0.0,Travel,Credit Card,POS,Delhi,0,107,213.38,213,18,0,2,13,0,0.24701919275049758,0,19.761535420039806,Low,0,False,NO_ALERT
T104395,CUST8771,2023-05-02 07:14:00,2023-05-01,147.7,0,Legitimate,0.0,Entertainment,UPI,POS,Chennai,0,93,329.46,855,7,1,5,2,0,0.2809485589277733,0,22.475884714221866,Low,0,False,NO_ALERT
T104396,CUST4840,2023-01-21 08:39:00,2023-01-01,28.15,0,Legitimate,0.0,Utilities,PayPal,POS,Hyderabad,0,31,409.24,700,8,5,1,21,1,0.22357137059629006,0,17.885709647703205,Low,0,False,NO_ALERT
T104397,CUST2384,2024-01-03 08:40:00,2024-01-01,6.43,0,Legitimate,0.0,Health,Credit Card,Desktop,Bengaluru,0,58,410.48,1011,8,2,1,3,0,0.2516290815055954,0,20.130326520447632,Low,0,False,NO_ALERT
T104398,CUST7817,2023-02-12 09:15:00,2023-02-01,14.9,0,Legitimate,0.0,Food,UPI,POS,Mumbai,0,28,16.92,1576,9,6,2,12,1,0.3008000021919579,0,24.064000175356632,Low,0,False,NO_ALERT
T104399,CUST7557,2023-06-14 10:37:00,2023-06-01,10.86,0,Legitimate,0.0,Travel,NetBanking,Mobile,Chennai,0,137,318.22,1052,10,2,6,14,0,0.19970014572619177,0,15.976011658095343,Low,0,False,NO_ALERT
T104400,CUST1738,2023-08-30 15:21:00,2023-08-01,10.53,0,Legitimate,0.0,Utilities,Debit Card,Desktop,Pune,0,173,487.11,583,15,2,8,30,0,0.226985990178545,0,18.1588792142836,Low,0,False,NO_ALERT
T104401,CUST8378,2023-07-12 11:59:00,2023-07-01,58.48,1,Fraudulent,58.48,Entertainment,PayPal,POS,Delhi,0,90,123.36,1288,11,2,7,12,0,0.3125635490456942,0,25.00508392365554,Medium,0,False,NO_ALERT
T104402,CUST3432,2023-12-30 08:11:00,2023-12-01,22.57,0,Legitimate,0.0,Food,PayPal,Mobile,Chennai,0,49,399.85,160,8,5,12,30,1,0.20631271116030866,1,36.5050168928247,Medium,0,False,NO_ALERT
T104403,CUST4819,2023-02-05 19:07:00,2023-02-01,35.47,0,Legitimate,0.0,Entertainment,NetBanking,POS,Bengaluru,0,111,271.78,726,19,6,2,5,1,0.2566873594159548,0,20.534988753276384,Low,0,False,NO_ALERT
T104404,CUST1922,2023-05-18 06:02:00,2023-05-01,364.55,0,Legitimate,0.0,Food,PayPal,Desktop,Mumbai,0,2,118.52,1067,6,3,5,18,0,0.3170631482669299,1,45.36505186135439,Medium,0,False,NO_ALERT
T104405,CUST8493,2023-02-28 11:21:00,2023-02-01,92.24,1,Fraudulent,92.24,Health,PayPal,Desktop,Chennai,1,6,35.01,843,11,1,2,28,0,0.7180837678226696,1,77.44670142581357,Critical,1,True,CRITICAL
T104406,CUST3185,2023-03-02 05:26:00,2023-03-01,238.04,1,Fraudulent,238.04,Health,PayPal,Mobile,Pune,0,29,382.36,1819,5,3,3,2,0,0.7473007734861167,1,79.78406187888933,Critical,1,True,CRITICAL
T104407,CUST1694,2023-03-07 05:20:00,2023-03-01,12.3,0,Legitimate,0.0,Electronics,PayPal,Desktop,Delhi,0,154,165.07,688,5,1,3,7,0,0.6139303052388508,0,49.11442441910807,Medium,0,False,NO_ALERT
T104408,CUST2893,2023-02-28 02:07:00,2023-02-01,38.52,1,Fraudulent,38.52,Electronics,UPI,Mobile,Chennai,1,156,194.04,409,2,1,2,28,0,0.8184857959413698,0,65.47886367530958,High,1,True,HIGH
T104409,CUST4905,2023-11-09 01:23:00,2023-11-01,64.73,0,Legitimate,0.0,Travel,UPI,POS,Mumbai,1,7,247.76,1113,1,3,11,9,0,0.7461295569639878,0,59.69036455711902,High,1,True,HIGH
T104410,CUST2750,2023-10-25 17:23:00,2023-10-01,6.39,0,Legitimate,0.0,Health,Debit Card,Desktop,Pune,0,34,258.53,956,17,2,10,25,0,0.19728557591221688,0,15.78284607297735,Low,0,False,NO_ALERT
T104411,CUST5672,2023-10-14 21:46:00,2023-10-01,0.34,0,Legitimate,0.0,Grocery,PayPal,POS,Chennai,0,184,111.03,1345,21,5,10,14,1,0.18183260362697243,0,14.546608290157796,Low,0,False,NO_ALERT
T104412,CUST1335,2023-01-17 05:47:00,2023-01-01,88.8,1,Fraudulent,88.8,Entertainment,NetBanking,POS,Delhi,1,138,338.61,1213,5,1,1,17,0,0.8620192198802238,0,68.9615375904179,High,1,True,HIGH
T104413,CUST2597,2023-03-05 00:48:00,2023-03-01,82.14,1,Fraudulent,82.14,Entertainment,Credit Card,Desktop,Mumbai,0,112,349.34,1500,0,6,3,5,1,0.6905162863843156,0,55.241302910745254,High,1,True,HIGH
T104414,CUST6321,2024-01-02 15:02:00,2024-01-01,42.32,0,Legitimate,0.0,Entertainment,Debit Card,POS,Bengaluru,0,57,79.73,567,15,1,1,2,0,0.2778995027446128,0,22.231960219569025,Low,0,False,NO_ALERT
T104415,CUST6963,2023-05-22 00:23:00,2023-05-01,53.81,0,Legitimate,0.0,Travel,Credit Card,Mobile,Bengaluru,0,175,271.13,606,0,0,5,22,0,0.6070184961912678,0,48.56147969530143,Medium,0,False,NO_ALERT
T104416,CUST1665,2023-08-26 18:10:00,2023-08-01,42.95,0,Legitimate,0.0,Entertainment,Credit Card,Mobile,Hyderabad,1,27,308.54,1439,18,5,8,26,1,0.5476961896122234,1,63.815695168977875,High,1,True,HIGH
T104417,CUST9449,2023-10-20 04:06:00,2023-10-01,1.94,1,Fraudulent,1.94,Fashion,PayPal,Mobile,Chennai,0,39,101.26,1123,4,4,10,20,0,0.6319801947229056,0,50.55841557783245,High,1,True,HIGH
T104418,CUST4059,2024-01-17 01:43:00,2024-01-01,32.68,0,Legitimate,0.0,Food,NetBanking,Desktop,Delhi,0,150,448.29,1435,1,2,1,17,0,0.595446261117343,0,47.635700889387444,Medium,0,False,NO_ALERT
T104419,CUST1701,2023-07-06 01:04:00,2023-07-01,15.59,0,Legitimate,0.0,Entertainment,Credit Card,POS,Chennai,0,119,246.58,714,1,3,7,6,0,0.6565844006170256,0,52.52675204936205,High,1,True,HIGH
T104420,CUST1007,2023-12-08 19:54:00,2023-12-01,8.29,0,Legitimate,0.0,Utilities,Credit Card,POS,Mumbai,0,147,66.36,1278,19,4,12,8,0,0.24690015266618556,0,19.752012213294847,Low,0,False,NO_ALERT
T104421,CUST6916,2023-07-13 04:06:00,2023-07-01,251.21,1,Fraudulent,251.21,Food,Debit Card,POS,Hyderabad,1,100,173.85,1561,4,3,7,13,0,0.8265728937399716,1,86.12583149919773,Critical,1,True,CRITICAL
T104422,CUST9347,2023-01-18 11:28:00,2023-01-01,73.18,0,Legitimate,0.0,Electronics,NetBanking,POS,Delhi,0,9,243.71,1718,11,2,1,18,0,0.23613321265618448,0,18.89065701249476,Low,0,False,NO_ALERT
T104423,CUST3692,2023-02-14 00:27:00,2023-02-01,104.35,1,Fraudulent,104.35,Entertainment,NetBanking,Mobile,Chennai,0,147,14.97,69,0,1,2,14,0,0.8108793794535744,1,84.87035035628595,Critical,1,True,CRITICAL
T104424,CUST9028,2023-12-09 02:57:00,2023-12-01,30.31,0,Legitimate,0.0,Utilities,Credit Card,Desktop,Delhi,0,2,25.64,1199,2,5,12,9,1,0.5097995978149616,0,40.78396782519693,Medium,0,False,NO_ALERT
T104425,CUST1963,2023-02-03 15:48:00,2023-02-01,39.96,0,Legitimate,0.0,Grocery,NetBanking,Mobile,Mumbai,0,92,37.21,395,15,4,2,3,0,0.22713506526030272,0,18.170805220824217,Low,0,False,NO_ALERT
T104426,CUST2836,2023-08-13 05:58:00,2023-08-01,21.63,0,Legitimate,0.0,Utilities,Debit Card,Mobile,Hyderabad,0,189,273.69,1663,5,6,8,13,1,0.5330321259601032,0,42.642570076808255,Medium,0,False,NO_ALERT
T104427,CUST8572,2023-08-01 06:26:00,2023-08-01,8.16,0,Legitimate,0.0,Health,Debit Card,Desktop,Delhi,0,59,174.68,277,6,1,8,1,0,0.22065072979264716,0,17.652058383411774,Low,0,False,NO_ALERT
T104428,CUST2691,2023-05-19 21:48:00,2023-05-01,15.78,0,Legitimate,0.0,Health,Debit Card,Desktop,Mumbai,0,198,447.62,41,21,4,5,19,0,0.23325445726923594,0,18.660356581538874,Low,0,False,NO_ALERT
T104429,CUST9946,2023-03-01 21:45:00,2023-03-01,127.77,0,Legitimate,0.0,Electronics,PayPal,Mobile,Bengaluru,0,71,284.02,1589,21,2,3,1,0,0.2522895437272972,0,20.18316349818378,Low,0,False,NO_ALERT
T104430,CUST2930,2023-01-05 21:39:00,2023-01-01,90.54,0,Legitimate,0.0,Fashion,Credit Card,POS,Delhi,0,70,382.35,766,21,3,1,5,0,0.26199688064347826,0,20.95975045147826,Low,0,False,NO_ALERT
T104431,CUST1453,2024-02-09 12:09:00,2024-02-01,63.34,0,Legitimate,0.0,Travel,NetBanking,Desktop,Hyderabad,0,161,346.7,539,12,4,2,9,0,0.2187755840247468,0,17.502046721979745,Low,0,False,NO_ALERT
T104432,CUST5759,2023-05-13 22:33:00,2023-05-01,51.56,0,Legitimate,0.0,Travel,Debit Card,Desktop,Kolkata,0,193,264.96,1298,22,5,5,13,1,0.24844433421207315,0,19.875546736965855,Low,0,False,NO_ALERT
T104433,CUST9303,2023-07-18 10:13:00,2023-07-01,204.53,0,Legitimate,0.0,Grocery,Credit Card,Mobile,Pune,0,25,374.91,200,10,1,7,18,0,0.2738530228962099,0,21.90824183169679,Low,0,False,NO_ALERT
T104434,CUST1338,2023-10-12 06:05:00,2023-10-01,6.04,0,Legitimate,0.0,Electronics,Credit Card,POS,Pune,0,70,276.91,1085,6,3,10,12,0,0.24479388944986616,0,19.583511155989296,Low,0,False,NO_ALERT
T104435,CUST4372,2023-04-15 08:11:00,2023-04-01,26.35,0,Legitimate,0.0,Electronics,PayPal,Desktop,Delhi,0,156,198.87,1679,8,5,4,15,1,0.227055687559983,0,18.16445500479864,Low,0,False,NO_ALERT
T104436,CUST3313,2023-07-14 06:35:00,2023-07-01,34.45,0,Legitimate,0.0,Fashion,NetBanking,Mobile,Delhi,0,146,223.54,750,6,4,7,14,0,0.19303588524114612,0,15.442870819291691,Low,0,False,NO_ALERT
T104437,CUST5300,2023-12-27 02:46:00,2023-12-01,122.02,0,Legitimate,0.0,Entertainment,NetBanking,Desktop,Mumbai,0,63,420.87,1024,2,2,12,27,0,0.6312133107547608,0,50.497064860380874,High,1,True,HIGH
T104438,CUST9452,2023-08-20 02:15:00,2023-08-01,391.58,0,Legitimate,0.0,Travel,Debit Card,POS,Chennai,1,49,286.0,844,2,6,8,20,1,0.6714546623756332,1,73.71637299005067,High,1,True,HIGH
T104439,CUST1900,2023-04-02 23:59:00,2023-04-01,22.03,0,Legitimate,0.0,Entertainment,Debit Card,Mobile,Pune,0,123,194.88,458,23,6,4,2,1,0.22276860229663564,0,17.821488183730853,Low,0,False,NO_ALERT
T104440,CUST2345,2023-03-10 22:33:00,2023-03-01,165.91,0,Legitimate,0.0,Electronics,Credit Card,Mobile,Chennai,0,124,98.07,1088,22,4,3,10,0,0.19409033132171186,0,15.527226505736948,Low,0,False,NO_ALERT
T104441,CUST4221,2023-04-01 06:59:00,2023-04-01,142.05,0,Legitimate,0.0,Entertainment,NetBanking,POS,Pune,0,194,252.73,234,6,5,4,1,1,0.2367462259998126,0,18.939698079985007,Low,0,False,NO_ALERT
T104442,CUST9984,2023-04-17 09:05:00,2023-04-01,20.36,0,Legitimate,0.0,Health,NetBanking,Mobile,Delhi,0,40,133.68,919,9,0,4,17,0,0.189858683865513,0,15.188694709241041,Low,0,False,NO_ALERT
T104443,CUST3052,2023-07-08 15:09:00,2023-07-01,40.78,0,Legitimate,0.0,Grocery,Debit Card,POS,Hyderabad,0,85,478.23,1437,15,5,7,8,1,0.21754263007905805,0,17.403410406324646,Low,0,False,NO_ALERT
T104444,CUST9656,2023-09-21 04:52:00,2023-09-01,42.17,0,Legitimate,0.0,Travel,UPI,Mobile,Hyderabad,0,87,250.58,934,4,3,9,21,0,0.6251270346643597,0,50.01016277314878,High,1,True,HIGH
T104445,CUST1907,2023-12-11 16:46:00,2023-12-01,306.14,0,Legitimate,0.0,Fashion,Credit Card,POS,Kolkata,0,194,14.38,1319,16,0,12,11,0,0.3027554188423818,1,44.22043350739054,Medium,0,False,NO_ALERT
T104446,CUST6535,2023-06-18 01:14:00,2023-06-01,15.96,0,Legitimate,0.0,Grocery,NetBanking,Desktop,Pune,1,80,55.51,1630,1,6,6,18,1,0.7278355859509205,1,78.22684687607364,Critical,1,True,CRITICAL
T104447,CUST5859,2023-12-05 22:55:00,2023-12-01,128.42,1,Fraudulent,128.42,Food,PayPal,Desktop,Pune,0,4,149.32,1496,22,1,12,5,0,0.47389037398129735,0,37.91122991850379,Medium,0,False,NO_ALERT
T104448,CUST6763,2023-01-27 01:59:00,2023-01-01,32.54,0,Legitimate,0.0,Health,PayPal,Desktop,Mumbai,1,34,55.16,1663,1,4,1,27,0,0.7142827604015081,1,77.14262083212066,Critical,1,True,CRITICAL
T104449,CUST8821,2023-05-01 23:26:00,2023-05-01,105.0,0,Legitimate,0.0,Fashion,UPI,Mobile,Delhi,0,5,448.04,726,23,0,5,1,0,0.26512934130699034,0,21.210347304559228,Low,0,False,NO_ALERT
T104450,CUST7582,2023-10-24 10:50:00,2023-10-01,43.58,0,Legitimate,0.0,Utilities,Debit Card,POS,Delhi,0,150,428.63,779,10,1,10,24,0,0.21888662414728446,0,17.51092993178276,Low,0,False,NO_ALERT
T104451,CUST4220,2023-08-01 08:02:00,2023-08-01,69.09,0,Legitimate,0.0,Grocery,Debit Card,POS,Kolkata,0,148,485.72,1538,8,1,8,1,0,0.22836188400944216,0,18.268950720755374,Low,0,False,NO_ALERT
T104452,CUST9278,2023-05-07 20:49:00,2023-05-01,143.0,0,Legitimate,0.0,Electronics,Debit Card,Desktop,Chennai,0,103,356.17,1014,20,6,5,7,1,0.2262707227265962,0,18.1016578181277,Low,0,False,NO_ALERT
T104453,CUST6265,2023-12-06 12:27:00,2023-12-01,130.44,0,Legitimate,0.0,Food,PayPal,Desktop,Mumbai,0,175,326.28,1523,12,2,12,6,0,0.28721700846764886,0,22.97736067741191,Low,0,False,NO_ALERT
T104454,CUST3859,2023-07-15 22:07:00,2023-07-01,161.05,0,Legitimate,0.0,Fashion,Debit Card,Desktop,Bengaluru,0,34,462.51,1319,22,5,7,15,1,0.22324141303875758,1,37.85931304310061,Medium,0,False,NO_ALERT
T104455,CUST3425,2024-02-12 13:59:00,2024-02-01,4.92,0,Legitimate,0.0,Electronics,PayPal,POS,Hyderabad,0,172,473.73,1015,13,0,2,12,0,0.26332328437865565,0,21.065862750292453,Low,0,False,NO_ALERT
T104456,CUST3198,2023-11-03 04:19:00,2023-11-01,94.23,0,Legitimate,0.0,Health,UPI,Desktop,Hyderabad,0,6,439.97,1968,4,4,11,3,0,0.6322614945887406,0,50.58091956709925,High,1,True,HIGH
T104457,CUST3392,2023-10-15 08:10:00,2023-10-01,12.06,0,Legitimate,0.0,Utilities,Credit Card,Mobile,Delhi,0,184,432.12,1797,8,6,10,15,1,0.242235596065564,0,19.37884768524512,Low,0,False,NO_ALERT
T104458,CUST6465,2023-03-02 05:22:00,2023-03-01,43.0,0,Legitimate,0.0,Food,NetBanking,Desktop,Kolkata,0,29,339.13,1162,5,3,3,2,0,0.6532662816834828,0,52.26130253467863,High,1,True,HIGH
T104459,CUST7764,2023-11-23 07:00:00,2023-11-01,63.63,0,Legitimate,0.0,Travel,UPI,Desktop,Mumbai,1,53,10.79,1542,7,3,11,23,0,0.600586836684268,1,68.04694693474144,High,1,True,HIGH
T104460,CUST1104,2023-04-30 01:10:00,2023-04-01,41.23,0,Legitimate,0.0,Utilities,PayPal,POS,Bengaluru,0,1,220.46,1231,1,6,4,30,1,0.6117737047867117,0,48.94189638293693,Medium,0,False,NO_ALERT
T104461,CUST1973,2023-06-26 22:36:00,2023-06-01,58.65,0,Legitimate,0.0,Electronics,UPI,Mobile,Hyderabad,0,59,321.47,278,22,0,6,26,0,0.22143289419482465,0,17.714631535585973,Low,0,False,NO_ALERT
T104462,CUST5039,2023-08-12 12:11:00,2023-08-01,453.0,0,Legitimate,0.0,Grocery,NetBanking,POS,Mumbai,0,176,278.09,1889,12,5,8,12,1,0.2584676268836881,1,40.677410150695046,Medium,0,False,NO_ALERT
T104463,CUST1922,2023-01-10 13:15:00,2023-01-01,11.62,0,Legitimate,0.0,Entertainment,Credit Card,Mobile,Bengaluru,0,7,412.35,1925,13,1,1,10,0,0.22592313782112827,0,18.073851025690264,Low,0,False,NO_ALERT
T104464,CUST2788,2023-11-08 19:17:00,2023-11-01,90.03,0,Legitimate,0.0,Fashion,NetBanking,Mobile,Pune,0,160,411.26,1058,19,2,11,8,0,0.2088530999680382,0,16.708247997443056,Low,0,False,NO_ALERT
T104465,CUST9172,2024-01-26 22:17:00,2024-01-01,40.33,0,Legitimate,0.0,Food,PayPal,Desktop,Delhi,0,78,303.35,1210,22,4,1,26,0,0.2228089409224811,0,17.82471527379849,Low,0,False,NO_ALERT
T104466,CUST5217,2024-02-06 14:01:00,2024-02-01,11.42,0,Legitimate,0.0,Electronics,NetBanking,Desktop,Chennai,0,189,20.78,259,14,1,2,6,0,0.2579776820184821,0,20.63821456147857,Low,0,False,NO_ALERT
T104467,CUST4972,2023-04-03 12:58:00,2023-04-01,13.83,0,Legitimate,0.0,Travel,UPI,POS,Hyderabad,0,185,190.97,657,12,0,4,3,0,0.2305711997545634,0,18.44569598036507,Low,0,False,NO_ALERT
T104468,CUST5575,2023-08-14 22:40:00,2023-08-01,238.5,0,Legitimate,0.0,Entertainment,Debit Card,POS,Hyderabad,0,51,122.12,1314,22,0,8,14,0,0.2630308439708066,0,21.04246751766453,Low,0,False,NO_ALERT
T104469,CUST4063,2023-03-14 01:37:00,2023-03-01,169.36,0,Legitimate,0.0,Fashion,UPI,POS,Bengaluru,0,147,176.01,857,1,1,3,14,0,0.6197265654381682,0,49.578125235053456,Medium,0,False,NO_ALERT
T104470,CUST1503,2023-05-14 11:43:00,2023-05-01,190.05,0,Legitimate,0.0,Fashion,PayPal,Mobile,Chennai,0,27,312.47,350,11,6,5,14,1,0.22065981735706053,0,17.652785388564844,Low,0,False,NO_ALERT
T104471,CUST2893,2023-10-12 20:55:00,2023-10-01,381.72,0,Legitimate,0.0,Electronics,Credit Card,POS,Pune,0,63,42.57,1180,20,3,10,12,0,0.331342068420346,1,46.50736547362769,Medium,0,False,NO_ALERT
T104472,CUST8066,2023-03-25 13:29:00,2023-03-01,18.69,0,Legitimate,0.0,Travel,NetBanking,Mobile,Mumbai,0,188,20.9,57,13,5,3,25,1,0.25073107893227947,0,20.05848631458236,Low,0,False,NO_ALERT
T104473,CUST8411,2024-02-08 09:54:00,2024-02-01,35.13,0,Legitimate,0.0,Health,Credit Card,Mobile,Delhi,0,61,224.07,880,9,3,2,8,0,0.22797602224467034,0,18.23808177957363,Low,0,False,NO_ALERT
T104474,CUST7098,2023-04-20 06:19:00,2023-04-01,88.5,1,Fraudulent,88.5,Entertainment,PayPal,Mobile,Mumbai,1,61,398.85,539,6,3,4,20,0,0.7398982819655445,0,59.19186255724357,High,1,True,HIGH
T104475,CUST7421,2024-02-21 09:29:00,2024-02-01,52.9,0,Legitimate,0.0,Health,NetBanking,Mobile,Bengaluru,0,126,25.04,257,9,2,2,21,0,0.2486982617993363,0,19.895860943946904,Low,0,False,NO_ALERT
T104476,CUST3457,2023-03-22 22:59:00,2023-03-01,43.36,0,Legitimate,0.0,Food,UPI,Mobile,Hyderabad,0,45,426.03,670,22,2,3,22,0,0.2467670202668456,0,19.74136162134765,Low,0,False,NO_ALERT
T104477,CUST2905,2023-10-05 05:21:00,2023-10-01,35.43,1,Fraudulent,35.43,Electronics,UPI,Desktop,Pune,0,149,198.1,570,5,3,10,5,0,0.6921728590371924,0,55.3738287229754,High,1,True,HIGH
T104478,CUST8005,2024-01-01 10:02:00,2024-01-01,72.07,0,Legitimate,0.0,Entertainment,PayPal,Mobile,Hyderabad,0,172,67.94,1232,10,0,1,1,0,0.2160831891670442,0,17.286655133363535,Low,0,False,NO_ALERT
T104479,CUST6579,2024-02-04 03:01:00,2024-02-01,68.57,1,Fraudulent,68.57,Food,NetBanking,Mobile,Mumbai,0,129,288.07,1729,3,6,2,4,1,0.6968816666751125,0,55.750533334009006,High,1,True,HIGH
T104480,CUST8977,2023-05-08 19:26:00,2023-05-01,14.09,0,Legitimate,0.0,Utilities,UPI,Desktop,Pune,0,95,476.66,701,19,0,5,8,0,0.2486362865346169,0,19.890902922769353,Low,0,False,NO_ALERT
T104481,CUST7756,2023-11-06 05:43:00,2023-11-01,51.05,0,Legitimate,0.0,Health,PayPal,Desktop,Kolkata,0,91,275.83,1885,5,0,11,6,0,0.6395223314249655,0,51.16178651399724,High,1,True,HIGH
T104482,CUST4259,2023-09-21 05:07:00,2023-09-01,64.5,0,Legitimate,0.0,Utilities,PayPal,Desktop,Delhi,1,44,346.45,939,5,3,9,21,0,0.7734220112732132,0,61.873760901857054,High,1,True,HIGH
T104483,CUST7648,2023-05-16 10:02:00,2023-05-01,67.57,0,Legitimate,0.0,Utilities,Credit Card,POS,Bengaluru,0,62,410.05,1341,10,1,5,16,0,0.2538532321552714,0,20.308258572421714,Low,0,False,NO_ALERT
T104484,CUST4279,2023-08-20 07:38:00,2023-08-01,18.87,0,Legitimate,0.0,Entertainment,UPI,POS,Delhi,0,61,401.68,1547,7,6,8,20,1,0.2258803295860211,0,18.070426366881687,Low,0,False,NO_ALERT
T104485,CUST7641,2023-03-11 08:16:00,2023-03-01,108.47,0,Legitimate,0.0,Fashion,NetBanking,Mobile,Bengaluru,0,79,45.83,1318,8,5,3,11,1,0.20508411650376349,0,16.40672932030108,Low,0,False,NO_ALERT
T104486,CUST4757,2023-02-26 04:15:00,2023-02-01,2.04,0,Legitimate,0.0,Food,UPI,Mobile,Delhi,0,89,373.09,1520,4,6,2,26,1,0.4971767008663578,0,39.774136069308625,Medium,0,False,NO_ALERT
T104487,CUST6605,2023-02-02 23:49:00,2023-02-01,35.06,0,Legitimate,0.0,Utilities,UPI,Mobile,Kolkata,0,112,475.23,1448,23,3,2,2,0,0.22126894078079867,0,17.701515262463897,Low,0,False,NO_ALERT
T104488,CUST5374,2023-12-18 11:30:00,2023-12-01,121.21,0,Legitimate,0.0,Travel,UPI,Mobile,Mumbai,0,111,353.32,1485,11,0,12,18,0,0.24473876737016276,0,19.579101389613022,Low,0,False,NO_ALERT
T104489,CUST9945,2023-01-25 19:49:00,2023-01-01,66.39,0,Legitimate,0.0,Grocery,PayPal,Desktop,Chennai,0,50,419.86,1488,19,2,1,25,0,0.23178492313677776,0,18.54279385094222,Low,0,False,NO_ALERT
T104490,CUST8780,2024-01-17 18:14:00,2024-01-01,24.21,0,Legitimate,0.0,Health,Debit Card,POS,Pune,0,41,247.92,1441,18,2,1,17,0,0.22188937702115502,0,17.751150161692404,Low,0,False,NO_ALERT
T104491,CUST9887,2023-02-11 01:05:00,2023-02-01,94.98,0,Legitimate,0.0,Health,Debit Card,Desktop,Bengaluru,0,33,166.34,838,1,5,2,11,1,0.5975554511425244,0,47.80443609140195,Medium,0,False,NO_ALERT
T104492,CUST2041,2023-12-31 08:54:00,2023-12-01,67.03,0,Legitimate,0.0,Travel,Credit Card,POS,Mumbai,0,12,341.36,1590,8,6,12,31,1,0.25182185645036836,0,20.14574851602947,Low,0,False,NO_ALERT
T104493,CUST3870,2023-01-11 15:02:00,2023-01-01,127.27,0,Legitimate,0.0,Entertainment,UPI,Desktop,Hyderabad,0,2,251.18,1198,15,2,1,11,0,0.25064397826119295,0,20.051518260895435,Low,0,False,NO_ALERT
T104494,CUST1372,2023-03-28 15:19:00,2023-03-01,106.25,0,Legitimate,0.0,Entertainment,Debit Card,Mobile,Hyderabad,0,107,448.69,1228,15,1,3,28,0,0.2316792645596624,0,18.534341164772993,Low,0,False,NO_ALERT
T104495,CUST7383,2023-11-04 01:19:00,2023-11-01,75.35,0,Legitimate,0.0,Entertainment,Credit Card,POS,Delhi,0,149,487.45,549,1,5,11,4,1,0.5471608708246123,0,43.77286966596898,Medium,0,False,NO_ALERT
T104496,CUST4198,2023-12-28 02:31:00,2023-12-01,53.58,0,Legitimate,0.0,Food,PayPal,Mobile,Hyderabad,0,142,411.7,1367,2,3,12,28,0,0.6315256280594154,0,50.52205024475323,High,1,True,HIGH
T104497,CUST6033,2023-08-16 18:06:00,2023-08-01,11.43,0,Legitimate,0.0,Electronics,UPI,POS,Chennai,0,34,496.41,1674,18,2,8,16,0,0.2393298139659031,0,19.14638511727225,Low,0,False,NO_ALERT
T104498,CUST7320,2023-06-01 10:49:00,2023-06-01,24.23,0,Legitimate,0.0,Utilities,NetBanking,POS,Bengaluru,0,85,180.7,1182,10,3,6,1,0,0.2231042523786061,0,17.84834019028849,Low,0,False,NO_ALERT
T104499,CUST1931,2023-01-19 23:58:00,2023-01-01,43.45,1,Fraudulent,43.45,Fashion,PayPal,Mobile,Delhi,0,192,448.92,543,23,3,1,19,0,0.32197752663552287,0,25.75820213084183,Medium,0,False,NO_ALERT
T104500,CUST6904,2023-03-05 21:12:00,2023-03-01,73.16,0,Legitimate,0.0,Grocery,Credit Card,Mobile,Bengaluru,0,151,171.67,1063,21,6,3,5,1,0.28344811316566476,0,22.675849053253184,Low,0,False,NO_ALERT
T104501,CUST3443,2023-01-05 18:32:00,2023-01-01,57.68,0,Legitimate,0.0,Electronics,PayPal,Mobile,Bengaluru,0,85,67.84,376,18,3,1,5,0,0.23898667737510856,0,19.118934190008684,Low,0,False,NO_ALERT
T104502,CUST4601,2024-01-25 17:53:00,2024-01-01,27.19,0,Legitimate,0.0,Electronics,NetBanking,Desktop,Kolkata,0,50,314.47,146,17,3,1,25,0,0.17710117822771265,0,14.168094258217014,Low,0,False,NO_ALERT
T104503,CUST7004,2024-01-31 16:55:00,2024-01-01,0.52,0,Legitimate,0.0,Travel,PayPal,POS,Mumbai,0,142,232.94,440,16,2,1,31,0,0.17179290896327448,0,13.743432717061959,Low,0,False,NO_ALERT
T104504,CUST2500,2023-04-27 20:57:00,2023-04-01,54.85,0,Legitimate,0.0,Food,Credit Card,POS,Hyderabad,0,106,461.63,1450,20,3,4,27,0,0.24616026249815803,0,19.692820999852643,Low,0,False,NO_ALERT
T104505,CUST1318,2023-10-22 17:49:00,2023-10-01,26.91,0,Legitimate,0.0,Health,NetBanking,POS,Pune,0,46,251.18,1884,17,6,10,22,1,0.2111482106836697,0,16.89185685469358,Low,0,False,NO_ALERT
T104506,CUST1275,2023-02-14 02:30:00,2023-02-01,106.12,0,Legitimate,0.0,Health,NetBanking,Mobile,Bengaluru,0,118,464.54,1064,2,1,2,14,0,0.6210872233188035,0,49.68697786550428,Medium,0,False,NO_ALERT
T104507,CUST1753,2023-07-04 16:47:00,2023-07-01,1.94,0,Legitimate,0.0,Travel,PayPal,POS,Chennai,0,5,48.53,1451,16,1,7,4,0,0.25314106461028385,0,20.251285168822708,Low,0,False,NO_ALERT
T104508,CUST8090,2023-03-22 04:57:00,2023-03-01,70.32,1,Fraudulent,70.32,Food,NetBanking,POS,Kolkata,0,66,416.95,1661,4,2,3,22,0,0.6949294723164462,0,55.5943577853157,High,1,True,HIGH
T104509,CUST2353,2023-08-25 10:36:00,2023-08-01,227.06,0,Legitimate,0.0,Travel,PayPal,Mobile,Chennai,1,150,381.97,1945,10,4,8,25,0,0.5383963822859276,0,43.0717105828742,Medium,0,False,NO_ALERT
T104510,CUST4070,2024-02-08 12:02:00,2024-02-01,15.33,0,Legitimate,0.0,Health,UPI,Mobile,Pune,0,70,362.79,1146,12,3,2,8,0,0.21012604668570092,0,16.810083734856075,Low,0,False,NO_ALERT
T104511,CUST6527,2023-06-11 05:29:00,2023-06-01,51.04,0,Legitimate,0.0,Electronics,NetBanking,POS,Hyderabad,0,108,184.02,1155,5,6,6,11,1,0.5869611323934965,0,46.95689059147972,Medium,0,False,NO_ALERT
T104512,CUST3651,2023-10-08 06:25:00,2023-10-01,7.67,0,Legitimate,0.0,Fashion,PayPal,Desktop,Hyderabad,0,2,394.04,127,6,6,10,8,1,0.19713740532875537,0,15.770992426300431,Low,0,False,NO_ALERT
T104513,CUST3851,2023-12-16 12:46:00,2023-12-01,78.61,0,Legitimate,0.0,Utilities,UPI,Mobile,Delhi,1,29,246.82,311,12,5,12,16,1,0.5937164488432367,0,47.49731590745894,Medium,0,False,NO_ALERT
T104514,CUST5707,2023-10-24 18:13:00,2023-10-01,63.98,0,Legitimate,0.0,Entertainment,NetBanking,Desktop,Delhi,0,61,360.45,836,18,1,10,24,0,0.20185290139400244,0,16.148232111520198,Low,0,False,NO_ALERT
T104515,CUST7804,2023-03-13 10:05:00,2023-03-01,41.85,0,Legitimate,0.0,Food,UPI,Desktop,Delhi,0,100,280.59,889,10,0,3,13,0,0.23037263330622892,0,18.429810664498316,Low,0,False,NO_ALERT
T104516,CUST2662,2024-02-19 02:48:00,2024-02-01,58.95,0,Legitimate,0.0,Utilities,NetBanking,Desktop,Hyderabad,0,128,87.15,1721,2,0,2,19,0,0.5770793519812171,0,46.16634815849737,Medium,0,False,NO_ALERT
T104517,CUST8078,2023-02-19 16:37:00,2023-02-01,181.51,1,Fraudulent,181.51,Grocery,Credit Card,Desktop,Bengaluru,0,199,41.63,686,16,6,2,19,1,0.5470279924087462,1,63.762239392699705,High,1,True,HIGH
T104518,CUST9584,2023-03-17 21:11:00,2023-03-01,17.48,1,Fraudulent,17.48,Grocery,Credit Card,Mobile,Mumbai,0,144,189.43,1474,21,4,3,17,0,0.3374907627274722,0,26.999261018197775,Medium,0,False,NO_ALERT
T104519,CUST9115,2023-05-12 04:52:00,2023-05-01,1.83,0,Legitimate,0.0,Electronics,PayPal,POS,Pune,0,192,467.07,1417,4,4,5,12,0,0.43908431946815685,0,35.126745557452544,Medium,0,False,NO_ALERT
T104520,CUST7053,2023-12-02 04:17:00,2023-12-01,158.25,0,Legitimate,0.0,Travel,Debit Card,POS,Kolkata,0,97,269.57,240,4,5,12,2,1,0.5705896377563581,0,45.64717102050865,Medium,0,False,NO_ALERT
T104521,CUST9211,2023-10-15 03:58:00,2023-10-01,68.85,0,Legitimate,0.0,Travel,Credit Card,Mobile,Pune,0,97,403.07,1720,3,6,10,15,1,0.5750567987295008,0,46.00454389836006,Medium,0,False,NO_ALERT
T104522,CUST3420,2023-04-26 13:15:00,2023-04-01,177.06,0,Legitimate,0.0,Health,Debit Card,Mobile,Pune,0,14,292.22,1807,13,2,4,26,0,0.2872584869567374,0,22.980678956538995,Low,0,False,NO_ALERT
T104523,CUST4057,2023-08-16 11:06:00,2023-08-01,72.69,0,Legitimate,0.0,Electronics,UPI,Desktop,Delhi,0,43,479.37,537,11,2,8,16,0,0.19578715903442004,0,15.662972722753603,Low,0,False,NO_ALERT
T104524,CUST6089,2023-12-14 10:22:00,2023-12-01,132.93,0,Legitimate,0.0,Health,UPI,Desktop,Mumbai,0,171,191.03,1129,10,3,12,14,0,0.22628197400032327,0,18.102557920025863,Low,0,False,NO_ALERT
T104525,CUST5167,2024-02-02 13:00:00,2024-02-01,44.92,0,Legitimate,0.0,Health,Debit Card,Mobile,Chennai,0,70,37.95,1376,13,4,2,2,0,0.23573475245613398,0,18.85878019649072,Low,0,False,NO_ALERT
T104526,CUST9174,2023-08-17 14:54:00,2023-08-01,110.86,0,Legitimate,0.0,Grocery,PayPal,POS,Hyderabad,0,55,392.53,1943,14,3,8,17,0,0.25423748482170994,0,20.338998785736795,Low,0,False,NO_ALERT
T104527,CUST8325,2023-09-09 13:45:00,2023-09-01,195.39,0,Legitimate,0.0,Health,NetBanking,Desktop,Chennai,0,31,355.67,481,13,5,9,9,1,0.245062893064504,0,19.60503144516032,Low,0,False,NO_ALERT
T104528,CUST5952,2023-04-26 09:52:00,2023-04-01,67.91,0,Legitimate,0.0,Utilities,Debit Card,Mobile,Delhi,0,76,268.49,716,9,2,4,26,0,0.22450167834615672,0,17.96013426769254,Low,0,False,NO_ALERT
T104529,CUST9540,2023-04-07 15:57:00,2023-04-01,15.95,0,Legitimate,0.0,Entertainment,Debit Card,Mobile,Bengaluru,0,168,169.93,652,15,4,4,7,0,0.25687632950009176,0,20.55010636000734,Low,0,False,NO_ALERT
T104530,CUST4744,2023-09-08 12:16:00,2023-09-01,25.05,0,Legitimate,0.0,Health,Debit Card,Mobile,Kolkata,0,155,102.25,1000,12,4,9,8,0,0.23788871383288301,0,19.031097106630643,Low,0,False,NO_ALERT
T104531,CUST3239,2023-11-21 17:08:00,2023-11-01,17.72,0,Legitimate,0.0,Grocery,Debit Card,Desktop,Kolkata,0,52,246.32,959,17,1,11,21,0,0.21947743738960576,0,17.55819499116846,Low,0,False,NO_ALERT
T104532,CUST1613,2023-11-17 05:31:00,2023-11-01,22.68,0,Legitimate,0.0,Entertainment,Debit Card,Mobile,Delhi,0,128,336.44,47,5,4,11,17,0,0.5237983076413709,0,41.90386461130967,Medium,0,False,NO_ALERT
T104533,CUST1739,2023-07-08 03:26:00,2023-07-01,29.27,0,Legitimate,0.0,Travel,PayPal,POS,Mumbai,0,7,293.65,1344,3,5,7,8,1,0.6279343657503351,0,50.23474926002681,High,1,True,HIGH
T104534,CUST5150,2024-02-11 08:18:00,2024-02-01,64.8,0,Legitimate,0.0,Food,Credit Card,Mobile,Kolkata,0,174,224.37,815,8,6,2,11,1,0.27842449976295874,0,22.2739599810367,Low,0,False,NO_ALERT
T104535,CUST1935,2023-07-17 10:16:00,2023-07-01,70.94,0,Legitimate,0.0,Fashion,NetBanking,Desktop,Delhi,0,100,274.45,1803,10,0,7,17,0,0.21445625977359092,0,17.156500781887274,Low,0,False,NO_ALERT
T104536,CUST6185,2023-01-29 06:35:00,2023-01-01,44.48,0,Legitimate,0.0,Health,Credit Card,POS,Pune,1,161,62.9,227,6,6,1,29,1,0.5949017110973643,1,67.59213688778915,High,1,True,HIGH
T104537,CUST8274,2023-11-11 00:32:00,2023-11-01,76.45,1,Fraudulent,76.45,Utilities,Debit Card,POS,Bengaluru,0,136,350.96,1215,0,5,11,11,1,0.6688907874649013,0,53.511262997192105,High,1,True,HIGH
T104538,CUST8466,2024-01-30 06:44:00,2024-01-01,6.81,0,Legitimate,0.0,Entertainment,Credit Card,Mobile,Bengaluru,0,133,369.79,446,6,1,1,30,0,0.2948122214525345,0,23.58497771620276,Low,0,False,NO_ALERT
T104539,CUST4879,2023-12-18 02:52:00,2023-12-01,7.35,0,Legitimate,0.0,Food,PayPal,Mobile,Hyderabad,0,61,15.61,413,2,0,12,18,0,0.5881669095841516,0,47.05335276673213,Medium,0,False,NO_ALERT
T104540,CUST9676,2023-02-21 00:12:00,2023-02-01,15.08,0,Legitimate,0.0,Grocery,UPI,POS,Hyderabad,0,104,142.55,229,0,1,2,21,0,0.5787675663143718,0,46.30140530514974,Medium,0,False,NO_ALERT
T104541,CUST9199,2023-11-17 23:22:00,2023-11-01,58.4,0,Legitimate,0.0,Food,Credit Card,Mobile,Pune,0,188,55.14,1799,23,4,11,17,0,0.21293796825806052,0,17.03503746064484,Low,0,False,NO_ALERT
T104542,CUST5621,2023-03-24 11:37:00,2023-03-01,19.26,0,Legitimate,0.0,Fashion,NetBanking,Desktop,Bengaluru,0,152,499.13,924,11,4,3,24,0,0.2269761039142259,0,18.158088313138073,Low,0,False,NO_ALERT
T104543,CUST4519,2024-02-12 17:17:00,2024-02-01,26.65,0,Legitimate,0.0,Utilities,PayPal,POS,Pune,0,7,300.74,1905,17,0,2,12,0,0.2704389475532325,0,21.635115804258604,Low,0,False,NO_ALERT
T104544,CUST7522,2024-02-19 02:04:00,2024-02-01,40.91,0,Legitimate,0.0,Food,UPI,Mobile,Bengaluru,1,189,238.21,1551,2,0,2,19,0,0.7290942644914807,0,58.32754115931846,High,1,True,HIGH
T104545,CUST9053,2023-11-26 10:55:00,2023-11-01,133.65,0,Legitimate,0.0,Utilities,PayPal,POS,Mumbai,0,83,236.87,1009,10,6,11,26,1,0.22553687781794923,0,18.04295022543594,Low,0,False,NO_ALERT
T104546,CUST1189,2023-09-13 09:17:00,2023-09-01,1.12,0,Legitimate,0.0,Entertainment,Debit Card,Mobile,Delhi,0,95,482.74,1096,9,2,9,13,0,0.2034122980099979,0,16.272983840799835,Low,0,False,NO_ALERT
T104547,CUST1740,2023-09-21 04:24:00,2023-09-01,83.84,1,Fraudulent,83.84,Food,UPI,Mobile,Hyderabad,0,164,333.33,111,4,3,9,21,0,0.6864417907245162,0,54.9153432579613,High,1,True,HIGH
T104548,CUST2224,2023-08-16 10:55:00,2023-08-01,88.42,0,Legitimate,0.0,Utilities,NetBanking,Desktop,Mumbai,0,27,92.64,1592,10,2,8,16,0,0.27283874373638556,0,21.827099498910847,Low,0,False,NO_ALERT
T104549,CUST2853,2023-06-13 07:15:00,2023-06-01,128.22,0,Legitimate,0.0,Food,UPI,Mobile,Kolkata,0,124,229.6,1357,7,1,6,13,0,0.24563707426602313,0,19.650965941281854,Low,0,False,NO_ALERT
T104550,CUST9069,2023-07-22 23:01:00,2023-07-01,215.95,0,Legitimate,0.0,Food,NetBanking,Mobile,Delhi,0,157,389.36,1634,23,5,7,22,1,0.21950220448250096,0,17.560176358600078,Low,0,False,NO_ALERT
T104551,CUST7852,2023-10-06 20:43:00,2023-10-01,1.63,0,Legitimate,0.0,Electronics,Debit Card,Mobile,Hyderabad,0,87,217.44,1252,20,4,10,6,0,0.1850293609516811,0,14.802348876134488,Low,0,False,NO_ALERT
T104552,CUST9970,2023-06-25 04:37:00,2023-06-01,13.36,0,Legitimate,0.0,Health,NetBanking,Desktop,Kolkata,0,148,161.67,1459,4,6,6,25,1,0.6033588283237009,0,48.26870626589607,Medium,0,False,NO_ALERT
T104553,CUST2814,2023-07-26 02:32:00,2023-07-01,173.84,0,Legitimate,0.0,Grocery,PayPal,Mobile,Pune,0,70,495.7,1983,2,2,7,26,0,0.5577089665495657,0,44.61671732396526,Medium,0,False,NO_ALERT
T104554,CUST4893,2023-03-29 15:42:00,2023-03-01,49.08,0,Legitimate,0.0,Fashion,Credit Card,Mobile,Kolkata,0,114,468.46,1480,15,2,3,29,0,0.25193393536857156,0,20.154714829485727,Low,0,False,NO_ALERT
T104555,CUST7424,2023-04-01 22:01:00,2023-04-01,66.52,0,Legitimate,0.0,Grocery,PayPal,Mobile,Mumbai,0,76,471.36,1514,22,5,4,1,1,0.22348322065246912,0,17.87865765219753,Low,0,False,NO_ALERT
T104556,CUST5942,2024-02-06 18:58:00,2024-02-01,87.02,0,Legitimate,0.0,Electronics,PayPal,POS,Chennai,0,114,74.52,913,18,1,2,6,0,0.18121354281069632,0,14.497083424855706,Low,0,False,NO_ALERT
T104557,CUST8361,2023-02-15 05:30:00,2023-02-01,90.92,0,Legitimate,0.0,Electronics,UPI,Desktop,Kolkata,0,3,124.79,509,5,2,2,15,0,0.5844723218516066,0,46.757785748128526,Medium,0,False,NO_ALERT
T104558,CUST3040,2023-06-02 21:52:00,2023-06-01,214.75,0,Legitimate,0.0,Entertainment,Debit Card,POS,Chennai,0,167,226.61,757,21,4,6,2,0,0.24289780309828019,0,19.431824247862416,Low,0,False,NO_ALERT
T104559,CUST2951,2023-07-23 03:23:00,2023-07-01,463.39,1,Fraudulent,463.39,Electronics,Credit Card,Desktop,Hyderabad,0,99,417.74,153,3,6,7,23,1,0.7166544780874047,1,77.33235824699238,Critical,1,True,CRITICAL
T104560,CUST6063,2023-08-03 16:47:00,2023-08-01,101.88,0,Legitimate,0.0,Health,NetBanking,Desktop,Mumbai,0,124,371.05,557,16,3,8,3,0,0.21312162883615532,0,17.049730306892425,Low,0,False,NO_ALERT
T104561,CUST5875,2023-08-05 18:00:00,2023-08-01,27.09,0,Legitimate,0.0,Electronics,UPI,POS,Kolkata,0,45,426.34,1691,18,5,8,5,1,0.20595086137532498,1,36.476068910026,Medium,0,False,NO_ALERT
T104562,CUST9406,2023-08-03 06:36:00,2023-08-01,169.46,0,Legitimate,0.0,Food,Debit Card,Desktop,Delhi,0,126,461.17,555,6,3,8,3,0,0.2372906605840592,0,18.983252846724735,Low,0,False,NO_ALERT
T104563,CUST8741,2023-12-07 21:12:00,2023-12-01,4.04,0,Legitimate,0.0,Grocery,Credit Card,Desktop,Kolkata,0,68,392.58,68,21,3,12,7,0,0.23920600917672774,0,19.13648073413822,Low,0,False,NO_ALERT
T104564,CUST4526,2023-11-22 05:55:00,2023-11-01,21.02,1,Fraudulent,21.02,Travel,PayPal,POS,Delhi,1,31,138.27,1252,5,2,11,22,0,0.7998194751054762,0,63.985558008438105,High,1,True,HIGH
T104565,CUST3810,2024-02-19 05:32:00,2024-02-01,182.14,1,Fraudulent,182.14,Fashion,Debit Card,Mobile,Mumbai,0,106,149.87,137,5,0,2,19,0,0.6752687392810995,0,54.02149914248796,High,1,True,HIGH
T104566,CUST5080,2023-03-19 09:56:00,2023-03-01,23.68,0,Legitimate,0.0,Electronics,Debit Card,Desktop,Chennai,0,38,182.72,297,9,6,3,19,1,0.19604798350426994,0,15.683838680341594,Low,0,False,NO_ALERT
T104567,CUST9598,2023-05-17 02:15:00,2023-05-01,19.94,0,Legitimate,0.0,Grocery,Debit Card,POS,Mumbai,1,134,158.51,1406,2,2,5,17,0,0.7865935312752228,0,62.927482502017824,High,1,True,HIGH
T104568,CUST1085,2023-01-29 09:17:00,2023-01-01,11.89,0,Legitimate,0.0,Entertainment,PayPal,Desktop,Chennai,1,8,132.06,340,9,6,1,29,1,0.5723848172453735,1,65.79078537962988,High,1,True,HIGH
T104569,CUST4221,2023-02-03 05:13:00,2023-02-01,156.78,0,Legitimate,0.0,Electronics,NetBanking,POS,Chennai,0,28,378.72,1443,5,4,2,3,0,0.6203568491039575,0,49.62854792831661,Medium,0,False,NO_ALERT
T104570,CUST8673,2024-01-18 08:00:00,2024-01-01,55.46,0,Legitimate,0.0,Health,UPI,Mobile,Pune,0,15,26.66,69,8,3,1,18,0,0.23808247585834127,0,19.046598068667304,Low,0,False,NO_ALERT
T104571,CUST2798,2023-04-20 03:06:00,2023-04-01,89.89,1,Fraudulent,89.89,Electronics,NetBanking,Desktop,Pune,1,8,366.91,1912,3,3,4,20,0,0.8509928271096469,0,68.07942616877175,High,1,True,HIGH
T104572,CUST6689,2024-02-20 23:37:00,2024-02-01,21.86,0,Legitimate,0.0,Electronics,Credit Card,Mobile,Delhi,0,54,413.55,810,23,1,2,20,0,0.2616839393821488,0,20.934715150571904,Low,0,False,NO_ALERT
T104573,CUST8123,2023-05-10 08:19:00,2023-05-01,113.52,0,Legitimate,0.0,Utilities,UPI,Mobile,Hyderabad,0,134,42.36,610,8,2,5,10,0,0.19029770594474468,0,15.223816475579575,Low,0,False,NO_ALERT
T104574,CUST1205,2023-10-30 08:31:00,2023-10-01,114.17,0,Legitimate,0.0,Utilities,Credit Card,POS,Bengaluru,0,29,40.31,181,8,0,10,30,0,0.2849126935157559,1,42.79301548126047,Medium,0,False,NO_ALERT
T104575,CUST7336,2023-12-20 19:51:00,2023-12-01,29.99,0,Legitimate,0.0,Electronics,PayPal,Desktop,Mumbai,0,115,149.88,216,19,2,12,20,0,0.2188259318484947,0,17.506074547879575,Low,0,False,NO_ALERT
T104576,CUST7397,2024-02-16 03:30:00,2024-02-01,42.3,0,Legitimate,0.0,Entertainment,NetBanking,Desktop,Chennai,0,34,112.07,459,3,4,2,16,0,0.5792596010531555,0,46.340768084252446,Medium,0,False,NO_ALERT
T104577,CUST6635,2023-03-31 00:14:00,2023-03-01,18.83,1,Fraudulent,18.83,Utilities,Debit Card,Desktop,Mumbai,0,7,294.76,1917,0,4,3,31,0,0.7499953375380491,0,59.99962700304393,High,1,True,HIGH
T104578,CUST9908,2023-02-02 16:00:00,2023-02-01,300.27,0,Legitimate,0.0,Electronics,UPI,Desktop,Hyderabad,0,40,340.97,486,16,3,2,2,0,0.23304681256819257,0,18.643745005455408,Low,0,False,NO_ALERT
T104579,CUST3088,2024-02-20 18:41:00,2024-02-01,82.99,0,Legitimate,0.0,Fashion,Debit Card,Desktop,Hyderabad,0,74,320.73,782,18,1,2,20,0,0.23042527251073175,0,18.43402180085854,Low,0,False,NO_ALERT
T104580,CUST1496,2023-03-17 11:02:00,2023-03-01,218.11,0,Legitimate,0.0,Grocery,Credit Card,POS,Bengaluru,0,141,185.1,1280,11,4,3,17,0,0.24392990849023338,0,19.514392679218673,Low,0,False,NO_ALERT
T104581,CUST7419,2023-04-05 07:06:00,2023-04-01,28.92,0,Legitimate,0.0,Utilities,Debit Card,Desktop,Kolkata,0,62,254.21,1481,7,2,4,5,0,0.21972849475082432,0,17.578279580065946,Low,0,False,NO_ALERT
T104582,CUST9750,2023-02-01 03:30:00,2023-02-01,121.82,1,Fraudulent,121.82,Utilities,Debit Card,Mobile,Bengaluru,0,86,323.6,233,3,2,2,1,0,0.6807749121184342,0,54.46199296947474,High,1,True,HIGH
T104583,CUST8356,2023-09-20 21:01:00,2023-09-01,116.15,0,Legitimate,0.0,Health,PayPal,Mobile,Chennai,0,116,68.52,808,21,2,9,20,0,0.16753819671021067,0,13.403055736816853,Low,0,False,NO_ALERT
T104584,CUST9856,2023-10-16 06:28:00,2023-10-01,94.12,0,Legitimate,0.0,Electronics,PayPal,Desktop,Pune,0,65,122.46,147,6,0,10,16,0,0.18490565496539865,0,14.792452397231893,Low,0,False,NO_ALERT
T104585,CUST3817,2023-01-15 23:00:00,2023-01-01,269.67,0,Legitimate,0.0,Electronics,NetBanking,POS,Kolkata,0,41,446.34,1882,23,6,1,15,1,0.23594508514312487,1,38.87560681144999,Medium,0,False,NO_ALERT
T104586,CUST5300,2024-02-17 16:59:00,2024-02-01,40.01,0,Legitimate,0.0,Electronics,Credit Card,POS,Bengaluru,0,123,177.74,1857,16,5,2,17,1,0.24160224506728883,0,19.32817960538311,Low,0,False,NO_ALERT
T104587,CUST2066,2023-04-07 06:19:00,2023-04-01,11.21,0,Legitimate,0.0,Electronics,PayPal,Desktop,Pune,0,170,402.57,1447,6,4,4,7,0,0.25480492015719275,0,20.384393612575423,Low,0,False,NO_ALERT
T104588,CUST5885,2023-08-13 00:41:00,2023-08-01,89.11,0,Legitimate,0.0,Utilities,PayPal,Mobile,Kolkata,0,116,132.98,251,0,6,8,13,1,0.572550801188401,0,45.80406409507208,Medium,0,False,NO_ALERT
T104589,CUST2634,2023-12-07 23:44:00,2023-12-01,104.54,0,Legitimate,0.0,Food,NetBanking,Desktop,Pune,0,66,30.4,926,23,3,12,7,0,0.2684578631236903,1,41.47662904989522,Medium,0,False,NO_ALERT
T104590,CUST8076,2024-02-07 01:46:00,2024-02-01,68.46,0,Legitimate,0.0,Food,UPI,Desktop,Chennai,0,116,255.2,92,1,2,2,7,0,0.6779572689701755,0,54.23658151761404,High,1,True,HIGH
T104591,CUST6398,2023-05-16 14:54:00,2023-05-01,18.54,0,Legitimate,0.0,Travel,NetBanking,Desktop,Delhi,0,139,447.32,425,14,1,5,16,0,0.21594751799771728,0,17.275801439817382,Low,0,False,NO_ALERT
T104592,CUST6886,2023-05-12 22:24:00,2023-05-01,56.17,0,Legitimate,0.0,Electronics,Debit Card,POS,Pune,0,101,411.45,34,22,4,5,12,0,0.2000563116750242,0,16.004504934001936,Low,0,False,NO_ALERT
T104593,CUST6991,2023-02-26 02:00:00,2023-02-01,29.94,1,Fraudulent,29.94,Travel,Debit Card,POS,Chennai,0,50,133.94,1387,2,6,2,26,1,0.6329084210937649,0,50.632673687501196,High,1,True,HIGH
T104594,CUST6354,2023-04-24 14:32:00,2023-04-01,44.61,0,Legitimate,0.0,Fashion,PayPal,Mobile,Bengaluru,0,71,455.87,1345,14,0,4,24,0,0.265492701973693,0,21.239416157895445,Low,0,False,NO_ALERT
T104595,CUST7483,2023-05-15 18:25:00,2023-05-01,82.9,0,Legitimate,0.0,Travel,PayPal,Mobile,Mumbai,0,163,245.06,537,18,0,5,15,0,0.25067770522510274,0,20.05421641800822,Low,0,False,NO_ALERT
T104596,CUST5737,2023-09-27 22:05:00,2023-09-01,109.39,1,Fraudulent,109.39,Grocery,NetBanking,Desktop,Bengaluru,0,80,34.01,174,22,2,9,27,0,0.44211208599508084,0,35.36896687960647,Medium,0,False,NO_ALERT
T104597,CUST4691,2023-04-10 12:30:00,2023-04-01,21.14,0,Legitimate,0.0,Food,NetBanking,Mobile,Hyderabad,0,79,23.68,983,12,0,4,10,0,0.23575298948260592,0,18.860239158608476,Low,0,False,NO_ALERT
T104598,CUST4071,2023-09-10 02:09:00,2023-09-01,41.58,0,Legitimate,0.0,Food,Credit Card,Desktop,Bengaluru,0,20,247.71,691,2,6,9,10,1,0.5644795628058197,0,45.15836502446558,Medium,0,False,NO_ALERT
T104599,CUST3107,2023-09-27 12:23:00,2023-09-01,25.09,0,Legitimate,0.0,Electronics,Debit Card,Mobile,Delhi,0,156,277.7,1212,12,2,9,27,0,0.22058489038220006,0,17.646791230576007,Low,0,False,NO_ALERT
T104600,CUST3868,2023-07-29 06:59:00,2023-07-01,17.71,0,Legitimate,0.0,Utilities,NetBanking,Desktop,Chennai,0,123,49.16,1975,6,5,7,29,1,0.2573431490514962,0,20.587451924119698,Low,0,False,NO_ALERT
T104601,CUST2106,2023-08-14 07:13:00,2023-08-01,122.37,0,Legitimate,0.0,Electronics,UPI,POS,Pune,0,37,461.9,810,7,0,8,14,0,0.20441021350682703,0,16.352817080546163,Low,0,False,NO_ALERT
T104602,CUST2083,2023-06-17 19:13:00,2023-06-01,191.97,0,Legitimate,0.0,Fashion,Credit Card,Desktop,Hyderabad,1,3,361.93,988,19,5,6,17,1,0.5299379735199286,1,62.395037881594284,High,1,True,HIGH
T104603,CUST7723,2023-06-30 06:31:00,2023-06-01,36.99,0,Legitimate,0.0,Health,NetBanking,POS,Chennai,0,93,402.63,992,6,4,6,30,0,0.21812288403718974,0,17.44983072297518,Low,0,False,NO_ALERT
T104604,CUST2580,2023-04-05 01:55:00,2023-04-01,111.31,0,Legitimate,0.0,Fashion,PayPal,POS,Chennai,0,187,296.17,1884,1,2,4,5,0,0.617763320569704,0,49.42106564557632,Medium,0,False,NO_ALERT
T104605,CUST6942,2023-10-24 04:30:00,2023-10-01,181.84,0,Legitimate,0.0,Grocery,NetBanking,Mobile,Pune,0,101,335.14,40,4,1,10,24,0,0.5220930814338266,0,41.76744651470613,Medium,0,False,NO_ALERT
T104606,CUST9535,2023-10-23 00:06:00,2023-10-01,149.73,0,Legitimate,0.0,Electronics,PayPal,Mobile,Kolkata,0,155,200.05,98,0,0,10,23,0,0.5884365762252799,0,47.074926098022395,Medium,0,False,NO_ALERT
T104607,CUST8126,2024-01-29 12:21:00,2024-01-01,16.15,0,Legitimate,0.0,Electronics,PayPal,POS,Bengaluru,0,32,342.86,1757,12,0,1,29,0,0.25585572697322,0,20.4684581578576,Low,0,False,NO_ALERT
T104608,CUST2343,2023-11-19 12:48:00,2023-11-01,250.42,0,Legitimate,0.0,Fashion,Debit Card,Desktop,Mumbai,1,48,489.31,1667,12,6,11,19,1,0.49444996048935314,1,59.55599683914826,High,1,True,HIGH
T104609,CUST4869,2023-10-30 19:09:00,2023-10-01,37.82,0,Legitimate,0.0,Fashion,Debit Card,Desktop,Kolkata,0,46,327.38,993,19,0,10,30,0,0.2469118202028529,0,19.75294561622823,Low,0,False,NO_ALERT
T104610,CUST1190,2024-01-22 04:52:00,2024-01-01,33.15,0,Legitimate,0.0,Fashion,NetBanking,Mobile,Hyderabad,0,114,177.4,1597,4,0,1,22,0,0.601327285139093,0,48.10618281112744,Medium,0,False,NO_ALERT
T104611,CUST3870,2023-12-13 06:29:00,2023-12-01,5.16,0,Legitimate,0.0,Food,NetBanking,Desktop,Pune,0,95,149.77,231,6,2,12,13,0,0.2339950768153828,0,18.719606145230625,Low,0,False,NO_ALERT
T104612,CUST9572,2023-04-21 23:38:00,2023-04-01,53.27,0,Legitimate,0.0,Travel,UPI,Desktop,Delhi,0,47,482.04,295,23,4,4,21,0,0.21332551625164506,0,17.066041300131605,Low,0,False,NO_ALERT
T104613,CUST5699,2023-04-28 10:02:00,2023-04-01,9.23,0,Legitimate,0.0,Travel,Credit Card,Desktop,Delhi,0,40,100.65,137,10,4,4,28,0,0.20151585601766128,0,16.121268481412905,Low,0,False,NO_ALERT
T104614,CUST2232,2023-04-23 22:28:00,2023-04-01,22.86,0,Legitimate,0.0,Electronics,Credit Card,POS,Mumbai,0,131,405.04,1107,22,6,4,23,1,0.26460121988883833,0,21.16809759110707,Low,0,False,NO_ALERT
T104615,CUST2922,2023-07-30 17:06:00,2023-07-01,30.49,1,Fraudulent,30.49,Food,NetBanking,POS,Mumbai,1,116,237.98,980,17,6,7,30,1,0.7384162276947279,0,59.073298215578234,High,1,True,HIGH
T104616,CUST3222,2023-05-03 09:47:00,2023-05-01,132.37,0,Legitimate,0.0,Fashion,Debit Card,Desktop,Bengaluru,0,157,227.44,1391,9,2,5,3,0,0.27672339005103125,0,22.1378712040825,Low,0,False,NO_ALERT
T104617,CUST3944,2024-01-23 12:59:00,2024-01-01,166.67,0,Legitimate,0.0,Electronics,UPI,Mobile,Delhi,0,91,376.29,219,12,1,1,23,0,0.19751199517844562,0,15.80095961427565,Low,0,False,NO_ALERT
T104618,CUST3657,2023-05-13 09:34:00,2023-05-01,28.82,0,Legitimate,0.0,Food,Credit Card,Desktop,Hyderabad,0,58,82.54,268,9,5,5,13,1,0.22104778684273657,0,17.68382294741893,Low,0,False,NO_ALERT
T104619,CUST7974,2024-01-20 20:49:00,2024-01-01,156.55,0,Legitimate,0.0,Grocery,NetBanking,Mobile,Pune,0,178,238.49,980,20,5,1,20,1,0.21063629166401687,0,16.850903333121348,Low,0,False,NO_ALERT
T104620,CUST6642,2023-07-27 22:04:00,2023-07-01,155.72,0,Legitimate,0.0,Health,Debit Card,POS,Mumbai,0,10,27.56,372,22,3,7,27,0,0.3879889461184976,0,31.03911568947981,Medium,0,False,NO_ALERT
T104621,CUST6830,2023-09-30 12:57:00,2023-09-01,115.73,0,Legitimate,0.0,Food,Debit Card,Desktop,Mumbai,0,61,338.5,1903,12,5,9,30,1,0.24498711776231455,0,19.598969420985167,Low,0,False,NO_ALERT
T104622,CUST1770,2024-02-11 22:45:00,2024-02-01,12.69,0,Legitimate,0.0,Entertainment,Debit Card,Desktop,Mumbai,0,111,38.6,320,22,6,2,11,1,0.2659427844592077,0,21.275422756736617,Low,0,False,NO_ALERT
T104623,CUST7826,2023-02-19 19:51:00,2023-02-01,93.78,0,Legitimate,0.0,Electronics,PayPal,Mobile,Pune,0,121,52.77,1376,19,6,2,19,1,0.138875322458315,0,11.1100257966652,Low,0,False,NO_ALERT
T104624,CUST5558,2023-10-09 21:19:00,2023-10-01,232.07,0,Legitimate,0.0,Utilities,Debit Card,Mobile,Hyderabad,0,61,423.96,350,21,0,10,9,0,0.2428137730628623,0,19.425101845028987,Low,0,False,NO_ALERT
T104625,CUST4829,2024-01-07 11:42:00,2024-01-01,91.79,0,Legitimate,0.0,Travel,NetBanking,Desktop,Delhi,0,151,227.05,1838,11,6,1,7,1,0.24380552178081177,0,19.504441742464945,Low,0,False,NO_ALERT
T104626,CUST8937,2023-09-21 03:30:00,2023-09-01,32.23,0,Legitimate,0.0,Entertainment,UPI,Desktop,Kolkata,0,6,108.48,71,3,3,9,21,0,0.6379063390341847,0,51.03250712273478,High,1,True,HIGH
T104627,CUST3450,2023-01-11 13:15:00,2023-01-01,55.54,0,Legitimate,0.0,Fashion,NetBanking,Mobile,Hyderabad,0,75,300.37,984,13,2,1,11,0,0.2150555031491777,0,17.204440251934216,Low,0,False,NO_ALERT
T104628,CUST6303,2023-08-13 12:35:00,2023-08-01,83.01,0,Legitimate,0.0,Health,Debit Card,POS,Pune,1,188,264.45,1251,12,6,8,13,1,0.6823306479525403,0,54.586451836203224,High,1,True,HIGH
T104629,CUST9254,2023-03-26 07:03:00,2023-03-01,57.16,0,Legitimate,0.0,Utilities,UPI,Mobile,Hyderabad,1,115,211.35,918,7,6,3,26,1,0.6237539009430616,0,49.90031207544493,Medium,0,False,NO_ALERT
T104630,CUST1962,2023-02-13 20:00:00,2023-02-01,10.22,0,Legitimate,0.0,Grocery,Credit Card,Desktop,Bengaluru,0,155,453.65,662,20,0,2,13,0,0.2896796302310684,0,23.174370418485474,Low,0,False,NO_ALERT
T104631,CUST4617,2023-09-26 12:46:00,2023-09-01,29.92,0,Legitimate,0.0,Utilities,Credit Card,POS,Kolkata,0,183,377.23,1960,12,1,9,26,0,0.22624367375402513,0,18.099493900322013,Low,0,False,NO_ALERT
T104632,CUST5843,2023-03-02 03:54:00,2023-03-01,129.72,1,Fraudulent,129.72,Health,NetBanking,POS,Pune,0,31,84.28,875,3,3,3,2,0,0.6884813345948949,1,75.07850676759159,Critical,1,True,CRITICAL
T104633,CUST5319,2023-10-11 14:47:00,2023-10-01,158.1,0,Legitimate,0.0,Utilities,UPI,POS,Kolkata,0,123,289.68,313,14,2,10,11,0,0.21256154779409273,0,17.004923823527417,Low,0,False,NO_ALERT
T104634,CUST9102,2023-05-06 10:04:00,2023-05-01,11.82,0,Legitimate,0.0,Health,NetBanking,POS,Kolkata,0,158,53.48,836,10,5,5,6,1,0.22196175021696404,0,17.756940017357124,Low,0,False,NO_ALERT
T104635,CUST9712,2023-07-29 08:01:00,2023-07-01,243.57,0,Legitimate,0.0,Food,UPI,Desktop,Mumbai,0,67,129.88,211,8,5,7,29,1,0.30491983449671145,1,44.39358675973692,Medium,0,False,NO_ALERT
T104636,CUST6699,2023-05-19 00:18:00,2023-05-01,31.9,0,Legitimate,0.0,Electronics,UPI,POS,Delhi,0,13,455.83,1665,0,4,5,19,0,0.570089905636802,0,45.607192450944154,Medium,0,False,NO_ALERT
T104637,CUST8026,2023-07-03 02:33:00,2023-07-01,86.85,0,Legitimate,0.0,Utilities,NetBanking,Mobile,Kolkata,0,59,236.42,1064,2,0,7,3,0,0.6302249816222946,0,50.41799852978357,High,1,True,HIGH
T104638,CUST2443,2023-04-28 18:45:00,2023-04-01,111.49,0,Legitimate,0.0,Utilities,UPI,Mobile,Bengaluru,0,54,447.13,1936,18,4,4,28,0,0.2434306166103009,0,19.474449328824075,Low,0,False,NO_ALERT
T104639,CUST3896,2023-03-04 01:11:00,2023-03-01,133.68,0,Legitimate,0.0,Electronics,Debit Card,Mobile,Bengaluru,0,104,91.34,774,1,5,3,4,1,0.4895390094643276,0,39.16312075714621,Medium,0,False,NO_ALERT
T104640,CUST4025,2023-03-25 10:18:00,2023-03-01,233.13,1,Fraudulent,233.13,Health,UPI,Desktop,Pune,0,21,110.62,471,10,5,3,25,1,0.4535797020327584,1,56.28637616262068,High,1,True,HIGH
T104641,CUST1398,2023-03-30 11:09:00,2023-03-01,30.02,0,Legitimate,0.0,Fashion,UPI,POS,Chennai,0,43,182.88,658,11,3,3,30,0,0.23242272631758662,0,18.593818105406932,Low,0,False,NO_ALERT
T104642,CUST5964,2024-01-10 06:57:00,2024-01-01,156.44,1,Fraudulent,156.44,Electronics,NetBanking,Mobile,Mumbai,0,11,189.5,1477,6,2,1,10,0,0.4951289014478266,0,39.61031211582613,Medium,0,False,NO_ALERT
T104643,CUST5814,2023-11-15 13:51:00,2023-11-01,11.3,0,Legitimate,0.0,Health,Credit Card,Mobile,Delhi,0,109,375.19,1553,13,2,11,15,0,0.2212430130659225,0,17.6994410452738,Low,0,False,NO_ALERT
T104644,CUST9076,2023-05-30 15:33:00,2023-05-01,97.67,0,Legitimate,0.0,Electronics,PayPal,Mobile,Delhi,0,67,303.71,417,15,1,5,30,0,0.2130593808263648,0,17.044750466109186,Low,0,False,NO_ALERT
T104645,CUST4131,2023-05-24 12:12:00,2023-05-01,108.38,0,Legitimate,0.0,Fashion,UPI,POS,Delhi,0,166,281.09,605,12,2,5,24,0,0.2581244545786869,0,20.64995636629495,Low,0,False,NO_ALERT
T104646,CUST2523,2023-02-09 00:32:00,2023-02-01,90.59,0,Legitimate,0.0,Grocery,PayPal,Mobile,Pune,0,95,305.16,1741,0,3,2,9,0,0.6322286137399167,0,50.57828909919334,High,1,True,HIGH
T104647,CUST8385,2023-07-24 03:12:00,2023-07-01,23.26,0,Legitimate,0.0,Entertainment,UPI,POS,Mumbai,0,152,368.77,483,3,0,7,24,0,0.600290357846565,0,48.0232286277252,Medium,0,False,NO_ALERT
T104648,CUST3590,2023-06-25 14:30:00,2023-06-01,165.11,0,Legitimate,0.0,Health,NetBanking,POS,Kolkata,0,106,447.48,1648,14,6,6,25,1,0.23630174020001785,0,18.90413921600143,Low,0,False,NO_ALERT
T104649,CUST1547,2023-12-17 19:34:00,2023-12-01,14.8,0,Legitimate,0.0,Travel,NetBanking,POS,Kolkata,0,51,213.22,956,19,6,12,17,1,0.20005761501484667,0,16.004609201187733,Low,0,False,NO_ALERT
T104650,CUST3548,2024-01-03 00:33:00,2024-01-01,4.41,0,Legitimate,0.0,Travel,UPI,Desktop,Pune,0,189,403.43,1055,0,2,1,3,0,0.5860487794496649,0,46.8839023559732,Medium,0,False,NO_ALERT
T104651,CUST9393,2023-09-23 14:45:00,2023-09-01,101.12,0,Legitimate,0.0,Health,NetBanking,Desktop,Delhi,0,46,252.6,840,14,5,9,23,1,0.20283655152312252,0,16.2269241218498,Low,0,False,NO_ALERT
T104652,CUST8039,2023-08-23 20:36:00,2023-08-01,51.62,0,Legitimate,0.0,Food,NetBanking,POS,Kolkata,1,43,363.82,1782,20,2,8,23,0,0.5878990667705777,0,47.03192534164622,Medium,0,False,NO_ALERT
T104653,CUST1352,2023-10-09 02:31:00,2023-10-01,151.29,1,Fraudulent,151.29,Grocery,UPI,POS,Hyderabad,0,27,438.66,1295,2,0,10,9,0,0.7300130490742665,0,58.401043925941316,High,1,True,HIGH
T104654,CUST8173,2023-03-22 20:33:00,2023-03-01,38.68,0,Legitimate,0.0,Food,Credit Card,Desktop,Hyderabad,0,85,25.79,838,20,2,3,22,0,0.2104613476065472,0,16.836907808523776,Low,0,False,NO_ALERT
T104655,CUST2155,2023-05-10 09:13:00,2023-05-01,14.74,0,Legitimate,0.0,Entertainment,UPI,Desktop,Mumbai,0,158,277.85,1113,9,2,5,10,0,0.23161305464527915,0,18.52904437162233,Low,0,False,NO_ALERT
T104656,CUST6214,2023-02-04 14:41:00,2023-02-01,144.85,0,Legitimate,0.0,Travel,Credit Card,POS,Delhi,1,94,494.8,397,14,5,2,4,1,0.6026308019489839,1,68.21046415591871,High,1,True,HIGH
T104657,CUST3556,2023-02-11 09:27:00,2023-02-01,63.69,0,Legitimate,0.0,Fashion,NetBanking,Desktop,Pune,0,127,253.15,1768,9,5,2,11,1,0.18879454277214885,0,15.10356342177191,Low,0,False,NO_ALERT
T104658,CUST5929,2023-03-21 23:14:00,2023-03-01,16.78,0,Legitimate,0.0,Health,Credit Card,Mobile,Chennai,0,191,433.51,971,23,1,3,21,0,0.257297344115314,0,20.583787529225123,Low,0,False,NO_ALERT
T104659,CUST4742,2023-08-09 20:22:00,2023-08-01,101.95,0,Legitimate,0.0,Entertainment,NetBanking,POS,Chennai,0,10,101.09,69,20,2,8,9,0,0.2320331255542583,0,18.562650044340668,Low,0,False,NO_ALERT
T104660,CUST2575,2023-08-21 17:27:00,2023-08-01,57.25,0,Legitimate,0.0,Utilities,Credit Card,POS,Chennai,0,131,306.1,1368,17,0,8,21,0,0.2214085377413494,0,17.712683019307953,Low,0,False,NO_ALERT
T104661,CUST1622,2024-01-23 02:25:00,2024-01-01,74.17,1,Fraudulent,74.17,Utilities,Credit Card,Desktop,Hyderabad,0,60,436.45,586,2,1,1,23,0,0.6974636815558155,0,55.797094524465244,High,1,True,HIGH
T104662,CUST3647,2023-10-23 11:06:00,2023-10-01,49.43,0,Legitimate,0.0,Electronics,UPI,Mobile,Pune,0,27,221.45,1351,11,0,10,23,0,0.20468104823650213,0,16.37448385892017,Low,0,False,NO_ALERT
T104663,CUST8658,2023-09-23 03:32:00,2023-09-01,141.15,0,Legitimate,0.0,Travel,Credit Card,Desktop,Chennai,0,123,248.49,1684,3,5,9,23,1,0.5802338966432093,0,46.41871173145675,Medium,0,False,NO_ALERT
T104664,CUST9413,2023-09-06 18:52:00,2023-09-01,141.55,0,Legitimate,0.0,Grocery,NetBanking,Mobile,Delhi,0,173,50.19,946,18,2,9,6,0,0.20900497154823994,0,16.720397723859197,Low,0,False,NO_ALERT
T104665,CUST8128,2023-03-06 20:15:00,2023-03-01,98.86,0,Legitimate,0.0,Travel,UPI,Mobile,Delhi,0,62,30.66,1050,20,0,3,6,0,0.26487325674028667,1,41.189860539222934,Medium,0,False,NO_ALERT
T104666,CUST8610,2023-09-20 02:53:00,2023-09-01,8.91,1,Fraudulent,8.91,Grocery,Credit Card,POS,Chennai,0,152,239.67,672,2,2,9,20,0,0.6461104532935513,0,51.68883626348411,High,1,True,HIGH
T104667,CUST3729,2023-12-20 13:17:00,2023-12-01,146.04,0,Legitimate,0.0,Grocery,UPI,Mobile,Bengaluru,0,46,423.3,479,13,2,12,20,0,0.24983648425735427,0,19.986918740588344,Low,0,False,NO_ALERT
T104668,CUST2797,2023-08-11 16:00:00,2023-08-01,88.94,0,Legitimate,0.0,Health,PayPal,POS,Chennai,0,126,466.35,424,16,4,8,11,0,0.23061297777864354,0,18.449038222291485,Low,0,False,NO_ALERT
T104669,CUST2934,2023-08-28 05:54:00,2023-08-01,95.53,0,Legitimate,0.0,Grocery,UPI,Mobile,Bengaluru,0,172,332.74,821,5,0,8,28,0,0.609087337821159,0,48.72698702569272,Medium,0,False,NO_ALERT
T104670,CUST2832,2023-06-02 19:55:00,2023-06-01,36.08,0,Legitimate,0.0,Food,PayPal,POS,Mumbai,0,63,414.94,1615,19,4,6,2,0,0.24812636975407076,0,19.850109580325665,Low,0,False,NO_ALERT
T104671,CUST4463,2023-12-25 01:10:00,2023-12-01,169.14,1,Fraudulent,169.14,Utilities,PayPal,Mobile,Mumbai,0,4,370.08,117,1,0,12,25,0,0.7353489995039295,0,58.82791996031437,High,1,True,HIGH
T104672,CUST3777,2023-04-13 21:56:00,2023-04-01,103.39,0,Legitimate,0.0,Entertainment,UPI,Desktop,Delhi,0,16,353.73,562,21,3,4,13,0,0.2340826072127553,0,18.726608577020425,Low,0,False,NO_ALERT
T104673,CUST3860,2023-09-17 13:15:00,2023-09-01,9.56,0,Legitimate,0.0,Fashion,NetBanking,Mobile,Pune,0,179,386.83,1974,13,6,9,17,1,0.21615787543542098,0,17.292630034833678,Low,0,False,NO_ALERT
T104674,CUST2315,2024-01-05 02:22:00,2024-01-01,41.91,0,Legitimate,0.0,Travel,NetBanking,Desktop,Hyderabad,0,74,257.6,1441,2,4,1,5,0,0.5702048678430571,0,45.616389427444574,Medium,0,False,NO_ALERT
T104675,CUST7256,2023-10-09 23:25:00,2023-10-01,173.99,0,Legitimate,0.0,Fashion,NetBanking,Mobile,Pune,0,112,234.39,773,23,0,10,9,0,0.19024639112840805,0,15.219711290272645,Low,0,False,NO_ALERT
T104676,CUST3462,2023-04-20 05:34:00,2023-04-01,3.87,1,Fraudulent,3.87,Entertainment,Debit Card,Mobile,Delhi,0,101,87.98,410,5,3,4,20,0,0.6389539690375033,0,51.11631752300027,High,1,True,HIGH
T104677,CUST5436,2023-01-19 04:25:00,2023-01-01,260.39,0,Legitimate,0.0,Electronics,PayPal,POS,Delhi,1,176,423.47,1608,4,3,1,19,0,0.674698884102896,1,73.97591072823168,High,1,True,HIGH
T104678,CUST2881,2023-09-28 21:24:00,2023-09-01,90.95,0,Legitimate,0.0,Entertainment,UPI,Mobile,Pune,0,193,31.86,460,21,3,9,28,0,0.23281666130912865,1,38.62533290473029,Medium,0,False,NO_ALERT
T104679,CUST2005,2023-09-11 17:18:00,2023-09-01,79.84,0,Legitimate,0.0,Travel,NetBanking,Mobile,Hyderabad,0,197,141.05,1588,17,0,9,11,0,0.20114062187710832,0,16.091249750168668,Low,0,False,NO_ALERT
T104680,CUST4433,2024-02-06 20:31:00,2024-02-01,25.24,0,Legitimate,0.0,Utilities,NetBanking,Mobile,Delhi,0,45,264.76,1269,20,1,2,6,0,0.20766049759078853,0,16.612839807263082,Low,0,False,NO_ALERT
T104681,CUST8208,2023-05-18 06:57:00,2023-05-01,22.89,0,Legitimate,0.0,Fashion,UPI,Desktop,Kolkata,0,131,486.08,306,6,3,5,18,0,0.2356309336863157,0,18.850474694905255,Low,0,False,NO_ALERT
T104682,CUST4344,2023-10-24 13:22:00,2023-10-01,227.87,0,Legitimate,0.0,Fashion,PayPal,POS,Kolkata,1,17,395.13,223,13,1,10,24,0,0.5499517687908729,1,63.99614150326984,High,1,True,HIGH
T104683,CUST7478,2023-11-28 16:56:00,2023-11-01,28.34,0,Legitimate,0.0,Health,UPI,POS,Hyderabad,0,165,190.65,1780,16,1,11,28,0,0.23976900821080446,0,19.181520656864357,Low,0,False,NO_ALERT
T104684,CUST4108,2024-02-08 01:27:00,2024-02-01,119.51,0,Legitimate,0.0,Health,Debit Card,Mobile,Delhi,0,5,359.83,208,1,3,2,8,0,0.661940263570324,0,52.95522108562592,High,1,True,HIGH
T104685,CUST6105,2023-04-23 11:14:00,2023-04-01,39.95,0,Legitimate,0.0,Entertainment,Debit Card,Mobile,Kolkata,0,175,466.37,1196,11,6,4,23,1,0.24410281154684335,0,19.52822492374747,Low,0,False,NO_ALERT
T104686,CUST4925,2023-08-02 07:04:00,2023-08-01,12.0,0,Legitimate,0.0,Entertainment,UPI,Desktop,Mumbai,0,44,274.05,1879,7,2,8,2,0,0.24031392046960717,0,19.225113637568576,Low,0,False,NO_ALERT
T104687,CUST1131,2023-06-23 00:29:00,2023-06-01,0.86,0,Legitimate,0.0,Electronics,PayPal,Mobile,Bengaluru,0,161,236.35,1591,0,4,6,23,0,0.42377666297868927,0,33.90213303829514,Medium,0,False,NO_ALERT
T104688,CUST8183,2024-01-09 21:23:00,2024-01-01,62.87,0,Legitimate,0.0,Grocery,NetBanking,POS,Delhi,0,21,280.97,247,21,1,1,9,0,0.22409359895985081,0,17.927487916788063,Low,0,False,NO_ALERT
T104689,CUST1969,2023-10-21 19:41:00,2023-10-01,297.64,0,Legitimate,0.0,Travel,Debit Card,POS,Bengaluru,0,195,162.65,1564,19,5,10,21,1,0.2527896140376148,0,20.223169123009185,Low,0,False,NO_ALERT
T104690,CUST8944,2023-03-27 10:14:00,2023-03-01,36.85,0,Legitimate,0.0,Health,Debit Card,Desktop,Chennai,0,68,454.6,1017,10,0,3,27,0,0.2501830004573944,0,20.01464003659155,Low,0,False,NO_ALERT
T104691,CUST7741,2023-11-26 03:52:00,2023-11-01,35.35,0,Legitimate,0.0,Travel,PayPal,Desktop,Kolkata,0,32,400.67,1112,3,6,11,26,1,0.5987677154051287,1,67.9014172324103,High,1,True,HIGH
T104692,CUST2246,2023-02-25 23:25:00,2023-02-01,33.74,1,Fraudulent,33.74,Electronics,Debit Card,POS,Delhi,1,24,355.69,1399,23,5,2,25,1,0.7106354951411958,1,76.85083961129567,Critical,1,True,CRITICAL
T104693,CUST9928,2023-03-12 16:12:00,2023-03-01,58.81,0,Legitimate,0.0,Health,Debit Card,Desktop,Mumbai,0,163,298.66,586,16,6,3,12,1,0.3071659134485696,0,24.573273075885567,Low,0,False,NO_ALERT
T104694,CUST4957,2023-08-17 01:25:00,2023-08-01,46.48,1,Fraudulent,46.48,Health,PayPal,Mobile,Hyderabad,0,146,485.04,1472,1,3,8,17,0,0.6656845992248523,0,53.25476793798819,High,1,True,HIGH
T104695,CUST8487,2024-02-14 21:52:00,2024-02-01,169.56,0,Legitimate,0.0,Grocery,UPI,Mobile,Mumbai,0,67,155.88,1277,21,2,2,14,0,0.23033511526554754,0,18.426809221243804,Low,0,False,NO_ALERT
T104696,CUST9042,2023-05-03 13:33:00,2023-05-01,56.34,1,Fraudulent,56.34,Travel,NetBanking,Desktop,Bengaluru,0,103,148.74,1403,13,2,5,3,0,0.3361596384157698,0,26.892771073261585,Medium,0,False,NO_ALERT
T104697,CUST8521,2023-11-08 03:19:00,2023-11-01,56.7,0,Legitimate,0.0,Utilities,NetBanking,POS,Hyderabad,0,54,128.65,797,3,2,11,8,0,0.5916321223164696,0,47.330569785317564,Medium,0,False,NO_ALERT
T104698,CUST7879,2023-08-19 02:45:00,2023-08-01,11.91,1,Fraudulent,11.91,Travel,Debit Card,Desktop,Mumbai,0,154,373.47,1675,2,5,8,19,1,0.6812574943276394,0,54.500599546211156,High,1,True,HIGH
T104699,CUST7589,2023-03-09 10:33:00,2023-03-01,324.75,0,Legitimate,0.0,Travel,NetBanking,POS,Mumbai,0,188,400.67,1885,10,3,3,9,0,0.22818881109351,0,18.2551048874808,Low,0,False,NO_ALERT
T104700,CUST8700,2023-07-30 18:11:00,2023-07-01,23.01,0,Legitimate,0.0,Grocery,UPI,Desktop,Mumbai,0,125,302.59,1905,18,6,7,30,1,0.25777754058997554,0,20.622203247198044,Low,0,False,NO_ALERT
T104701,CUST9906,2023-12-20 19:27:00,2023-12-01,6.1,0,Legitimate,0.0,Health,Debit Card,Desktop,Pune,0,117,329.47,1815,19,2,12,20,0,0.2010571944951835,0,16.08457555961468,Low,0,False,NO_ALERT
T104702,CUST2796,2023-11-09 12:38:00,2023-11-01,87.05,0,Legitimate,0.0,Electronics,NetBanking,Desktop,Hyderabad,0,65,180.99,106,12,3,11,9,0,0.18910563428613486,0,15.12845074289079,Low,0,False,NO_ALERT
T104703,CUST5967,2023-04-07 22:41:00,2023-04-01,72.38,0,Legitimate,0.0,Travel,Credit Card,Mobile,Mumbai,0,179,29.48,1848,22,4,4,7,0,0.21064329117864797,0,16.85146329429184,Low,0,False,NO_ALERT
T104704,CUST4974,2023-10-21 16:23:00,2023-10-01,42.91,0,Legitimate,0.0,Fashion,Credit Card,Mobile,Kolkata,0,114,134.28,628,16,5,10,21,1,0.22086327592181884,0,17.669062073745508,Low,0,False,NO_ALERT
T104705,CUST6671,2023-10-07 18:25:00,2023-10-01,43.88,0,Legitimate,0.0,Utilities,Credit Card,POS,Kolkata,0,188,296.31,1815,18,5,10,7,1,0.22336399244820318,0,17.869119395856256,Low,0,False,NO_ALERT
T104706,CUST6051,2023-02-06 09:04:00,2023-02-01,122.99,0,Legitimate,0.0,Utilities,Credit Card,Desktop,Mumbai,0,187,408.34,1261,9,0,2,6,0,0.2808434272346995,0,22.467474178775962,Low,0,False,NO_ALERT
T104707,CUST5665,2023-04-02 02:32:00,2023-04-01,17.42,0,Legitimate,0.0,Grocery,Credit Card,Mobile,Bengaluru,0,76,390.83,1212,2,6,4,2,1,0.6374670575031277,0,50.99736460025022,High,1,True,HIGH
T104708,CUST6339,2023-01-22 23:32:00,2023-01-01,137.3,0,Legitimate,0.0,Food,Debit Card,Desktop,Mumbai,1,17,97.95,553,23,6,1,22,1,0.47473747541413525,1,57.97899803313082,High,1,True,HIGH
T104709,CUST9600,2023-03-05 18:05:00,2023-03-01,83.7,0,Legitimate,0.0,Electronics,PayPal,POS,Kolkata,0,149,35.21,1278,18,6,3,5,1,0.18719019371816478,1,34.975215497453185,Medium,0,False,NO_ALERT
T104710,CUST1602,2023-09-29 23:13:00,2023-09-01,43.44,0,Legitimate,0.0,Fashion,PayPal,Mobile,Mumbai,1,195,426.77,1411,23,4,9,29,0,0.579366875956408,0,46.34935007651264,Medium,0,False,NO_ALERT
T104711,CUST3597,2023-07-05 21:05:00,2023-07-01,49.0,0,Legitimate,0.0,Travel,Debit Card,POS,Chennai,0,108,47.04,842,21,2,7,5,0,0.23364835996127187,0,18.69186879690175,Low,0,False,NO_ALERT
T104712,CUST3463,2023-09-05 03:47:00,2023-09-01,23.73,1,Fraudulent,23.73,Food,Debit Card,Mobile,Hyderabad,0,28,202.72,413,3,1,9,5,0,0.708985106213095,0,56.718808497047604,High,1,True,HIGH
T104713,CUST2415,2023-09-06 03:13:00,2023-09-01,111.58,0,Legitimate,0.0,Electronics,UPI,Desktop,Chennai,0,44,56.17,1597,3,2,9,6,0,0.5095269124882673,0,40.762152999061385,Medium,0,False,NO_ALERT
T104714,CUST5105,2023-06-22 08:00:00,2023-06-01,57.54,0,Legitimate,0.0,Grocery,PayPal,POS,Pune,0,198,286.38,1619,8,3,6,22,0,0.230814994364408,0,18.46519954915264,Low,0,False,NO_ALERT
T104715,CUST5181,2023-05-07 19:33:00,2023-05-01,30.95,0,Legitimate,0.0,Food,Credit Card,Mobile,Bengaluru,1,190,188.03,533,19,6,5,7,1,0.6384106548304134,1,71.07285238643307,High,1,True,HIGH
T104716,CUST2482,2023-04-06 03:22:00,2023-04-01,72.52,1,Fraudulent,72.52,Health,Debit Card,Mobile,Chennai,0,170,109.22,1503,3,3,4,6,0,0.7080404976688088,0,56.64323981350471,High,1,True,HIGH
T104717,CUST6651,2023-09-07 01:16:00,2023-09-01,436.57,0,Legitimate,0.0,Entertainment,Credit Card,Desktop,Pune,0,94,301.63,271,1,3,9,7,0,0.5934748962275004,1,67.47799169820004,High,1,True,HIGH
T104718,CUST6791,2023-07-08 06:12:00,2023-07-01,45.71,0,Legitimate,0.0,Food,PayPal,POS,Delhi,0,22,188.06,398,6,5,7,8,1,0.2485312377321697,0,19.88249901857358,Low,0,False,NO_ALERT
T104719,CUST5364,2023-09-01 17:41:00,2023-09-01,202.75,0,Legitimate,0.0,Entertainment,NetBanking,POS,Hyderabad,0,38,91.73,1680,17,4,9,1,0,0.25062616444365565,1,40.050093155492455,Medium,0,False,NO_ALERT
T104720,CUST1362,2024-02-07 22:26:00,2024-02-01,33.85,0,Legitimate,0.0,Utilities,NetBanking,POS,Mumbai,0,14,353.04,1524,22,2,2,7,0,0.24727297864372513,0,19.781838291498012,Low,0,False,NO_ALERT
T104721,CUST6998,2023-07-22 15:47:00,2023-07-01,4.5,0,Legitimate,0.0,Fashion,Debit Card,Desktop,Chennai,0,111,420.04,317,15,5,7,22,1,0.2082905523419072,0,16.663244187352575,Low,0,False,NO_ALERT
T104722,CUST9091,2023-10-06 17:20:00,2023-10-01,18.28,0,Legitimate,0.0,Electronics,UPI,Mobile,Chennai,0,122,144.13,428,17,4,10,6,0,0.2176839755977562,0,17.414718047820497,Low,0,False,NO_ALERT
T104723,CUST1836,2024-01-24 04:30:00,2024-01-01,43.4,1,Fraudulent,43.4,Fashion,Credit Card,Mobile,Mumbai,0,154,101.35,133,4,2,1,24,0,0.6519693556497415,0,52.157548451979316,High,1,True,HIGH
T104724,CUST2107,2023-05-04 06:51:00,2023-05-01,19.84,0,Legitimate,0.0,Fashion,Debit Card,POS,Mumbai,0,168,46.87,1364,6,3,5,4,0,0.31841797592854737,0,25.47343807428379,Medium,0,False,NO_ALERT
T104725,CUST2206,2023-08-15 23:11:00,2023-08-01,0.02,0,Legitimate,0.0,Travel,UPI,Mobile,Bengaluru,0,54,268.67,1862,23,1,8,15,0,0.22370842279992204,0,17.896673823993762,Low,0,False,NO_ALERT
T104726,CUST3251,2023-07-26 00:25:00,2023-07-01,197.21,1,Fraudulent,197.21,Grocery,Credit Card,POS,Chennai,0,141,417.33,156,0,2,7,26,0,0.6917712609924693,0,55.34170087939755,High,1,True,HIGH
T104727,CUST4462,2024-01-24 13:23:00,2024-01-01,148.57,0,Legitimate,0.0,Food,PayPal,Desktop,Chennai,0,127,132.89,69,13,2,1,24,0,0.19057393942443565,0,15.245915153954853,Low,0,False,NO_ALERT
T104728,CUST4562,2023-11-19 03:49:00,2023-11-01,108.47,0,Legitimate,0.0,Electronics,NetBanking,Desktop,Kolkata,0,19,235.71,1125,3,6,11,19,1,0.5489088891266178,0,43.91271113012943,Medium,0,False,NO_ALERT
T104729,CUST7958,2024-01-31 14:54:00,2024-01-01,14.7,0,Legitimate,0.0,Utilities,UPI,Desktop,Delhi,0,42,88.79,1800,14,2,1,31,0,0.20486767450057886,0,16.38941396004631,Low,0,False,NO_ALERT
T104730,CUST4970,2023-09-10 00:37:00,2023-09-01,10.26,0,Legitimate,0.0,Health,Credit Card,POS,Kolkata,0,41,208.06,911,0,6,9,10,1,0.6147838470733207,0,49.18270776586566,Medium,0,False,NO_ALERT
T104731,CUST1261,2023-05-22 13:27:00,2023-05-01,5.6,0,Legitimate,0.0,Grocery,Debit Card,Mobile,Pune,1,50,17.57,974,13,0,5,22,0,0.558675589841896,1,64.69404718735169,High,1,True,HIGH
T104732,CUST1333,2023-11-24 15:03:00,2023-11-01,103.0,0,Legitimate,0.0,Grocery,Credit Card,Desktop,Delhi,0,131,456.26,276,15,4,11,24,0,0.220781847365363,0,17.66254778922904,Low,0,False,NO_ALERT
T104733,CUST8166,2023-08-27 13:27:00,2023-08-01,211.39,0,Legitimate,0.0,Electronics,Debit Card,POS,Kolkata,0,159,341.52,1859,13,6,8,27,1,0.264069605114693,0,21.125568409175443,Low,0,False,NO_ALERT
T104734,CUST6625,2023-01-01 11:41:00,2023-01-01,45.04,0,Legitimate,0.0,Grocery,NetBanking,POS,Chennai,0,76,173.08,1300,11,6,1,1,1,0.22082275825575334,0,17.665820660460266,Low,0,False,NO_ALERT
T104735,CUST5995,2023-05-03 00:19:00,2023-05-01,10.15,1,Fraudulent,10.15,Travel,NetBanking,Desktop,Delhi,0,143,441.79,341,0,2,5,3,0,0.6876692592707642,0,55.01354074166113,High,1,True,HIGH
T104736,CUST2810,2024-02-14 19:10:00,2024-02-01,57.46,0,Legitimate,0.0,Grocery,Credit Card,Desktop,Chennai,0,182,99.64,63,19,2,2,14,0,0.23697054002917584,0,18.957643202334065,Low,0,False,NO_ALERT
T104737,CUST8888,2023-06-02 03:45:00,2023-06-01,34.32,0,Legitimate,0.0,Utilities,Credit Card,Desktop,Hyderabad,0,181,48.58,158,3,4,6,2,0,0.5641871393327718,0,45.134971146621744,Medium,0,False,NO_ALERT
T104738,CUST2562,2023-04-04 06:52:00,2023-04-01,37.58,0,Legitimate,0.0,Utilities,Debit Card,Mobile,Bengaluru,0,173,471.88,39,6,1,4,4,0,0.28091489183415086,0,22.47319134673207,Low,0,False,NO_ALERT
T104739,CUST7448,2023-09-02 18:59:00,2023-09-01,77.69,0,Legitimate,0.0,Travel,Debit Card,Mobile,Delhi,0,166,161.42,1221,18,5,9,2,1,0.25817240211097414,0,20.65379216887793,Low,0,False,NO_ALERT
T104740,CUST5386,2023-12-01 21:32:00,2023-12-01,101.47,0,Legitimate,0.0,Food,UPI,POS,Chennai,0,99,468.63,1837,21,4,12,1,0,0.25648460869086276,0,20.51876869526902,Low,0,False,NO_ALERT
T104741,CUST7395,2023-12-29 01:48:00,2023-12-01,9.38,0,Legitimate,0.0,Food,UPI,Desktop,Delhi,0,50,322.43,1269,1,4,12,29,0,0.5872196012939347,0,46.97756810351478,Medium,0,False,NO_ALERT
T104742,CUST7712,2023-09-04 08:35:00,2023-09-01,2.9,1,Fraudulent,2.9,Fashion,UPI,Desktop,Pune,1,152,490.22,971,8,0,9,4,0,0.7976926165407616,1,83.81540932326092,Critical,1,True,CRITICAL
T104743,CUST3865,2023-04-16 21:54:00,2023-04-01,413.81,0,Legitimate,0.0,Utilities,Credit Card,Mobile,Bengaluru,0,145,379.18,1461,21,6,4,16,1,0.24399900629820798,0,19.51992050385664,Low,0,False,NO_ALERT
T104744,CUST4460,2023-06-19 12:26:00,2023-06-01,21.19,0,Legitimate,0.0,Travel,UPI,Desktop,Hyderabad,0,146,61.69,1805,12,0,6,19,0,0.2206284329755201,0,17.65027463804161,Low,0,False,NO_ALERT
T104745,CUST4646,2023-08-23 11:48:00,2023-08-01,4.43,0,Legitimate,0.0,Health,Credit Card,POS,Mumbai,0,42,427.59,1579,11,2,8,23,0,0.265041377773142,0,21.203310221851364,Low,0,False,NO_ALERT
T104746,CUST1904,2023-03-19 09:32:00,2023-03-01,16.85,0,Legitimate,0.0,Food,NetBanking,Desktop,Mumbai,0,145,82.46,1655,9,6,3,19,1,0.2645357764517965,0,21.16286211614372,Low,0,False,NO_ALERT
T104747,CUST5971,2024-02-09 01:08:00,2024-02-01,3.18,0,Legitimate,0.0,Grocery,PayPal,Mobile,Delhi,0,16,349.18,964,1,4,2,9,0,0.5374777425191042,0,42.99821940152834,Medium,0,False,NO_ALERT
T104748,CUST7155,2023-07-16 16:21:00,2023-07-01,39.78,0,Legitimate,0.0,Electronics,NetBanking,POS,Chennai,0,85,255.2,1071,16,6,7,16,1,0.19727653467584635,0,15.782122774067709,Low,0,False,NO_ALERT
T104749,CUST4904,2023-07-24 10:21:00,2023-07-01,129.72,0,Legitimate,0.0,Electronics,Credit Card,POS,Pune,0,52,356.79,369,10,0,7,24,0,0.21632596828705458,0,17.306077462964367,Low,0,False,NO_ALERT
T104750,CUST6303,2023-01-23 02:47:00,2023-01-01,33.39,0,Legitimate,0.0,Entertainment,Credit Card,Desktop,Bengaluru,0,36,384.84,710,2,0,1,23,0,0.6065230989478305,0,48.52184791582644,Medium,0,False,NO_ALERT
T104751,CUST1863,2023-05-02 10:23:00,2023-05-01,46.99,0,Legitimate,0.0,Utilities,PayPal,POS,Hyderabad,1,107,403.8,1621,10,1,5,2,0,0.5977502570525632,0,47.820020564205066,Medium,0,False,NO_ALERT
T104752,CUST1452,2023-02-05 10:55:00,2023-02-01,90.06,0,Legitimate,0.0,Travel,Debit Card,Desktop,Hyderabad,0,167,419.14,1729,10,6,2,5,1,0.24668657737280458,0,19.734926189824368,Low,0,False,NO_ALERT
T104753,CUST5365,2023-05-14 05:54:00,2023-05-01,56.89,0,Legitimate,0.0,Health,Debit Card,Desktop,Kolkata,1,81,425.14,1717,5,6,5,14,1,0.7618968800396,1,80.951750403168,Critical,1,True,CRITICAL
T104754,CUST9394,2023-12-26 01:29:00,2023-12-01,158.12,0,Legitimate,0.0,Fashion,Debit Card,Mobile,Hyderabad,0,153,212.16,1143,1,1,12,26,0,0.6117761677502285,0,48.94209342001828,Medium,0,False,NO_ALERT
T104755,CUST6457,2023-02-02 11:19:00,2023-02-01,160.81,0,Legitimate,0.0,Grocery,UPI,POS,Mumbai,0,115,445.72,1338,11,3,2,2,0,0.245871665764329,0,19.66973326114632,Low,0,False,NO_ALERT
T104756,CUST2132,2023-12-01 16:07:00,2023-12-01,0.8,0,Legitimate,0.0,Travel,Debit Card,Desktop,Bengaluru,0,42,362.59,563,16,4,12,1,0,0.2508276545325428,0,20.066212362603423,Low,0,False,NO_ALERT
T104757,CUST7254,2024-02-18 08:18:00,2024-02-01,120.42,0,Legitimate,0.0,Entertainment,UPI,Desktop,Kolkata,0,149,421.1,1320,8,6,2,18,1,0.23071920038530574,0,18.45753603082446,Low,0,False,NO_ALERT
T104758,CUST7126,2023-07-15 16:11:00,2023-07-01,49.4,0,Legitimate,0.0,Electronics,UPI,Desktop,Mumbai,1,68,494.7,838,16,5,7,15,1,0.5695793603587725,0,45.566348828701805,Medium,0,False,NO_ALERT
T104759,CUST6343,2023-02-03 14:36:00,2023-02-01,359.64,0,Legitimate,0.0,Travel,Debit Card,POS,Delhi,0,187,67.04,462,14,4,2,3,0,0.2650187490917462,1,41.2014999273397,Medium,0,False,NO_ALERT
T104760,CUST1956,2023-05-13 13:58:00,2023-05-01,52.81,0,Legitimate,0.0,Grocery,Debit Card,POS,Hyderabad,0,124,191.58,787,13,5,5,13,1,0.22329670946242655,0,17.863736756994125,Low,0,False,NO_ALERT
T104761,CUST3978,2023-08-19 03:46:00,2023-08-01,346.79,0,Legitimate,0.0,Health,PayPal,POS,Bengaluru,1,30,405.21,680,3,5,8,19,1,0.6778883601674027,1,74.23106881339223,High,1,True,HIGH
T104762,CUST4392,2023-08-13 23:45:00,2023-08-01,112.38,0,Legitimate,0.0,Utilities,PayPal,Desktop,Hyderabad,0,185,52.29,1105,23,6,8,13,1,0.2120405706268158,0,16.963245650145264,Low,0,False,NO_ALERT
T104763,CUST4107,2023-03-31 20:40:00,2023-03-01,22.87,0,Legitimate,0.0,Health,UPI,POS,Mumbai,0,33,274.98,1120,20,4,3,31,0,0.2522823787735353,0,20.182590301882826,Low,0,False,NO_ALERT
T104764,CUST7550,2023-03-22 08:44:00,2023-03-01,61.84,0,Legitimate,0.0,Food,PayPal,Desktop,Mumbai,0,103,430.61,626,8,2,3,22,0,0.2607713527336292,0,20.86170821869034,Low,0,False,NO_ALERT
T104765,CUST1364,2023-04-25 04:15:00,2023-04-01,387.63,1,Fraudulent,387.63,Grocery,UPI,POS,Mumbai,0,53,19.31,279,4,1,4,25,0,0.8390000527190743,1,87.12000421752595,Critical,1,True,CRITICAL
T104766,CUST4954,2023-10-03 17:29:00,2023-10-01,155.89,0,Legitimate,0.0,Entertainment,Credit Card,POS,Hyderabad,0,144,470.36,1384,17,1,10,3,0,0.33619148564071033,0,26.895318851256828,Medium,0,False,NO_ALERT
T104767,CUST1537,2023-06-10 17:44:00,2023-06-01,8.2,0,Legitimate,0.0,Food,UPI,Desktop,Bengaluru,0,177,489.29,933,17,5,6,10,1,0.235403896037922,0,18.832311683033762,Low,0,False,NO_ALERT
T104768,CUST5441,2023-07-11 01:05:00,2023-07-01,98.04,0,Legitimate,0.0,Food,UPI,POS,Bengaluru,0,133,167.92,444,1,1,7,11,0,0.6230600875150413,0,49.84480700120331,Medium,0,False,NO_ALERT
T104769,CUST2491,2023-05-24 03:21:00,2023-05-01,33.92,0,Legitimate,0.0,Food,PayPal,Desktop,Delhi,0,106,385.73,1176,3,2,5,24,0,0.604206954841835,0,48.3365563873468,Medium,0,False,NO_ALERT
T104770,CUST5277,2023-04-21 06:03:00,2023-04-01,0.56,0,Legitimate,0.0,Travel,Credit Card,POS,Hyderabad,0,77,72.32,1255,6,4,4,21,0,0.18156829413672315,0,14.525463530937854,Low,0,False,NO_ALERT
T104771,CUST9812,2023-05-25 14:22:00,2023-05-01,41.33,0,Legitimate,0.0,Entertainment,NetBanking,POS,Delhi,0,94,388.7,35,14,3,5,25,0,0.1924748020488948,0,15.397984163911586,Low,0,False,NO_ALERT
T104772,CUST3969,2023-09-06 05:15:00,2023-09-01,21.4,0,Legitimate,0.0,Electronics,NetBanking,POS,Pune,0,60,245.95,878,5,2,9,6,0,0.5896388639981165,0,47.17110911984932,Medium,0,False,NO_ALERT
T104773,CUST8917,2023-06-06 12:59:00,2023-06-01,136.68,0,Legitimate,0.0,Health,NetBanking,POS,Delhi,0,199,431.53,1539,12,1,6,6,0,0.2526908552208156,0,20.215268417665246,Low,0,False,NO_ALERT
T104774,CUST1325,2023-09-14 19:24:00,2023-09-01,32.92,0,Legitimate,0.0,Utilities,Credit Card,Mobile,Delhi,0,111,114.18,1252,19,3,9,14,0,0.2471068806278374,0,19.768550450226993,Low,0,False,NO_ALERT
T104775,CUST3018,2023-01-12 08:33:00,2023-01-01,140.6,0,Legitimate,0.0,Travel,Debit Card,Desktop,Delhi,0,55,339.6,1789,8,3,1,12,0,0.2287421277937817,0,18.299370223502535,Low,0,False,NO_ALERT
T104776,CUST2572,2023-08-18 06:49:00,2023-08-01,0.05,0,Legitimate,0.0,Electronics,Credit Card,Mobile,Mumbai,0,91,395.2,42,6,4,8,18,0,0.24213188967614066,0,19.370551174091254,Low,0,False,NO_ALERT
T104777,CUST5359,2023-06-09 23:18:00,2023-06-01,29.43,0,Legitimate,0.0,Health,PayPal,POS,Pune,0,163,109.22,35,23,4,6,9,0,0.22885418979803954,0,18.308335183843166,Low,0,False,NO_ALERT
T104778,CUST9381,2023-12-28 00:55:00,2023-12-01,22.08,0,Legitimate,0.0,Utilities,UPI,POS,Kolkata,0,197,410.96,1464,0,3,12,28,0,0.5764332492228794,0,46.11465993783036,Medium,0,False,NO_ALERT
T104779,CUST4789,2023-02-18 05:56:00,2023-02-01,21.28,0,Legitimate,0.0,Entertainment,UPI,Desktop,Delhi,0,42,479.41,1174,5,5,2,18,1,0.5480218137601536,0,43.84174510081229,Medium,0,False,NO_ALERT
T104780,CUST6834,2023-09-10 04:54:00,2023-09-01,5.65,1,Fraudulent,5.65,Utilities,PayPal,Desktop,Bengaluru,1,69,311.88,1610,4,6,9,10,1,0.8066407072663938,0,64.53125658131151,High,1,True,HIGH
T104781,CUST1056,2023-08-03 12:57:00,2023-08-01,16.57,0,Legitimate,0.0,Entertainment,PayPal,Desktop,Delhi,0,24,394.58,1415,12,3,8,3,0,0.2505909022881739,0,20.047272183053913,Low,0,False,NO_ALERT
T104782,CUST9905,2023-02-26 03:06:00,2023-02-01,64.87,0,Legitimate,0.0,Grocery,UPI,Desktop,Mumbai,0,199,270.97,567,3,6,2,26,1,0.560341161206094,0,44.82729289648752,Medium,0,False,NO_ALERT
T104783,CUST9340,2023-02-15 14:47:00,2023-02-01,27.55,0,Legitimate,0.0,Utilities,Debit Card,POS,Chennai,0,199,303.07,33,14,2,2,15,0,0.22428785349928732,0,17.943028279942986,Low,0,False,NO_ALERT
T104784,CUST8871,2023-08-17 10:03:00,2023-08-01,43.22,0,Legitimate,0.0,Health,Debit Card,Desktop,Kolkata,0,118,16.54,1858,10,3,8,17,0,0.19724192745467733,0,15.779354196374186,Low,0,False,NO_ALERT
T104785,CUST4374,2024-01-12 05:34:00,2024-01-01,37.84,0,Legitimate,0.0,Health,Debit Card,Mobile,Pune,0,183,266.9,1842,5,4,1,12,0,0.5269228544953772,0,42.15382835963018,Medium,0,False,NO_ALERT
T104786,CUST6080,2023-12-11 04:23:00,2023-12-01,166.94,0,Legitimate,0.0,Entertainment,PayPal,Desktop,Chennai,0,142,292.03,313,4,0,12,11,0,0.5922210369009328,0,47.37768295207462,Medium,0,False,NO_ALERT
T104787,CUST3889,2023-02-20 00:57:00,2023-02-01,188.56,0,Legitimate,0.0,Health,UPI,Desktop,Chennai,0,55,338.32,751,0,0,2,20,0,0.6616694245661009,0,52.93355396528807,High,1,True,HIGH
T104788,CUST3183,2023-11-01 23:02:00,2023-11-01,54.33,0,Legitimate,0.0,Fashion,UPI,Mobile,Pune,0,15,93.0,1045,23,2,11,1,0,0.26535840272762856,0,21.228672218210285,Low,0,False,NO_ALERT
T104789,CUST5739,2023-09-02 03:36:00,2023-09-01,32.06,1,Fraudulent,32.06,Grocery,UPI,Mobile,Hyderabad,0,5,128.27,1853,3,5,9,2,1,0.7576248952354006,0,60.60999161883205,High,1,True,HIGH
T104790,CUST9682,2023-06-23 17:52:00,2023-06-01,9.04,0,Legitimate,0.0,Travel,Credit Card,Mobile,Kolkata,0,101,380.44,1412,17,4,6,23,0,0.21784767054306406,0,17.427813643445127,Low,0,False,NO_ALERT
T104791,CUST7565,2023-08-07 07:07:00,2023-08-01,245.3,1,Fraudulent,245.3,Utilities,Credit Card,Mobile,Kolkata,1,132,92.14,722,7,0,8,7,0,0.7607668475338033,0,60.86134780270427,High,1,True,HIGH
T104792,CUST1638,2023-06-13 16:30:00,2023-06-01,4.97,1,Fraudulent,4.97,Travel,NetBanking,Desktop,Bengaluru,1,30,213.85,1818,16,1,6,13,0,0.7232517394853548,0,57.86013915882839,High,1,True,HIGH
T104793,CUST8004,2023-09-25 04:01:00,2023-09-01,28.27,0,Legitimate,0.0,Electronics,Credit Card,Mobile,Mumbai,0,53,132.74,1982,4,0,9,25,0,0.5435316525458928,0,43.482532203671425,Medium,0,False,NO_ALERT
T104794,CUST5563,2023-03-24 14:24:00,2023-03-01,28.31,0,Legitimate,0.0,Travel,Debit Card,POS,Pune,0,73,277.14,1335,14,4,3,24,0,0.20422117917228097,0,16.337694333782476,Low,0,False,NO_ALERT
T104795,CUST1891,2023-03-15 19:17:00,2023-03-01,30.9,0,Legitimate,0.0,Food,Debit Card,Desktop,Chennai,0,30,493.57,686,19,2,3,15,0,0.2090667340611386,0,16.72533872489109,Low,0,False,NO_ALERT
T104796,CUST5589,2023-01-06 14:09:00,2023-01-01,14.36,0,Legitimate,0.0,Health,Debit Card,POS,Mumbai,0,104,427.5,981,14,4,1,6,0,0.23141639444789935,0,18.513311555831947,Low,0,False,NO_ALERT
T104797,CUST7423,2023-03-12 20:20:00,2023-03-01,122.29,0,Legitimate,0.0,Travel,Debit Card,Desktop,Mumbai,0,105,142.04,657,20,6,3,12,1,0.20135899518307873,0,16.1087196146463,Low,0,False,NO_ALERT
T104798,CUST5924,2023-04-19 07:29:00,2023-04-01,10.45,0,Legitimate,0.0,Electronics,NetBanking,Desktop,Hyderabad,0,108,190.62,1402,7,2,4,19,0,0.18009362745118979,0,14.407490196095182,Low,0,False,NO_ALERT
T104799,CUST7340,2023-04-10 13:43:00,2023-04-01,80.61,0,Legitimate,0.0,Electronics,Debit Card,POS,Chennai,0,84,460.13,1009,13,0,4,10,0,0.26316860515241364,0,21.05348841219309,Low,0,False,NO_ALERT
T104800,CUST4883,2024-01-30 06:23:00,2024-01-01,10.58,0,Legitimate,0.0,Food,PayPal,Mobile,Delhi,0,92,450.16,1083,6,1,1,30,0,0.2823944019377132,0,22.591552155017055,Low,0,False,NO_ALERT
T104801,CUST6816,2023-06-26 05:57:00,2023-06-01,5.85,0,Legitimate,0.0,Electronics,PayPal,Mobile,Mumbai,0,189,88.66,1942,5,0,6,26,0,0.5239106494765567,0,41.91285195812454,Medium,0,False,NO_ALERT
T104802,CUST9185,2023-05-04 11:05:00,2023-05-01,192.13,0,Legitimate,0.0,Entertainment,PayPal,POS,Chennai,0,71,416.34,1807,11,3,5,4,0,0.28810190184094386,0,23.048152147275513,Low,0,False,NO_ALERT
T104803,CUST2509,2023-07-02 00:06:00,2023-07-01,16.87,0,Legitimate,0.0,Fashion,Credit Card,Mobile,Kolkata,0,68,155.83,1570,0,6,7,2,1,0.6189133548404296,0,49.51306838723437,Medium,0,False,NO_ALERT
T104804,CUST8053,2023-10-27 13:23:00,2023-10-01,137.74,0,Legitimate,0.0,Entertainment,UPI,Desktop,Mumbai,0,55,276.46,403,13,4,10,27,0,0.24370887825914622,0,19.4967102607317,Low,0,False,NO_ALERT
T104805,CUST5985,2023-11-30 12:24:00,2023-11-01,62.93,0,Legitimate,0.0,Health,NetBanking,Desktop,Hyderabad,0,99,12.5,1827,12,3,11,30,0,0.2557784209753709,1,40.462273678029675,Medium,0,False,NO_ALERT
T104806,CUST5301,2023-05-02 06:27:00,2023-05-01,6.48,0,Legitimate,0.0,Health,PayPal,Desktop,Hyderabad,1,97,499.31,1671,6,1,5,2,0,0.6039706372754056,1,68.31765098203245,High,1,True,HIGH
T104807,CUST5717,2024-01-23 21:30:00,2024-01-01,248.89,0,Legitimate,0.0,Health,PayPal,Mobile,Delhi,0,71,382.94,1177,21,1,1,23,0,0.2599907450755435,0,20.799259606043478,Low,0,False,NO_ALERT
T104808,CUST1313,2023-12-01 13:03:00,2023-12-01,22.69,0,Legitimate,0.0,Grocery,Debit Card,Mobile,Hyderabad,0,73,128.45,1499,13,4,12,1,0,0.2132654217987002,0,17.061233743896018,Low,0,False,NO_ALERT
T104809,CUST9490,2024-02-08 10:40:00,2024-02-01,157.09,0,Legitimate,0.0,Travel,PayPal,POS,Chennai,0,170,345.06,1040,10,3,2,8,0,0.24438084823687095,0,19.550467858949677,Low,0,False,NO_ALERT
T104810,CUST4655,2023-06-21 15:17:00,2023-06-01,14.79,0,Legitimate,0.0,Fashion,Debit Card,Desktop,Pune,0,77,153.72,1447,15,2,6,21,0,0.20313942946961,0,16.2511543575688,Low,0,False,NO_ALERT
T104811,CUST2575,2023-06-29 20:39:00,2023-06-01,153.9,0,Legitimate,0.0,Travel,Debit Card,POS,Hyderabad,0,157,53.83,1891,20,3,6,29,0,0.18614195744296907,0,14.891356595437527,Low,0,False,NO_ALERT
T104812,CUST9942,2023-06-30 04:48:00,2023-06-01,1.07,0,Legitimate,0.0,Fashion,UPI,Mobile,Pune,0,163,218.4,679,4,4,6,30,0,0.46387321365924195,0,37.109857092739354,Medium,0,False,NO_ALERT
T104813,CUST5584,2023-05-22 06:01:00,2023-05-01,57.36,0,Legitimate,0.0,Travel,Credit Card,POS,Delhi,0,173,310.72,1671,6,0,5,22,0,0.24278529068500748,0,19.4228232548006,Low,0,False,NO_ALERT
T104814,CUST3827,2023-01-16 00:46:00,2023-01-01,117.38,1,Fraudulent,117.38,Food,Debit Card,Mobile,Kolkata,0,108,53.99,754,0,0,1,16,0,0.6535985047460718,0,52.28788037968575,High,1,True,HIGH
T104815,CUST6356,2023-02-02 19:35:00,2023-02-01,218.42,0,Legitimate,0.0,Utilities,Debit Card,Desktop,Bengaluru,0,90,264.02,841,19,3,2,2,0,0.24494891874019764,0,19.59591349921581,Low,0,False,NO_ALERT
T104816,CUST4044,2023-06-01 08:13:00,2023-06-01,191.93,0,Legitimate,0.0,Entertainment,UPI,Desktop,Mumbai,0,99,262.28,1109,8,3,6,1,0,0.2712437351094124,0,21.699498808752992,Low,0,False,NO_ALERT
T104817,CUST8149,2023-08-08 09:54:00,2023-08-01,137.02,0,Legitimate,0.0,Electronics,Debit Card,Mobile,Mumbai,0,157,318.04,161,9,1,8,8,0,0.24008327656309,0,19.206662125047202,Low,0,False,NO_ALERT
T104818,CUST3058,2023-06-10 10:03:00,2023-06-01,175.28,0,Legitimate,0.0,Electronics,NetBanking,Mobile,Chennai,0,198,129.88,810,10,5,6,10,1,0.17105291402781236,0,13.68423312222499,Low,0,False,NO_ALERT
T104819,CUST5541,2023-08-09 16:03:00,2023-08-01,17.77,0,Legitimate,0.0,Entertainment,Credit Card,Mobile,Delhi,0,3,20.11,151,16,2,8,9,0,0.29157763726780284,0,23.32621098142423,Low,0,False,NO_ALERT
T104820,CUST1326,2023-03-05 10:12:00,2023-03-01,26.75,0,Legitimate,0.0,Food,NetBanking,Desktop,Delhi,0,185,169.18,231,10,6,3,5,1,0.24842436979065305,0,19.873949583252244,Low,0,False,NO_ALERT
T104821,CUST2386,2023-10-11 06:41:00,2023-10-01,27.28,0,Legitimate,0.0,Fashion,PayPal,Mobile,Delhi,0,194,205.3,1773,6,2,10,11,0,0.261528414205906,0,20.922273136472484,Low,0,False,NO_ALERT
T104822,CUST6716,2023-09-14 08:06:00,2023-09-01,37.86,0,Legitimate,0.0,Entertainment,Credit Card,Desktop,Mumbai,0,119,321.51,1840,8,3,9,14,0,0.29361845457421165,0,23.489476365936934,Low,0,False,NO_ALERT
T104823,CUST9640,2023-07-12 21:24:00,2023-07-01,39.98,0,Legitimate,0.0,Grocery,PayPal,POS,Hyderabad,0,150,465.78,1655,21,2,7,12,0,0.2324800534013015,0,18.598404272104123,Low,0,False,NO_ALERT
T104824,CUST9002,2024-01-06 04:46:00,2024-01-01,62.92,0,Legitimate,0.0,Fashion,Debit Card,Desktop,Mumbai,0,111,109.66,731,4,5,1,6,1,0.5968543480736606,0,47.74834784589285,Medium,0,False,NO_ALERT
T104825,CUST4180,2023-07-09 11:42:00,2023-07-01,13.94,0,Legitimate,0.0,Electronics,UPI,POS,Mumbai,0,155,346.79,1318,11,6,7,9,1,0.24637942424180065,0,19.710353939344053,Low,0,False,NO_ALERT
T104826,CUST8248,2023-09-24 08:30:00,2023-09-01,94.02,0,Legitimate,0.0,Grocery,NetBanking,Desktop,Mumbai,1,22,57.73,587,8,6,9,24,1,0.47851562039178597,1,58.28124963134288,High,1,True,HIGH
T104827,CUST5978,2023-01-16 16:28:00,2023-01-01,14.67,0,Legitimate,0.0,Travel,PayPal,Desktop,Kolkata,0,116,103.4,1877,16,0,1,16,0,0.224766603806672,0,17.981328304533758,Low,0,False,NO_ALERT
T104828,CUST3676,2023-02-12 12:20:00,2023-02-01,29.72,0,Legitimate,0.0,Grocery,Debit Card,Mobile,Kolkata,0,113,259.48,1895,12,6,2,12,1,0.2290588685477513,0,18.324709483820104,Low,0,False,NO_ALERT
T104829,CUST7747,2023-07-06 17:50:00,2023-07-01,55.99,0,Legitimate,0.0,Fashion,NetBanking,Desktop,Hyderabad,0,177,357.11,1093,17,3,7,6,0,0.20376717619330414,0,16.301374095464332,Low,0,False,NO_ALERT
T104830,CUST4250,2023-09-03 06:20:00,2023-09-01,127.34,0,Legitimate,0.0,Food,NetBanking,Mobile,Bengaluru,0,24,430.7,608,6,6,9,3,1,0.2604981459830599,0,20.839851678644795,Low,0,False,NO_ALERT
T104831,CUST9094,2023-02-03 08:35:00,2023-02-01,107.6,0,Legitimate,0.0,Travel,PayPal,Mobile,Chennai,0,27,374.51,1166,8,4,2,3,0,0.24125799276784093,0,19.300639421427277,Low,0,False,NO_ALERT
T104832,CUST1684,2023-10-11 06:44:00,2023-10-01,82.97,0,Legitimate,0.0,Fashion,Debit Card,Mobile,Bengaluru,0,36,17.52,1392,6,2,10,11,0,0.315003187351288,1,45.20025498810304,Medium,0,False,NO_ALERT
T104833,CUST4163,2023-03-05 21:27:00,2023-03-01,13.55,0,Legitimate,0.0,Travel,UPI,Desktop,Bengaluru,0,107,345.13,1115,21,6,3,5,1,0.2426262884264943,0,19.410103074119547,Low,0,False,NO_ALERT
T104834,CUST3895,2023-01-29 13:37:00,2023-01-01,63.36,0,Legitimate,0.0,Grocery,PayPal,Mobile,Mumbai,0,145,414.08,256,13,6,1,29,1,0.2595567272299712,0,20.764538178397697,Low,0,False,NO_ALERT
T104835,CUST2272,2023-11-28 02:43:00,2023-11-01,7.32,0,Legitimate,0.0,Electronics,NetBanking,POS,Bengaluru,0,56,267.51,203,2,1,11,28,0,0.5291451501311084,0,42.331612010488676,Medium,0,False,NO_ALERT
T104836,CUST8610,2023-01-22 13:34:00,2023-01-01,37.9,0,Legitimate,0.0,Fashion,NetBanking,POS,Mumbai,0,10,483.14,1049,13,6,1,22,1,0.2740751186812938,0,21.926009494503504,Low,0,False,NO_ALERT
T104837,CUST9832,2023-07-25 01:06:00,2023-07-01,42.69,0,Legitimate,0.0,Utilities,Credit Card,Desktop,Mumbai,0,54,12.11,1187,1,1,7,25,0,0.620970266733525,0,49.677621338682,Medium,0,False,NO_ALERT
T104838,CUST6159,2023-12-17 01:01:00,2023-12-01,3.25,0,Legitimate,0.0,Food,Debit Card,Mobile,Chennai,0,81,411.14,1338,1,6,12,17,1,0.5762194593081287,0,46.0975567446503,Medium,0,False,NO_ALERT
T104839,CUST9219,2023-08-13 14:27:00,2023-08-01,25.62,0,Legitimate,0.0,Utilities,Credit Card,POS,Delhi,0,108,174.06,1840,14,6,8,13,1,0.23417056332697672,0,18.73364506615814,Low,0,False,NO_ALERT
T104840,CUST2422,2023-08-01 08:59:00,2023-08-01,249.25,0,Legitimate,0.0,Utilities,UPI,Desktop,Mumbai,1,166,328.72,1679,8,1,8,1,0,0.5146225930829841,0,41.16980744663873,Medium,0,False,NO_ALERT
T104841,CUST7329,2023-08-09 17:14:00,2023-08-01,245.69,0,Legitimate,0.0,Entertainment,PayPal,Desktop,Kolkata,0,81,349.81,1161,17,2,8,9,0,0.26491621692281414,0,21.19329735382513,Low,0,False,NO_ALERT
T104842,CUST3443,2023-11-02 04:24:00,2023-11-01,34.75,0,Legitimate,0.0,Grocery,NetBanking,Desktop,Bengaluru,0,127,160.06,172,4,3,11,2,0,0.5708591387882762,0,45.6687311030621,Medium,0,False,NO_ALERT
T104843,CUST9173,2023-06-23 07:06:00,2023-06-01,3.52,0,Legitimate,0.0,Fashion,Debit Card,Desktop,Chennai,0,98,497.76,598,7,4,6,23,0,0.21998195267498058,0,17.598556213998446,Low,0,False,NO_ALERT
T104844,CUST2801,2023-07-19 15:43:00,2023-07-01,15.79,0,Legitimate,0.0,Food,NetBanking,Desktop,Pune,0,132,60.59,1347,15,2,7,19,0,0.1872450066397758,0,14.979600531182065,Low,0,False,NO_ALERT
T104845,CUST8848,2023-10-30 18:38:00,2023-10-01,39.84,0,Legitimate,0.0,Fashion,Credit Card,Mobile,Pune,0,178,86.94,306,18,0,10,30,0,0.20482079110240434,0,16.385663288192347,Low,0,False,NO_ALERT
T104846,CUST1916,2024-02-08 09:11:00,2024-02-01,236.18,0,Legitimate,0.0,Grocery,Credit Card,Mobile,Pune,0,61,447.17,1545,9,3,2,8,0,0.25453617223220115,0,20.362893778576094,Low,0,False,NO_ALERT
T104847,CUST5412,2024-02-05 04:52:00,2024-02-01,12.18,1,Fraudulent,12.18,Fashion,PayPal,Mobile,Bengaluru,0,149,68.4,1616,4,0,2,5,0,0.7065503858052428,0,56.52403086441942,High,1,True,HIGH
T104848,CUST1944,2023-08-03 16:22:00,2023-08-01,115.35,0,Legitimate,0.0,Travel,Debit Card,Mobile,Delhi,0,36,196.83,1988,16,3,8,3,0,0.25198314806615474,0,20.158651845292383,Low,0,False,NO_ALERT
T104849,CUST6541,2023-05-09 21:21:00,2023-05-01,9.2,0,Legitimate,0.0,Grocery,Debit Card,Desktop,Hyderabad,0,102,369.24,1524,21,1,5,9,0,0.21077423884236773,0,16.861939107389418,Low,0,False,NO_ALERT
T104850,CUST9204,2023-03-24 06:50:00,2023-03-01,318.16,0,Legitimate,0.0,Fashion,PayPal,Desktop,Delhi,0,46,397.83,305,6,4,3,24,0,0.22126480355950562,0,17.70118428476045,Low,0,False,NO_ALERT
T104851,CUST6870,2023-06-05 21:16:00,2023-06-01,38.45,1,Fraudulent,38.45,Entertainment,Credit Card,POS,Chennai,0,95,477.79,263,21,0,6,5,0,0.43682256869348923,0,34.94580549547914,Medium,0,False,NO_ALERT
T104852,CUST9592,2023-03-02 06:26:00,2023-03-01,119.42,0,Legitimate,0.0,Electronics,Credit Card,POS,Delhi,0,71,396.89,1295,6,3,3,2,0,0.24428177606058807,0,19.542542084847046,Low,0,False,NO_ALERT
T104853,CUST9858,2023-02-01 20:35:00,2023-02-01,33.56,1,Fraudulent,33.56,Fashion,Credit Card,Mobile,Pune,0,44,423.82,1311,20,2,2,1,0,0.3569989670081098,0,28.559917360648786,Medium,0,False,NO_ALERT
T104854,CUST3105,2024-01-13 05:17:00,2024-01-01,79.04,0,Legitimate,0.0,Travel,NetBanking,Desktop,Delhi,0,64,475.19,1802,5,5,1,13,1,0.5256802418590348,0,42.05441934872279,Medium,0,False,NO_ALERT
T104855,CUST6813,2023-02-05 14:37:00,2023-02-01,17.06,0,Legitimate,0.0,Food,UPI,POS,Chennai,0,146,281.31,61,14,6,2,5,1,0.22522360141493503,0,18.017888113194804,Low,0,False,NO_ALERT
T104856,CUST6308,2023-11-21 21:24:00,2023-11-01,12.63,0,Legitimate,0.0,Entertainment,Credit Card,POS,Chennai,0,13,178.28,1420,21,1,11,21,0,0.2534781075777566,0,20.27824860622053,Low,0,False,NO_ALERT
T104857,CUST5833,2023-05-29 18:45:00,2023-05-01,222.53,0,Legitimate,0.0,Food,UPI,POS,Pune,0,13,383.19,1401,18,0,5,29,0,0.2537365610743606,0,20.29892488594885,Low,0,False,NO_ALERT
T104858,CUST4914,2023-01-29 03:12:00,2023-01-01,199.74,0,Legitimate,0.0,Utilities,UPI,POS,Kolkata,0,25,90.14,789,3,6,1,29,1,0.5210805332864,1,61.68644266291201,High,1,True,HIGH
T104859,CUST9550,2024-01-13 17:32:00,2024-01-01,174.76,0,Legitimate,0.0,Entertainment,Debit Card,Mobile,Bengaluru,0,5,43.43,1185,17,5,1,13,1,0.28664787957200805,1,42.931830365760646,Medium,0,False,NO_ALERT
T104860,CUST4419,2023-01-21 15:40:00,2023-01-01,78.56,0,Legitimate,0.0,Food,PayPal,Desktop,Mumbai,0,128,394.81,1828,15,5,1,21,1,0.22539534512141382,0,18.03162760971311,Low,0,False,NO_ALERT
T104861,CUST5078,2023-01-27 06:57:00,2023-01-01,132.13,0,Legitimate,0.0,Electronics,NetBanking,Mobile,Hyderabad,0,39,475.83,1824,6,4,1,27,0,0.20780390337667662,0,16.62431227013413,Low,0,False,NO_ALERT
T104862,CUST8422,2023-12-31 21:34:00,2023-12-01,5.72,0,Legitimate,0.0,Travel,UPI,POS,Hyderabad,0,157,226.8,822,21,6,12,31,1,0.23538034988085765,0,18.830427990468614,Low,0,False,NO_ALERT
T104863,CUST6186,2023-11-11 12:04:00,2023-11-01,32.61,0,Legitimate,0.0,Utilities,NetBanking,POS,Pune,0,108,88.96,1421,12,5,11,11,1,0.19358008118172126,0,15.486406494537702,Low,0,False,NO_ALERT
T104864,CUST6238,2023-05-18 07:49:00,2023-05-01,30.12,0,Legitimate,0.0,Grocery,Debit Card,Desktop,Kolkata,0,185,253.54,791,7,3,5,18,0,0.21818638192710332,0,17.454910554168265,Low,0,False,NO_ALERT
T104865,CUST8275,2024-02-13 14:26:00,2024-02-01,80.77,0,Legitimate,0.0,Food,Credit Card,Desktop,Hyderabad,1,174,202.73,294,14,1,2,13,0,0.6985217453064482,0,55.88173962451586,High,1,True,HIGH
T104866,CUST4505,2023-08-12 23:02:00,2023-08-01,35.2,0,Legitimate,0.0,Entertainment,UPI,Mobile,Delhi,0,161,192.51,244,23,5,8,12,1,0.24472730716754917,0,19.578184573403934,Low,0,False,NO_ALERT
T104867,CUST6884,2023-02-20 05:10:00,2023-02-01,12.86,0,Legitimate,0.0,Travel,PayPal,Desktop,Chennai,0,138,317.76,1268,5,0,2,20,0,0.5794256630765896,0,46.35405304612717,Medium,0,False,NO_ALERT
T104868,CUST2964,2023-06-09 23:45:00,2023-06-01,72.6,0,Legitimate,0.0,Fashion,Debit Card,Mobile,Kolkata,0,186,95.62,311,23,4,6,9,0,0.1984431531181533,0,15.875452249452264,Low,0,False,NO_ALERT
T104869,CUST4139,2023-06-27 23:47:00,2023-06-01,134.73,0,Legitimate,0.0,Electronics,NetBanking,Mobile,Chennai,0,25,196.44,1885,23,1,6,27,0,0.2926637108703789,0,23.413096869630312,Low,0,False,NO_ALERT
T104870,CUST6074,2023-11-29 07:02:00,2023-11-01,38.52,0,Legitimate,0.0,Travel,Credit Card,POS,Pune,0,74,435.65,559,7,2,11,29,0,0.2644834245988584,0,21.15867396790867,Low,0,False,NO_ALERT
T104871,CUST4359,2023-11-10 22:36:00,2023-11-01,11.35,0,Legitimate,0.0,Travel,NetBanking,Mobile,Chennai,0,39,367.54,1912,22,4,11,10,0,0.20465424484101008,0,16.372339587280806,Low,0,False,NO_ALERT
T104872,CUST2668,2023-02-07 02:16:00,2023-02-01,17.52,0,Legitimate,0.0,Grocery,PayPal,POS,Mumbai,0,16,37.24,31,2,1,2,7,0,0.621111222220177,0,49.68889777761416,Medium,0,False,NO_ALERT
T104873,CUST2431,2023-12-21 18:32:00,2023-12-01,21.69,0,Legitimate,0.0,Travel,UPI,Mobile,Chennai,0,188,261.81,542,18,3,12,21,0,0.21043026559280167,0,16.834421247424135,Low,0,False,NO_ALERT
T104874,CUST6474,2023-03-31 09:23:00,2023-03-01,28.52,0,Legitimate,0.0,Grocery,PayPal,Mobile,Chennai,0,156,54.73,845,9,4,3,31,0,0.23196107691201834,0,18.556886152961468,Low,0,False,NO_ALERT
T104875,CUST3976,2023-12-22 06:39:00,2023-12-01,82.36,0,Legitimate,0.0,Electronics,NetBanking,Desktop,Kolkata,0,172,479.17,493,6,4,12,22,0,0.2044789661527481,0,16.358317292219848,Low,0,False,NO_ALERT
T104876,CUST1265,2023-05-12 03:50:00,2023-05-01,73.49,0,Legitimate,0.0,Electronics,NetBanking,Desktop,Delhi,0,186,129.87,1500,3,4,5,12,0,0.48982583255749956,0,39.18606660459997,Medium,0,False,NO_ALERT
T104877,CUST7998,2023-09-19 07:00:00,2023-09-01,95.28,0,Legitimate,0.0,Fashion,PayPal,POS,Bengaluru,0,32,466.98,1416,7,1,9,19,0,0.23000099553445635,0,18.40007964275651,Low,0,False,NO_ALERT
T104878,CUST3367,2023-08-17 02:06:00,2023-08-01,36.02,1,Fraudulent,36.02,Grocery,PayPal,Desktop,Hyderabad,0,63,418.66,1269,2,3,8,17,0,0.6851058934071375,0,54.808471472571,High,1,True,HIGH
T104879,CUST4049,2023-08-11 21:59:00,2023-08-01,138.98,0,Legitimate,0.0,Grocery,PayPal,Mobile,Delhi,0,93,280.17,193,21,4,8,11,0,0.2295185169182944,0,18.361481353463553,Low,0,False,NO_ALERT
T104880,CUST9376,2023-12-11 08:49:00,2023-12-01,18.26,0,Legitimate,0.0,Food,Credit Card,POS,Delhi,0,45,174.79,1756,8,0,12,11,0,0.24467966725266138,0,19.57437338021291,Low,0,False,NO_ALERT
T104881,CUST2676,2023-05-29 17:49:00,2023-05-01,50.65,0,Legitimate,0.0,Food,NetBanking,POS,Delhi,0,53,430.39,1640,17,0,5,29,0,0.21892152176466506,0,17.513721741173207,Low,0,False,NO_ALERT
T104882,CUST6497,2024-02-18 21:44:00,2024-02-01,129.13,0,Legitimate,0.0,Fashion,Debit Card,POS,Hyderabad,0,189,84.86,567,21,6,2,18,1,0.2151712650543034,0,17.21370120434427,Low,0,False,NO_ALERT
T104883,CUST2319,2023-08-10 07:27:00,2023-08-01,15.89,0,Legitimate,0.0,Electronics,Credit Card,Mobile,Pune,1,50,98.19,540,7,3,8,10,0,0.6349353615893699,0,50.794828927149595,High,1,True,HIGH
T104884,CUST5877,2023-05-20 14:24:00,2023-05-01,9.31,0,Legitimate,0.0,Health,Credit Card,Desktop,Delhi,0,155,120.11,1827,14,5,5,20,1,0.21728959700411876,0,17.383167760329503,Low,0,False,NO_ALERT
T104885,CUST5758,2023-05-31 07:43:00,2023-05-01,172.12,1,Fraudulent,172.12,Food,Credit Card,POS,Bengaluru,1,26,302.87,1847,7,2,5,31,0,0.6985144634582271,1,75.88115707665817,Critical,1,True,CRITICAL
T104886,CUST8770,2023-12-10 04:28:00,2023-12-01,33.6,0,Legitimate,0.0,Travel,Debit Card,Mobile,Pune,0,131,164.02,1274,4,6,12,10,1,0.6005958605202838,0,48.04766884162271,Medium,0,False,NO_ALERT
T104887,CUST9355,2023-10-07 15:48:00,2023-10-01,92.13,0,Legitimate,0.0,Electronics,PayPal,Desktop,Chennai,0,90,494.7,584,15,5,10,7,1,0.1998857615519261,0,15.99086092415409,Low,0,False,NO_ALERT
T104888,CUST3157,2023-01-25 11:51:00,2023-01-01,2.05,0,Legitimate,0.0,Health,NetBanking,Desktop,Bengaluru,0,39,105.61,1687,11,2,1,25,0,0.1791176805028306,0,14.32941444022645,Low,0,False,NO_ALERT
T104889,CUST7247,2023-03-23 09:06:00,2023-03-01,93.71,0,Legitimate,0.0,Utilities,UPI,POS,Kolkata,0,193,404.75,670,9,3,3,23,0,0.22692804311011316,0,18.15424344880905,Low,0,False,NO_ALERT
T104890,CUST2451,2023-03-06 00:42:00,2023-03-01,30.4,0,Legitimate,0.0,Travel,UPI,Mobile,Pune,0,163,56.96,1830,0,0,3,6,0,0.6794269888517007,0,54.35415910813606,High,1,True,HIGH
T104891,CUST7512,2023-07-02 14:51:00,2023-07-01,4.59,0,Legitimate,0.0,Entertainment,NetBanking,Desktop,Chennai,0,53,183.19,1336,14,6,7,2,1,0.2144935252682376,0,17.15948202145901,Low,0,False,NO_ALERT
T104892,CUST9705,2023-01-30 05:35:00,2023-01-01,75.29,1,Fraudulent,75.29,Grocery,Debit Card,Mobile,Chennai,0,174,129.44,1124,5,0,1,30,0,0.6819943690465098,0,54.55954952372079,High,1,True,HIGH
T104893,CUST9931,2023-09-26 23:13:00,2023-09-01,22.04,0,Legitimate,0.0,Electronics,UPI,Desktop,Delhi,0,196,488.65,1938,23,1,9,26,0,0.21117611873940403,0,16.894089499152326,Low,0,False,NO_ALERT
T104894,CUST4532,2023-03-02 01:09:00,2023-03-01,39.13,0,Legitimate,0.0,Entertainment,Credit Card,POS,Delhi,0,22,22.61,1427,1,3,3,2,0,0.5865201505533378,0,46.92161204426703,Medium,0,False,NO_ALERT
T104895,CUST1804,2023-06-05 18:24:00,2023-06-01,6.72,1,Fraudulent,6.72,Fashion,UPI,POS,Hyderabad,1,188,363.62,288,18,0,6,5,0,0.7507859623300152,0,60.06287698640122,High,1,True,HIGH
T104896,CUST4911,2023-06-05 11:15:00,2023-06-01,12.73,0,Legitimate,0.0,Grocery,NetBanking,Desktop,Mumbai,0,134,131.38,474,11,0,6,5,0,0.22619975182747898,0,18.09598014619832,Low,0,False,NO_ALERT
T104897,CUST6587,2023-10-30 05:29:00,2023-10-01,28.3,1,Fraudulent,28.3,Grocery,Credit Card,Mobile,Bengaluru,0,52,407.51,1254,5,0,10,30,0,0.6855083797194491,0,54.84067037755594,High,1,True,HIGH
T104898,CUST8834,2023-10-23 10:24:00,2023-10-01,7.52,0,Legitimate,0.0,Travel,UPI,Desktop,Hyderabad,0,75,162.5,1695,10,0,10,23,0,0.24610137393855902,0,19.688109915084723,Low,0,False,NO_ALERT
T104899,CUST5744,2024-02-10 13:06:00,2024-02-01,193.37,0,Legitimate,0.0,Entertainment,NetBanking,Mobile,Hyderabad,1,73,101.77,1433,13,5,2,10,1,0.6061957077660008,1,68.49565662128006,High,1,True,HIGH
T104900,CUST6390,2024-01-01 17:26:00,2024-01-01,0.49,1,Fraudulent,0.49,Grocery,Debit Card,Desktop,Bengaluru,0,29,349.59,1895,17,0,1,1,0,0.49339964658953084,0,39.47197172716247,Medium,0,False,NO_ALERT
T104901,CUST8699,2023-01-10 00:38:00,2023-01-01,52.91,1,Fraudulent,52.91,Food,NetBanking,POS,Pune,1,171,136.21,1646,0,1,1,10,0,0.8467077565112041,0,67.73662052089632,High,1,True,HIGH
T104902,CUST3102,2023-02-22 15:17:00,2023-02-01,10.52,0,Legitimate,0.0,Electronics,Debit Card,Mobile,Kolkata,0,122,247.92,795,15,2,2,22,0,0.21328395365316563,0,17.062716292253253,Low,0,False,NO_ALERT
T104903,CUST2101,2023-04-24 05:09:00,2023-04-01,29.42,0,Legitimate,0.0,Food,Credit Card,POS,Bengaluru,0,162,74.45,1468,5,0,4,24,0,0.6222059388790326,0,49.776475110322615,Medium,0,False,NO_ALERT
T104904,CUST6967,2023-04-15 17:32:00,2023-04-01,208.36,0,Legitimate,0.0,Travel,NetBanking,Mobile,Chennai,0,159,365.05,94,17,5,4,15,1,0.2521509794999176,0,20.17207835999341,Low,0,False,NO_ALERT
T104905,CUST3089,2024-01-18 09:44:00,2024-01-01,14.11,0,Legitimate,0.0,Health,PayPal,Desktop,Kolkata,0,86,209.35,1431,9,3,1,18,0,0.21856488996276732,0,17.485191197021386,Low,0,False,NO_ALERT
T104906,CUST6061,2023-03-27 18:37:00,2023-03-01,270.12,0,Legitimate,0.0,Utilities,PayPal,POS,Mumbai,0,46,78.88,687,18,0,3,27,0,0.2699500552273403,1,41.59600441818722,Medium,0,False,NO_ALERT
T104907,CUST7219,2023-05-01 02:51:00,2023-05-01,18.43,0,Legitimate,0.0,Travel,PayPal,POS,Pune,0,4,373.38,1699,2,0,5,1,0,0.6317414780816687,0,50.5393182465335,High,1,True,HIGH
T104908,CUST6440,2024-02-06 15:41:00,2024-02-01,108.25,0,Legitimate,0.0,Electronics,PayPal,Mobile,Delhi,0,2,60.65,1155,15,1,2,6,0,0.23202467781854197,0,18.561974225483358,Low,0,False,NO_ALERT
T104909,CUST9382,2023-08-15 14:23:00,2023-08-01,63.29,0,Legitimate,0.0,Grocery,PayPal,Mobile,Mumbai,0,133,291.66,1030,14,1,8,15,0,0.2510864578129558,0,20.086916625036466,Low,0,False,NO_ALERT
T104910,CUST1103,2023-08-15 14:20:00,2023-08-01,172.66,0,Legitimate,0.0,Entertainment,Debit Card,Mobile,Mumbai,0,46,307.67,71,14,1,8,15,0,0.24604473694967896,0,19.68357895597432,Low,0,False,NO_ALERT
T104911,CUST6961,2023-08-09 22:33:00,2023-08-01,64.59,0,Legitimate,0.0,Entertainment,NetBanking,POS,Delhi,0,79,465.87,908,22,2,8,9,0,0.21684982776758133,0,17.347986221406508,Low,0,False,NO_ALERT
T104912,CUST9329,2023-05-17 00:31:00,2023-05-01,61.18,0,Legitimate,0.0,Fashion,Credit Card,Desktop,Mumbai,0,147,83.98,225,0,2,5,17,0,0.6091352919053391,0,48.73082335242713,Medium,0,False,NO_ALERT
T104913,CUST9346,2023-12-27 08:20:00,2023-12-01,17.4,0,Legitimate,0.0,Travel,PayPal,Mobile,Pune,0,166,330.14,1413,8,2,12,27,0,0.19186859036904916,0,15.349487229523934,Low,0,False,NO_ALERT
T104914,CUST2447,2023-12-12 22:54:00,2023-12-01,14.54,0,Legitimate,0.0,Electronics,PayPal,Desktop,Pune,0,59,196.58,1825,22,1,12,12,0,0.21495216465751954,0,17.196173172601565,Low,0,False,NO_ALERT
T104915,CUST4249,2023-04-13 11:31:00,2023-04-01,198.62,1,Fraudulent,198.62,Fashion,Credit Card,Mobile,Pune,1,72,206.4,1152,11,3,4,13,0,0.6963587259207974,0,55.70869807366379,High,1,True,HIGH
T104916,CUST2741,2023-12-17 00:06:00,2023-12-01,31.78,0,Legitimate,0.0,Grocery,Credit Card,Desktop,Hyderabad,0,20,255.89,417,0,6,12,17,1,0.5359546753351697,0,42.87637402681358,Medium,0,False,NO_ALERT
T104917,CUST9914,2023-03-01 13:17:00,2023-03-01,37.23,0,Legitimate,0.0,Health,PayPal,Mobile,Hyderabad,0,196,124.55,94,13,2,3,1,0,0.24565419642658667,0,19.652335714126934,Low,0,False,NO_ALERT
T104918,CUST9116,2023-12-18 14:16:00,2023-12-01,114.11,0,Legitimate,0.0,Travel,Debit Card,Desktop,Pune,0,53,235.98,1350,14,0,12,18,0,0.21812736391644028,0,17.450189113315222,Low,0,False,NO_ALERT
T104919,CUST5092,2023-07-22 15:38:00,2023-07-01,33.1,0,Legitimate,0.0,Health,Credit Card,POS,Delhi,0,107,346.55,1480,15,5,7,22,1,0.21536059248623304,0,17.228847398898644,Low,0,False,NO_ALERT
T104920,CUST6074,2023-04-13 20:01:00,2023-04-01,243.03,0,Legitimate,0.0,Electronics,NetBanking,Mobile,Delhi,0,55,233.99,252,20,3,4,13,0,0.19028972474498304,0,15.223177979598644,Low,0,False,NO_ALERT
T104921,CUST2844,2024-02-20 01:37:00,2024-02-01,107.13,0,Legitimate,0.0,Health,NetBanking,Mobile,Bengaluru,0,167,30.83,1810,1,1,2,20,0,0.5581105929456186,1,64.64884743564949,High,1,True,HIGH
T104922,CUST5688,2023-07-17 17:31:00,2023-07-01,72.79,0,Legitimate,0.0,Health,Debit Card,POS,Bengaluru,0,121,136.33,1748,17,0,7,17,0,0.23395326703143013,0,18.716261362514413,Low,0,False,NO_ALERT
T104923,CUST9987,2023-04-18 23:14:00,2023-04-01,170.22,0,Legitimate,0.0,Electronics,UPI,Mobile,Pune,0,164,182.22,944,23,1,4,18,0,0.19731707539342583,0,15.785366031474068,Low,0,False,NO_ALERT
T104924,CUST4444,2023-07-27 04:04:00,2023-07-01,4.07,0,Legitimate,0.0,Electronics,Debit Card,Mobile,Kolkata,0,186,183.81,1202,4,3,7,27,0,0.5168082690140615,0,41.34466152112492,Medium,0,False,NO_ALERT
T104925,CUST1152,2023-12-26 04:08:00,2023-12-01,23.77,0,Legitimate,0.0,Travel,PayPal,POS,Mumbai,0,15,49.69,1562,4,1,12,26,0,0.5902168735804851,0,47.21734988643881,Medium,0,False,NO_ALERT
T104926,CUST1836,2023-12-11 09:52:00,2023-12-01,50.04,0,Legitimate,0.0,Health,UPI,POS,Mumbai,1,1,230.29,471,9,0,12,11,0,0.5552359801083929,0,44.41887840867144,Medium,0,False,NO_ALERT
T104927,CUST6483,2023-04-02 06:00:00,2023-04-01,20.6,1,Fraudulent,20.6,Fashion,PayPal,Desktop,Delhi,1,95,349.06,1467,6,6,4,2,1,0.7831001482630614,0,62.64801186104492,High,1,True,HIGH
T104928,CUST6906,2023-06-08 01:04:00,2023-06-01,108.98,0,Legitimate,0.0,Utilities,NetBanking,POS,Kolkata,0,137,33.85,1169,1,3,6,8,0,0.5703801465762401,0,45.63041172609922,Medium,0,False,NO_ALERT
T104929,CUST9641,2023-02-10 18:14:00,2023-02-01,201.27,0,Legitimate,0.0,Electronics,Credit Card,POS,Mumbai,0,151,377.95,932,18,4,2,10,0,0.26663234852328616,0,21.330587881862893,Low,0,False,NO_ALERT
T104930,CUST4129,2023-08-03 22:27:00,2023-08-01,44.1,0,Legitimate,0.0,Grocery,PayPal,Mobile,Chennai,0,180,478.0,482,22,3,8,3,0,0.2525256247241629,0,20.202049977933033,Low,0,False,NO_ALERT
T104931,CUST2880,2023-05-27 01:01:00,2023-05-01,33.5,0,Legitimate,0.0,Health,NetBanking,POS,Hyderabad,0,154,14.58,349,1,5,5,27,1,0.5336123589464562,1,62.6889887157165,High,1,True,HIGH
T104932,CUST3884,2023-12-20 18:39:00,2023-12-01,260.67,0,Legitimate,0.0,Electronics,Debit Card,Mobile,Mumbai,0,188,104.91,799,18,2,12,20,0,0.20976531830931475,0,16.78122546474518,Low,0,False,NO_ALERT
T104933,CUST5035,2024-02-08 22:23:00,2024-02-01,47.08,0,Legitimate,0.0,Fashion,PayPal,POS,Mumbai,0,18,276.31,912,22,3,2,8,0,0.22058998926885504,0,17.647199141508406,Low,0,False,NO_ALERT
T104934,CUST5726,2023-10-25 17:16:00,2023-10-01,53.72,0,Legitimate,0.0,Entertainment,NetBanking,POS,Bengaluru,0,105,116.84,1045,17,2,10,25,0,0.23047348990798425,0,18.437879192638743,Low,0,False,NO_ALERT
T104935,CUST1187,2023-06-10 05:16:00,2023-06-01,34.67,0,Legitimate,0.0,Travel,Credit Card,Desktop,Chennai,0,186,384.67,480,5,5,6,10,1,0.5283468743277744,0,42.267749946221954,Medium,0,False,NO_ALERT
T104936,CUST5986,2023-11-06 08:17:00,2023-11-01,192.24,0,Legitimate,0.0,Health,PayPal,POS,Mumbai,0,65,162.95,925,8,0,11,6,0,0.23145643934521573,0,18.51651514761726,Low,0,False,NO_ALERT
T104937,CUST9124,2023-09-11 09:21:00,2023-09-01,67.32,0,Legitimate,0.0,Entertainment,NetBanking,POS,Hyderabad,0,77,153.88,1132,9,0,9,11,0,0.22766212468288252,0,18.212969974630603,Low,0,False,NO_ALERT
T104938,CUST4516,2023-05-30 19:05:00,2023-05-01,114.9,0,Legitimate,0.0,Electronics,PayPal,Mobile,Mumbai,0,116,10.45,772,19,1,5,30,0,0.38687084858560034,1,50.94966788684803,High,1,True,HIGH
T104939,CUST7039,2023-01-07 17:04:00,2023-01-01,133.62,0,Legitimate,0.0,Electronics,Credit Card,Mobile,Delhi,0,69,142.36,386,17,5,1,7,1,0.22291071879209481,0,17.83285750336759,Low,0,False,NO_ALERT
T104940,CUST3653,2023-04-05 04:44:00,2023-04-01,33.47,0,Legitimate,0.0,Grocery,PayPal,Desktop,Chennai,1,142,116.66,1172,4,2,4,5,0,0.8002783724313695,0,64.02226979450955,High,1,True,HIGH
T104941,CUST6782,2023-07-30 13:12:00,2023-07-01,45.49,0,Legitimate,0.0,Grocery,PayPal,POS,Mumbai,0,174,178.19,1639,13,6,7,30,1,0.2637042192663843,0,21.096337541310746,Low,0,False,NO_ALERT
T104942,CUST3611,2024-01-20 06:29:00,2024-01-01,150.96,0,Legitimate,0.0,Health,NetBanking,Mobile,Kolkata,0,197,82.35,1574,6,5,1,20,1,0.2027640970986471,0,16.22112776789177,Low,0,False,NO_ALERT
T104943,CUST5862,2023-10-19 03:47:00,2023-10-01,36.11,1,Fraudulent,36.11,Entertainment,UPI,POS,Chennai,0,75,301.38,1332,3,3,10,19,0,0.6730096840958482,0,53.84077472766785,High,1,True,HIGH
T104944,CUST3955,2023-05-21 05:09:00,2023-05-01,126.37,0,Legitimate,0.0,Utilities,PayPal,Desktop,Mumbai,0,160,126.98,811,5,6,5,21,1,0.5855572329830996,0,46.84457863864797,Medium,0,False,NO_ALERT
T104945,CUST5112,2023-07-18 05:58:00,2023-07-01,226.41,1,Fraudulent,226.41,Entertainment,UPI,Mobile,Hyderabad,0,51,417.56,595,5,1,7,18,0,0.6903927201634085,0,55.23141761307268,High,1,True,HIGH
T104946,CUST7956,2023-06-02 03:41:00,2023-06-01,78.09,0,Legitimate,0.0,Electronics,Debit Card,Mobile,Hyderabad,0,197,149.43,1945,3,4,6,2,0,0.5044562822237953,0,40.356502577903626,Medium,0,False,NO_ALERT
T104947,CUST5762,2023-06-14 18:28:00,2023-06-01,108.27,0,Legitimate,0.0,Utilities,PayPal,Desktop,Chennai,0,15,113.33,1098,18,2,6,14,0,0.2150935268932118,0,17.207482151456944,Low,0,False,NO_ALERT
T104948,CUST8298,2023-11-18 08:12:00,2023-11-01,130.82,0,Legitimate,0.0,Health,UPI,POS,Pune,0,181,37.81,1278,8,5,11,18,1,0.24078996724845897,1,39.263197379876715,Medium,0,False,NO_ALERT
T104949,CUST9812,2024-01-31 17:53:00,2024-01-01,149.17,0,Legitimate,0.0,Electronics,Debit Card,Mobile,Bengaluru,0,199,372.55,557,17,2,1,31,0,0.2848617024892313,0,22.788936199138504,Low,0,False,NO_ALERT
T104950,CUST4774,2023-07-08 19:57:00,2023-07-01,40.21,0,Legitimate,0.0,Grocery,NetBanking,Mobile,Bengaluru,0,69,259.02,753,19,5,7,8,1,0.21618693527300084,0,17.29495482184007,Low,0,False,NO_ALERT
T104951,CUST2295,2023-10-25 13:40:00,2023-10-01,4.21,0,Legitimate,0.0,Fashion,PayPal,Desktop,Delhi,0,15,65.75,1765,13,2,10,25,0,0.22388463514294007,0,17.910770811435206,Low,0,False,NO_ALERT
T104952,CUST3353,2023-03-12 15:07:00,2023-03-01,41.12,0,Legitimate,0.0,Food,NetBanking,Desktop,Pune,0,30,118.45,270,15,6,3,12,1,0.19561323364826094,0,15.649058691860876,Low,0,False,NO_ALERT
T104953,CUST9457,2023-04-30 08:12:00,2023-04-01,89.61,0,Legitimate,0.0,Utilities,Debit Card,Desktop,Bengaluru,0,78,499.37,643,8,6,4,30,1,0.23664071538737366,0,18.931257230989896,Low,0,False,NO_ALERT
T104954,CUST1896,2023-05-22 10:17:00,2023-05-01,47.88,0,Legitimate,0.0,Food,NetBanking,POS,Chennai,1,152,404.95,1535,10,0,5,22,0,0.6032336154900861,0,48.258689239206895,Medium,0,False,NO_ALERT
T104955,CUST1196,2023-11-26 15:41:00,2023-11-01,110.57,0,Legitimate,0.0,Electronics,NetBanking,POS,Bengaluru,0,35,181.44,124,15,6,11,26,1,0.189167591278542,0,15.13340730228336,Low,0,False,NO_ALERT
T104956,CUST6855,2023-10-05 06:11:00,2023-10-01,35.33,0,Legitimate,0.0,Entertainment,Credit Card,POS,Delhi,0,69,275.85,394,6,3,10,5,0,0.25302534282820194,0,20.242027426256158,Low,0,False,NO_ALERT
T104957,CUST4204,2023-01-04 18:11:00,2023-01-01,80.57,0,Legitimate,0.0,Grocery,Debit Card,Desktop,Mumbai,0,140,213.85,1238,18,2,1,4,0,0.26533969934919616,0,21.22717594793569,Low,0,False,NO_ALERT
T104958,CUST1712,2023-05-19 18:12:00,2023-05-01,16.5,0,Legitimate,0.0,Travel,NetBanking,Mobile,Bengaluru,0,46,27.83,1189,18,4,5,19,0,0.21344066646855653,0,17.07525331748452,Low,0,False,NO_ALERT
T104959,CUST1167,2023-09-22 20:54:00,2023-09-01,110.7,0,Legitimate,0.0,Travel,UPI,POS,Chennai,0,126,391.55,54,20,4,9,22,0,0.23210889382912445,0,18.568711506329958,Low,0,False,NO_ALERT
T104960,CUST9899,2023-09-12 09:35:00,2023-09-01,63.12,0,Legitimate,0.0,Food,Debit Card,Desktop,Chennai,0,197,361.32,1990,9,1,9,12,0,0.24220547383276955,0,19.376437906621565,Low,0,False,NO_ALERT
T104961,CUST3247,2023-09-25 15:28:00,2023-09-01,18.26,0,Legitimate,0.0,Fashion,Credit Card,POS,Delhi,0,164,210.31,347,15,0,9,25,0,0.25870891524501416,0,20.696713219601136,Low,0,False,NO_ALERT
T104962,CUST8663,2023-08-13 01:38:00,2023-08-01,27.61,1,Fraudulent,27.61,Food,PayPal,Mobile,Kolkata,0,85,424.49,362,1,6,8,13,1,0.6887483549805511,0,55.09986839844409,High,1,True,HIGH
T104963,CUST8417,2023-08-08 13:48:00,2023-08-01,110.46,0,Legitimate,0.0,Electronics,NetBanking,Mobile,Delhi,0,48,272.02,943,13,1,8,8,0,0.18847084743530204,0,15.077667794824164,Low,0,False,NO_ALERT
T104964,CUST7514,2023-10-06 15:03:00,2023-10-01,52.72,0,Legitimate,0.0,Fashion,UPI,Desktop,Kolkata,1,67,41.95,591,15,4,10,6,0,0.6249684058345948,0,49.99747246676759,Medium,0,False,NO_ALERT
T104965,CUST9692,2024-02-11 20:45:00,2024-02-01,19.47,0,Legitimate,0.0,Travel,Credit Card,Mobile,Hyderabad,0,182,137.11,710,20,6,2,11,1,0.25490582942573886,0,20.39246635405911,Low,0,False,NO_ALERT
T104966,CUST3630,2023-02-08 20:31:00,2023-02-01,273.56,0,Legitimate,0.0,Entertainment,Debit Card,Desktop,Hyderabad,0,89,236.27,1855,20,2,2,8,0,0.23857004764158216,0,19.085603811326575,Low,0,False,NO_ALERT
T104967,CUST2524,2023-02-06 09:47:00,2023-02-01,100.46,0,Legitimate,0.0,Grocery,NetBanking,Desktop,Hyderabad,0,164,60.69,129,9,0,2,6,0,0.18723574419809272,0,14.978859535847418,Low,0,False,NO_ALERT
T104968,CUST2732,2023-03-09 18:34:00,2023-03-01,251.98,0,Legitimate,0.0,Utilities,Credit Card,Desktop,Kolkata,0,52,289.83,399,18,3,3,9,0,0.24689807939560804,0,19.751846351648645,Low,0,False,NO_ALERT
T104969,CUST7337,2023-09-06 22:30:00,2023-09-01,44.56,0,Legitimate,0.0,Grocery,Credit Card,Desktop,Mumbai,0,22,69.08,1646,22,2,9,6,0,0.3059906274035695,0,24.479250192285562,Low,0,False,NO_ALERT
T104970,CUST5175,2023-10-21 03:38:00,2023-10-01,51.56,0,Legitimate,0.0,Electronics,UPI,Mobile,Chennai,0,166,108.25,1065,3,5,10,21,1,0.5454520839256903,0,43.63616671405523,Medium,0,False,NO_ALERT
T104971,CUST8828,2023-03-07 16:14:00,2023-03-01,182.59,0,Legitimate,0.0,Food,PayPal,Mobile,Hyderabad,0,99,448.05,749,16,1,3,7,0,0.23945539227227816,0,19.15643138178225,Low,0,False,NO_ALERT
T104972,CUST4199,2023-12-15 02:49:00,2023-12-01,59.56,0,Legitimate,0.0,Electronics,PayPal,Mobile,Chennai,0,190,499.91,106,2,4,12,15,0,0.4864612656399126,0,38.91690125119301,Medium,0,False,NO_ALERT
T104973,CUST8293,2023-05-29 01:16:00,2023-05-01,98.28,1,Fraudulent,98.28,Utilities,PayPal,Mobile,Delhi,0,193,279.62,616,1,0,5,29,0,0.6715896268429127,0,53.727170147433014,High,1,True,HIGH
T104974,CUST8590,2023-02-22 10:34:00,2023-02-01,23.25,0,Legitimate,0.0,Grocery,Debit Card,Desktop,Mumbai,0,131,313.63,1003,10,2,2,22,0,0.24709485153949814,0,19.767588123159854,Low,0,False,NO_ALERT
T104975,CUST4579,2023-04-22 19:20:00,2023-04-01,47.35,0,Legitimate,0.0,Utilities,Credit Card,Desktop,Delhi,0,88,400.74,711,19,5,4,22,1,0.20217056137524686,0,16.17364491001975,Low,0,False,NO_ALERT
T104976,CUST9665,2023-01-15 17:31:00,2023-01-01,10.54,0,Legitimate,0.0,Travel,Debit Card,Mobile,Chennai,0,136,351.11,1876,17,6,1,15,1,0.2251892975563375,0,18.015143804507,Low,0,False,NO_ALERT
T104977,CUST7601,2024-02-10 23:57:00,2024-02-01,18.45,0,Legitimate,0.0,Grocery,Credit Card,POS,Pune,0,118,99.41,1401,23,5,2,10,1,0.2214746028432111,0,17.71796822745689,Low,0,False,NO_ALERT
T104978,CUST9206,2023-04-26 16:25:00,2023-04-01,0.08,0,Legitimate,0.0,Fashion,UPI,POS,Kolkata,0,39,211.72,1496,16,2,4,26,0,0.1809040787058724,0,14.472326296469795,Low,0,False,NO_ALERT
T104979,CUST4882,2023-03-10 06:14:00,2023-03-01,3.2,0,Legitimate,0.0,Entertainment,UPI,POS,Pune,0,18,272.21,720,6,4,3,10,0,0.21590625854810738,0,17.27250068384859,Low,0,False,NO_ALERT
T104980,CUST9538,2024-01-24 21:54:00,2024-01-01,302.77,0,Legitimate,0.0,Utilities,Debit Card,Mobile,Hyderabad,0,105,186.26,117,21,2,1,24,0,0.24116958332603108,0,19.293566666082487,Low,0,False,NO_ALERT
T104981,CUST4924,2023-02-25 03:52:00,2023-02-01,22.2,0,Legitimate,0.0,Entertainment,Debit Card,Desktop,Pune,0,131,96.29,494,3,5,2,25,1,0.5858609451736455,0,46.868875613891646,Medium,0,False,NO_ALERT
T104982,CUST1661,2023-11-03 13:14:00,2023-11-01,87.09,0,Legitimate,0.0,Health,UPI,Desktop,Delhi,0,146,370.7,1830,13,4,11,3,0,0.2507276853066914,0,20.058214824535312,Low,0,False,NO_ALERT
T104983,CUST8776,2023-06-27 03:59:00,2023-06-01,146.16,0,Legitimate,0.0,Grocery,NetBanking,POS,Kolkata,0,80,107.43,523,3,1,6,27,0,0.5722746165658317,0,45.78196932526654,Medium,0,False,NO_ALERT
T104984,CUST2413,2023-03-01 23:28:00,2023-03-01,64.0,0,Legitimate,0.0,Grocery,PayPal,POS,Pune,0,117,137.64,1275,23,2,3,1,0,0.2463517621059151,0,19.70814096847321,Low,0,False,NO_ALERT
T104985,CUST1221,2023-01-02 14:09:00,2023-01-01,13.3,0,Legitimate,0.0,Entertainment,PayPal,Desktop,Bengaluru,1,1,150.39,1568,14,0,1,2,0,0.5646424212814553,1,65.17139370251643,High,1,True,HIGH
T104986,CUST8236,2024-01-05 16:43:00,2024-01-01,104.19,0,Legitimate,0.0,Health,UPI,POS,Mumbai,0,117,89.27,1171,16,4,1,5,0,0.21372566141010796,0,17.098052912808637,Low,0,False,NO_ALERT
T104987,CUST1551,2023-05-10 13:31:00,2023-05-01,73.35,0,Legitimate,0.0,Fashion,PayPal,POS,Chennai,0,128,426.28,165,13,2,5,10,0,0.23227535601595398,0,18.58202848127632,Low,0,False,NO_ALERT
T104988,CUST5939,2023-01-21 03:31:00,2023-01-01,105.12,0,Legitimate,0.0,Food,NetBanking,Desktop,Kolkata,0,26,309.2,1007,3,5,1,21,1,0.5693829701832133,0,45.55063761465706,Medium,0,False,NO_ALERT
T104989,CUST8112,2023-06-26 09:28:00,2023-06-01,117.49,0,Legitimate,0.0,Utilities,NetBanking,POS,Hyderabad,0,180,419.03,216,9,0,6,26,0,0.24685650730214698,0,19.748520584171757,Low,0,False,NO_ALERT
T104990,CUST5949,2023-02-10 06:19:00,2023-02-01,296.43,0,Legitimate,0.0,Utilities,Credit Card,POS,Delhi,0,12,251.93,571,6,4,2,10,0,0.2623579644551864,0,20.98863715641491,Low,0,False,NO_ALERT
T104991,CUST7134,2023-09-18 21:49:00,2023-09-01,68.18,1,Fraudulent,68.18,Grocery,Debit Card,Mobile,Mumbai,1,38,264.59,608,21,0,9,18,0,0.7280929562533331,1,78.24743650026666,Critical,1,True,CRITICAL
T104992,CUST3443,2023-12-22 08:56:00,2023-12-01,33.44,0,Legitimate,0.0,Entertainment,PayPal,POS,Hyderabad,0,85,311.91,1364,8,4,12,22,0,0.22320574002906926,0,17.856459202325542,Low,0,False,NO_ALERT
T104993,CUST1077,2023-04-09 05:06:00,2023-04-01,83.64,0,Legitimate,0.0,Electronics,NetBanking,Mobile,Delhi,1,169,191.75,959,5,6,4,9,1,0.7249643104059694,0,57.99714483247756,High,1,True,HIGH
T104994,CUST1920,2023-04-08 18:30:00,2023-04-01,5.67,0,Legitimate,0.0,Grocery,Debit Card,Desktop,Pune,0,53,253.33,1432,18,5,4,8,1,0.2003814254139089,0,16.030514033112713,Low,0,False,NO_ALERT
T104995,CUST3702,2023-08-01 21:20:00,2023-08-01,182.15,0,Legitimate,0.0,Electronics,Debit Card,Mobile,Kolkata,0,13,277.99,840,21,1,8,1,0,0.2544992149468437,0,20.359937195747495,Low,0,False,NO_ALERT
T104996,CUST6007,2024-01-14 16:42:00,2024-01-01,10.17,0,Legitimate,0.0,Fashion,Credit Card,Desktop,Chennai,0,128,477.24,441,16,6,1,14,1,0.22893094284554702,0,18.314475427643764,Low,0,False,NO_ALERT
T104997,CUST6812,2023-01-09 22:14:00,2023-01-01,31.78,1,Fraudulent,31.78,Grocery,Debit Card,Mobile,Kolkata,1,76,442.62,1474,22,0,1,9,0,0.7453576933454183,1,79.62861546763347,Critical,1,True,CRITICAL
T104998,CUST9120,2023-08-18 17:15:00,2023-08-01,135.31,0,Legitimate,0.0,Utilities,Debit Card,Mobile,Bengaluru,0,13,73.33,246,17,4,8,18,0,0.2106368505718661,0,16.850948045749288,Low,0,False,NO_ALERT
T104999,CUST1080,2023-09-07 21:20:00,2023-09-01,72.77,0,Legitimate,0.0,Entertainment,UPI,Mobile,Bengaluru,0,146,30.23,699,21,3,9,7,0,0.2163972769191268,0,17.311782153530142,Low,0,False,NO_ALERT
